{
    "SKLUSDT": {
        "DGstd_long": 0.0026384830567137674,
        "DGstd_short": 0.0023032831867608864,
        "adg_DGstd_ratio_long": 0.10750384675030925,
        "adg_DGstd_ratio_short": 0.08958967050867815,
        "adg_long": 0.00028364707818224436,
        "adg_per_exposure_long": 0.0028364707818224434,
        "adg_per_exposure_short": 0.00206350381790086,
        "adg_realized_long": 0.0002766303776788881,
        "adg_realized_per_exposure_long": 0.002766303776788881,
        "adg_realized_per_exposure_short": 0.002014207199374507,
        "adg_realized_short": 0.0002014207199374507,
        "adg_short": 0.000206350381790086,
        "avg_fills_per_day_long": 12.423187528378993,
        "avg_fills_per_day_short": 10.794967903916524,
        "biggest_psize_long": 83159.0,
        "biggest_psize_quote_long": 10063.847949999994,
        "biggest_psize_quote_short": 10133.39865000001,
        "biggest_psize_short": 82706.0,
        "closest_bkr_long": 1.0,
        "closest_bkr_short": 1.0,
        "eqbal_ratio_mean_long": 0.9981958825004884,
        "eqbal_ratio_mean_short": 0.9982231127842529,
        "eqbal_ratio_min_long": 0.9770721854118756,
        "eqbal_ratio_min_short": 0.9604715396872147,
        "exchange": "bybit",
        "fee_sum_long": -12.292709964,
        "fee_sum_short": -17.410456545000002,
        "final_balance_long": 102180.83947003669,
        "final_balance_short": 101583.31307345537,
        "final_equity_long": 102180.83947003669,
        "final_equity_short": 101580.95603345537,
        "gain_long": 0.02193132180000007,
        "gain_short": 0.016007235299999905,
        "hrs_stuck_avg": 8.956858054226476,
        "hrs_stuck_avg_long": 6.614782096584217,
        "hrs_stuck_avg_short": 8.956858054226476,
        "hrs_stuck_max": 171.6,
        "hrs_stuck_max_long": 137.9,
        "hrs_stuck_max_short": 171.6,
        "loss_sum_long": -49.953350045815135,
        "loss_sum_short": -1181.4715674950378,
        "n_closes_long": 783,
        "n_closes_short": 293,
        "n_days": 77.99930555555555,
        "n_entries_long": 186,
        "n_entries_short": 549,
        "n_fills_long": 969,
        "n_fills_short": 842,
        "n_ientries_long": 30,
        "n_ientries_short": 54,
        "n_normal_closes_long": 44,
        "n_normal_closes_short": 93,
        "n_rentries_long": 48,
        "n_rentries_short": 57,
        "n_unstuck_closes_long": 739,
        "n_unstuck_closes_short": 200,
        "n_unstuck_entries_long": 108,
        "n_unstuck_entries_short": 438,
        "net_pnl_plus_fees_long": 2180.839470036007,
        "net_pnl_plus_fees_short": 1583.3130734549904,
        "pa_distance_max_long": 0.40920538355079306,
        "pa_distance_max_short": 0.2830967517135813,
        "pa_distance_mean_long": 0.04697099583944391,
        "pa_distance_mean_short": 0.03346293966131717,
        "pa_distance_std_long": 0.04498454803278659,
        "pa_distance_std_short": 0.04172967531666641,
        "pnl_sum_long": 2193.132180000007,
        "pnl_sum_short": 1600.7235299999904,
        "profit_sum_long": 2243.0855300458225,
        "profit_sum_short": 2782.1950974950287,
        "starting_balance": 100000.0,
        "symbol": "SKLUSDT",
        "volume_quote_long": 122927.09963999997,
        "volume_quote_short": 174104.56545
    }
}