{
    "SKLUSDT": {
        "DGstd_long": 0.00200590013746075,
        "DGstd_short": 0.0030755228939679724,
        "adg_DGstd_ratio_long": 0.08006823176466056,
        "adg_DGstd_ratio_short": 0.09434758338800421,
        "adg_long": 0.0001606088771029718,
        "adg_per_exposure_long": 0.001606088771029718,
        "adg_per_exposure_short": 0.002901681527003593,
        "adg_realized_long": 0.00015645779147432926,
        "adg_realized_per_exposure_long": 0.0015645779147432926,
        "adg_realized_per_exposure_short": 0.0026253591862501757,
        "adg_realized_short": 0.00026253591862501757,
        "adg_short": 0.0002901681527003593,
        "avg_fills_per_day_long": 6.4231341090999745,
        "avg_fills_per_day_short": 7.679555551598573,
        "biggest_psize_long": 85995.0,
        "biggest_psize_quote_long": 10052.71469999999,
        "biggest_psize_quote_short": 10213.06185000001,
        "biggest_psize_short": 77322.0,
        "closest_bkr_long": 1.0,
        "closest_bkr_short": 1.0,
        "eqbal_ratio_mean_long": 0.9980419634389184,
        "eqbal_ratio_mean_short": 0.9983816111392099,
        "eqbal_ratio_min_long": 0.970187084035451,
        "eqbal_ratio_min_short": 0.9701375044582135,
        "exchange": "bybit",
        "fee_sum_long": -5.526245996,
        "fee_sum_short": -9.324135066,
        "final_balance_long": 101227.74005400439,
        "final_balance_short": 102068.59811123824,
        "final_equity_long": 101228.80531400439,
        "final_equity_short": 102222.48966493513,
        "gain_long": 0.012332663000000198,
        "gain_short": 0.020779222463031457,
        "hrs_stuck_avg": 24.631359649122807,
        "hrs_stuck_avg_long": 23.695991561181433,
        "hrs_stuck_avg_short": 24.631359649122807,
        "hrs_stuck_max": 370.26666666666665,
        "hrs_stuck_max_long": 370.26666666666665,
        "hrs_stuck_max_short": 277.1,
        "loss_sum_long": -122.29371848343611,
        "loss_sum_short": 0.0,
        "n_closes_long": 307,
        "n_closes_short": 50,
        "n_days": 77.99930555555555,
        "n_entries_long": 194,
        "n_entries_short": 549,
        "n_fills_long": 501,
        "n_fills_short": 599,
        "n_ientries_long": 11,
        "n_ientries_short": 13,
        "n_normal_closes_long": 18,
        "n_normal_closes_short": 50,
        "n_rentries_long": 13,
        "n_rentries_short": 10,
        "n_unstuck_closes_long": 289,
        "n_unstuck_closes_short": 0,
        "n_unstuck_entries_long": 170,
        "n_unstuck_entries_short": 526,
        "net_pnl_plus_fees_long": 1227.7400540040198,
        "net_pnl_plus_fees_short": 2068.5981112371455,
        "pa_distance_max_long": 0.4241558409229255,
        "pa_distance_max_short": 0.2297761183437666,
        "pa_distance_mean_long": 0.0656308510899973,
        "pa_distance_mean_short": 0.04161460328306922,
        "pa_distance_std_long": 0.06458151152383312,
        "pa_distance_std_short": 0.04396822079456244,
        "pnl_sum_long": 1233.2663000000198,
        "pnl_sum_short": 2077.9222463031456,
        "profit_sum_long": 1355.560018483456,
        "profit_sum_short": 2077.9222463031456,
        "starting_balance": 100000.0,
        "symbol": "SKLUSDT",
        "volume_quote_long": 55262.45996000001,
        "volume_quote_short": 93241.35065999998
    }
}