{
    "SKLUSDT": {
        "DGstd_long": 0.003154892601999404,
        "DGstd_short": 0.0029418079697021487,
        "adg_DGstd_ratio_long": 0.13906148007721802,
        "adg_DGstd_ratio_short": 0.014491735007216264,
        "adg_long": 0.00043872403471870267,
        "adg_per_exposure_long": 0.004387240347187026,
        "adg_per_exposure_short": 0.0004263190153904043,
        "adg_realized_long": 0.0004282389258487562,
        "adg_realized_per_exposure_long": 0.004282389258487562,
        "adg_realized_per_exposure_short": 0.00038156239468456477,
        "adg_realized_short": 3.8156239468456477e-05,
        "adg_short": 4.2631901539040435e-05,
        "avg_fills_per_day_long": 15.320649222304331,
        "avg_fills_per_day_short": 8.000071225705357,
        "biggest_psize_long": 85847.0,
        "biggest_psize_quote_long": 10241.6792,
        "biggest_psize_quote_short": 10053.267539999997,
        "biggest_psize_short": 81824.0,
        "closest_bkr_long": 1.0,
        "closest_bkr_short": 1.0,
        "eqbal_ratio_mean_long": 0.9975160916095703,
        "eqbal_ratio_mean_short": 0.997226930924953,
        "eqbal_ratio_min_long": 0.9636097008899313,
        "eqbal_ratio_min_short": 0.9610754899819318,
        "exchange": "bybit",
        "fee_sum_long": -27.664596609,
        "fee_sum_short": -11.330120462,
        "final_balance_long": 103395.9067533929,
        "final_balance_short": 100298.05363953799,
        "final_equity_long": 103395.9067533929,
        "final_equity_short": 100295.92819953799,
        "gain_long": 0.03423571349999961,
        "gain_short": 0.0030938375999998995,
        "hrs_stuck_avg": 8.830110062893082,
        "hrs_stuck_avg_long": 8.830110062893082,
        "hrs_stuck_avg_short": 7.965886524822696,
        "hrs_stuck_max": 333.43333333333334,
        "hrs_stuck_max_long": 147.83333333333334,
        "hrs_stuck_max_short": 333.43333333333334,
        "loss_sum_long": -771.0023050318625,
        "loss_sum_short": -731.4290175385679,
        "n_closes_long": 346,
        "n_closes_short": 135,
        "n_days": 77.99930555555555,
        "n_entries_long": 849,
        "n_entries_short": 489,
        "n_fills_long": 1195,
        "n_fills_short": 624,
        "n_ientries_long": 39,
        "n_ientries_short": 83,
        "n_normal_closes_long": 107,
        "n_normal_closes_short": 107,
        "n_rentries_long": 57,
        "n_rentries_short": 95,
        "n_unstuck_closes_long": 239,
        "n_unstuck_closes_short": 28,
        "n_unstuck_entries_long": 753,
        "n_unstuck_entries_short": 311,
        "net_pnl_plus_fees_long": 3395.906753390961,
        "net_pnl_plus_fees_short": 298.0536395379899,
        "pa_distance_max_long": 0.5711816363235146,
        "pa_distance_max_short": 0.27998298390029525,
        "pa_distance_mean_long": 0.06908828277018218,
        "pa_distance_mean_short": 0.04262765867638348,
        "pa_distance_std_long": 0.1057128389032786,
        "pa_distance_std_short": 0.05265467809345025,
        "pnl_sum_long": 3423.571349999961,
        "pnl_sum_short": 309.38375999998993,
        "profit_sum_long": 4194.573655031823,
        "profit_sum_short": 1040.8127775385576,
        "starting_balance": 100000.0,
        "symbol": "SKLUSDT",
        "volume_quote_long": 276645.96609,
        "volume_quote_short": 113301.20462
    }
}