{"config_name": "recursive_grid_1_symbols_78days",
 "logging_level": 0,
 "long": {"auto_unstuck_ema_dist": 0.012518052808074122,
          "auto_unstuck_wallet_exposure_threshold": 0.008523070364598095,
          "backwards_tp": true,
          "ddown_factor": 1.887134214318286,
          "ema_span_0": 1131.7427190387957,
          "ema_span_1": 7461.287627452649,
          "enabled": true,
          "initial_eprice_ema_dist": -0.013858299998271345,
          "initial_qty_pct": 0.03613108595814885,
          "markup_range": 0.05296596393747724,
          "min_markup": 0.009766568519537265,
          "n_close_orders": 9,
          "rentry_pprice_dist": 0.020589435212358738,
          "rentry_pprice_dist_wallet_exposure_weighting": 8.583454001188867,
          "wallet_exposure_limit": 0.1},
 "short": {"auto_unstuck_ema_dist": 0.0693789713055769,
           "auto_unstuck_wallet_exposure_threshold": 0.04382773784779792,
           "backwards_tp": true,
           "ddown_factor": 0.8325868164036798,
           "ema_span_0": 1708.495018704675,
           "ema_span_1": 4748.386841991102,
           "enabled": true,
           "initial_eprice_ema_dist": -0.039863787515500196,
           "initial_qty_pct": 0.01126299645424036,
           "markup_range": 0.027639280154024073,
           "min_markup": 0.05911220769755927,
           "n_close_orders": 11,
           "rentry_pprice_dist": 0.02362137875913823,
           "rentry_pprice_dist_wallet_exposure_weighting": 3.4841507824033755,
           "wallet_exposure_limit": 0.1}}