{
    "SKLUSDT": {
        "DGstd_long": 0.0035475513270215434,
        "DGstd_short": 0.003339378570141536,
        "adg_DGstd_ratio_long": 0.1235246027708247,
        "adg_DGstd_ratio_short": 0.04434919452788026,
        "adg_long": 0.0004382098684794482,
        "adg_per_exposure_long": 0.004382098684794482,
        "adg_per_exposure_short": 0.0014809874980944162,
        "adg_realized_long": 0.0004264622007046359,
        "adg_realized_per_exposure_long": 0.004264622007046359,
        "adg_realized_per_exposure_short": 0.0024730359323577034,
        "adg_realized_short": 0.00024730359323577034,
        "adg_short": 0.00014809874980944163,
        "avg_fills_per_day_long": 71.0262733820636,
        "avg_fills_per_day_short": 33.2695269722843,
        "biggest_psize_long": 80595.0,
        "biggest_psize_quote_long": 10222.28089999999,
        "biggest_psize_quote_short": 10208.500999999982,
        "biggest_psize_short": 88641.0,
        "closest_bkr_long": 1.0,
        "closest_bkr_short": 1.0,
        "eqbal_ratio_mean_long": 0.9958794890327065,
        "eqbal_ratio_mean_short": 0.9970985090138483,
        "eqbal_ratio_min_long": 0.9666885466728449,
        "eqbal_ratio_min_short": 0.9469457296908825,
        "exchange": "bybit",
        "fee_sum_long": -12.765382556,
        "fee_sum_short": -49.05988165800001,
        "final_balance_long": 103381.58491744622,
        "final_balance_short": 101947.43218834608,
        "final_equity_long": 103381.58491744622,
        "final_equity_short": 101103.89783834608,
        "gain_long": 0.03394350299999979,
        "gain_short": 0.019964920699999958,
        "hrs_stuck_avg": 9.221592775041051,
        "hrs_stuck_avg_long": 2.5963707813222374,
        "hrs_stuck_avg_short": 9.221592775041051,
        "hrs_stuck_max": 274.85,
        "hrs_stuck_max_long": 132.43333333333334,
        "hrs_stuck_max_short": 274.85,
        "loss_sum_long": -58.98671073327755,
        "loss_sum_short": -2817.2405276764366,
        "n_closes_long": 2839,
        "n_closes_short": 601,
        "n_days": 77.99930555555555,
        "n_entries_long": 2701,
        "n_entries_short": 1994,
        "n_fills_long": 5540,
        "n_fills_short": 2595,
        "n_ientries_long": 12,
        "n_ientries_short": 14,
        "n_normal_closes_long": 38,
        "n_normal_closes_short": 19,
        "n_rentries_long": 27,
        "n_rentries_short": 11,
        "n_unstuck_closes_long": 2801,
        "n_unstuck_closes_short": 582,
        "n_unstuck_entries_long": 2662,
        "n_unstuck_entries_short": 1969,
        "net_pnl_plus_fees_long": 3381.584917443979,
        "net_pnl_plus_fees_short": 1947.4321883419957,
        "pa_distance_max_long": 0.49875785259546285,
        "pa_distance_max_short": 0.34640854361906187,
        "pa_distance_mean_long": 0.07301108363840829,
        "pa_distance_mean_short": 0.05571261078701368,
        "pa_distance_std_long": 0.08856221876213866,
        "pa_distance_std_short": 0.0619428750410037,
        "pnl_sum_long": 3394.350299999979,
        "pnl_sum_short": 1996.4920699999957,
        "profit_sum_long": 3453.3370107332557,
        "profit_sum_short": 4813.732597676432,
        "starting_balance": 100000.0,
        "symbol": "SKLUSDT",
        "volume_quote_long": 127653.82555999997,
        "volume_quote_short": 490598.81658
    }
}