{
    "SKLUSDT": {
        "DGstd_long": 0.003375687939640582,
        "DGstd_short": 0.003547412039696427,
        "adg_DGstd_ratio_long": 0.12042743410347366,
        "adg_DGstd_ratio_short": 0.08910138759085315,
        "adg_long": 0.00040652543690495696,
        "adg_per_exposure_long": 0.0040652543690495695,
        "adg_per_exposure_short": 0.0031607933509345022,
        "adg_realized_long": 0.00039505652789006973,
        "adg_realized_per_exposure_long": 0.003950565278900697,
        "adg_realized_per_exposure_short": 0.0040052604105556,
        "adg_realized_short": 0.00040052604105556,
        "adg_short": 0.00031607933509345026,
        "avg_fills_per_day_long": 33.88491706656933,
        "avg_fills_per_day_short": 53.42355256011895,
        "biggest_psize_long": 88195.0,
        "biggest_psize_quote_long": 10252.808760000005,
        "biggest_psize_quote_short": 10327.654636206938,
        "biggest_psize_short": 87324.0,
        "closest_bkr_long": 1.0,
        "closest_bkr_short": 1.0,
        "eqbal_ratio_mean_long": 0.9977493133403788,
        "eqbal_ratio_mean_short": 0.9968973639441067,
        "eqbal_ratio_min_long": 0.9652859570247231,
        "eqbal_ratio_min_short": 0.9507230881238793,
        "exchange": "bybit",
        "fee_sum_long": -25.352069125000003,
        "fee_sum_short": -15.156612796000001,
        "final_balance_long": 103128.75290087318,
        "final_balance_short": 103172.74139099763,
        "final_equity_long": 103134.40294087317,
        "final_equity_short": 102414.33342720458,
        "gain_long": 0.03154104970000025,
        "gain_short": 0.03187898003793058,
        "hrs_stuck_avg": 5.156978879706153,
        "hrs_stuck_avg_long": 5.156978879706153,
        "hrs_stuck_avg_short": 3.3912741545893716,
        "hrs_stuck_max": 216.41666666666666,
        "hrs_stuck_max_long": 158.63333333333333,
        "hrs_stuck_max_short": 216.41666666666666,
        "loss_sum_long": -1071.553353937018,
        "loss_sum_short": -1744.5182415912366,
        "n_closes_long": 1481,
        "n_closes_short": 3449,
        "n_days": 77.99930555555555,
        "n_entries_long": 1162,
        "n_entries_short": 718,
        "n_fills_long": 2643,
        "n_fills_short": 4167,
        "n_ientries_long": 30,
        "n_ientries_short": 11,
        "n_normal_closes_long": 77,
        "n_normal_closes_short": 23,
        "n_rentries_long": 47,
        "n_rentries_short": 31,
        "n_unstuck_closes_long": 1404,
        "n_unstuck_closes_short": 3426,
        "n_unstuck_entries_long": 1085,
        "n_unstuck_entries_short": 676,
        "net_pnl_plus_fees_long": 3128.752900875025,
        "net_pnl_plus_fees_short": 3172.741390997058,
        "pa_distance_max_long": 0.5309042066752965,
        "pa_distance_max_short": 0.32988178743971136,
        "pa_distance_mean_long": 0.04566832681738906,
        "pa_distance_mean_short": 0.05920702118446836,
        "pa_distance_std_long": 0.07218981911871408,
        "pa_distance_std_short": 0.0609127509281581,
        "pnl_sum_long": 3154.104970000025,
        "pnl_sum_short": 3187.898003793058,
        "profit_sum_long": 4225.658323937043,
        "profit_sum_short": 4932.416245384295,
        "starting_balance": 100000.0,
        "symbol": "SKLUSDT",
        "volume_quote_long": 253520.69124999997,
        "volume_quote_short": 151566.12796
    }
}