{
    "SKLUSDT": {
        "DGstd_long": 0.0020429886814039948,
        "DGstd_short": 0.0036028366338322123,
        "adg_DGstd_ratio_long": 0.055021097158446594,
        "adg_DGstd_ratio_short": 0.13021835755812225,
        "adg_long": 0.0001124074787331359,
        "adg_per_exposure_long": 0.0011240747873313588,
        "adg_per_exposure_short": 0.004691554690078646,
        "adg_realized_long": 0.00010864437819146922,
        "adg_realized_per_exposure_long": 0.0010864437819146922,
        "adg_realized_per_exposure_short": 0.005714598554258377,
        "adg_realized_short": 0.0005714598554258377,
        "adg_short": 0.0004691554690078646,
        "avg_fills_per_day_long": 7.820582448205558,
        "avg_fills_per_day_short": 139.9371433150224,
        "biggest_psize_long": 88204.0,
        "biggest_psize_quote_long": 10040.531349999997,
        "biggest_psize_quote_short": 10469.501145000057,
        "biggest_psize_short": 90623.0,
        "closest_bkr_long": 1.0,
        "closest_bkr_short": 1.0,
        "eqbal_ratio_mean_long": 0.998343053797295,
        "eqbal_ratio_mean_short": 0.997671805622406,
        "eqbal_ratio_min_long": 0.9683492834338057,
        "eqbal_ratio_min_short": 0.9669397488616206,
        "exchange": "bybit",
        "fee_sum_long": -12.786031439,
        "fee_sum_short": -42.086293763,
        "final_balance_long": 100850.972938561,
        "final_balance_short": 104556.84833968127,
        "final_equity_long": 100853.236138561,
        "final_equity_short": 103626.5060362332,
        "gain_long": 0.008637589699999967,
        "gain_short": 0.04598934633448062,
        "hrs_stuck_avg": 13.97002487562189,
        "hrs_stuck_avg_long": 13.97002487562189,
        "hrs_stuck_avg_short": 1.185549926113574,
        "hrs_stuck_max": 147.83333333333334,
        "hrs_stuck_max_long": 147.83333333333334,
        "hrs_stuck_max_short": 112.33333333333333,
        "loss_sum_long": -474.0548730031325,
        "loss_sum_short": -2294.4060815375706,
        "n_closes_long": 211,
        "n_closes_short": 8675,
        "n_days": 77.99930555555555,
        "n_entries_long": 399,
        "n_entries_short": 2240,
        "n_fills_long": 610,
        "n_fills_short": 10915,
        "n_ientries_long": 48,
        "n_ientries_short": 17,
        "n_normal_closes_long": 71,
        "n_normal_closes_short": 34,
        "n_rentries_long": 18,
        "n_rentries_short": 70,
        "n_unstuck_closes_long": 140,
        "n_unstuck_closes_short": 8641,
        "n_unstuck_entries_long": 333,
        "n_unstuck_entries_short": 2153,
        "net_pnl_plus_fees_long": 850.9729385609967,
        "net_pnl_plus_fees_short": 4556.848339685062,
        "pa_distance_max_long": 0.46239044231143545,
        "pa_distance_max_short": 0.24827270589910347,
        "pa_distance_mean_long": 0.059421499244231624,
        "pa_distance_mean_short": 0.04366002118519995,
        "pa_distance_std_long": 0.06712020188926013,
        "pa_distance_std_short": 0.04458547467332345,
        "pnl_sum_long": 863.7589699999967,
        "pnl_sum_short": 4598.9346334480615,
        "profit_sum_long": 1337.8138430031295,
        "profit_sum_short": 6893.340714985633,
        "starting_balance": 100000.0,
        "symbol": "SKLUSDT",
        "volume_quote_long": 127860.31439000001,
        "volume_quote_short": 420862.93762999994
    }
}