{"config_name": "recursive_grid_1_symbols_78days",
 "logging_level": 0,
 "long": {"auto_unstuck_ema_dist": 0.012518052808074122,
          "auto_unstuck_wallet_exposure_threshold": 0.008523070364598095,
          "backwards_tp": true,
          "ddown_factor": 1.887134214318286,
          "ema_span_0": 1131.7427190387957,
          "ema_span_1": 7461.287627452649,
          "enabled": true,
          "initial_eprice_ema_dist": -0.013858299998271345,
          "initial_qty_pct": 0.03613108595814885,
          "markup_range": 0.05296596393747724,
          "min_markup": 0.009766568519537265,
          "n_close_orders": 9,
          "rentry_pprice_dist": 0.020589435212358738,
          "rentry_pprice_dist_wallet_exposure_weighting": 8.583454001188867,
          "wallet_exposure_limit": 0.1},
 "short": {"auto_unstuck_ema_dist": 0.042824222627352894,
           "auto_unstuck_wallet_exposure_threshold": 0.09527715109972712,
           "backwards_tp": true,
           "ddown_factor": 0.424779998834985,
           "ema_span_0": 2872.8632517924484,
           "ema_span_1": 1566.5804037248424,
           "enabled": true,
           "initial_eprice_ema_dist": -0.00799819230919753,
           "initial_qty_pct": 0.04154182922549462,
           "markup_range": 0.042792284502690715,
           "min_markup": 0.029558463789363665,
           "n_close_orders": 6,
           "rentry_pprice_dist": 0.02414758824752908,
           "rentry_pprice_dist_wallet_exposure_weighting": 0.6191246818004925,
           "wallet_exposure_limit": 0.1}}