{"config_name": "recursive_grid_1_symbols_78days",
 "logging_level": 0,
 "long": {"auto_unstuck_ema_dist": 0.027135093336240937,
          "auto_unstuck_wallet_exposure_threshold": 0.6399880225832534,
          "backwards_tp": true,
          "ddown_factor": 0.8641428018389904,
          "ema_span_0": 4202.87808013464,
          "ema_span_1": 7765.445531580465,
          "enabled": true,
          "initial_eprice_ema_dist": -0.03514334705254428,
          "initial_qty_pct": 0.04590317180479591,
          "markup_range": 0.05296596393747724,
          "min_markup": 0.017761198247139336,
          "n_close_orders": 8,
          "rentry_pprice_dist": 0.008283105965791706,
          "rentry_pprice_dist_wallet_exposure_weighting": 36.48316736779781,
          "wallet_exposure_limit": 0.1},
 "short": {"auto_unstuck_ema_dist": 0.01379606145073794,
           "auto_unstuck_wallet_exposure_threshold": 0.5198010968115614,
           "backwards_tp": true,
           "ddown_factor": 1.4829503282420444,
           "ema_span_0": 3184.688755897601,
           "ema_span_1": 5720.095984036261,
           "enabled": true,
           "initial_eprice_ema_dist": -0.03379978365461184,
           "initial_qty_pct": 0.010878079949444959,
           "markup_range": 0.03649942248009588,
           "min_markup": 0.03742241644906125,
           "n_close_orders": 12,
           "rentry_pprice_dist": 0.010364987259001637,
           "rentry_pprice_dist_wallet_exposure_weighting": 3.4841507824033755,
           "wallet_exposure_limit": 0.1}}