{
    "SKLUSDT": {
        "DGstd_long": 0.0029489145817023963,
        "DGstd_short": 0.0038820730444012646,
        "adg_DGstd_ratio_long": 0.15389974256448916,
        "adg_DGstd_ratio_short": 0.05887212294226731,
        "adg_long": 0.000453837194968667,
        "adg_per_exposure_long": 0.00453837194968667,
        "adg_per_exposure_short": 0.0022854588154085317,
        "adg_realized_long": 0.0004438045020920267,
        "adg_realized_per_exposure_long": 0.004438045020920267,
        "adg_realized_per_exposure_short": 0.003520172004694011,
        "adg_realized_short": 0.0003520172004694011,
        "adg_short": 0.0002285458815408532,
        "avg_fills_per_day_long": 5.076968277851477,
        "avg_fills_per_day_short": 83.24433087901424,
        "biggest_psize_long": 82607.0,
        "biggest_psize_quote_long": 10223.450303980217,
        "biggest_psize_quote_short": 10290.057999999994,
        "biggest_psize_short": 88837.0,
        "closest_bkr_long": 1.0,
        "closest_bkr_short": 1.0,
        "eqbal_ratio_mean_long": 0.9992047753763039,
        "eqbal_ratio_mean_short": 0.9958445268677447,
        "eqbal_ratio_min_long": 0.9762117274102239,
        "eqbal_ratio_min_short": 0.9478243251612335,
        "exchange": "bybit",
        "fee_sum_long": -8.918640135,
        "fee_sum_short": -21.702961505,
        "final_balance_long": 103521.46160986536,
        "final_balance_short": 102783.25509957301,
        "final_equity_long": 103521.46160986536,
        "final_equity_short": 101716.94056849479,
        "gain_long": 0.03530380250000013,
        "gain_short": 0.028049580610782186,
        "hrs_stuck_avg": 28.363383838383836,
        "hrs_stuck_avg_long": 28.363383838383836,
        "hrs_stuck_avg_short": 2.2969120654396726,
        "hrs_stuck_max": 213.06666666666666,
        "hrs_stuck_max_long": 207.23333333333332,
        "hrs_stuck_max_short": 213.06666666666666,
        "loss_sum_long": 0.0,
        "loss_sum_short": -1813.719292681733,
        "n_closes_long": 40,
        "n_closes_short": 5415,
        "n_days": 77.99930555555555,
        "n_entries_long": 356,
        "n_entries_short": 1078,
        "n_fills_long": 396,
        "n_fills_short": 6493,
        "n_ientries_long": 11,
        "n_ientries_short": 22,
        "n_normal_closes_long": 40,
        "n_normal_closes_short": 47,
        "n_rentries_long": 12,
        "n_rentries_short": 141,
        "n_unstuck_closes_long": 0,
        "n_unstuck_closes_short": 5368,
        "n_unstuck_entries_long": 333,
        "n_unstuck_entries_short": 915,
        "net_pnl_plus_fees_long": 3521.461609865013,
        "net_pnl_plus_fees_short": 2783.2550995732186,
        "pa_distance_max_long": 0.37141074169710125,
        "pa_distance_max_short": 0.3426373438681835,
        "pa_distance_mean_long": 0.042699635934726914,
        "pa_distance_mean_short": 0.059316106736475555,
        "pa_distance_std_long": 0.042396316729743554,
        "pa_distance_std_short": 0.06949473992414881,
        "pnl_sum_long": 3530.380250000013,
        "pnl_sum_short": 2804.9580610782186,
        "profit_sum_long": 3530.380250000013,
        "profit_sum_short": 4618.677353759952,
        "starting_balance": 100000.0,
        "symbol": "SKLUSDT",
        "volume_quote_long": 89186.40135,
        "volume_quote_short": 217029.61505
    }
}