{"config_name": "recursive_grid_1_symbols_78days",
 "logging_level": 0,
 "long": {"auto_unstuck_ema_dist": 0.09763730828759551,
          "auto_unstuck_wallet_exposure_threshold": 0.6300450525098441,
          "backwards_tp": true,
          "ddown_factor": 2.1896351135310703,
          "ema_span_0": 2766.490711653055,
          "ema_span_1": 9203.052635104683,
          "enabled": true,
          "initial_eprice_ema_dist": -0.013858299998271345,
          "initial_qty_pct": 0.04435777002461017,
          "markup_range": 0.05796202038558701,
          "min_markup": 0.03617505539522051,
          "n_close_orders": 9,
          "rentry_pprice_dist": 0.015764186137495643,
          "rentry_pprice_dist_wallet_exposure_weighting": 48.77081482947723,
          "wallet_exposure_limit": 0.1},
 "short": {"auto_unstuck_ema_dist": 0.01379606145073794,
           "auto_unstuck_wallet_exposure_threshold": 0.6404724403204711,
           "backwards_tp": true,
           "ddown_factor": 0.46983926566169515,
           "ema_span_0": 2538.4313572849255,
           "ema_span_1": 5720.095984036261,
           "enabled": true,
           "initial_eprice_ema_dist": -0.04938261555639696,
           "initial_qty_pct": 0.01126299645424036,
           "markup_range": 0.04448346002664135,
           "min_markup": 0.029558463789363665,
           "n_close_orders": 12,
           "rentry_pprice_dist": 0.00787738638449651,
           "rentry_pprice_dist_wallet_exposure_weighting": 15.23627094008637,
           "wallet_exposure_limit": 0.1}}