{
    "SKLUSDT": {
        "DGstd_long": 0.003817412090015123,
        "DGstd_short": 0.0032792937822168013,
        "adg_DGstd_ratio_long": -0.055087923762026376,
        "adg_DGstd_ratio_short": 0.14436678316062626,
        "adg_long": -0.00021029330618299087,
        "adg_per_exposure_long": -0.0021029330618299084,
        "adg_per_exposure_short": 0.004734210943772828,
        "adg_realized_long": -0.00020060139067212823,
        "adg_realized_per_exposure_long": -0.0020060139067212823,
        "adg_realized_per_exposure_short": 0.005713791142165636,
        "adg_realized_short": 0.0005713791142165636,
        "adg_short": 0.00047342109437728286,
        "avg_fills_per_day_long": 8.66674382784747,
        "avg_fills_per_day_short": 100.89833420881597,
        "biggest_psize_long": 72545.0,
        "biggest_psize_quote_long": 10015.982722273511,
        "biggest_psize_quote_short": 10469.686738298973,
        "biggest_psize_short": 88755.0,
        "closest_bkr_long": 1.0,
        "closest_bkr_short": 1.0,
        "eqbal_ratio_mean_long": 0.9926827575205264,
        "eqbal_ratio_mean_short": 0.9980736217757683,
        "eqbal_ratio_min_long": 0.9552577290665791,
        "eqbal_ratio_min_short": 0.9706709105282723,
        "exchange": "bybit",
        "fee_sum_long": -3.0519169019999994,
        "fee_sum_short": -41.306449613000005,
        "final_balance_long": 98447.3460349787,
        "final_balance_short": 104556.19024404796,
        "final_equity_long": 98339.07848309852,
        "final_equity_short": 103669.32866038848,
        "gain_long": -0.015496020481198122,
        "gain_short": 0.04597496693659519,
        "hrs_stuck_avg": 23.110905349794237,
        "hrs_stuck_avg_long": 23.110905349794237,
        "hrs_stuck_avg_short": 1.609615935798223,
        "hrs_stuck_max": 633.35,
        "hrs_stuck_max_long": 633.35,
        "hrs_stuck_max_short": 110.01666666666667,
        "loss_sum_long": -1609.5964703933269,
        "loss_sum_short": -1831.7367930617618,
        "n_closes_long": 459,
        "n_closes_short": 5759,
        "n_days": 77.99930555555555,
        "n_entries_long": 217,
        "n_entries_short": 2111,
        "n_fills_long": 676,
        "n_fills_short": 7870,
        "n_ientries_long": 1,
        "n_ientries_short": 25,
        "n_normal_closes_long": 1,
        "n_normal_closes_short": 46,
        "n_rentries_long": 3,
        "n_rentries_short": 146,
        "n_unstuck_closes_long": 458,
        "n_unstuck_closes_short": 5713,
        "n_unstuck_entries_long": 213,
        "n_unstuck_entries_short": 1940,
        "net_pnl_plus_fees_long": -1552.6539650218122,
        "net_pnl_plus_fees_short": 4556.190244046519,
        "pa_distance_max_long": 0.8082238331991355,
        "pa_distance_max_short": 0.22660172860435518,
        "pa_distance_mean_long": 0.1954593765674132,
        "pa_distance_mean_short": 0.03660665214183387,
        "pa_distance_std_long": 0.16000468484106584,
        "pa_distance_std_short": 0.03800792110983156,
        "pnl_sum_long": -1549.6020481198123,
        "pnl_sum_short": 4597.496693659519,
        "profit_sum_long": 59.99442227351473,
        "profit_sum_short": 6429.233486721281,
        "starting_balance": 100000.0,
        "symbol": "SKLUSDT",
        "volume_quote_long": 30519.16902,
        "volume_quote_short": 413064.49613000004
    }
}