{
    "SKLUSDT": {
        "DGstd_long": 0.0023858078225958857,
        "DGstd_short": 0.0036879305192824997,
        "adg_DGstd_ratio_long": 0.07053660276842179,
        "adg_DGstd_ratio_short": 0.13163940104722566,
        "adg_long": 0.0001682867786642393,
        "adg_per_exposure_long": 0.001682867786642393,
        "adg_per_exposure_short": 0.004854769646621321,
        "adg_realized_long": 0.0001629344320785986,
        "adg_realized_per_exposure_long": 0.001629344320785986,
        "adg_realized_per_exposure_short": 0.005800914228542009,
        "adg_realized_short": 0.0005800914228542009,
        "adg_short": 0.0004854769646621321,
        "avg_fills_per_day_long": 0.3589775549995994,
        "avg_fills_per_day_short": 132.88579848467313,
        "biggest_psize_long": 54096.0,
        "biggest_psize_quote_long": 6971.58465,
        "biggest_psize_quote_short": 10479.808730602448,
        "biggest_psize_short": 89937.0,
        "closest_bkr_long": 1.0,
        "closest_bkr_short": 1.0,
        "eqbal_ratio_mean_long": 0.9963342895280055,
        "eqbal_ratio_mean_short": 0.9976792311298577,
        "eqbal_ratio_min_long": 0.9759648056374715,
        "eqbal_ratio_min_short": 0.9732114085375879,
        "exchange": "bybit",
        "fee_sum_long": -4.384457792000001,
        "fee_sum_short": -69.97685893,
        "final_balance_long": 101278.882372208,
        "final_balance_short": 104627.22505982805,
        "final_equity_long": 101282.231942208,
        "final_equity_short": 103754.30460106775,
        "gain_long": 0.0128326683,
        "gain_short": 0.04697201918760309,
        "hrs_stuck_avg": 66.85654761904762,
        "hrs_stuck_avg_long": 66.85654761904762,
        "hrs_stuck_avg_short": 1.3210891554928252,
        "hrs_stuck_max": 494.5,
        "hrs_stuck_max_long": 494.5,
        "hrs_stuck_max_short": 110.73333333333333,
        "loss_sum_long": 0.0,
        "loss_sum_short": -3014.0325366200977,
        "n_closes_long": 10,
        "n_closes_short": 7450,
        "n_days": 77.99930555555555,
        "n_entries_long": 18,
        "n_entries_short": 2915,
        "n_fills_long": 28,
        "n_fills_short": 10365,
        "n_ientries_long": 7,
        "n_ientries_short": 25,
        "n_normal_closes_long": 10,
        "n_normal_closes_short": 57,
        "n_rentries_long": 11,
        "n_rentries_short": 42,
        "n_unstuck_closes_long": 0,
        "n_unstuck_closes_short": 7393,
        "n_unstuck_entries_long": 0,
        "n_unstuck_entries_short": 2848,
        "net_pnl_plus_fees_long": 1278.882372208,
        "net_pnl_plus_fees_short": 4627.225059830309,
        "pa_distance_max_long": 0.5315895567872578,
        "pa_distance_max_short": 0.21111896717275183,
        "pa_distance_mean_long": 0.09156814743498476,
        "pa_distance_mean_short": 0.03783818191468677,
        "pa_distance_std_long": 0.09401529087703708,
        "pa_distance_std_short": 0.03953284829908593,
        "pnl_sum_long": 1283.26683,
        "pnl_sum_short": 4697.201918760309,
        "profit_sum_long": 1283.26683,
        "profit_sum_short": 7711.234455380407,
        "starting_balance": 100000.0,
        "symbol": "SKLUSDT",
        "volume_quote_long": 43844.577919999996,
        "volume_quote_short": 699768.5893
    }
}