{
    "SKLUSDT": {
        "DGstd_long": 0.002888881519394895,
        "DGstd_short": 0.0036435700289552723,
        "adg_DGstd_ratio_long": 0.06711738456097642,
        "adg_DGstd_ratio_short": 0.14891662258727936,
        "adg_long": 0.000193894171888325,
        "adg_per_exposure_long": 0.00193894171888325,
        "adg_per_exposure_short": 0.0054258814287225475,
        "adg_realized_long": 0.0001873438205883815,
        "adg_realized_per_exposure_long": 0.001873438205883815,
        "adg_realized_per_exposure_short": 0.006331605820975028,
        "adg_realized_short": 0.0006331605820975028,
        "adg_short": 0.0005425881428722548,
        "avg_fills_per_day_long": 42.47473713263117,
        "avg_fills_per_day_short": 100.96243734363732,
        "biggest_psize_long": 78667.0,
        "biggest_psize_quote_long": 10076.419799999983,
        "biggest_psize_quote_short": 10520.46957803481,
        "biggest_psize_short": 90909.0,
        "closest_bkr_long": 1.0,
        "closest_bkr_short": 1.0,
        "eqbal_ratio_mean_long": 0.9967479982474511,
        "eqbal_ratio_mean_short": 0.9977249519944341,
        "eqbal_ratio_min_long": 0.9695999045079786,
        "eqbal_ratio_min_short": 0.9728411828614072,
        "exchange": "bybit",
        "fee_sum_long": -13.257849456999999,
        "fee_sum_short": -57.354086421,
        "final_balance_long": 101471.8586405432,
        "final_balance_short": 105060.94849709854,
        "final_equity_long": 101471.8586405432,
        "final_equity_short": 104212.64832357978,
        "gain_long": 0.014851164900000477,
        "gain_short": 0.05118302583518702,
        "hrs_stuck_avg": 2.6477840641206978,
        "hrs_stuck_avg_long": 2.6477840641206978,
        "hrs_stuck_avg_short": 1.8334802481227555,
        "hrs_stuck_max": 156.55,
        "hrs_stuck_max_long": 156.55,
        "hrs_stuck_max_short": 114.71666666666667,
        "loss_sum_long": -411.2489202030175,
        "loss_sum_short": -2442.790449565276,
        "n_closes_long": 2804,
        "n_closes_short": 5235,
        "n_days": 77.99930555555555,
        "n_entries_long": 509,
        "n_entries_short": 2640,
        "n_fills_long": 3313,
        "n_fills_short": 7875,
        "n_ientries_long": 28,
        "n_ientries_short": 20,
        "n_normal_closes_long": 52,
        "n_normal_closes_short": 52,
        "n_rentries_long": 39,
        "n_rentries_short": 66,
        "n_unstuck_closes_long": 2752,
        "n_unstuck_closes_short": 5183,
        "n_unstuck_entries_long": 442,
        "n_unstuck_entries_short": 2554,
        "net_pnl_plus_fees_long": 1471.8586405430476,
        "net_pnl_plus_fees_short": 5060.948497097702,
        "pa_distance_max_long": 0.43615157512895164,
        "pa_distance_max_short": 0.21341192018609673,
        "pa_distance_mean_long": 0.06357757659562248,
        "pa_distance_mean_short": 0.040614020095786615,
        "pa_distance_std_long": 0.06722717491990884,
        "pa_distance_std_short": 0.04240937796466514,
        "pnl_sum_long": 1485.1164900000476,
        "pnl_sum_short": 5118.302583518702,
        "profit_sum_long": 1896.365410203065,
        "profit_sum_short": 7561.093033083978,
        "starting_balance": 100000.0,
        "symbol": "SKLUSDT",
        "volume_quote_long": 132578.49456999998,
        "volume_quote_short": 573540.86421
    }
}