{"config_name": "recursive_grid_1_symbols_78days",
 "logging_level": 0,
 "long": {"auto_unstuck_ema_dist": 0.09763730828759551,
          "auto_unstuck_wallet_exposure_threshold": 0.6300450525098441,
          "backwards_tp": true,
          "ddown_factor": 2.1896351135310703,
          "ema_span_0": 2766.490711653055,
          "ema_span_1": 9203.052635104683,
          "enabled": true,
          "initial_eprice_ema_dist": -0.013858299998271345,
          "initial_qty_pct": 0.04435777002461017,
          "markup_range": 0.05796202038558701,
          "min_markup": 0.03617505539522051,
          "n_close_orders": 9,
          "rentry_pprice_dist": 0.015764186137495643,
          "rentry_pprice_dist_wallet_exposure_weighting": 48.77081482947723,
          "wallet_exposure_limit": 0.1},
 "short": {"auto_unstuck_ema_dist": 0.08888203347210509,
           "auto_unstuck_wallet_exposure_threshold": 0.7546539865424553,
           "backwards_tp": true,
           "ddown_factor": 0.39882240441591776,
           "ema_span_0": 1720.0618450233144,
           "ema_span_1": 4050.7886592965974,
           "enabled": true,
           "initial_eprice_ema_dist": -0.09497634309465261,
           "initial_qty_pct": 0.031735159051791285,
           "markup_range": 0.035863360033008794,
           "min_markup": 0.05830298888631683,
           "n_close_orders": 12,
           "rentry_pprice_dist": 0.007736124285332088,
           "rentry_pprice_dist_wallet_exposure_weighting": 7.671004099350537,
           "wallet_exposure_limit": 0.1}}