{
    "SKLUSDT": {
        "DGstd_long": 0.0015515311142043598,
        "DGstd_short": 0.0035977127343402703,
        "adg_DGstd_ratio_long": 0.14744946438047155,
        "adg_DGstd_ratio_short": 0.18181706324920893,
        "adg_long": 0.0002287724317590691,
        "adg_per_exposure_long": 0.002287724317590691,
        "adg_per_exposure_short": 0.006541255637720293,
        "adg_realized_long": 0.00022460101273247268,
        "adg_realized_per_exposure_long": 0.002246010127324727,
        "adg_realized_per_exposure_short": 0.007458880453665717,
        "adg_realized_short": 0.0007458880453665717,
        "adg_short": 0.0006541255637720294,
        "avg_fills_per_day_long": 10.205219063560039,
        "avg_fills_per_day_short": 125.1421397982532,
        "biggest_psize_long": 93002.0,
        "biggest_psize_quote_long": 10046.02628933485,
        "biggest_psize_quote_short": 10614.350279094593,
        "biggest_psize_short": 89773.0,
        "closest_bkr_long": 1.0,
        "closest_bkr_short": 1.0,
        "eqbal_ratio_mean_long": 0.9996789540569678,
        "eqbal_ratio_mean_short": 0.9983953106369656,
        "eqbal_ratio_min_long": 0.9863359813860549,
        "eqbal_ratio_min_short": 0.9723919287691905,
        "exchange": "bybit",
        "fee_sum_long": -7.115034316000001,
        "fee_sum_short": -53.97033857300001,
        "final_balance_long": 101767.1074056864,
        "final_balance_short": 105988.14507210061,
        "final_equity_long": 101767.6823856864,
        "final_equity_short": 105112.32811142373,
        "gain_long": 0.01774222439999982,
        "gain_short": 0.06042115410676849,
        "hrs_stuck_avg": 15.999857549857548,
        "hrs_stuck_avg_long": 15.999857549857548,
        "hrs_stuck_avg_short": 1.4857010582010584,
        "hrs_stuck_max": 159.03333333333333,
        "hrs_stuck_max_long": 159.03333333333333,
        "hrs_stuck_max_short": 105.61666666666666,
        "loss_sum_long": 0.0,
        "loss_sum_short": -1851.0437953243995,
        "n_closes_long": 48,
        "n_closes_short": 7144,
        "n_days": 77.99930555555555,
        "n_entries_long": 748,
        "n_entries_short": 2617,
        "n_fills_long": 796,
        "n_fills_short": 9761,
        "n_ientries_long": 23,
        "n_ientries_short": 10,
        "n_normal_closes_long": 48,
        "n_normal_closes_short": 12,
        "n_rentries_long": 55,
        "n_rentries_short": 31,
        "n_unstuck_closes_long": 0,
        "n_unstuck_closes_short": 7132,
        "n_unstuck_entries_long": 670,
        "n_unstuck_entries_short": 2576,
        "net_pnl_plus_fees_long": 1767.1074056839818,
        "net_pnl_plus_fees_short": 5988.145072103849,
        "pa_distance_max_long": 0.41355717557991256,
        "pa_distance_max_short": 0.2161787759916452,
        "pa_distance_mean_long": 0.03219299036703923,
        "pa_distance_mean_short": 0.04331189246097508,
        "pa_distance_std_long": 0.03247501827794585,
        "pa_distance_std_short": 0.035156821835362374,
        "pnl_sum_long": 1774.2224399999818,
        "pnl_sum_short": 6042.115410676849,
        "profit_sum_long": 1774.222439999982,
        "profit_sum_short": 7893.159206001249,
        "starting_balance": 100000.0,
        "symbol": "SKLUSDT",
        "volume_quote_long": 71150.34316000002,
        "volume_quote_short": 539703.38573
    }
}