{
    "SKLUSDT": {
        "DGstd_long": 0.0019048410582835865,
        "DGstd_short": 0.004186192320213321,
        "adg_DGstd_ratio_long": 0.0997451460579366,
        "adg_DGstd_ratio_short": 0.14462569061816896,
        "adg_long": 0.00018999864957565087,
        "adg_per_exposure_long": 0.0018999864957565085,
        "adg_per_exposure_short": 0.006054309553713266,
        "adg_realized_long": 0.00018579921872086125,
        "adg_realized_per_exposure_long": 0.0018579921872086125,
        "adg_realized_per_exposure_short": 0.0070436366847714815,
        "adg_realized_short": 0.0007043636684771482,
        "adg_short": 0.0006054309553713267,
        "avg_fills_per_day_long": 12.333443139629093,
        "avg_fills_per_day_short": 223.20711544796518,
        "biggest_psize_long": 77859.0,
        "biggest_psize_quote_long": 10054.4423,
        "biggest_psize_quote_short": 10579.651791341059,
        "biggest_psize_short": 96901.0,
        "closest_bkr_long": 1.0,
        "closest_bkr_short": 1.0,
        "eqbal_ratio_mean_long": 0.9988889122256887,
        "eqbal_ratio_mean_short": 0.9977600114381181,
        "eqbal_ratio_min_long": 0.9722211217689296,
        "eqbal_ratio_min_short": 0.9681569886000191,
        "exchange": "bybit",
        "fee_sum_long": -26.798516602,
        "fee_sum_short": -59.905653743,
        "final_balance_long": 101459.63654339736,
        "final_balance_short": 105645.66623926483,
        "final_equity_long": 101459.63654339736,
        "final_equity_short": 104700.95675625416,
        "gain_long": 0.014864350600000012,
        "gain_short": 0.05705571893010605,
        "hrs_stuck_avg": 4.576976365118174,
        "hrs_stuck_avg_long": 4.576976365118174,
        "hrs_stuck_avg_short": 0.810031732294822,
        "hrs_stuck_max": 145.23333333333332,
        "hrs_stuck_max_long": 145.23333333333332,
        "hrs_stuck_max_short": 108.25,
        "loss_sum_long": -200.33947424433967,
        "loss_sum_short": -2776.5565276031166,
        "n_closes_long": 630,
        "n_closes_short": 14752,
        "n_days": 77.99930555555555,
        "n_entries_long": 332,
        "n_entries_short": 2658,
        "n_fills_long": 962,
        "n_fills_short": 17410,
        "n_ientries_long": 139,
        "n_ientries_short": 14,
        "n_normal_closes_long": 159,
        "n_normal_closes_short": 30,
        "n_rentries_long": 103,
        "n_rentries_short": 40,
        "n_unstuck_closes_long": 471,
        "n_unstuck_closes_short": 14722,
        "n_unstuck_entries_long": 90,
        "n_unstuck_entries_short": 2604,
        "net_pnl_plus_fees_long": 1459.636543398001,
        "net_pnl_plus_fees_short": 5645.666239267605,
        "pa_distance_max_long": 0.38410016666977115,
        "pa_distance_max_short": 0.24133903524079384,
        "pa_distance_mean_long": 0.035562546310282245,
        "pa_distance_mean_short": 0.04531862988854753,
        "pa_distance_std_long": 0.05359548053782489,
        "pa_distance_std_short": 0.03819248584650199,
        "pnl_sum_long": 1486.4350600000012,
        "pnl_sum_short": 5705.571893010605,
        "profit_sum_long": 1686.774534244341,
        "profit_sum_short": 8482.12842061372,
        "starting_balance": 100000.0,
        "symbol": "SKLUSDT",
        "volume_quote_long": 267985.16602,
        "volume_quote_short": 599056.53743
    }
}