{"config_name": "recursive_grid_1_symbols_78days",
 "logging_level": 0,
 "long": {"auto_unstuck_ema_dist": 0.09763730828759551,
          "auto_unstuck_wallet_exposure_threshold": 0.6300450525098441,
          "backwards_tp": true,
          "ddown_factor": 2.1896351135310703,
          "ema_span_0": 2766.490711653055,
          "ema_span_1": 9203.052635104683,
          "enabled": true,
          "initial_eprice_ema_dist": -0.013858299998271345,
          "initial_qty_pct": 0.04435777002461017,
          "markup_range": 0.05796202038558701,
          "min_markup": 0.03617505539522051,
          "n_close_orders": 9,
          "rentry_pprice_dist": 0.015764186137495643,
          "rentry_pprice_dist_wallet_exposure_weighting": 48.77081482947723,
          "wallet_exposure_limit": 0.1},
 "short": {"auto_unstuck_ema_dist": 0.016489820132485355,
           "auto_unstuck_wallet_exposure_threshold": 0.5252425482966941,
           "backwards_tp": true,
           "ddown_factor": 1.902175185207027,
           "ema_span_0": 2488.6785334240258,
           "ema_span_1": 5342.053422218611,
           "enabled": true,
           "initial_eprice_ema_dist": -0.09920227873219209,
           "initial_qty_pct": 0.03205542618296589,
           "markup_range": 0.04959275644416005,
           "min_markup": 0.05482946240408667,
           "n_close_orders": 11,
           "rentry_pprice_dist": 0.007618615117097974,
           "rentry_pprice_dist_wallet_exposure_weighting": 0,
           "wallet_exposure_limit": 0.1}}