{"config_name": "recursive_grid_1_symbols_78days",
 "logging_level": 0,
 "long": {"auto_unstuck_ema_dist": 0.0370209096692673,
          "auto_unstuck_wallet_exposure_threshold": 0.11889469574691423,
          "backwards_tp": true,
          "ddown_factor": 2.262267910683701,
          "ema_span_0": 2677.4770042144905,
          "ema_span_1": 7327.899088710641,
          "enabled": true,
          "initial_eprice_ema_dist": -0.04344987629743385,
          "initial_qty_pct": 0.018046497444985224,
          "markup_range": 0.020988948976929815,
          "min_markup": 0.031433174279830105,
          "n_close_orders": 9,
          "rentry_pprice_dist": 0.011922557123807184,
          "rentry_pprice_dist_wallet_exposure_weighting": 36.74544634135893,
          "wallet_exposure_limit": 0.1},
 "short": {"auto_unstuck_ema_dist": 0.016489820132485355,
           "auto_unstuck_wallet_exposure_threshold": 0.5252425482966941,
           "backwards_tp": true,
           "ddown_factor": 1.902175185207027,
           "ema_span_0": 2488.6785334240258,
           "ema_span_1": 5342.053422218611,
           "enabled": true,
           "initial_eprice_ema_dist": -0.09920227873219209,
           "initial_qty_pct": 0.03205542618296589,
           "markup_range": 0.04959275644416005,
           "min_markup": 0.05482946240408667,
           "n_close_orders": 11,
           "rentry_pprice_dist": 0.007618615117097974,
           "rentry_pprice_dist_wallet_exposure_weighting": 0,
           "wallet_exposure_limit": 0.1}}