{
    "SKLUSDT": {
        "DGstd_long": 0.002926622945275354,
        "DGstd_short": 0.004627727911681457,
        "adg_DGstd_ratio_long": 0.1802609826391393,
        "adg_DGstd_ratio_short": 0.07228411326554686,
        "adg_long": 0.0005275559279295873,
        "adg_per_exposure_long": 0.005275559279295873,
        "adg_per_exposure_short": 0.0033451120853011506,
        "adg_realized_long": 0.0005162077302454104,
        "adg_realized_per_exposure_long": 0.0051620773024541045,
        "adg_realized_per_exposure_short": 0.0043711664079570944,
        "adg_realized_short": 0.00043711664079570944,
        "adg_short": 0.00033451120853011506,
        "avg_fills_per_day_long": 6.718008529278217,
        "avg_fills_per_day_short": 35.5131366910318,
        "biggest_psize_long": 83945.0,
        "biggest_psize_quote_long": 10240.653249999994,
        "biggest_psize_quote_short": 10357.15796630474,
        "biggest_psize_short": 89689.0,
        "closest_bkr_long": 1.0,
        "closest_bkr_short": 1.0,
        "eqbal_ratio_mean_long": 0.9988945231409151,
        "eqbal_ratio_mean_short": 0.9951785191490211,
        "eqbal_ratio_min_long": 0.9747389503120207,
        "eqbal_ratio_min_short": 0.950908125774311,
        "exchange": "bybit",
        "fee_sum_long": -11.847784384,
        "fee_sum_short": -14.061387462999999,
        "final_balance_long": 104107.4607156163,
        "final_balance_short": 103467.49763623219,
        "final_equity_long": 104110.9596756163,
        "final_equity_short": 102525.33620253693,
        "gain_long": 0.041193085000000025,
        "gain_short": 0.03481559023695269,
        "hrs_stuck_avg": 18.719833333333334,
        "hrs_stuck_avg_long": 18.719833333333334,
        "hrs_stuck_avg_short": 5.128721461187215,
        "hrs_stuck_max": 342.6666666666667,
        "hrs_stuck_max_long": 170.86666666666667,
        "hrs_stuck_max_short": 342.6666666666667,
        "loss_sum_long": 0.0,
        "loss_sum_short": -1258.9835256123836,
        "n_closes_long": 279,
        "n_closes_short": 2184,
        "n_days": 77.99930555555555,
        "n_entries_long": 245,
        "n_entries_short": 586,
        "n_fills_long": 524,
        "n_fills_short": 2770,
        "n_ientries_long": 18,
        "n_ientries_short": 8,
        "n_normal_closes_long": 37,
        "n_normal_closes_short": 16,
        "n_rentries_long": 35,
        "n_rentries_short": 21,
        "n_unstuck_closes_long": 242,
        "n_unstuck_closes_short": 2168,
        "n_unstuck_entries_long": 192,
        "n_unstuck_entries_short": 557,
        "net_pnl_plus_fees_long": 4107.460715616003,
        "net_pnl_plus_fees_short": 3467.4976362322686,
        "pa_distance_max_long": 0.35911978654428556,
        "pa_distance_max_short": 0.3290499794799408,
        "pa_distance_mean_long": 0.039832835721625715,
        "pa_distance_mean_short": 0.07034295484847254,
        "pa_distance_std_long": 0.044361704232278615,
        "pa_distance_std_short": 0.0717676926584804,
        "pnl_sum_long": 4119.308500000003,
        "pnl_sum_short": 3481.5590236952685,
        "profit_sum_long": 4119.308500000004,
        "profit_sum_short": 4740.542549307653,
        "starting_balance": 100000.0,
        "symbol": "SKLUSDT",
        "volume_quote_long": 118477.84383999999,
        "volume_quote_short": 140613.87462999998
    }
}