{
    "SKLUSDT": {
        "DGstd_long": 0.002639146786538406,
        "DGstd_short": 0.0036434639901627803,
        "adg_DGstd_ratio_long": 0.20007334580817837,
        "adg_DGstd_ratio_short": 0.13412361001715017,
        "adg_long": 0.0005280229276616411,
        "adg_per_exposure_long": 0.005280229276616411,
        "adg_per_exposure_short": 0.0048867454332812265,
        "adg_realized_long": 0.0005178766409987823,
        "adg_realized_per_exposure_long": 0.005178766409987823,
        "adg_realized_per_exposure_short": 0.0057624513268383915,
        "adg_realized_short": 0.0005762451326838391,
        "adg_short": 0.0004886745433281226,
        "avg_fills_per_day_long": 5.102609531780019,
        "avg_fills_per_day_short": 123.92418023664742,
        "biggest_psize_long": 86519.0,
        "biggest_psize_quote_long": 10273.32864999999,
        "biggest_psize_quote_short": 10470.12905079292,
        "biggest_psize_short": 90968.0,
        "closest_bkr_long": 1.0,
        "closest_bkr_short": 1.0,
        "eqbal_ratio_mean_long": 0.9990722271541708,
        "eqbal_ratio_mean_short": 0.9978529661366727,
        "eqbal_ratio_min_long": 0.9757698810705873,
        "eqbal_ratio_min_short": 0.9648481132754719,
        "exchange": "bybit",
        "fee_sum_long": -11.906284488999997,
        "fee_sum_short": -43.82164976,
        "final_balance_long": 104121.00666551071,
        "final_balance_short": 104595.85889944612,
        "final_equity_long": 104121.00666551071,
        "final_equity_short": 103781.14895023903,
        "gain_long": 0.041329129500000034,
        "gain_short": 0.04639680549207081,
        "hrs_stuck_avg": 19.91471631205674,
        "hrs_stuck_avg_long": 19.91471631205674,
        "hrs_stuck_avg_short": 1.4987856952228449,
        "hrs_stuck_max": 176.13333333333333,
        "hrs_stuck_max_long": 176.13333333333333,
        "hrs_stuck_max_short": 109.61666666666666,
        "loss_sum_long": 0.0,
        "loss_sum_short": -2286.7849161945715,
        "n_closes_long": 151,
        "n_closes_short": 7640,
        "n_days": 77.99930555555555,
        "n_entries_long": 247,
        "n_entries_short": 2026,
        "n_fills_long": 398,
        "n_fills_short": 9666,
        "n_ientries_long": 16,
        "n_ientries_short": 13,
        "n_normal_closes_long": 38,
        "n_normal_closes_short": 19,
        "n_rentries_long": 35,
        "n_rentries_short": 25,
        "n_unstuck_closes_long": 113,
        "n_unstuck_closes_short": 7621,
        "n_unstuck_entries_long": 196,
        "n_unstuck_entries_short": 1988,
        "net_pnl_plus_fees_long": 4121.006665511003,
        "net_pnl_plus_fees_short": 4595.858899447081,
        "pa_distance_max_long": 0.3679904389837186,
        "pa_distance_max_short": 0.2598975787388273,
        "pa_distance_mean_long": 0.03649240350115079,
        "pa_distance_mean_short": 0.04530589412728895,
        "pa_distance_std_long": 0.04159034937688327,
        "pa_distance_std_short": 0.03777445173760949,
        "pnl_sum_long": 4132.912950000004,
        "pnl_sum_short": 4639.680549207081,
        "profit_sum_long": 4132.912950000004,
        "profit_sum_short": 6926.465465401652,
        "starting_balance": 100000.0,
        "symbol": "SKLUSDT",
        "volume_quote_long": 119062.84489,
        "volume_quote_short": 438216.49759999994
    }
}