{
    "SKLUSDT": {
        "DGstd_long": 0.0030938106048090893,
        "DGstd_short": 0.003975413355619679,
        "adg_DGstd_ratio_long": 0.20972641988489316,
        "adg_DGstd_ratio_short": 0.12436837310415036,
        "adg_long": 0.0006488538219485263,
        "adg_per_exposure_long": 0.006488538219485263,
        "adg_per_exposure_short": 0.004944156914549306,
        "adg_realized_long": 0.0006359000204982923,
        "adg_realized_per_exposure_long": 0.006359000204982923,
        "adg_realized_per_exposure_short": 0.00592142749677782,
        "adg_realized_short": 0.000592142749677782,
        "adg_short": 0.0004944156914549306,
        "avg_fills_per_day_long": 7.38468113142033,
        "avg_fills_per_day_short": 161.8219535430337,
        "biggest_psize_long": 84637.0,
        "biggest_psize_quote_long": 10342.062249999995,
        "biggest_psize_quote_short": 10485.548548721028,
        "biggest_psize_short": 90154.0,
        "closest_bkr_long": 1.0,
        "closest_bkr_short": 1.0,
        "eqbal_ratio_mean_long": 0.9987656085769183,
        "eqbal_ratio_mean_short": 0.998062436524951,
        "eqbal_ratio_min_long": 0.9746981502991626,
        "eqbal_ratio_min_short": 0.9685062339597309,
        "exchange": "bybit",
        "fee_sum_long": -14.579308949,
        "fee_sum_short": -42.534884682000005,
        "final_balance_long": 105083.38548105033,
        "final_balance_short": 104725.56271498848,
        "final_equity_long": 105083.29740105032,
        "final_equity_short": 103817.00933531858,
        "gain_long": 0.050979647900000036,
        "gain_short": 0.047680975996698974,
        "hrs_stuck_avg": 17.018030303030304,
        "hrs_stuck_avg_long": 17.018030303030304,
        "hrs_stuck_avg_short": 1.0852077294685991,
        "hrs_stuck_max": 288.23333333333335,
        "hrs_stuck_max_long": 288.23333333333335,
        "hrs_stuck_max_short": 110.03333333333333,
        "loss_sum_long": 0.0,
        "loss_sum_short": -2053.5687566407114,
        "n_closes_long": 316,
        "n_closes_short": 10180,
        "n_days": 77.99930555555555,
        "n_entries_long": 260,
        "n_entries_short": 2442,
        "n_fills_long": 576,
        "n_fills_short": 12622,
        "n_ientries_long": 20,
        "n_ientries_short": 9,
        "n_normal_closes_long": 40,
        "n_normal_closes_short": 19,
        "n_rentries_long": 42,
        "n_rentries_short": 26,
        "n_unstuck_closes_long": 276,
        "n_unstuck_closes_short": 10161,
        "n_unstuck_entries_long": 198,
        "n_unstuck_entries_short": 2407,
        "net_pnl_plus_fees_long": 5083.385481051004,
        "net_pnl_plus_fees_short": 4725.562714987897,
        "pa_distance_max_long": 0.3971600722602554,
        "pa_distance_max_short": 0.23932369667877024,
        "pa_distance_mean_long": 0.039987302019140594,
        "pa_distance_mean_short": 0.0474344750809694,
        "pa_distance_std_long": 0.04482234832762825,
        "pa_distance_std_short": 0.03890936436371355,
        "pnl_sum_long": 5097.964790000004,
        "pnl_sum_short": 4768.097599669897,
        "profit_sum_long": 5097.964790000004,
        "profit_sum_short": 6821.6663563106085,
        "starting_balance": 100000.0,
        "symbol": "SKLUSDT",
        "volume_quote_long": 145793.08948999998,
        "volume_quote_short": 425348.84682
    }
}