{
    "WAVESUSDT": {
        "DGstd_long": 0.017080553414986797,
        "DGstd_short": 0.11140983333772785,
        "adg_DGstd_ratio_long": 0.10864612006725312,
        "adg_DGstd_ratio_short": -0.40024531765853005,
        "adg_long": 0.0018557358571397859,
        "adg_per_exposure_long": 0.0007732232738082442,
        "adg_per_exposure_short": -0.03715938677878564,
        "adg_realized_long": 0.0017243594167752896,
        "adg_realized_per_exposure_long": 0.0007184830903230374,
        "adg_realized_per_exposure_short": 0.0002373145902728746,
        "adg_realized_short": 0.0002847775083274495,
        "adg_short": -0.04459126413454277,
        "avg_fills_per_day_long": 1.0769230769230769,
        "avg_fills_per_day_short": 0.9230769230769231,
        "biggest_psize_long": 29.5,
        "biggest_psize_quote_long": 175.2555,
        "biggest_psize_quote_short": 1205.0092999999997,
        "biggest_psize_short": 190.8,
        "closest_bkr_long": 1.0,
        "closest_bkr_short": 0.1321358223411396,
        "eqbal_ratio_mean_long": 0.9831619786823801,
        "eqbal_ratio_mean_short": 0.9624142243326376,
        "eqbal_ratio_min_long": 0.9469595638442553,
        "eqbal_ratio_min_short": 0.2764150712065045,
        "exchange": "bybit",
        "fee_sum_long": -0.11142845,
        "fee_sum_short": -0.13566012,
        "final_balance_long": 1022.6500715500001,
        "final_balance_short": 1003.70843988,
        "final_equity_long": 1022.6500715500001,
        "final_equity_short": 501.2485398799997,
        "gain_long": 0.022761499999999973,
        "gain_short": 0.0038441000000000035,
        "hrs_stuck_avg": 26.0,
        "hrs_stuck_avg_long": 24.0,
        "hrs_stuck_avg_short": 26.0,
        "hrs_stuck_max": 161.13333333333333,
        "hrs_stuck_max_long": 161.13333333333333,
        "hrs_stuck_max_short": 116.98333333333333,
        "loss_sum_long": 0.0,
        "loss_sum_short": 0.0,
        "n_closes_long": 6,
        "n_closes_short": 4,
        "n_days": 13.0,
        "n_entries_long": 8,
        "n_entries_short": 8,
        "n_fills_long": 14,
        "n_fills_short": 12,
        "n_ientries_long": 4,
        "n_ientries_short": 5,
        "n_normal_closes_long": 6,
        "n_normal_closes_short": 4,
        "n_rentries_long": 4,
        "n_rentries_short": 2,
        "n_unstuck_closes_long": 0,
        "n_unstuck_closes_short": 0,
        "n_unstuck_entries_long": 0,
        "n_unstuck_entries_short": 1,
        "net_pnl_plus_fees_long": 22.650071549999975,
        "net_pnl_plus_fees_short": 3.708439880000004,
        "pa_distance_max_long": 0.43846595805802957,
        "pa_distance_max_short": 0.3760558813502524,
        "pa_distance_mean_long": 0.15489825762039366,
        "pa_distance_mean_short": 0.10563829656843242,
        "pa_distance_std_long": 0.13948556660957362,
        "pa_distance_std_short": 0.11299072575235966,
        "pnl_sum_long": 22.761499999999973,
        "pnl_sum_short": 3.8441000000000036,
        "profit_sum_long": 22.761499999999973,
        "profit_sum_short": 3.8441000000000036,
        "starting_balance": 1000.0,
        "symbol": "WAVESUSDT",
        "volume_quote_long": 1114.2845,
        "volume_quote_short": 1356.6011999999998
    }
}