{
    "WAVESUSDT": {
        "DGstd_long": 0.04359487343484824,
        "DGstd_short": 0.013201341592449714,
        "adg_DGstd_ratio_long": 0.1559200770074873,
        "adg_DGstd_ratio_short": 0.4067375320691424,
        "adg_long": 0.0067973160230932,
        "adg_per_exposure_long": 0.002832215009622167,
        "adg_per_exposure_short": 0.004474567582762266,
        "adg_realized_long": 0.005955165269272644,
        "adg_realized_per_exposure_long": 0.002481318862196935,
        "adg_realized_per_exposure_short": 0.0044917476284217495,
        "adg_realized_short": 0.005390097154106099,
        "adg_short": 0.005369481099314719,
        "avg_fills_per_day_long": 4.6923076923076925,
        "avg_fills_per_day_short": 6.3076923076923075,
        "biggest_psize_long": 544.9,
        "biggest_psize_quote_long": 2511.8424639311393,
        "biggest_psize_quote_short": 1254.7618,
        "biggest_psize_short": 203.3,
        "closest_bkr_long": 0.34742262682501784,
        "closest_bkr_short": 0.7674874555799995,
        "eqbal_ratio_mean_long": 0.9708084581631881,
        "eqbal_ratio_mean_short": 0.999465760058511,
        "eqbal_ratio_min_long": 0.7501998758059797,
        "eqbal_ratio_min_short": 0.95804099625952,
        "exchange": "bybit",
        "fee_sum_long": -0.77894958,
        "fee_sum_short": -0.8120946900000002,
        "final_balance_long": 1080.2446504199997,
        "final_balance_short": 1072.3828053099994,
        "final_equity_long": 1080.2446504199997,
        "final_equity_short": 1071.0084053099995,
        "gain_long": 0.08102359999999971,
        "gain_short": 0.07319490000000008,
        "hrs_stuck_avg": 14.857142857142856,
        "hrs_stuck_avg_long": 14.857142857142856,
        "hrs_stuck_avg_short": 7.090909090909091,
        "hrs_stuck_max": 113.7,
        "hrs_stuck_max_long": 65.45,
        "hrs_stuck_max_short": 113.7,
        "loss_sum_long": -3.536792754184955,
        "loss_sum_short": 0.0,
        "n_closes_long": 42,
        "n_closes_short": 41,
        "n_days": 13.0,
        "n_entries_long": 19,
        "n_entries_short": 41,
        "n_fills_long": 61,
        "n_fills_short": 82,
        "n_ientries_long": 4,
        "n_ientries_short": 20,
        "n_normal_closes_long": 22,
        "n_normal_closes_short": 41,
        "n_rentries_long": 7,
        "n_rentries_short": 20,
        "n_unstuck_closes_long": 20,
        "n_unstuck_closes_short": 0,
        "n_unstuck_entries_long": 8,
        "n_unstuck_entries_short": 1,
        "net_pnl_plus_fees_long": 80.2446504199997,
        "net_pnl_plus_fees_short": 72.38280531000008,
        "pa_distance_max_long": 0.16504275072395377,
        "pa_distance_max_short": 0.14285244698804006,
        "pa_distance_mean_long": 0.03926817985780864,
        "pa_distance_mean_short": 0.02767521612410356,
        "pa_distance_std_long": 0.02747925743136194,
        "pa_distance_std_short": 0.026293046539227306,
        "pnl_sum_long": 81.0235999999997,
        "pnl_sum_short": 73.19490000000008,
        "profit_sum_long": 84.56039275418466,
        "profit_sum_short": 73.19490000000009,
        "starting_balance": 1000.0,
        "symbol": "WAVESUSDT",
        "volume_quote_long": 7789.495800000001,
        "volume_quote_short": 8120.9469
    }
}