{
    "WAVESUSDT": {
        "DGstd_long": 0.11291518012577398,
        "DGstd_short": 0.3201784390631871,
        "adg_DGstd_ratio_long": 0.14771558923191094,
        "adg_DGstd_ratio_short": -0.37947528739546627,
        "adg_long": 0.016679332365506064,
        "adg_per_exposure_long": 0.006949721818960861,
        "adg_per_exposure_short": -0.248580142774681,
        "adg_realized_long": 0.01148829821514985,
        "adg_realized_per_exposure_long": 0.004786790922979105,
        "adg_realized_per_exposure_short": -0.5454077254506484,
        "adg_realized_short": -0.6544892705407781,
        "adg_short": -0.29829617132961717,
        "avg_fills_per_day_long": 1.5384615384615385,
        "avg_fills_per_day_short": 3.0,
        "biggest_psize_long": 507.4,
        "biggest_psize_quote_long": 2399.9356999999995,
        "biggest_psize_quote_short": 1280.6424,
        "biggest_psize_short": 259.3,
        "closest_bkr_long": 0.33037839606438185,
        "closest_bkr_short": 0.05895589107425968,
        "eqbal_ratio_mean_long": 0.9585638710875816,
        "eqbal_ratio_mean_short": 0.9791516922757063,
        "eqbal_ratio_min_long": 0.6955532347339289,
        "eqbal_ratio_min_short": 0.15918263167448726,
        "exchange": "bybit",
        "fee_sum_long": -0.49604562,
        "fee_sum_short": -0.50166939,
        "final_balance_long": 1160.0887543800002,
        "final_balance_short": 0.001,
        "final_equity_long": 1160.0887543800002,
        "final_equity_short": 0.001,
        "gain_long": 0.1605848000000002,
        "gain_short": -0.8689203000000003,
        "hrs_stuck_avg": 62.4,
        "hrs_stuck_avg_long": 62.4,
        "hrs_stuck_avg_short": 13.565217391304348,
        "hrs_stuck_max": 158.9,
        "hrs_stuck_max_long": 158.9,
        "hrs_stuck_max_short": 78.33333333333333,
        "loss_sum_long": 0.0,
        "loss_sum_short": -936.3726000000004,
        "n_closes_long": 18,
        "n_closes_short": 22,
        "n_days": 13.0,
        "n_entries_long": 2,
        "n_entries_short": 16,
        "n_fills_long": 20,
        "n_fills_short": 39,
        "n_ientries_long": 1,
        "n_ientries_short": 5,
        "n_normal_closes_long": 18,
        "n_normal_closes_short": 22,
        "n_rentries_long": 1,
        "n_rentries_short": 9,
        "n_unstuck_closes_long": 0,
        "n_unstuck_closes_short": 0,
        "n_unstuck_entries_long": 0,
        "n_unstuck_entries_short": 2,
        "net_pnl_plus_fees_long": 160.0887543800002,
        "net_pnl_plus_fees_short": -869.4219693900003,
        "pa_distance_max_long": 0.15500105730598426,
        "pa_distance_max_short": 0.4119723084217462,
        "pa_distance_mean_long": 0.06839913213531612,
        "pa_distance_mean_short": 0.04765739569545599,
        "pa_distance_std_long": 0.03701931892834815,
        "pa_distance_std_short": 0.07742366765278613,
        "pnl_sum_long": 160.5848000000002,
        "pnl_sum_short": -868.9203000000003,
        "profit_sum_long": 160.5848000000002,
        "profit_sum_short": 67.45229999999998,
        "starting_balance": 1000.0,
        "symbol": "WAVESUSDT",
        "volume_quote_long": 4960.4562,
        "volume_quote_short": 3736.0514999999996
    }
}