{"config_name": "static_grid_1_symbols_13days",
 "logging_level": 0,
 "long": {"auto_unstuck_ema_dist": 0.06065589194220446,
          "auto_unstuck_wallet_exposure_threshold": 0.44073537835985366,
          "backwards_tp": true,
          "ema_span_0": 1418.7233713990438,
          "ema_span_1": 5204.315461963106,
          "enabled": true,
          "eprice_exp_base": 1.8942024785167915,
          "eprice_pprice_diff": 0.045277628235924836,
          "grid_span": 0.2258703311787432,
          "initial_eprice_ema_dist": -0.06153954542972561,
          "initial_qty_pct": 0.04410645183412936,
          "markup_range": 0.0428629713484818,
          "max_n_entry_orders": 10.0,
          "min_markup": 0.01115283153115826,
          "n_close_orders": 23,
          "secondary_allocation": 0.6457356879975387,
          "secondary_pprice_diff": 0.298649840200929,
          "wallet_exposure_limit": 2.4},
 "short": {"auto_unstuck_ema_dist": 0.09461791895421541,
           "auto_unstuck_wallet_exposure_threshold": 0.6624911254952844,
           "backwards_tp": true,
           "ema_span_0": 2087.5199286460884,
           "ema_span_1": 2460.7808402537516,
           "enabled": true,
           "eprice_exp_base": 1.9549580453120239,
           "eprice_pprice_diff": 0.04588639811056644,
           "grid_span": 0.19442447084157224,
           "initial_eprice_ema_dist": -0.052569830180994315,
           "initial_qty_pct": 0.037494668329667184,
           "markup_range": 0.013913480447403967,
           "max_n_entry_orders": 10.0,
           "min_markup": 0.05050364820871871,
           "n_close_orders": 5,
           "secondary_allocation": 0.5245560683378798,
           "secondary_pprice_diff": 0.4333928192085831,
           "wallet_exposure_limit": 1.2}}