{
    "WAVESUSDT": {
        "DGstd_long": 0.0794409900025,
        "DGstd_short": 0.31253282283390915,
        "adg_DGstd_ratio_long": 0.2011597521048911,
        "adg_DGstd_ratio_short": -0.380621523539768,
        "adg_long": 0.015980329855870033,
        "adg_per_exposure_long": 0.006658470773279181,
        "adg_per_exposure_short": -0.248580142774681,
        "adg_realized_long": 0.013447816748172636,
        "adg_realized_per_exposure_long": 0.005603256978405266,
        "adg_realized_per_exposure_short": -0.5454077254506484,
        "adg_realized_short": -0.6544892705407781,
        "adg_short": -0.29829617132961717,
        "avg_fills_per_day_long": 1.0769230769230769,
        "avg_fills_per_day_short": 4.0,
        "biggest_psize_long": 527.1,
        "biggest_psize_quote_long": 2412.6252,
        "biggest_psize_quote_short": 1262.0947,
        "biggest_psize_short": 248.6,
        "closest_bkr_long": 0.3520831964730718,
        "closest_bkr_short": 0.052909620418067856,
        "eqbal_ratio_mean_long": 0.97339340308676,
        "eqbal_ratio_mean_short": 0.9817741668456252,
        "eqbal_ratio_min_long": 0.7655250094708899,
        "eqbal_ratio_min_short": 0.16233829581967196,
        "exchange": "bybit",
        "fee_sum_long": -0.51346896,
        "fee_sum_short": -0.40821114000000003,
        "final_balance_long": 1189.6469310400003,
        "final_balance_short": 0.001,
        "final_equity_long": 1189.6469310400003,
        "final_equity_short": 0.001,
        "gain_long": 0.1901604000000002,
        "gain_short": -0.8834557,
        "hrs_stuck_avg": 34.666666666666664,
        "hrs_stuck_avg_long": 34.666666666666664,
        "hrs_stuck_avg_short": 7.8,
        "hrs_stuck_max": 89.45,
        "hrs_stuck_max_long": 89.45,
        "hrs_stuck_max_short": 55.833333333333336,
        "loss_sum_long": 0.0,
        "loss_sum_short": -935.2807,
        "n_closes_long": 7,
        "n_closes_short": 23,
        "n_days": 13.0,
        "n_entries_long": 7,
        "n_entries_short": 28,
        "n_fills_long": 14,
        "n_fills_short": 52,
        "n_ientries_long": 2,
        "n_ientries_short": 8,
        "n_normal_closes_long": 7,
        "n_normal_closes_short": 23,
        "n_rentries_long": 4,
        "n_rentries_short": 19,
        "n_unstuck_closes_long": 0,
        "n_unstuck_closes_short": 0,
        "n_unstuck_entries_long": 1,
        "n_unstuck_entries_short": 1,
        "net_pnl_plus_fees_long": 189.6469310400002,
        "net_pnl_plus_fees_short": -883.86391114,
        "pa_distance_max_long": 0.1958836294588363,
        "pa_distance_max_short": 0.4110430475628717,
        "pa_distance_mean_long": 0.041400183564326176,
        "pa_distance_mean_short": 0.03813942969134249,
        "pa_distance_std_long": 0.029999001081327543,
        "pa_distance_std_short": 0.06005437333269917,
        "pnl_sum_long": 190.1604000000002,
        "pnl_sum_short": -883.4557,
        "profit_sum_long": 190.1604000000002,
        "profit_sum_short": 51.82499999999998,
        "starting_balance": 1000.0,
        "symbol": "WAVESUSDT",
        "volume_quote_long": 5134.6896,
        "volume_quote_short": 2820.0167000000006
    }
}