{"config_name": "static_grid_1_symbols_13days",
 "logging_level": 0,
 "long": {"auto_unstuck_ema_dist": 0.028721300585857937,
          "auto_unstuck_wallet_exposure_threshold": 0.911663646901898,
          "backwards_tp": true,
          "ema_span_0": 3166.931720416472,
          "ema_span_1": 8911.017145899496,
          "enabled": true,
          "eprice_exp_base": 1.3249828258500258,
          "eprice_pprice_diff": 0.047804770996406176,
          "grid_span": 0.6860486137580077,
          "initial_eprice_ema_dist": -0.022273603506904244,
          "initial_qty_pct": 0.040089271906901085,
          "markup_range": 0.016420508767567458,
          "max_n_entry_orders": 10.0,
          "min_markup": 0.055761193037214246,
          "n_close_orders": 9,
          "secondary_allocation": 0.025769619141417455,
          "secondary_pprice_diff": 0.35556768503601066,
          "wallet_exposure_limit": 2.4},
 "short": {"auto_unstuck_ema_dist": 0.09461791895421541,
           "auto_unstuck_wallet_exposure_threshold": 0.6624911254952844,
           "backwards_tp": true,
           "ema_span_0": 2087.5199286460884,
           "ema_span_1": 2460.7808402537516,
           "enabled": true,
           "eprice_exp_base": 1.9549580453120239,
           "eprice_pprice_diff": 0.04588639811056644,
           "grid_span": 0.19442447084157224,
           "initial_eprice_ema_dist": -0.052569830180994315,
           "initial_qty_pct": 0.037494668329667184,
           "markup_range": 0.013913480447403967,
           "max_n_entry_orders": 10.0,
           "min_markup": 0.05050364820871871,
           "n_close_orders": 5,
           "secondary_allocation": 0.5245560683378798,
           "secondary_pprice_diff": 0.4333928192085831,
           "wallet_exposure_limit": 1.2}}