{"config_name": "static_grid_1_symbols_13days",
 "logging_level": 0,
 "long": {"auto_unstuck_ema_dist": 0.09758018026916432,
          "auto_unstuck_wallet_exposure_threshold": 0.6683674792936781,
          "backwards_tp": true,
          "ema_span_0": 3395.2684405784944,
          "ema_span_1": 3926.2006845540022,
          "enabled": true,
          "eprice_exp_base": 1.0363012624190908,
          "eprice_pprice_diff": 0.030819996452772808,
          "grid_span": 0.2258703311787432,
          "initial_eprice_ema_dist": -0.00048743934266025357,
          "initial_qty_pct": 0.040089271906901085,
          "markup_range": 0.0223672121641429,
          "max_n_entry_orders": 10,
          "min_markup": 0.017098863360112446,
          "n_close_orders": 26,
          "secondary_allocation": 0.06479027337204071,
          "secondary_pprice_diff": 0.14107666226657473,
          "wallet_exposure_limit": 2.4},
 "short": {"auto_unstuck_ema_dist": 0.062293783527032846,
           "auto_unstuck_wallet_exposure_threshold": 0.06171306725039562,
           "backwards_tp": true,
           "ema_span_0": 950.8594629357732,
           "ema_span_1": 4762.100093811469,
           "enabled": true,
           "eprice_exp_base": 1.9931695712721367,
           "eprice_pprice_diff": 0.04588639811056644,
           "grid_span": 0.21280309837041977,
           "initial_eprice_ema_dist": -0.01559891940340917,
           "initial_qty_pct": 0.016179200474984688,
           "markup_range": 0.004927616428092554,
           "max_n_entry_orders": 10,
           "min_markup": 0.014908371710933491,
           "n_close_orders": 25,
           "secondary_allocation": 0.2697834051275727,
           "secondary_pprice_diff": 0.1696683583962146,
           "wallet_exposure_limit": 1.2}}