{"config_name": "static_grid_1_symbols_13days",
 "logging_level": 0,
 "long": {"auto_unstuck_ema_dist": 0.06688788289676369,
          "auto_unstuck_wallet_exposure_threshold": 0.023870625310423166,
          "backwards_tp": true,
          "ema_span_0": 2302.289553712525,
          "ema_span_1": 7926.983684904196,
          "enabled": true,
          "eprice_exp_base": 1.406648451089751,
          "eprice_pprice_diff": 0.009047961984691554,
          "grid_span": 0.046589825414620166,
          "initial_eprice_ema_dist": -0.04048890318165119,
          "initial_qty_pct": 0.028443542507553786,
          "markup_range": 0.006628903139810334,
          "max_n_entry_orders": 10.0,
          "min_markup": 0.015516930656516598,
          "n_close_orders": 22,
          "secondary_allocation": 0.25302686354588905,
          "secondary_pprice_diff": 0.21891049456068862,
          "wallet_exposure_limit": 2.4},
 "short": {"auto_unstuck_ema_dist": 0.09461791895421541,
           "auto_unstuck_wallet_exposure_threshold": 0.6624911254952844,
           "backwards_tp": true,
           "ema_span_0": 2087.5199286460884,
           "ema_span_1": 2460.7808402537516,
           "enabled": true,
           "eprice_exp_base": 1.9549580453120239,
           "eprice_pprice_diff": 0.04588639811056644,
           "grid_span": 0.19442447084157224,
           "initial_eprice_ema_dist": -0.052569830180994315,
           "initial_qty_pct": 0.037494668329667184,
           "markup_range": 0.013913480447403967,
           "max_n_entry_orders": 10.0,
           "min_markup": 0.05050364820871871,
           "n_close_orders": 5,
           "secondary_allocation": 0.5245560683378798,
           "secondary_pprice_diff": 0.4333928192085831,
           "wallet_exposure_limit": 1.2}}