{
    "WAVESUSDT": {
        "DGstd_long": 0.05350910529505912,
        "DGstd_short": 0.06721078647060938,
        "adg_DGstd_ratio_long": 0.5072924231809279,
        "adg_DGstd_ratio_short": -0.38763918000263015,
        "adg_long": 0.02714476368737396,
        "adg_per_exposure_long": 0.011310318203072484,
        "adg_per_exposure_short": -0.02171127846233241,
        "adg_realized_long": 0.025947022008857124,
        "adg_realized_per_exposure_long": 0.010811259170357135,
        "adg_realized_per_exposure_short": 0.0008985613510712847,
        "adg_realized_short": 0.0010782736212855415,
        "adg_short": -0.02605353415479889,
        "avg_fills_per_day_long": 14.23076923076923,
        "avg_fills_per_day_short": 1.4615384615384615,
        "biggest_psize_long": 703.0,
        "biggest_psize_quote_long": 3074.1532808951447,
        "biggest_psize_quote_short": 1219.846,
        "biggest_psize_short": 172.8,
        "closest_bkr_long": 0.38802830508012875,
        "closest_bkr_short": 0.26434993048197974,
        "eqbal_ratio_mean_long": 0.9987981196745422,
        "eqbal_ratio_mean_short": 0.9758104968960669,
        "eqbal_ratio_min_long": 0.8989588643448896,
        "eqbal_ratio_min_short": 0.47812729593071385,
        "exchange": "bybit",
        "fee_sum_long": -3.1635462,
        "fee_sum_short": -0.15469483,
        "final_balance_long": 1395.1604537999983,
        "final_balance_short": 1014.1086051700003,
        "final_equity_long": 1395.1604537999983,
        "final_equity_short": 687.5674051700003,
        "gain_long": 0.39832399999999923,
        "gain_short": 0.014263300000000001,
        "hrs_stuck_avg": 17.333333333333332,
        "hrs_stuck_avg_long": 4.333333333333333,
        "hrs_stuck_avg_short": 17.333333333333332,
        "hrs_stuck_max": 96.23333333333333,
        "hrs_stuck_max_long": 65.45,
        "hrs_stuck_max_short": 96.23333333333333,
        "loss_sum_long": 0.0,
        "loss_sum_short": 0.0,
        "n_closes_long": 124,
        "n_closes_short": 5,
        "n_days": 13.0,
        "n_entries_long": 61,
        "n_entries_short": 14,
        "n_fills_long": 185,
        "n_fills_short": 19,
        "n_ientries_long": 7,
        "n_ientries_short": 4,
        "n_normal_closes_long": 124,
        "n_normal_closes_short": 5,
        "n_rentries_long": 17,
        "n_rentries_short": 10,
        "n_unstuck_closes_long": 0,
        "n_unstuck_closes_short": 0,
        "n_unstuck_entries_long": 37,
        "n_unstuck_entries_short": 0,
        "net_pnl_plus_fees_long": 395.16045379999923,
        "net_pnl_plus_fees_short": 14.10860517,
        "pa_distance_max_long": 0.07226286683967154,
        "pa_distance_max_short": 0.3025791363879193,
        "pa_distance_mean_long": 0.017462879851638642,
        "pa_distance_mean_short": 0.07191289551169411,
        "pa_distance_std_long": 0.013020190701304848,
        "pa_distance_std_short": 0.07549637392504785,
        "pnl_sum_long": 398.3239999999992,
        "pnl_sum_short": 14.263300000000001,
        "profit_sum_long": 398.3239999999992,
        "profit_sum_short": 14.263300000000001,
        "starting_balance": 1000.0,
        "symbol": "WAVESUSDT",
        "volume_quote_long": 31635.462,
        "volume_quote_short": 1546.9483
    }
}