{"config_name": "static_grid_1_symbols_13days",
 "logging_level": 0,
 "long": {"auto_unstuck_ema_dist": 0.09758018026916432,
          "auto_unstuck_wallet_exposure_threshold": 0.19406202697554775,
          "backwards_tp": true,
          "ema_span_0": 1454.1667977221014,
          "ema_span_1": 3520.5388276323292,
          "enabled": true,
          "eprice_exp_base": 1.5183507998274341,
          "eprice_pprice_diff": 0.04672647655317236,
          "grid_span": 0.46470538690787744,
          "initial_eprice_ema_dist": -0.029469500219138037,
          "initial_qty_pct": 0.02229135009682038,
          "markup_range": 0.05485505754546788,
          "max_n_entry_orders": 10.0,
          "min_markup": 0.022219426682326127,
          "n_close_orders": 6,
          "secondary_allocation": 0.5873251657657905,
          "secondary_pprice_diff": 0.3282942576826216,
          "wallet_exposure_limit": 2.4},
 "short": {"auto_unstuck_ema_dist": 0.09461791895421541,
           "auto_unstuck_wallet_exposure_threshold": 0.6624911254952844,
           "backwards_tp": true,
           "ema_span_0": 2087.5199286460884,
           "ema_span_1": 2460.7808402537516,
           "enabled": true,
           "eprice_exp_base": 1.9549580453120239,
           "eprice_pprice_diff": 0.04588639811056644,
           "grid_span": 0.19442447084157224,
           "initial_eprice_ema_dist": -0.052569830180994315,
           "initial_qty_pct": 0.037494668329667184,
           "markup_range": 0.013913480447403967,
           "max_n_entry_orders": 10.0,
           "min_markup": 0.05050364820871871,
           "n_close_orders": 5,
           "secondary_allocation": 0.5245560683378798,
           "secondary_pprice_diff": 0.4333928192085831,
           "wallet_exposure_limit": 1.2}}