{"config_name": "static_grid_1_symbols_13days",
 "logging_level": 0,
 "long": {"auto_unstuck_ema_dist": 0.09758018026916432,
          "auto_unstuck_wallet_exposure_threshold": 0.6683674792936781,
          "backwards_tp": true,
          "ema_span_0": 3395.2684405784944,
          "ema_span_1": 3926.2006845540022,
          "enabled": true,
          "eprice_exp_base": 1.0363012624190908,
          "eprice_pprice_diff": 0.030819996452772808,
          "grid_span": 0.2258703311787432,
          "initial_eprice_ema_dist": -0.00048743934266025357,
          "initial_qty_pct": 0.040089271906901085,
          "markup_range": 0.0223672121641429,
          "max_n_entry_orders": 10,
          "min_markup": 0.017098863360112446,
          "n_close_orders": 26,
          "secondary_allocation": 0.06479027337204071,
          "secondary_pprice_diff": 0.14107666226657473,
          "wallet_exposure_limit": 2.4},
 "short": {"auto_unstuck_ema_dist": 0.06696442168615728,
           "auto_unstuck_wallet_exposure_threshold": 0.04739710536491685,
           "backwards_tp": true,
           "ema_span_0": 1029.0347051895264,
           "ema_span_1": 1576.6518639069125,
           "enabled": true,
           "eprice_exp_base": 1.8633954114789688,
           "eprice_pprice_diff": 0.0021506046070303903,
           "grid_span": 0.6900179412497448,
           "initial_eprice_ema_dist": -0.0874975288123232,
           "initial_qty_pct": 0.05,
           "markup_range": 0.015524498871441719,
           "max_n_entry_orders": 10,
           "min_markup": 0.052457375843910595,
           "n_close_orders": 14,
           "secondary_allocation": 0.2697834051275727,
           "secondary_pprice_diff": 0.4476246492783238,
           "wallet_exposure_limit": 1.2}}