{
    "WAVESUSDT": {
        "DGstd_long": 0.02833946045654316,
        "DGstd_short": 0.01660313544730827,
        "adg_DGstd_ratio_long": 0.3157047152256268,
        "adg_DGstd_ratio_short": 0.415542443751538,
        "adg_long": 0.00894690129308087,
        "adg_per_exposure_long": 0.0037278755387836963,
        "adg_per_exposure_short": 0.005749422898093552,
        "adg_realized_long": 0.008592587811083963,
        "adg_realized_per_exposure_long": 0.0035802449212849847,
        "adg_realized_per_exposure_short": 0.005770468319417447,
        "adg_realized_short": 0.006924561983300936,
        "adg_short": 0.0068993074777122625,
        "avg_fills_per_day_long": 2.3846153846153846,
        "avg_fills_per_day_short": 8.384615384615385,
        "biggest_psize_long": 548.7,
        "biggest_psize_quote_long": 2424.4990960769796,
        "biggest_psize_quote_short": 1274.7774,
        "biggest_psize_short": 206.4,
        "closest_bkr_long": 0.37367297226370866,
        "closest_bkr_short": 0.802410684025823,
        "eqbal_ratio_mean_long": 0.9898032074704547,
        "eqbal_ratio_mean_short": 0.9995998776660309,
        "eqbal_ratio_min_long": 0.8429282162776647,
        "eqbal_ratio_min_short": 0.98665213889455,
        "exchange": "bybit",
        "fee_sum_long": -0.5802176800000001,
        "fee_sum_short": -0.80190357,
        "final_balance_long": 1117.6479823200002,
        "final_balance_short": 1093.8559964299995,
        "final_equity_long": 1117.6479823200002,
        "final_equity_short": 1091.7593964299995,
        "gain_long": 0.1182282000000005,
        "gain_short": 0.09465790000000007,
        "hrs_stuck_avg": 17.333333333333332,
        "hrs_stuck_avg_long": 17.333333333333332,
        "hrs_stuck_avg_short": 7.8,
        "hrs_stuck_max": 154.26666666666668,
        "hrs_stuck_max_long": 154.26666666666668,
        "hrs_stuck_max_short": 93.01666666666667,
        "loss_sum_long": 0.0,
        "loss_sum_short": 0.0,
        "n_closes_long": 26,
        "n_closes_short": 82,
        "n_days": 13.0,
        "n_entries_long": 5,
        "n_entries_short": 27,
        "n_fills_long": 31,
        "n_fills_short": 109,
        "n_ientries_long": 1,
        "n_ientries_short": 24,
        "n_normal_closes_long": 26,
        "n_normal_closes_short": 82,
        "n_rentries_long": 4,
        "n_rentries_short": 3,
        "n_unstuck_closes_long": 0,
        "n_unstuck_closes_short": 0,
        "n_unstuck_entries_long": 0,
        "n_unstuck_entries_short": 0,
        "net_pnl_plus_fees_long": 117.6479823200005,
        "net_pnl_plus_fees_short": 93.85599643000008,
        "pa_distance_max_long": 0.19971020518470753,
        "pa_distance_max_short": 0.27844209087803207,
        "pa_distance_mean_long": 0.04509621210872432,
        "pa_distance_mean_short": 0.03045731684291465,
        "pa_distance_std_long": 0.05161148352182266,
        "pa_distance_std_short": 0.038369401325601044,
        "pnl_sum_long": 118.2282000000005,
        "pnl_sum_short": 94.65790000000007,
        "profit_sum_long": 118.2282000000005,
        "profit_sum_short": 94.65790000000005,
        "starting_balance": 1000.0,
        "symbol": "WAVESUSDT",
        "volume_quote_long": 5802.176799999999,
        "volume_quote_short": 8019.0357
    }
}