{"config_name": "static_grid_1_symbols_13days",
 "logging_level": 0,
 "long": {"auto_unstuck_ema_dist": 0.09758018026916432,
          "auto_unstuck_wallet_exposure_threshold": 0.6683674792936781,
          "backwards_tp": true,
          "ema_span_0": 3395.2684405784944,
          "ema_span_1": 3926.2006845540022,
          "enabled": true,
          "eprice_exp_base": 1.0363012624190908,
          "eprice_pprice_diff": 0.030819996452772808,
          "grid_span": 0.2258703311787432,
          "initial_eprice_ema_dist": -0.00048743934266025357,
          "initial_qty_pct": 0.040089271906901085,
          "markup_range": 0.0223672121641429,
          "max_n_entry_orders": 10,
          "min_markup": 0.017098863360112446,
          "n_close_orders": 26,
          "secondary_allocation": 0.06479027337204071,
          "secondary_pprice_diff": 0.14107666226657473,
          "wallet_exposure_limit": 2.4},
 "short": {"auto_unstuck_ema_dist": 0.06594826169376113,
           "auto_unstuck_wallet_exposure_threshold": 0.04739710536491685,
           "backwards_tp": true,
           "ema_span_0": 983.3435523461519,
           "ema_span_1": 1969.0052863856367,
           "enabled": true,
           "eprice_exp_base": 1.8481336712960468,
           "eprice_pprice_diff": 0.04075123491228968,
           "grid_span": 0.012563901480692103,
           "initial_eprice_ema_dist": -0.09606941793412378,
           "initial_qty_pct": 0.04774533498379599,
           "markup_range": 0.04394253975656274,
           "max_n_entry_orders": 10,
           "min_markup": 0.004433473495264064,
           "n_close_orders": 27,
           "secondary_allocation": 0.2537833828565858,
           "secondary_pprice_diff": 0.3755744735436433,
           "wallet_exposure_limit": 1.2}}