{
    "WAVESUSDT": {
        "DGstd_long": 0.11564992139658099,
        "DGstd_short": 0.021654210282230094,
        "adg_DGstd_ratio_long": 0.05593451085045524,
        "adg_DGstd_ratio_short": 0.4616307536733048,
        "adg_long": 0.006468821783211356,
        "adg_per_exposure_long": 0.0026953424096713982,
        "adg_per_exposure_short": 0.00833020784398842,
        "adg_realized_long": 0.00014442636139433418,
        "adg_realized_per_exposure_long": 6.0177650580972575e-05,
        "adg_realized_per_exposure_short": 0.008547172650810547,
        "adg_realized_short": 0.010256607180972654,
        "adg_short": 0.009996249412786104,
        "avg_fills_per_day_long": 2.8461538461538463,
        "avg_fills_per_day_short": 14.692307692307692,
        "biggest_psize_long": 550.1,
        "biggest_psize_quote_long": 2825.7329999999997,
        "biggest_psize_quote_short": 1326.3835600977063,
        "biggest_psize_short": 212.5,
        "closest_bkr_long": 0.27272297844326554,
        "closest_bkr_short": 0.47441371318720865,
        "eqbal_ratio_mean_long": 0.9110912434016133,
        "eqbal_ratio_mean_short": 0.9957410741780718,
        "eqbal_ratio_min_long": 0.5294741577517444,
        "eqbal_ratio_min_short": 0.7229908174260448,
        "exchange": "bybit",
        "fee_sum_long": -1.06582944,
        "fee_sum_short": -1.13031593,
        "final_balance_long": 1001.8791705599999,
        "final_balance_short": 1141.8579840699972,
        "final_equity_long": 1001.8791705599999,
        "final_equity_short": 1134.9972840699972,
        "gain_long": 0.0029450000000006203,
        "gain_short": 0.14298829999999915,
        "hrs_stuck_avg": 17.333333333333332,
        "hrs_stuck_avg_long": 17.333333333333332,
        "hrs_stuck_avg_short": 5.032258064516129,
        "hrs_stuck_max": 125.76666666666667,
        "hrs_stuck_max_long": 93.91666666666667,
        "hrs_stuck_max_short": 125.76666666666667,
        "loss_sum_long": -185.03700223595675,
        "loss_sum_short": 0.0,
        "n_closes_long": 27,
        "n_closes_short": 132,
        "n_days": 13.0,
        "n_entries_long": 10,
        "n_entries_short": 59,
        "n_fills_long": 37,
        "n_fills_short": 191,
        "n_ientries_long": 4,
        "n_ientries_short": 25,
        "n_normal_closes_long": 22,
        "n_normal_closes_short": 132,
        "n_rentries_long": 4,
        "n_rentries_short": 5,
        "n_unstuck_closes_long": 5,
        "n_unstuck_closes_short": 0,
        "n_unstuck_entries_long": 2,
        "n_unstuck_entries_short": 29,
        "net_pnl_plus_fees_long": 1.8791705600006203,
        "net_pnl_plus_fees_short": 141.85798406999916,
        "pa_distance_max_long": 0.2437681372482132,
        "pa_distance_max_short": 0.27166556071665554,
        "pa_distance_mean_long": 0.08273038327278984,
        "pa_distance_mean_short": 0.03551483895029672,
        "pa_distance_std_long": 0.07020780469475205,
        "pa_distance_std_short": 0.03754011630469904,
        "pnl_sum_long": 2.9450000000006202,
        "pnl_sum_short": 142.98829999999916,
        "profit_sum_long": 187.98200223595734,
        "profit_sum_short": 142.98829999999916,
        "starting_balance": 1000.0,
        "symbol": "WAVESUSDT",
        "volume_quote_long": 10658.2944,
        "volume_quote_short": 11303.159300000001
    }
}