{
    "WAVESUSDT": {
        "DGstd_long": 0.04830593547785832,
        "DGstd_short": 0.01647419733466042,
        "adg_DGstd_ratio_long": 0.587501257353217,
        "adg_DGstd_ratio_short": 0.44722508470731437,
        "adg_long": 0.028379797830865135,
        "adg_per_exposure_long": 0.011824915762860473,
        "adg_per_exposure_short": 0.006139728582065433,
        "adg_realized_long": 0.02737057813443977,
        "adg_realized_per_exposure_long": 0.011404407556016571,
        "adg_realized_per_exposure_short": 0.006398669308097146,
        "adg_realized_short": 0.0076784031697165744,
        "adg_short": 0.007367674298478519,
        "avg_fills_per_day_long": 4.230769230769231,
        "avg_fills_per_day_short": 11.076923076923077,
        "biggest_psize_long": 683.8,
        "biggest_psize_quote_long": 3047.0361704211955,
        "biggest_psize_quote_short": 1287.8121706336938,
        "biggest_psize_short": 212.6,
        "closest_bkr_long": 0.3692189763564151,
        "closest_bkr_short": 0.7594324668556824,
        "eqbal_ratio_mean_long": 0.990651374367817,
        "eqbal_ratio_mean_short": 0.999196976905338,
        "eqbal_ratio_min_long": 0.8243904396373644,
        "eqbal_ratio_min_short": 0.9520544543130596,
        "exchange": "bybit",
        "fee_sum_long": -1.84668761,
        "fee_sum_short": -1.11015159,
        "final_balance_long": 1420.5372123900008,
        "final_balance_short": 1104.5499484099994,
        "final_equity_long": 1420.5372123900008,
        "final_equity_short": 1098.4072484099993,
        "gain_long": 0.4223839000000002,
        "gain_short": 0.10566009999999974,
        "hrs_stuck_avg": 9.176470588235293,
        "hrs_stuck_avg_long": 9.176470588235293,
        "hrs_stuck_avg_short": 6.36734693877551,
        "hrs_stuck_max": 157.33333333333334,
        "hrs_stuck_max_long": 157.33333333333334,
        "hrs_stuck_max_short": 79.38333333333334,
        "loss_sum_long": 0.0,
        "loss_sum_short": 0.0,
        "n_closes_long": 40,
        "n_closes_short": 97,
        "n_days": 13.0,
        "n_entries_long": 15,
        "n_entries_short": 47,
        "n_fills_long": 55,
        "n_fills_short": 144,
        "n_ientries_long": 2,
        "n_ientries_short": 28,
        "n_normal_closes_long": 40,
        "n_normal_closes_short": 97,
        "n_rentries_long": 8,
        "n_rentries_short": 4,
        "n_unstuck_closes_long": 0,
        "n_unstuck_closes_short": 0,
        "n_unstuck_entries_long": 5,
        "n_unstuck_entries_short": 15,
        "net_pnl_plus_fees_long": 420.5372123900002,
        "net_pnl_plus_fees_short": 104.54994840999974,
        "pa_distance_max_long": 0.07894290006678101,
        "pa_distance_max_short": 0.264144394307532,
        "pa_distance_mean_long": 0.023432842823973375,
        "pa_distance_mean_short": 0.03355772627543545,
        "pa_distance_std_long": 0.017826000692477466,
        "pa_distance_std_short": 0.0411221931706776,
        "pnl_sum_long": 422.3839000000002,
        "pnl_sum_short": 105.66009999999974,
        "profit_sum_long": 422.38390000000015,
        "profit_sum_short": 105.66009999999974,
        "starting_balance": 1000.0,
        "symbol": "WAVESUSDT",
        "volume_quote_long": 18466.876099999998,
        "volume_quote_short": 11101.5159
    }
}