{
    "WAVESUSDT": {
        "DGstd_long": 0.05866555616848899,
        "DGstd_short": 0.05150608111910997,
        "adg_DGstd_ratio_long": 0.5357947018712403,
        "adg_DGstd_ratio_short": -0.1839260984626523,
        "adg_long": 0.03143269417740606,
        "adg_per_exposure_long": 0.013096955907252525,
        "adg_per_exposure_short": -0.007894427122782315,
        "adg_realized_long": 0.029994237680517122,
        "adg_realized_per_exposure_long": 0.0124975990335488,
        "adg_realized_per_exposure_short": 0.004176829725058655,
        "adg_realized_short": 0.005012195670070385,
        "adg_short": -0.009473312547338776,
        "avg_fills_per_day_long": 7.3076923076923075,
        "avg_fills_per_day_short": 1.7692307692307692,
        "biggest_psize_long": 730.2,
        "biggest_psize_quote_long": 3225.6935367281303,
        "biggest_psize_quote_short": 1280.8538,
        "biggest_psize_short": 203.9,
        "closest_bkr_long": 0.3746510431635576,
        "closest_bkr_short": 0.3883559071555068,
        "eqbal_ratio_mean_long": 0.9929370150834284,
        "eqbal_ratio_mean_short": 0.9887518821528368,
        "eqbal_ratio_min_long": 0.8437650982684384,
        "eqbal_ratio_min_short": 0.6314263896106278,
        "exchange": "bybit",
        "fee_sum_long": -2.76778693,
        "fee_sum_short": -0.40726448000000004,
        "final_balance_long": 1468.42691307,
        "final_balance_short": 1067.1545355200003,
        "final_equity_long": 1468.42691307,
        "final_equity_short": 867.8437355200003,
        "gain_long": 0.4711947000000007,
        "gain_short": 0.0675618000000002,
        "hrs_stuck_avg": 18.352941176470587,
        "hrs_stuck_avg_long": 6.933333333333334,
        "hrs_stuck_avg_short": 18.352941176470587,
        "hrs_stuck_max": 150.8,
        "hrs_stuck_max_long": 150.8,
        "hrs_stuck_max_short": 94.78333333333333,
        "loss_sum_long": 0.0,
        "loss_sum_short": 0.0,
        "n_closes_long": 69,
        "n_closes_short": 13,
        "n_days": 13.0,
        "n_entries_long": 26,
        "n_entries_short": 10,
        "n_fills_long": 95,
        "n_fills_short": 23,
        "n_ientries_long": 3,
        "n_ientries_short": 8,
        "n_normal_closes_long": 69,
        "n_normal_closes_short": 13,
        "n_rentries_long": 6,
        "n_rentries_short": 2,
        "n_unstuck_closes_long": 0,
        "n_unstuck_closes_short": 0,
        "n_unstuck_entries_long": 17,
        "n_unstuck_entries_short": 0,
        "net_pnl_plus_fees_long": 468.4269130700007,
        "net_pnl_plus_fees_short": 67.15453552000021,
        "pa_distance_max_long": 0.10669419501431052,
        "pa_distance_max_short": 0.27333894028595457,
        "pa_distance_mean_long": 0.02243781863892641,
        "pa_distance_mean_short": 0.03600178798841539,
        "pa_distance_std_long": 0.019826080050894885,
        "pa_distance_std_short": 0.05114561347913544,
        "pnl_sum_long": 471.1947000000007,
        "pnl_sum_short": 67.5618000000002,
        "profit_sum_long": 471.1947000000007,
        "profit_sum_short": 67.56180000000022,
        "starting_balance": 1000.0,
        "symbol": "WAVESUSDT",
        "volume_quote_long": 27677.869300000002,
        "volume_quote_short": 4072.6447999999996
    }
}