{"config_name": "static_grid_1_symbols_13days",
 "logging_level": 0,
 "long": {"auto_unstuck_ema_dist": 0.08520641734552874,
          "auto_unstuck_wallet_exposure_threshold": 0.9248751739099784,
          "backwards_tp": true,
          "ema_span_0": 2409.323920466935,
          "ema_span_1": 9047.831834675946,
          "enabled": true,
          "eprice_exp_base": 1.7258569824012,
          "eprice_pprice_diff": 0.036514535817265104,
          "grid_span": 0.23417032256520556,
          "initial_eprice_ema_dist": -0.08330452417191203,
          "initial_qty_pct": 0.01644044215175409,
          "markup_range": 0.0223672121641429,
          "max_n_entry_orders": 10,
          "min_markup": 0.0258298323523694,
          "n_close_orders": 14,
          "secondary_allocation": 0.6398588860025822,
          "secondary_pprice_diff": 0.4411845825782453,
          "wallet_exposure_limit": 2.4},
 "short": {"auto_unstuck_ema_dist": 0.051740404130608014,
           "auto_unstuck_wallet_exposure_threshold": 0.15619633659172358,
           "backwards_tp": true,
           "ema_span_0": 1056.5587528349506,
           "ema_span_1": 3733.2759302833174,
           "enabled": true,
           "eprice_exp_base": 1.9174668417691205,
           "eprice_pprice_diff": 0.04621677077129289,
           "grid_span": 0.01,
           "initial_eprice_ema_dist": -0.07947865014116635,
           "initial_qty_pct": 0.025516437800704693,
           "markup_range": 0.04363635117500344,
           "max_n_entry_orders": 10,
           "min_markup": 0.004433473495264064,
           "n_close_orders": 15,
           "secondary_allocation": 0.23539673923583448,
           "secondary_pprice_diff": 0.32681325532977124,
           "wallet_exposure_limit": 1.2}}