{
    "WAVESUSDT": {
        "DGstd_long": 0.10549549991549832,
        "DGstd_short": 0.032764500148153415,
        "adg_DGstd_ratio_long": 0.07111807745798153,
        "adg_DGstd_ratio_short": 0.4379249191069233,
        "adg_long": 0.007502637134458893,
        "adg_per_exposure_long": 0.003126098806024539,
        "adg_per_exposure_short": 0.011956992564132385,
        "adg_realized_long": 0.0023098004840977904,
        "adg_realized_per_exposure_long": 0.0009624168683740794,
        "adg_realized_per_exposure_short": 0.011772092036119916,
        "adg_realized_short": 0.014126510443343898,
        "adg_short": 0.014348391076958861,
        "avg_fills_per_day_long": 4.153846153846154,
        "avg_fills_per_day_short": 21.076923076923077,
        "biggest_psize_long": 539.1,
        "biggest_psize_quote_long": 2695.4653752355825,
        "biggest_psize_quote_short": 1395.527355880441,
        "biggest_psize_short": 218.5,
        "closest_bkr_long": 0.29219631183593014,
        "closest_bkr_short": 0.48583683078207357,
        "eqbal_ratio_mean_long": 0.9271088443848096,
        "eqbal_ratio_mean_short": 0.9961020285762986,
        "eqbal_ratio_min_long": 0.5823793996272054,
        "eqbal_ratio_min_short": 0.7343556966975002,
        "exchange": "bybit",
        "fee_sum_long": -1.1678049299999997,
        "fee_sum_short": -2.7493535400000004,
        "final_balance_long": 1030.4470950700002,
        "final_balance_short": 1200.045646459995,
        "final_equity_long": 1030.4470950700002,
        "final_equity_short": 1196.234146459995,
        "gain_long": 0.031614900000000126,
        "gain_short": 0.20279499999999723,
        "hrs_stuck_avg": 11.555555555555555,
        "hrs_stuck_avg_long": 11.555555555555555,
        "hrs_stuck_avg_short": 3.9493670886075947,
        "hrs_stuck_max": 82.76666666666667,
        "hrs_stuck_max_long": 82.76666666666667,
        "hrs_stuck_max_short": 71.76666666666667,
        "loss_sum_long": -99.73103505480897,
        "loss_sum_short": 0.0,
        "n_closes_long": 42,
        "n_closes_short": 156,
        "n_days": 13.0,
        "n_entries_long": 12,
        "n_entries_short": 118,
        "n_fills_long": 54,
        "n_fills_short": 274,
        "n_ientries_long": 6,
        "n_ientries_short": 11,
        "n_normal_closes_long": 38,
        "n_normal_closes_short": 156,
        "n_rentries_long": 3,
        "n_rentries_short": 8,
        "n_unstuck_closes_long": 4,
        "n_unstuck_closes_short": 0,
        "n_unstuck_entries_long": 3,
        "n_unstuck_entries_short": 99,
        "net_pnl_plus_fees_long": 30.447095070000124,
        "net_pnl_plus_fees_short": 200.04564645999724,
        "pa_distance_max_long": 0.2106382016999826,
        "pa_distance_max_short": 0.2413113579362235,
        "pa_distance_mean_long": 0.06507590169517548,
        "pa_distance_mean_short": 0.03137623583189221,
        "pa_distance_std_long": 0.05805957246669872,
        "pa_distance_std_short": 0.030537501940966095,
        "pnl_sum_long": 31.614900000000123,
        "pnl_sum_short": 202.79499999999723,
        "profit_sum_long": 131.3459350548091,
        "profit_sum_short": 202.79499999999726,
        "starting_balance": 1000.0,
        "symbol": "WAVESUSDT",
        "volume_quote_long": 11678.0493,
        "volume_quote_short": 27493.5354
    }
}