{"config_name": "static_grid_1_symbols_13days",
 "logging_level": 0,
 "long": {"auto_unstuck_ema_dist": 0.06912791509816027,
          "auto_unstuck_wallet_exposure_threshold": 0.9546745820187886,
          "backwards_tp": true,
          "ema_span_0": 2536.5823308193617,
          "ema_span_1": 5296.350169219281,
          "enabled": true,
          "eprice_exp_base": 1.6609935019334454,
          "eprice_pprice_diff": 0.036514535817265104,
          "grid_span": 0.2289262542128961,
          "initial_eprice_ema_dist": -0.08421378302897095,
          "initial_qty_pct": 0.01644044215175409,
          "markup_range": 0.0223672121641429,
          "max_n_entry_orders": 10,
          "min_markup": 0.02494320723843651,
          "n_close_orders": 15,
          "secondary_allocation": 0.04397965310794054,
          "secondary_pprice_diff": 0.19191625657462394,
          "wallet_exposure_limit": 2.4},
 "short": {"auto_unstuck_ema_dist": 0.1,
           "auto_unstuck_wallet_exposure_threshold": 0.04739710536491685,
           "backwards_tp": true,
           "ema_span_0": 3779.3155311491737,
           "ema_span_1": 1592.2274843588434,
           "enabled": true,
           "eprice_exp_base": 1.7874476533985693,
           "eprice_pprice_diff": 0.03899890858316952,
           "grid_span": 0.012563901480692103,
           "initial_eprice_ema_dist": -0.07947865014116635,
           "initial_qty_pct": 0.030595625133729695,
           "markup_range": 0.01348822058452432,
           "max_n_entry_orders": 10,
           "min_markup": 0.03047309831547833,
           "n_close_orders": 29,
           "secondary_allocation": 0.39610110793309333,
           "secondary_pprice_diff": 0.32681325532977124,
           "wallet_exposure_limit": 1.2}}