{
    "WAVESUSDT": {
        "DGstd_long": 0.10923107145585871,
        "DGstd_short": 0.040142865574039406,
        "adg_DGstd_ratio_long": 0.13275844088558905,
        "adg_DGstd_ratio_short": 0.38043288632389377,
        "adg_long": 0.014501346742742172,
        "adg_per_exposure_long": 0.006042227809475905,
        "adg_per_exposure_short": 0.01272638851303657,
        "adg_realized_long": 0.00949508846228464,
        "adg_realized_per_exposure_long": 0.003956286859285267,
        "adg_realized_per_exposure_short": 0.012451065553674517,
        "adg_realized_short": 0.014941278664409419,
        "adg_short": 0.015271666215643883,
        "avg_fills_per_day_long": 3.3846153846153846,
        "avg_fills_per_day_short": 4.846153846153846,
        "biggest_psize_long": 520.1,
        "biggest_psize_quote_long": 2508.5265212546433,
        "biggest_psize_quote_short": 1389.3794,
        "biggest_psize_short": 220.2,
        "closest_bkr_long": 0.31720103419810664,
        "closest_bkr_short": 0.6203042891162258,
        "eqbal_ratio_mean_long": 0.9452002661635924,
        "eqbal_ratio_mean_short": 0.9984443910561753,
        "eqbal_ratio_min_long": 0.6550313128408743,
        "eqbal_ratio_min_short": 0.8562117388059123,
        "exchange": "bybit",
        "fee_sum_long": -0.8038856000000001,
        "fee_sum_short": -1.12334706,
        "final_balance_long": 1130.7191143999999,
        "final_balance_short": 1212.640052940001,
        "final_equity_long": 1130.7191143999999,
        "final_equity_short": 1207.127552940001,
        "gain_long": 0.13152300000000006,
        "gain_short": 0.21376340000000077,
        "hrs_stuck_avg": 19.5,
        "hrs_stuck_avg_long": 19.5,
        "hrs_stuck_avg_short": 8.210526315789474,
        "hrs_stuck_max": 93.28333333333333,
        "hrs_stuck_max_long": 88.28333333333333,
        "hrs_stuck_max_short": 93.28333333333333,
        "loss_sum_long": 0.0,
        "loss_sum_short": 0.0,
        "n_closes_long": 37,
        "n_closes_short": 39,
        "n_days": 13.0,
        "n_entries_long": 7,
        "n_entries_short": 24,
        "n_fills_long": 44,
        "n_fills_short": 63,
        "n_ientries_long": 4,
        "n_ientries_short": 14,
        "n_normal_closes_long": 37,
        "n_normal_closes_short": 39,
        "n_rentries_long": 1,
        "n_rentries_short": 5,
        "n_unstuck_closes_long": 0,
        "n_unstuck_closes_short": 0,
        "n_unstuck_entries_long": 2,
        "n_unstuck_entries_short": 5,
        "net_pnl_plus_fees_long": 130.71911440000005,
        "net_pnl_plus_fees_short": 212.64005294000077,
        "pa_distance_max_long": 0.2323492899045008,
        "pa_distance_max_short": 0.2355786456467215,
        "pa_distance_mean_long": 0.08366851851587048,
        "pa_distance_mean_short": 0.033450189935517745,
        "pa_distance_std_long": 0.04534458668314101,
        "pa_distance_std_short": 0.028493417091715594,
        "pnl_sum_long": 131.52300000000005,
        "pnl_sum_short": 213.76340000000076,
        "profit_sum_long": 131.52300000000005,
        "profit_sum_short": 213.7634000000007,
        "starting_balance": 1000.0,
        "symbol": "WAVESUSDT",
        "volume_quote_long": 8038.856,
        "volume_quote_short": 11233.470599999999
    }
}