{"config_name": "static_grid_1_symbols_13days",
 "logging_level": 0,
 "long": {"auto_unstuck_ema_dist": 0.08525693962772636,
          "auto_unstuck_wallet_exposure_threshold": 0.9479942010105663,
          "backwards_tp": true,
          "ema_span_0": 2366.501803217886,
          "ema_span_1": 3926.2006845540022,
          "enabled": true,
          "eprice_exp_base": 1.7258569824012,
          "eprice_pprice_diff": 0.030819996452772808,
          "grid_span": 0.02313856910447167,
          "initial_eprice_ema_dist": -0.08421378302897095,
          "initial_qty_pct": 0.016164682972179326,
          "markup_range": 0.01604626272646676,
          "max_n_entry_orders": 10,
          "min_markup": 0.04067477192868238,
          "n_close_orders": 16,
          "secondary_allocation": 0.325052859790381,
          "secondary_pprice_diff": 0.15135097693355992,
          "wallet_exposure_limit": 2.4},
 "short": {"auto_unstuck_ema_dist": 0.03471803501894212,
           "auto_unstuck_wallet_exposure_threshold": 0.045568575629190075,
           "backwards_tp": true,
           "ema_span_0": 918.4181457533034,
           "ema_span_1": 1670.136821879339,
           "enabled": true,
           "eprice_exp_base": 1.5500357427180844,
           "eprice_pprice_diff": 0.03899890858316952,
           "grid_span": 0.012563901480692103,
           "initial_eprice_ema_dist": -0.09190150147410658,
           "initial_qty_pct": 0.02622384880027786,
           "markup_range": 0.013913480447403967,
           "max_n_entry_orders": 10,
           "min_markup": 0.03032609698495952,
           "n_close_orders": 7,
           "secondary_allocation": 0.45266194730482456,
           "secondary_pprice_diff": 0.3156552682920916,
           "wallet_exposure_limit": 1.2}}