{"config_name": "static_grid_1_symbols_13days",
 "logging_level": 0,
 "long": {"auto_unstuck_ema_dist": 0.07737439056155544,
          "auto_unstuck_wallet_exposure_threshold": 0.9479942010105663,
          "backwards_tp": true,
          "ema_span_0": 2377.1607638026194,
          "ema_span_1": 9352.651058369041,
          "enabled": true,
          "eprice_exp_base": 1.0445043107318663,
          "eprice_pprice_diff": 0.033153637366251154,
          "grid_span": 0.2036297190325775,
          "initial_eprice_ema_dist": -0.08929791918183744,
          "initial_qty_pct": 0.01,
          "markup_range": 0.011039153953465896,
          "max_n_entry_orders": 10,
          "min_markup": 0.028880559401852267,
          "n_close_orders": 20,
          "secondary_allocation": 0.325052859790381,
          "secondary_pprice_diff": 0.1419562760997896,
          "wallet_exposure_limit": 2.4},
 "short": {"auto_unstuck_ema_dist": 0.03471803501894212,
           "auto_unstuck_wallet_exposure_threshold": 0.045568575629190075,
           "backwards_tp": true,
           "ema_span_0": 918.4181457533034,
           "ema_span_1": 1670.136821879339,
           "enabled": true,
           "eprice_exp_base": 1.5500357427180844,
           "eprice_pprice_diff": 0.03899890858316952,
           "grid_span": 0.012563901480692103,
           "initial_eprice_ema_dist": -0.09190150147410658,
           "initial_qty_pct": 0.02622384880027786,
           "markup_range": 0.013913480447403967,
           "max_n_entry_orders": 10,
           "min_markup": 0.03032609698495952,
           "n_close_orders": 7,
           "secondary_allocation": 0.45266194730482456,
           "secondary_pprice_diff": 0.3156552682920916,
           "wallet_exposure_limit": 1.2}}