{
    "WAVESUSDT": {
        "DGstd_long": 0.06428353855666254,
        "DGstd_short": 0.0165662509338987,
        "adg_DGstd_ratio_long": 0.5731570034327336,
        "adg_DGstd_ratio_short": 0.43526442342011445,
        "adg_long": 0.03684456032918929,
        "adg_per_exposure_long": 0.015351900137162205,
        "adg_per_exposure_short": 0.006008916384146959,
        "adg_realized_long": 0.03509249074909038,
        "adg_realized_per_exposure_long": 0.014621871145454324,
        "adg_realized_per_exposure_short": 0.006100992176569417,
        "adg_realized_short": 0.007321190611883299,
        "adg_short": 0.00721069966097635,
        "avg_fills_per_day_long": 14.846153846153847,
        "avg_fills_per_day_short": 4.230769230769231,
        "biggest_psize_long": 756.2,
        "biggest_psize_quote_long": 3445.040841223426,
        "biggest_psize_quote_short": 1262.7115999999999,
        "biggest_psize_short": 206.9,
        "closest_bkr_long": 0.35507128147666783,
        "closest_bkr_short": 0.8133952140067848,
        "eqbal_ratio_mean_long": 0.9804482655680025,
        "eqbal_ratio_mean_short": 0.9993941372817944,
        "eqbal_ratio_min_long": 0.7756941384694809,
        "eqbal_ratio_min_short": 0.987015877841186,
        "exchange": "bybit",
        "fee_sum_long": -3.42488682,
        "fee_sum_short": -0.51382309,
        "final_balance_long": 1565.7739131799965,
        "final_balance_short": 1099.4705769099999,
        "final_equity_long": 1565.7739131799965,
        "final_equity_short": 1096.15857691,
        "gain_long": 0.5691987999999987,
        "gain_short": 0.09998439999999996,
        "hrs_stuck_avg": 12.0,
        "hrs_stuck_avg_long": 4.8,
        "hrs_stuck_avg_short": 12.0,
        "hrs_stuck_max": 103.61666666666666,
        "hrs_stuck_max_long": 103.61666666666666,
        "hrs_stuck_max_short": 93.28333333333333,
        "loss_sum_long": 0.0,
        "loss_sum_short": 0.0,
        "n_closes_long": 144,
        "n_closes_short": 39,
        "n_days": 13.0,
        "n_entries_long": 49,
        "n_entries_short": 16,
        "n_fills_long": 193,
        "n_fills_short": 55,
        "n_ientries_long": 5,
        "n_ientries_short": 12,
        "n_normal_closes_long": 144,
        "n_normal_closes_short": 39,
        "n_rentries_long": 9,
        "n_rentries_short": 2,
        "n_unstuck_closes_long": 0,
        "n_unstuck_closes_short": 0,
        "n_unstuck_entries_long": 35,
        "n_unstuck_entries_short": 2,
        "net_pnl_plus_fees_long": 565.7739131799987,
        "net_pnl_plus_fees_short": 99.47057690999996,
        "pa_distance_max_long": 0.10308162490271727,
        "pa_distance_max_short": 0.2960368978476255,
        "pa_distance_mean_long": 0.0359358083429604,
        "pa_distance_mean_short": 0.04514753310920471,
        "pa_distance_std_long": 0.022224226328577585,
        "pa_distance_std_short": 0.05110790773711517,
        "pnl_sum_long": 569.1987999999986,
        "pnl_sum_short": 99.98439999999997,
        "profit_sum_long": 569.1987999999986,
        "profit_sum_short": 99.98439999999997,
        "starting_balance": 1000.0,
        "symbol": "WAVESUSDT",
        "volume_quote_long": 34248.8682,
        "volume_quote_short": 5138.2309000000005
    }
}