{"config_name": "static_grid_1_symbols_13days",
 "logging_level": 0,
 "long": {"auto_unstuck_ema_dist": 0.07675955398896664,
          "auto_unstuck_wallet_exposure_threshold": 0.9248751739099784,
          "backwards_tp": true,
          "ema_span_0": 2874.75748474642,
          "ema_span_1": 6216.4016401785,
          "enabled": true,
          "eprice_exp_base": 1.6294213861253186,
          "eprice_pprice_diff": 0.03700999982487127,
          "grid_span": 0.22754365222336628,
          "initial_eprice_ema_dist": -0.07980127183536115,
          "initial_qty_pct": 0.014125985487347906,
          "markup_range": 0.025141371764131,
          "max_n_entry_orders": 10,
          "min_markup": 0.02494320723843651,
          "n_close_orders": 25,
          "secondary_allocation": 0.38612695088375043,
          "secondary_pprice_diff": 0.4286997939303514,
          "wallet_exposure_limit": 2.4},
 "short": {"auto_unstuck_ema_dist": 0.03471803501894212,
           "auto_unstuck_wallet_exposure_threshold": 0.045568575629190075,
           "backwards_tp": true,
           "ema_span_0": 918.4181457533034,
           "ema_span_1": 1670.136821879339,
           "enabled": true,
           "eprice_exp_base": 1.5500357427180844,
           "eprice_pprice_diff": 0.03899890858316952,
           "grid_span": 0.012563901480692103,
           "initial_eprice_ema_dist": -0.09190150147410658,
           "initial_qty_pct": 0.02622384880027786,
           "markup_range": 0.013913480447403967,
           "max_n_entry_orders": 10,
           "min_markup": 0.03032609698495952,
           "n_close_orders": 7,
           "secondary_allocation": 0.45266194730482456,
           "secondary_pprice_diff": 0.3156552682920916,
           "wallet_exposure_limit": 1.2}}