{"config_name": "recursive_grid_0days",
 "logging_level": 0,
 "long": {"auto_unstuck_delay_minutes": 120,
          "auto_unstuck_ema_dist": 0,
          "auto_unstuck_qty_pct": 0.01,
          "auto_unstuck_wallet_exposure_threshold": 0.05,
          "backwards_tp": true,
          "ddown_factor": 1.9267230944646332,
          "ema_span_0": 1070.2235791358275,
          "ema_span_1": 1072.5620617467998,
          "enabled": true,
          "initial_eprice_ema_dist": 0.002996387973665314,
          "initial_qty_pct": 0.018510090131773998,
          "markup_range": 0.00356482273509978,
          "min_markup": 0.009738705411198135,
          "n_close_orders": 10,
          "rentry_pprice_dist": 0.04182900564020842,
          "rentry_pprice_dist_wallet_exposure_weighting": 0.6499498558931125,
          "wallet_exposure_limit": 1},
 "short": {"auto_unstuck_delay_minutes": 120,
           "auto_unstuck_ema_dist": 0,
           "auto_unstuck_qty_pct": 0.01,
           "auto_unstuck_wallet_exposure_threshold": 0.05,
           "backwards_tp": true,
           "ddown_factor": 0.7994532202110624,
           "ema_span_0": 475.22328077446724,
           "ema_span_1": 161.66257595615141,
           "enabled": true,
           "initial_eprice_ema_dist": 0.0020291358164241983,
           "initial_qty_pct": 0.01522993821703102,
           "markup_range": 0.013831213522425468,
           "min_markup": 0.005823302145325876,
           "n_close_orders": 2,
           "rentry_pprice_dist": 0.034344546864402505,
           "rentry_pprice_dist_wallet_exposure_weighting": 2.8421607558449193,
           "wallet_exposure_limit": 1}}