{"config_name": "recursive_grid_0days",
 "logging_level": 0,
 "long": {"auto_unstuck_delay_minutes": 120,
          "auto_unstuck_ema_dist": 0,
          "auto_unstuck_qty_pct": 0.01,
          "auto_unstuck_wallet_exposure_threshold": 0.05,
          "backwards_tp": true,
          "ddown_factor": 1.7387035737087013,
          "ema_span_0": 890.9911227886728,
          "ema_span_1": 1216.4021884213203,
          "enabled": true,
          "initial_eprice_ema_dist": -0.08982574944876029,
          "initial_qty_pct": 0.01189056762005186,
          "markup_range": 0.001466463951368804,
          "min_markup": 0.002213920984072372,
          "n_close_orders": 4,
          "rentry_pprice_dist": 0.03453707295381622,
          "rentry_pprice_dist_wallet_exposure_weighting": 2.369013044054258,
          "wallet_exposure_limit": 1},
 "short": {"auto_unstuck_delay_minutes": 120,
           "auto_unstuck_ema_dist": 0,
           "auto_unstuck_qty_pct": 0.01,
           "auto_unstuck_wallet_exposure_threshold": 0.05,
           "backwards_tp": true,
           "ddown_factor": 1.6222991148655632,
           "ema_span_0": 1348.144141090007,
           "ema_span_1": 21.52986903407625,
           "enabled": true,
           "initial_eprice_ema_dist": 0.003,
           "initial_qty_pct": 0.010545654565722137,
           "markup_range": 0.0014332451854124255,
           "min_markup": 0.005314395060253155,
           "n_close_orders": 12,
           "rentry_pprice_dist": 0.04012858753775848,
           "rentry_pprice_dist_wallet_exposure_weighting": 12.656576000577703,
           "wallet_exposure_limit": 1}}