{"config_name": "recursive_grid_0days",
 "logging_level": 0,
 "long": {"auto_unstuck_delay_minutes": 120,
          "auto_unstuck_ema_dist": 0,
          "auto_unstuck_qty_pct": 0.01,
          "auto_unstuck_wallet_exposure_threshold": 0.05,
          "backwards_tp": true,
          "ddown_factor": 0.24042182512842744,
          "ema_span_0": 335.99223160614673,
          "ema_span_1": 423.60561144447166,
          "enabled": true,
          "initial_eprice_ema_dist": -0.07946980151596433,
          "initial_qty_pct": 0.012420305169108319,
          "markup_range": 0.005382663097820749,
          "min_markup": 0.003505974125264987,
          "n_close_orders": 10,
          "rentry_pprice_dist": 0.02427005413532235,
          "rentry_pprice_dist_wallet_exposure_weighting": 1.745960920622754,
          "wallet_exposure_limit": 1},
 "short": {"auto_unstuck_delay_minutes": 120,
           "auto_unstuck_ema_dist": 0,
           "auto_unstuck_qty_pct": 0.01,
           "auto_unstuck_wallet_exposure_threshold": 0.05,
           "backwards_tp": true,
           "ddown_factor": 0.8197918647722426,
           "ema_span_0": 1070.1970210731674,
           "ema_span_1": 968.5376546434355,
           "enabled": true,
           "initial_eprice_ema_dist": -0.01491107350181849,
           "initial_qty_pct": 0.014960939195854462,
           "markup_range": 0.005182921109395984,
           "min_markup": 0.005077040157763745,
           "n_close_orders": 15,
           "rentry_pprice_dist": 0.03207004661231607,
           "rentry_pprice_dist_wallet_exposure_weighting": 0.6088846984348908,
           "wallet_exposure_limit": 1}}