{"config_name": "recursive_grid_0days",
 "logging_level": 0,
 "long": {"auto_unstuck_delay_minutes": 120,
          "auto_unstuck_ema_dist": 0,
          "auto_unstuck_qty_pct": 0.01,
          "auto_unstuck_wallet_exposure_threshold": 0.05,
          "backwards_tp": true,
          "ddown_factor": 0.9831500640073578,
          "ema_span_0": 609.8347614125533,
          "ema_span_1": 1006.1117956358215,
          "enabled": true,
          "initial_eprice_ema_dist": 0.002967333416847633,
          "initial_qty_pct": 0.011026647293164679,
          "markup_range": 0.004299004346719559,
          "min_markup": 0.009055822398912481,
          "n_close_orders": 13,
          "rentry_pprice_dist": 0.04467169267209627,
          "rentry_pprice_dist_wallet_exposure_weighting": 1.149522300771375,
          "wallet_exposure_limit": 1},
 "short": {"auto_unstuck_delay_minutes": 120,
           "auto_unstuck_ema_dist": 0,
           "auto_unstuck_qty_pct": 0.01,
           "auto_unstuck_wallet_exposure_threshold": 0.05,
           "backwards_tp": true,
           "ddown_factor": 1.5523744148642404,
           "ema_span_0": 716.7913826931,
           "ema_span_1": 821.6695742171605,
           "enabled": true,
           "initial_eprice_ema_dist": -0.006774800928002665,
           "initial_qty_pct": 0.018907895069642473,
           "markup_range": 0.01094023517563262,
           "min_markup": 0.009921451847605239,
           "n_close_orders": 4,
           "rentry_pprice_dist": 0.04175695093610265,
           "rentry_pprice_dist_wallet_exposure_weighting": 2.5869756949494054,
           "wallet_exposure_limit": 1}}