{"config_name": "recursive_grid_0days",
 "logging_level": 0,
 "long": {"auto_unstuck_delay_minutes": 120,
          "auto_unstuck_ema_dist": 0,
          "auto_unstuck_qty_pct": 0.01,
          "auto_unstuck_wallet_exposure_threshold": 0.05,
          "backwards_tp": true,
          "ddown_factor": 1.6571874456196956,
          "ema_span_0": 1302.4661662514673,
          "ema_span_1": 1130.6440055363882,
          "enabled": true,
          "initial_eprice_ema_dist": 0.00279148662769641,
          "initial_qty_pct": 0.01085304384167193,
          "markup_range": 0.0018003765314501922,
          "min_markup": 0.006216116746428605,
          "n_close_orders": 6,
          "rentry_pprice_dist": 0.030742271998930277,
          "rentry_pprice_dist_wallet_exposure_weighting": 1.57718446230102,
          "wallet_exposure_limit": 1},
 "short": {"auto_unstuck_delay_minutes": 120,
           "auto_unstuck_ema_dist": 0,
           "auto_unstuck_qty_pct": 0.01,
           "auto_unstuck_wallet_exposure_threshold": 0.05,
           "backwards_tp": true,
           "ddown_factor": 0.7165040534016092,
           "ema_span_0": 1269.2881400948606,
           "ema_span_1": 890.7171056158356,
           "enabled": true,
           "initial_eprice_ema_dist": -0.003373869538716226,
           "initial_qty_pct": 0.010749637314908399,
           "markup_range": 0.009122360158856983,
           "min_markup": 0.008454061197291411,
           "n_close_orders": 13,
           "rentry_pprice_dist": 0.04055806130157739,
           "rentry_pprice_dist_wallet_exposure_weighting": 3.633271555588361,
           "wallet_exposure_limit": 1}}