{"config_name": "recursive_grid_0days",
 "logging_level": 0,
 "long": {"auto_unstuck_delay_minutes": 120,
          "auto_unstuck_ema_dist": 0,
          "auto_unstuck_qty_pct": 0.01,
          "auto_unstuck_wallet_exposure_threshold": 0.05,
          "backwards_tp": true,
          "ddown_factor": 0.1,
          "ema_span_0": 93.8377363654618,
          "ema_span_1": 47.769507922020246,
          "enabled": true,
          "initial_eprice_ema_dist": 0.0029182340883575505,
          "initial_qty_pct": 0.013284797031623585,
          "markup_range": 0.005067556997663903,
          "min_markup": 0.008721697994701487,
          "n_close_orders": 9,
          "rentry_pprice_dist": 0.03613211478301597,
          "rentry_pprice_dist_wallet_exposure_weighting": 0.3547292688181615,
          "wallet_exposure_limit": 1},
 "short": {"auto_unstuck_delay_minutes": 120,
           "auto_unstuck_ema_dist": 0,
           "auto_unstuck_qty_pct": 0.01,
           "auto_unstuck_wallet_exposure_threshold": 0.05,
           "backwards_tp": true,
           "ddown_factor": 1.3808590996389525,
           "ema_span_0": 7.179471486692638,
           "ema_span_1": 1011.1073520179158,
           "enabled": true,
           "initial_eprice_ema_dist": -0.00039092089918658734,
           "initial_qty_pct": 0.013027587894849032,
           "markup_range": 0.006739087960962196,
           "min_markup": 0.004751890570395572,
           "n_close_orders": 3,
           "rentry_pprice_dist": 0.02136519293112714,
           "rentry_pprice_dist_wallet_exposure_weighting": 4.106086913089587,
           "wallet_exposure_limit": 1}}