{"config_name": "recursive_grid_0days",
 "logging_level": 0,
 "long": {"auto_unstuck_delay_minutes": 120,
          "auto_unstuck_ema_dist": 0,
          "auto_unstuck_qty_pct": 0.01,
          "auto_unstuck_wallet_exposure_threshold": 0.05,
          "backwards_tp": true,
          "ddown_factor": 0.10512501333640797,
          "ema_span_0": 1230.170917846426,
          "ema_span_1": 894.1221537134414,
          "enabled": true,
          "initial_eprice_ema_dist": -0.09999788026190166,
          "initial_qty_pct": 0.01274889249218608,
          "markup_range": 0.0046199592271502846,
          "min_markup": 0.0031514524286734894,
          "n_close_orders": 2,
          "rentry_pprice_dist": 0.03171116248970977,
          "rentry_pprice_dist_wallet_exposure_weighting": 0.5600556598055996,
          "wallet_exposure_limit": 1},
 "short": {"auto_unstuck_delay_minutes": 120,
           "auto_unstuck_ema_dist": 0,
           "auto_unstuck_qty_pct": 0.01,
           "auto_unstuck_wallet_exposure_threshold": 0.05,
           "backwards_tp": true,
           "ddown_factor": 1.9502183749089206,
           "ema_span_0": 863.7700022067526,
           "ema_span_1": 916.6164024031077,
           "enabled": true,
           "initial_eprice_ema_dist": 0.002999529863746819,
           "initial_qty_pct": 0.013219688132044606,
           "markup_range": 0.003955636296357747,
           "min_markup": 0.0038252476236090914,
           "n_close_orders": 8,
           "rentry_pprice_dist": 0.048924354416137364,
           "rentry_pprice_dist_wallet_exposure_weighting": 18.09511521899609,
           "wallet_exposure_limit": 1}}