{"config_name": "recursive_grid_0days",
 "logging_level": 0,
 "long": {"auto_unstuck_delay_minutes": 120,
          "auto_unstuck_ema_dist": 0,
          "auto_unstuck_qty_pct": 0.01,
          "auto_unstuck_wallet_exposure_threshold": 0.05,
          "backwards_tp": true,
          "ddown_factor": 2.7402610846417237,
          "ema_span_0": 907.0901100936347,
          "ema_span_1": 1397.9636646627,
          "enabled": true,
          "initial_eprice_ema_dist": 0.0014272806184822677,
          "initial_qty_pct": 0.01643718382176242,
          "markup_range": 0.004415712957343203,
          "min_markup": 0.004212729776643347,
          "n_close_orders": 3,
          "rentry_pprice_dist": 0.043031420437824194,
          "rentry_pprice_dist_wallet_exposure_weighting": 0.9622617744729288,
          "wallet_exposure_limit": 1},
 "short": {"auto_unstuck_delay_minutes": 120,
           "auto_unstuck_ema_dist": 0,
           "auto_unstuck_qty_pct": 0.01,
           "auto_unstuck_wallet_exposure_threshold": 0.05,
           "backwards_tp": true,
           "ddown_factor": 0.1096717133245113,
           "ema_span_0": 8.579201468982486,
           "ema_span_1": 884.7014040627921,
           "enabled": true,
           "initial_eprice_ema_dist": 0.003,
           "initial_qty_pct": 0.010001675100634815,
           "markup_range": 0.0005295205185110166,
           "min_markup": 0.0011298981184306566,
           "n_close_orders": 12,
           "rentry_pprice_dist": 0.049871249993810256,
           "rentry_pprice_dist_wallet_exposure_weighting": 3.7087131978821217,
           "wallet_exposure_limit": 1}}