{"config_name": "recursive_grid_0days",
 "logging_level": 0,
 "long": {"auto_unstuck_delay_minutes": 120,
          "auto_unstuck_ema_dist": 0,
          "auto_unstuck_qty_pct": 0.01,
          "auto_unstuck_wallet_exposure_threshold": 0.05,
          "backwards_tp": true,
          "ddown_factor": 0.45815304501212084,
          "ema_span_0": 1346.6111581656703,
          "ema_span_1": 277.38625226891634,
          "enabled": true,
          "initial_eprice_ema_dist": 0.00299839983534436,
          "initial_qty_pct": 0.03806552283437614,
          "markup_range": 0.005478861332473872,
          "min_markup": 0.005141572454463575,
          "n_close_orders": 11,
          "rentry_pprice_dist": 0.03955303053898913,
          "rentry_pprice_dist_wallet_exposure_weighting": 0.6973918350757247,
          "wallet_exposure_limit": 1},
 "short": {"auto_unstuck_delay_minutes": 120,
           "auto_unstuck_ema_dist": 0,
           "auto_unstuck_qty_pct": 0.01,
           "auto_unstuck_wallet_exposure_threshold": 0.05,
           "backwards_tp": true,
           "ddown_factor": 2.3795268996680963,
           "ema_span_0": 550.8417700994066,
           "ema_span_1": 310.0126050755299,
           "enabled": true,
           "initial_eprice_ema_dist": 0.003,
           "initial_qty_pct": 0.01357933002909171,
           "markup_range": 0.001435824368842437,
           "min_markup": 0.004854080186291205,
           "n_close_orders": 9,
           "rentry_pprice_dist": 0.04712569821652253,
           "rentry_pprice_dist_wallet_exposure_weighting": 0.04979863420908983,
           "wallet_exposure_limit": 1}}