{"config_name": "recursive_grid_0days",
 "logging_level": 0,
 "long": {"auto_unstuck_delay_minutes": 120,
          "auto_unstuck_ema_dist": 0,
          "auto_unstuck_qty_pct": 0.01,
          "auto_unstuck_wallet_exposure_threshold": 0.05,
          "backwards_tp": true,
          "ddown_factor": 0.9831500640073578,
          "ema_span_0": 609.8347614125533,
          "ema_span_1": 1006.1117956358215,
          "enabled": true,
          "initial_eprice_ema_dist": 0.002967333416847633,
          "initial_qty_pct": 0.011026647293164679,
          "markup_range": 0.004299004346719559,
          "min_markup": 0.009055822398912481,
          "n_close_orders": 13,
          "rentry_pprice_dist": 0.04467169267209627,
          "rentry_pprice_dist_wallet_exposure_weighting": 1.149522300771375,
          "wallet_exposure_limit": 1},
 "short": {"auto_unstuck_delay_minutes": 120,
           "auto_unstuck_ema_dist": 0,
           "auto_unstuck_qty_pct": 0.01,
           "auto_unstuck_wallet_exposure_threshold": 0.05,
           "backwards_tp": true,
           "ddown_factor": 0.1096717133245113,
           "ema_span_0": 8.579201468982486,
           "ema_span_1": 884.7014040627921,
           "enabled": true,
           "initial_eprice_ema_dist": 0.003,
           "initial_qty_pct": 0.010001675100634815,
           "markup_range": 0.0005295205185110166,
           "min_markup": 0.0011298981184306566,
           "n_close_orders": 12,
           "rentry_pprice_dist": 0.049871249993810256,
           "rentry_pprice_dist_wallet_exposure_weighting": 3.7087131978821217,
           "wallet_exposure_limit": 1}}