{"config_name": "recursive_grid_0days",
 "logging_level": 0,
 "long": {"auto_unstuck_delay_minutes": 120,
          "auto_unstuck_ema_dist": 0,
          "auto_unstuck_qty_pct": 0.01,
          "auto_unstuck_wallet_exposure_threshold": 0.05,
          "backwards_tp": true,
          "ddown_factor": 1.3562890570908177,
          "ema_span_0": 895.5903269298504,
          "ema_span_1": 580.0664420672225,
          "enabled": true,
          "initial_eprice_ema_dist": 0.0029822081422130105,
          "initial_qty_pct": 0.011758947892301091,
          "markup_range": 0.0034744476923110217,
          "min_markup": 0.004878905303967297,
          "n_close_orders": 4,
          "rentry_pprice_dist": 0.0397905411766869,
          "rentry_pprice_dist_wallet_exposure_weighting": 2.798204976178916,
          "wallet_exposure_limit": 1},
 "short": {"auto_unstuck_delay_minutes": 120,
           "auto_unstuck_ema_dist": 0,
           "auto_unstuck_qty_pct": 0.01,
           "auto_unstuck_wallet_exposure_threshold": 0.05,
           "backwards_tp": true,
           "ddown_factor": 2.227691850670337,
           "ema_span_0": 1437.2121101497253,
           "ema_span_1": 223.75727290989175,
           "enabled": true,
           "initial_eprice_ema_dist": 0.0013624055315254523,
           "initial_qty_pct": 0.012014724382467408,
           "markup_range": 0.004893984294435196,
           "min_markup": 0.009816908431294432,
           "n_close_orders": 9,
           "rentry_pprice_dist": 0.0452362726559965,
           "rentry_pprice_dist_wallet_exposure_weighting": 6.461281971119846,
           "wallet_exposure_limit": 1}}