{"config_name": "recursive_grid_0days",
 "logging_level": 0,
 "long": {"auto_unstuck_delay_minutes": 120,
          "auto_unstuck_ema_dist": 0,
          "auto_unstuck_qty_pct": 0.01,
          "auto_unstuck_wallet_exposure_threshold": 0.05,
          "backwards_tp": true,
          "ddown_factor": 2.3152385695799174,
          "ema_span_0": 879.9178065617259,
          "ema_span_1": 1282.2585689663917,
          "enabled": true,
          "initial_eprice_ema_dist": -0.007073652330636105,
          "initial_qty_pct": 0.011604148709137403,
          "markup_range": 0.004715734951754166,
          "min_markup": 0.005064848468744023,
          "n_close_orders": 8,
          "rentry_pprice_dist": 0.04989236845526927,
          "rentry_pprice_dist_wallet_exposure_weighting": 0.6730477014045403,
          "wallet_exposure_limit": 1},
 "short": {"auto_unstuck_delay_minutes": 120,
           "auto_unstuck_ema_dist": 0,
           "auto_unstuck_qty_pct": 0.01,
           "auto_unstuck_wallet_exposure_threshold": 0.05,
           "backwards_tp": true,
           "ddown_factor": 1.8797410712806017,
           "ema_span_0": 1429.3930346648078,
           "ema_span_1": 1179.9442207825518,
           "enabled": true,
           "initial_eprice_ema_dist": -0.010269877493443848,
           "initial_qty_pct": 0.013028290768352546,
           "markup_range": 0.004659372826062978,
           "min_markup": 0.006499938479366403,
           "n_close_orders": 8,
           "rentry_pprice_dist": 0.04469584734217476,
           "rentry_pprice_dist_wallet_exposure_weighting": 6.940119914562727,
           "wallet_exposure_limit": 1}}