{"config_name": "recursive_grid_0days",
 "logging_level": 0,
 "long": {"auto_unstuck_delay_minutes": 120,
          "auto_unstuck_ema_dist": 0,
          "auto_unstuck_qty_pct": 0.01,
          "auto_unstuck_wallet_exposure_threshold": 0.05,
          "backwards_tp": true,
          "ddown_factor": 0.4206287172058482,
          "ema_span_0": 916.4180455223837,
          "ema_span_1": 1327.177889847555,
          "enabled": true,
          "initial_eprice_ema_dist": -0.002139994537450707,
          "initial_qty_pct": 0.011384387847759147,
          "markup_range": 0.004304904348260687,
          "min_markup": 0.008387425922321634,
          "n_close_orders": 8,
          "rentry_pprice_dist": 0.03263530569529707,
          "rentry_pprice_dist_wallet_exposure_weighting": 0.5771379152998195,
          "wallet_exposure_limit": 1},
 "short": {"auto_unstuck_delay_minutes": 120,
           "auto_unstuck_ema_dist": 0,
           "auto_unstuck_qty_pct": 0.01,
           "auto_unstuck_wallet_exposure_threshold": 0.05,
           "backwards_tp": true,
           "ddown_factor": 0.8302619210272612,
           "ema_span_0": 764.8744607493253,
           "ema_span_1": 10.260309306299478,
           "enabled": true,
           "initial_eprice_ema_dist": -0.00044498238911550643,
           "initial_qty_pct": 0.011224408885708284,
           "markup_range": 0.0041204494859002315,
           "min_markup": 0.00659476068339152,
           "n_close_orders": 3,
           "rentry_pprice_dist": 0.04708260506440111,
           "rentry_pprice_dist_wallet_exposure_weighting": 6.2093830649163,
           "wallet_exposure_limit": 1}}