{"config_name": "recursive_grid_0days",
 "logging_level": 0,
 "long": {"auto_unstuck_delay_minutes": 120,
          "auto_unstuck_ema_dist": 0,
          "auto_unstuck_qty_pct": 0.01,
          "auto_unstuck_wallet_exposure_threshold": 0.05,
          "backwards_tp": true,
          "ddown_factor": 2.6143166564810247,
          "ema_span_0": 754.4506859323892,
          "ema_span_1": 842.906179506524,
          "enabled": true,
          "initial_eprice_ema_dist": -0.04689810036241554,
          "initial_qty_pct": 0.011808166250684817,
          "markup_range": 0.002180368992514977,
          "min_markup": 0.0029734880981923104,
          "n_close_orders": 2,
          "rentry_pprice_dist": 0.033268265400893435,
          "rentry_pprice_dist_wallet_exposure_weighting": 7.763741872940859,
          "wallet_exposure_limit": 1},
 "short": {"auto_unstuck_delay_minutes": 120,
           "auto_unstuck_ema_dist": 0,
           "auto_unstuck_qty_pct": 0.01,
           "auto_unstuck_wallet_exposure_threshold": 0.05,
           "backwards_tp": true,
           "ddown_factor": 2.9846343966411943,
           "ema_span_0": 1426.8645204797178,
           "ema_span_1": 1362.341599202268,
           "enabled": true,
           "initial_eprice_ema_dist": 0.003,
           "initial_qty_pct": 0.015043335054241281,
           "markup_range": 0.009289260778633427,
           "min_markup": 0.003124122113244021,
           "n_close_orders": 5,
           "rentry_pprice_dist": 0.046822290466542106,
           "rentry_pprice_dist_wallet_exposure_weighting": 0.16647331202906823,
           "wallet_exposure_limit": 1}}