{"config_name": "recursive_grid_0days",
 "logging_level": 0,
 "long": {"auto_unstuck_delay_minutes": 120,
          "auto_unstuck_ema_dist": 0,
          "auto_unstuck_qty_pct": 0.01,
          "auto_unstuck_wallet_exposure_threshold": 0.05,
          "backwards_tp": true,
          "ddown_factor": 0.4330372224595795,
          "ema_span_0": 725.5531504058396,
          "ema_span_1": 1371.4616522157755,
          "enabled": true,
          "initial_eprice_ema_dist": -0.00042471063266823157,
          "initial_qty_pct": 0.011838685588472135,
          "markup_range": 0.002468608993448009,
          "min_markup": 0.004711709516880957,
          "n_close_orders": 14,
          "rentry_pprice_dist": 0.03780085537242983,
          "rentry_pprice_dist_wallet_exposure_weighting": 4.9518582314199975,
          "wallet_exposure_limit": 1},
 "short": {"auto_unstuck_delay_minutes": 120,
           "auto_unstuck_ema_dist": 0,
           "auto_unstuck_qty_pct": 0.01,
           "auto_unstuck_wallet_exposure_threshold": 0.05,
           "backwards_tp": true,
           "ddown_factor": 0.842363031737599,
           "ema_span_0": 1231.6978092290967,
           "ema_span_1": 1227.8071121499408,
           "enabled": true,
           "initial_eprice_ema_dist": 0.003,
           "initial_qty_pct": 0.036874428656762895,
           "markup_range": 0.0007046697254697353,
           "min_markup": 0.00510463377037829,
           "n_close_orders": 11,
           "rentry_pprice_dist": 0.04174732494831719,
           "rentry_pprice_dist_wallet_exposure_weighting": 1.6784078716187707,
           "wallet_exposure_limit": 1}}