{"config_name": "recursive_grid_0days",
 "logging_level": 0,
 "long": {"auto_unstuck_delay_minutes": 120,
          "auto_unstuck_ema_dist": 0,
          "auto_unstuck_qty_pct": 0.01,
          "auto_unstuck_wallet_exposure_threshold": 0.05,
          "backwards_tp": true,
          "ddown_factor": 0.2520763054131316,
          "ema_span_0": 23.647997675531123,
          "ema_span_1": 219.0895284539382,
          "enabled": true,
          "initial_eprice_ema_dist": -0.0067348378998238895,
          "initial_qty_pct": 0.021074645394573727,
          "markup_range": 0.009503339022892288,
          "min_markup": 0.0037164102097653733,
          "n_close_orders": 3,
          "rentry_pprice_dist": 0.03336022209847499,
          "rentry_pprice_dist_wallet_exposure_weighting": 1.1957819278549142,
          "wallet_exposure_limit": 1},
 "short": {"auto_unstuck_delay_minutes": 120,
           "auto_unstuck_ema_dist": 0,
           "auto_unstuck_qty_pct": 0.01,
           "auto_unstuck_wallet_exposure_threshold": 0.05,
           "backwards_tp": true,
           "ddown_factor": 1.0286978080361278,
           "ema_span_0": 646.0748883447105,
           "ema_span_1": 895.139854982858,
           "enabled": true,
           "initial_eprice_ema_dist": -0.022879011043726454,
           "initial_qty_pct": 0.014096494418235843,
           "markup_range": 0.008513065072720231,
           "min_markup": 0.007901750907989067,
           "n_close_orders": 12,
           "rentry_pprice_dist": 0.03577954345873484,
           "rentry_pprice_dist_wallet_exposure_weighting": 5.005119179695219,
           "wallet_exposure_limit": 1}}