{"config_name": "recursive_grid_0days",
 "logging_level": 0,
 "long": {"auto_unstuck_delay_minutes": 120,
          "auto_unstuck_ema_dist": 0,
          "auto_unstuck_qty_pct": 0.01,
          "auto_unstuck_wallet_exposure_threshold": 0.05,
          "backwards_tp": true,
          "ddown_factor": 0.4364410851893356,
          "ema_span_0": 875.5987866494493,
          "ema_span_1": 913.927902992683,
          "enabled": true,
          "initial_eprice_ema_dist": 0.0021207999040792056,
          "initial_qty_pct": 0.010403552750297912,
          "markup_range": 0.015735577647451794,
          "min_markup": 0.00880504348520859,
          "n_close_orders": 13,
          "rentry_pprice_dist": 0.0449849731620022,
          "rentry_pprice_dist_wallet_exposure_weighting": 0.3204750775390275,
          "wallet_exposure_limit": 1},
 "short": {"auto_unstuck_delay_minutes": 120,
           "auto_unstuck_ema_dist": 0,
           "auto_unstuck_qty_pct": 0.01,
           "auto_unstuck_wallet_exposure_threshold": 0.05,
           "backwards_tp": true,
           "ddown_factor": 1.2393332650802351,
           "ema_span_0": 1437.3101477996777,
           "ema_span_1": 112.87495602431846,
           "enabled": true,
           "initial_eprice_ema_dist": 0.0010242746812423288,
           "initial_qty_pct": 0.01,
           "markup_range": 0.009998132117250725,
           "min_markup": 0.003770692727515815,
           "n_close_orders": 3,
           "rentry_pprice_dist": 0.04999877449594722,
           "rentry_pprice_dist_wallet_exposure_weighting": 0.7861634897681355,
           "wallet_exposure_limit": 1}}