{"config_name": "recursive_grid_0days",
 "logging_level": 0,
 "long": {"auto_unstuck_delay_minutes": 120,
          "auto_unstuck_ema_dist": 0,
          "auto_unstuck_qty_pct": 0.01,
          "auto_unstuck_wallet_exposure_threshold": 0.05,
          "backwards_tp": true,
          "ddown_factor": 2.7402610846417237,
          "ema_span_0": 907.0901100936347,
          "ema_span_1": 1397.9636646627,
          "enabled": true,
          "initial_eprice_ema_dist": 0.0014272806184822677,
          "initial_qty_pct": 0.01643718382176242,
          "markup_range": 0.004415712957343203,
          "min_markup": 0.004212729776643347,
          "n_close_orders": 3,
          "rentry_pprice_dist": 0.043031420437824194,
          "rentry_pprice_dist_wallet_exposure_weighting": 0.9622617744729288,
          "wallet_exposure_limit": 1},
 "short": {"auto_unstuck_delay_minutes": 120,
           "auto_unstuck_ema_dist": 0,
           "auto_unstuck_qty_pct": 0.01,
           "auto_unstuck_wallet_exposure_threshold": 0.05,
           "backwards_tp": true,
           "ddown_factor": 1.3058460271681953,
           "ema_span_0": 65.57599891366576,
           "ema_span_1": 48.55584575825074,
           "enabled": true,
           "initial_eprice_ema_dist": -0.050789786484485885,
           "initial_qty_pct": 0.013761619510484355,
           "markup_range": 0.0018480702291614399,
           "min_markup": 0.003391920932671798,
           "n_close_orders": 11,
           "rentry_pprice_dist": 0.03887565626770108,
           "rentry_pprice_dist_wallet_exposure_weighting": 0.24059134643565705,
           "wallet_exposure_limit": 1}}