{"config_name": "recursive_grid_0days",
 "logging_level": 0,
 "long": {"auto_unstuck_delay_minutes": 120,
          "auto_unstuck_ema_dist": 0,
          "auto_unstuck_qty_pct": 0.01,
          "auto_unstuck_wallet_exposure_threshold": 0.05,
          "backwards_tp": true,
          "ddown_factor": 2.3907135831352164,
          "ema_span_0": 1239.862276330514,
          "ema_span_1": 1409.4769281430806,
          "enabled": true,
          "initial_eprice_ema_dist": -0.0031950034741578953,
          "initial_qty_pct": 0.02493821183210038,
          "markup_range": 0.003922049957266154,
          "min_markup": 0.0021279703040726606,
          "n_close_orders": 10,
          "rentry_pprice_dist": 0.03300348737145173,
          "rentry_pprice_dist_wallet_exposure_weighting": 0.5742877383723394,
          "wallet_exposure_limit": 1},
 "short": {"auto_unstuck_delay_minutes": 120,
           "auto_unstuck_ema_dist": 0,
           "auto_unstuck_qty_pct": 0.01,
           "auto_unstuck_wallet_exposure_threshold": 0.05,
           "backwards_tp": true,
           "ddown_factor": 2.547822511526836,
           "ema_span_0": 1060.4818017087207,
           "ema_span_1": 813.0900840652839,
           "enabled": true,
           "initial_eprice_ema_dist": -0.002879247612786576,
           "initial_qty_pct": 0.01010486711384056,
           "markup_range": 0.0,
           "min_markup": 0.002670822563344069,
           "n_close_orders": 5,
           "rentry_pprice_dist": 0.03187911652669359,
           "rentry_pprice_dist_wallet_exposure_weighting": 15.044458840398168,
           "wallet_exposure_limit": 1}}