{"config_name": "recursive_grid_0days",
 "logging_level": 0,
 "long": {"auto_unstuck_delay_minutes": 120,
          "auto_unstuck_ema_dist": 0,
          "auto_unstuck_qty_pct": 0.01,
          "auto_unstuck_wallet_exposure_threshold": 0.05,
          "backwards_tp": true,
          "ddown_factor": 0.3204622448300988,
          "ema_span_0": 1383.2446300092795,
          "ema_span_1": 1225.4275421720067,
          "enabled": true,
          "initial_eprice_ema_dist": -0.0039856037117403514,
          "initial_qty_pct": 0.01219164749097957,
          "markup_range": 0.0021570260735279843,
          "min_markup": 0.0014613226021615517,
          "n_close_orders": 6,
          "rentry_pprice_dist": 0.04356097082617926,
          "rentry_pprice_dist_wallet_exposure_weighting": 0.12649830574426077,
          "wallet_exposure_limit": 1},
 "short": {"auto_unstuck_delay_minutes": 120,
           "auto_unstuck_ema_dist": 0,
           "auto_unstuck_qty_pct": 0.01,
           "auto_unstuck_wallet_exposure_threshold": 0.05,
           "backwards_tp": true,
           "ddown_factor": 0.1096717133245113,
           "ema_span_0": 8.579201468982486,
           "ema_span_1": 884.7014040627921,
           "enabled": true,
           "initial_eprice_ema_dist": 0.003,
           "initial_qty_pct": 0.010001675100634815,
           "markup_range": 0.0005295205185110166,
           "min_markup": 0.0011298981184306566,
           "n_close_orders": 12,
           "rentry_pprice_dist": 0.049871249993810256,
           "rentry_pprice_dist_wallet_exposure_weighting": 3.7087131978821217,
           "wallet_exposure_limit": 1}}