{"config_name": "recursive_grid_0days",
 "logging_level": 0,
 "long": {"auto_unstuck_delay_minutes": 120,
          "auto_unstuck_ema_dist": 0,
          "auto_unstuck_qty_pct": 0.01,
          "auto_unstuck_wallet_exposure_threshold": 0.05,
          "backwards_tp": true,
          "ddown_factor": 2.399510299338204,
          "ema_span_0": 1346.6111581656703,
          "ema_span_1": 523.7886560263587,
          "enabled": true,
          "initial_eprice_ema_dist": -0.0067348378998238895,
          "initial_qty_pct": 0.011820851377208515,
          "markup_range": 0.009503339022892288,
          "min_markup": 0.007855349930017255,
          "n_close_orders": 4,
          "rentry_pprice_dist": 0.03875804691630964,
          "rentry_pprice_dist_wallet_exposure_weighting": 1.927298758025484,
          "wallet_exposure_limit": 1},
 "short": {"auto_unstuck_delay_minutes": 120,
           "auto_unstuck_ema_dist": 0,
           "auto_unstuck_qty_pct": 0.01,
           "auto_unstuck_wallet_exposure_threshold": 0.05,
           "backwards_tp": true,
           "ddown_factor": 1.5523744148642404,
           "ema_span_0": 716.7913826931,
           "ema_span_1": 821.6695742171605,
           "enabled": true,
           "initial_eprice_ema_dist": -0.006774800928002665,
           "initial_qty_pct": 0.018907895069642473,
           "markup_range": 0.01094023517563262,
           "min_markup": 0.009921451847605239,
           "n_close_orders": 4,
           "rentry_pprice_dist": 0.04175695093610265,
           "rentry_pprice_dist_wallet_exposure_weighting": 2.5869756949494054,
           "wallet_exposure_limit": 1}}