{"config_name": "recursive_grid_0days",
 "logging_level": 0,
 "long": {"auto_unstuck_delay_minutes": 120,
          "auto_unstuck_ema_dist": 0,
          "auto_unstuck_qty_pct": 0.01,
          "auto_unstuck_wallet_exposure_threshold": 0.05,
          "backwards_tp": true,
          "ddown_factor": 0.7173551637314762,
          "ema_span_0": 821.2234123524812,
          "ema_span_1": 207.11679924201374,
          "enabled": true,
          "initial_eprice_ema_dist": -0.002565228479680654,
          "initial_qty_pct": 0.014783743285119728,
          "markup_range": 0.0036710239902237587,
          "min_markup": 0.0027060781439914756,
          "n_close_orders": 8,
          "rentry_pprice_dist": 0.019865859670517606,
          "rentry_pprice_dist_wallet_exposure_weighting": 1.670015043529693,
          "wallet_exposure_limit": 1},
 "short": {"auto_unstuck_delay_minutes": 120,
           "auto_unstuck_ema_dist": 0,
           "auto_unstuck_qty_pct": 0.01,
           "auto_unstuck_wallet_exposure_threshold": 0.05,
           "backwards_tp": true,
           "ddown_factor": 2.0552087836312976,
           "ema_span_0": 1268.9539377150425,
           "ema_span_1": 1426.5033741504699,
           "enabled": true,
           "initial_eprice_ema_dist": 0.002966149538153635,
           "initial_qty_pct": 0.03575481161084705,
           "markup_range": 0.003766702704061157,
           "min_markup": 0.0016034024166463464,
           "n_close_orders": 15,
           "rentry_pprice_dist": 0.018765960294223727,
           "rentry_pprice_dist_wallet_exposure_weighting": 6.865918864643922,
           "wallet_exposure_limit": 1}}