{"config_name": "recursive_grid_0days",
 "logging_level": 0,
 "long": {"auto_unstuck_delay_minutes": 120,
          "auto_unstuck_ema_dist": 0,
          "auto_unstuck_qty_pct": 0.01,
          "auto_unstuck_wallet_exposure_threshold": 0.05,
          "backwards_tp": true,
          "ddown_factor": 1.1390500852526395,
          "ema_span_0": 979.7392681008872,
          "ema_span_1": 972.4684243898562,
          "enabled": true,
          "initial_eprice_ema_dist": -0.0542651168403518,
          "initial_qty_pct": 0.016531874523208867,
          "markup_range": 0.006125441040561773,
          "min_markup": 0.001890345945629892,
          "n_close_orders": 4,
          "rentry_pprice_dist": 0.02960336647761808,
          "rentry_pprice_dist_wallet_exposure_weighting": 2.9618771133103885,
          "wallet_exposure_limit": 1},
 "short": {"auto_unstuck_delay_minutes": 120,
           "auto_unstuck_ema_dist": 0,
           "auto_unstuck_qty_pct": 0.01,
           "auto_unstuck_wallet_exposure_threshold": 0.05,
           "backwards_tp": true,
           "ddown_factor": 0.970897226703454,
           "ema_span_0": 1178.6405099612166,
           "ema_span_1": 10.346658522087152,
           "enabled": true,
           "initial_eprice_ema_dist": 0.001205375272270322,
           "initial_qty_pct": 0.011245418734813668,
           "markup_range": 0.0005509812524684044,
           "min_markup": 0.008604594360852381,
           "n_close_orders": 14,
           "rentry_pprice_dist": 0.04860043989134822,
           "rentry_pprice_dist_wallet_exposure_weighting": 0.0,
           "wallet_exposure_limit": 1}}