{"config_name": "recursive_grid_0days",
 "logging_level": 0,
 "long": {"auto_unstuck_delay_minutes": 120,
          "auto_unstuck_ema_dist": 0,
          "auto_unstuck_qty_pct": 0.01,
          "auto_unstuck_wallet_exposure_threshold": 0.05,
          "backwards_tp": true,
          "ddown_factor": 1.0983355825006504,
          "ema_span_0": 1152.4214448062032,
          "ema_span_1": 1085.29838180588,
          "enabled": true,
          "initial_eprice_ema_dist": 8.222523844233229e-05,
          "initial_qty_pct": 0.014910438250226225,
          "markup_range": 0.007061527485406208,
          "min_markup": 0.005467803055395166,
          "n_close_orders": 9,
          "rentry_pprice_dist": 0.03475191366350111,
          "rentry_pprice_dist_wallet_exposure_weighting": 2.7082035385862824,
          "wallet_exposure_limit": 1},
 "short": {"auto_unstuck_delay_minutes": 120,
           "auto_unstuck_ema_dist": 0,
           "auto_unstuck_qty_pct": 0.01,
           "auto_unstuck_wallet_exposure_threshold": 0.05,
           "backwards_tp": true,
           "ddown_factor": 1.2143498743271344,
           "ema_span_0": 851.8497934754483,
           "ema_span_1": 91.9232237059391,
           "enabled": true,
           "initial_eprice_ema_dist": -0.005848134546248924,
           "initial_qty_pct": 0.015541848513437422,
           "markup_range": 0.004250304906698866,
           "min_markup": 0.0031464456644202696,
           "n_close_orders": 5,
           "rentry_pprice_dist": 0.025060762087215145,
           "rentry_pprice_dist_wallet_exposure_weighting": 1.7595422416418836,
           "wallet_exposure_limit": 1}}