{"config_name": "recursive_grid_0days",
 "logging_level": 0,
 "long": {"auto_unstuck_delay_minutes": 120,
          "auto_unstuck_ema_dist": 0,
          "auto_unstuck_qty_pct": 0.01,
          "auto_unstuck_wallet_exposure_threshold": 0.05,
          "backwards_tp": true,
          "ddown_factor": 0.44015477997485486,
          "ema_span_0": 688.1391936010098,
          "ema_span_1": 331.58076372519844,
          "enabled": true,
          "initial_eprice_ema_dist": -0.0744688113652975,
          "initial_qty_pct": 0.01334182411293645,
          "markup_range": 0.003846380513935199,
          "min_markup": 0.0036844270968172848,
          "n_close_orders": 3,
          "rentry_pprice_dist": 0.02742044681596389,
          "rentry_pprice_dist_wallet_exposure_weighting": 2.0499196951705976,
          "wallet_exposure_limit": 1},
 "short": {"auto_unstuck_delay_minutes": 120,
           "auto_unstuck_ema_dist": 0,
           "auto_unstuck_qty_pct": 0.01,
           "auto_unstuck_wallet_exposure_threshold": 0.05,
           "backwards_tp": true,
           "ddown_factor": 1.3808590996389525,
           "ema_span_0": 7.179471486692638,
           "ema_span_1": 1011.1073520179158,
           "enabled": true,
           "initial_eprice_ema_dist": -0.00039092089918658734,
           "initial_qty_pct": 0.013027587894849032,
           "markup_range": 0.006739087960962196,
           "min_markup": 0.004751890570395572,
           "n_close_orders": 3,
           "rentry_pprice_dist": 0.02136519293112714,
           "rentry_pprice_dist_wallet_exposure_weighting": 4.106086913089587,
           "wallet_exposure_limit": 1}}