{"config_name": "recursive_grid_0days",
 "logging_level": 0,
 "long": {"auto_unstuck_delay_minutes": 120,
          "auto_unstuck_ema_dist": 0,
          "auto_unstuck_qty_pct": 0.01,
          "auto_unstuck_wallet_exposure_threshold": 0.05,
          "backwards_tp": true,
          "ddown_factor": 0.9975321975952851,
          "ema_span_0": 529.5777206221505,
          "ema_span_1": 864.2117688545923,
          "enabled": true,
          "initial_eprice_ema_dist": -0.09964656244936065,
          "initial_qty_pct": 0.012623632772361084,
          "markup_range": 0.012101435220191394,
          "min_markup": 0.004115488017892179,
          "n_close_orders": 7,
          "rentry_pprice_dist": 0.0482176565636368,
          "rentry_pprice_dist_wallet_exposure_weighting": 2.0399630052373663,
          "wallet_exposure_limit": 1},
 "short": {"auto_unstuck_delay_minutes": 120,
           "auto_unstuck_ema_dist": 0,
           "auto_unstuck_qty_pct": 0.01,
           "auto_unstuck_wallet_exposure_threshold": 0.05,
           "backwards_tp": true,
           "ddown_factor": 0.5334471307267951,
           "ema_span_0": 1234.5627941815458,
           "ema_span_1": 1390.9489466161722,
           "enabled": true,
           "initial_eprice_ema_dist": 0.003,
           "initial_qty_pct": 0.017647219963558818,
           "markup_range": 0.018265551181550523,
           "min_markup": 0.009097285769915002,
           "n_close_orders": 5,
           "rentry_pprice_dist": 0.0396082947171055,
           "rentry_pprice_dist_wallet_exposure_weighting": 4.111710813562418,
           "wallet_exposure_limit": 1}}