{"config_name": "recursive_grid_0days",
 "logging_level": 0,
 "long": {"auto_unstuck_delay_minutes": 1177.6510521610417,
          "auto_unstuck_ema_dist": -0.01945484226158934,
          "auto_unstuck_qty_pct": 0.015675910909346443,
          "auto_unstuck_wallet_exposure_threshold": 0.8602154036354281,
          "backwards_tp": true,
          "ddown_factor": 0.5023808649126354,
          "ema_span_0": 1432.96260451698,
          "ema_span_1": 359.79374737515406,
          "enabled": true,
          "initial_eprice_ema_dist": 0.002512997258852117,
          "initial_qty_pct": 0.010983518208347243,
          "markup_range": 0.00012430305230505135,
          "min_markup": 0.009984324382053445,
          "n_close_orders": 3,
          "rentry_pprice_dist": 0.04133883183821455,
          "rentry_pprice_dist_wallet_exposure_weighting": 5.532389222454727,
          "wallet_exposure_limit": 1},
 "short": {"auto_unstuck_delay_minutes": 917.0623219599643,
           "auto_unstuck_ema_dist": -0.06558042587730512,
           "auto_unstuck_qty_pct": 0.03960929233720307,
           "auto_unstuck_wallet_exposure_threshold": 0.1725086924500494,
           "backwards_tp": true,
           "ddown_factor": 1.50463062827136,
           "ema_span_0": 1072.471874728127,
           "ema_span_1": 655.4716154163949,
           "enabled": true,
           "initial_eprice_ema_dist": -0.011939529205335576,
           "initial_qty_pct": 0.010653893560365259,
           "markup_range": 0.0005271272328020045,
           "min_markup": 0.0048450133339425,
           "n_close_orders": 6,
           "rentry_pprice_dist": 0.042426212439265,
           "rentry_pprice_dist_wallet_exposure_weighting": 1.1345034353903136,
           "wallet_exposure_limit": 1}}