{"config_name": "recursive_grid_0days",
 "logging_level": 0,
 "long": {"auto_unstuck_delay_minutes": 935.5014048895968,
          "auto_unstuck_ema_dist": -0.05793007432114491,
          "auto_unstuck_qty_pct": 0.034020023849035054,
          "auto_unstuck_wallet_exposure_threshold": 0.21273151683759653,
          "backwards_tp": true,
          "ddown_factor": 1.2621889414343654,
          "ema_span_0": 886.320063774315,
          "ema_span_1": 529.0373722563329,
          "enabled": true,
          "initial_eprice_ema_dist": -0.0032858487921914245,
          "initial_qty_pct": 0.011398093134326997,
          "markup_range": 0.004305612733085813,
          "min_markup": 0.005651608238257144,
          "n_close_orders": 14,
          "rentry_pprice_dist": 0.037283764140798384,
          "rentry_pprice_dist_wallet_exposure_weighting": 2.265028732253464,
          "wallet_exposure_limit": 1.0},
 "short": {"auto_unstuck_delay_minutes": 1052.7374738906133,
           "auto_unstuck_ema_dist": -0.031505137125817845,
           "auto_unstuck_qty_pct": 0.05160105018671314,
           "auto_unstuck_wallet_exposure_threshold": 0.6155351341710021,
           "backwards_tp": true,
           "ddown_factor": 0.15087854649584473,
           "ema_span_0": 1130.8026080393772,
           "ema_span_1": 529.9791534916235,
           "enabled": true,
           "initial_eprice_ema_dist": -0.005576969821565916,
           "initial_qty_pct": 0.01026401603862885,
           "markup_range": 0.0006160178850496073,
           "min_markup": 0.005070656649523753,
           "n_close_orders": 16,
           "rentry_pprice_dist": 0.026595456689010914,
           "rentry_pprice_dist_wallet_exposure_weighting": 8.468819758742796,
           "wallet_exposure_limit": 1.0}}