{"config_name": "recursive_grid_0days",
 "logging_level": 0,
 "long": {"auto_unstuck_delay_minutes": 961.4338238324696,
          "auto_unstuck_ema_dist": -0.03717285736652032,
          "auto_unstuck_qty_pct": 0.01943313987748702,
          "auto_unstuck_wallet_exposure_threshold": 0.6686199866305296,
          "backwards_tp": true,
          "ddown_factor": 2.051473377964616,
          "ema_span_0": 281.03795629058385,
          "ema_span_1": 1356.2629141196721,
          "enabled": true,
          "initial_eprice_ema_dist": -0.0021987636669199397,
          "initial_qty_pct": 0.010101689328299345,
          "markup_range": 8.102690004570353e-05,
          "min_markup": 0.002048897530419204,
          "n_close_orders": 11,
          "rentry_pprice_dist": 0.016562862364551796,
          "rentry_pprice_dist_wallet_exposure_weighting": 0.23454328781302952,
          "wallet_exposure_limit": 1.0},
 "short": {"auto_unstuck_delay_minutes": 541.0698095831558,
           "auto_unstuck_ema_dist": -0.013305864303072753,
           "auto_unstuck_qty_pct": 0.01390306071685173,
           "auto_unstuck_wallet_exposure_threshold": 0.5253164974633007,
           "backwards_tp": true,
           "ddown_factor": 2.4489692021093057,
           "ema_span_0": 530.2747886976573,
           "ema_span_1": 256.8255394119372,
           "enabled": true,
           "initial_eprice_ema_dist": -0.006014927404041342,
           "initial_qty_pct": 0.012960728593511443,
           "markup_range": 0.0029520319726383773,
           "min_markup": 0.0021142994042955125,
           "n_close_orders": 16,
           "rentry_pprice_dist": 0.0283173755441322,
           "rentry_pprice_dist_wallet_exposure_weighting": 5.073076194313362,
           "wallet_exposure_limit": 1.0}}