{"config_name": "recursive_grid_0days",
 "logging_level": 0,
 "long": {"auto_unstuck_delay_minutes": 1440,
          "auto_unstuck_ema_dist": -0.0018826826293365836,
          "auto_unstuck_qty_pct": 0.02366037978822659,
          "auto_unstuck_wallet_exposure_threshold": 0.35229050676623463,
          "backwards_tp": true,
          "ddown_factor": 0.6776349265443191,
          "ema_span_0": 1035.4001418744208,
          "ema_span_1": 1086.6008950961964,
          "enabled": true,
          "initial_eprice_ema_dist": -0.06668488985556624,
          "initial_qty_pct": 0.010042287392517913,
          "markup_range": 7.194844348872922e-07,
          "min_markup": 0.004977539914492943,
          "n_close_orders": 12,
          "rentry_pprice_dist": 0.03161346929705963,
          "rentry_pprice_dist_wallet_exposure_weighting": 2.3437775511492527,
          "wallet_exposure_limit": 1.0},
 "short": {"auto_unstuck_delay_minutes": 1065.85241012398,
           "auto_unstuck_ema_dist": -0.042811656578468985,
           "auto_unstuck_qty_pct": 0.029415949366314063,
           "auto_unstuck_wallet_exposure_threshold": 0.5938414176243073,
           "backwards_tp": true,
           "ddown_factor": 0.6837274524393956,
           "ema_span_0": 1213.9497326583946,
           "ema_span_1": 558.9840530046024,
           "enabled": true,
           "initial_eprice_ema_dist": -0.0012086499974279079,
           "initial_qty_pct": 0.017540149860911403,
           "markup_range": 0.0048921026384613885,
           "min_markup": 0.008046855822096683,
           "n_close_orders": 6,
           "rentry_pprice_dist": 0.031395651969440795,
           "rentry_pprice_dist_wallet_exposure_weighting": 10.392174692278287,
           "wallet_exposure_limit": 1.0}}