{"config_name": "recursive_grid_0days",
 "logging_level": 0,
 "long": {"auto_unstuck_delay_minutes": 1368.1756670538243,
          "auto_unstuck_ema_dist": -0.07330997354703737,
          "auto_unstuck_qty_pct": 0.011747650192491955,
          "auto_unstuck_wallet_exposure_threshold": 0.4736214579573272,
          "backwards_tp": true,
          "ddown_factor": 0.1,
          "ema_span_0": 137.81914493525576,
          "ema_span_1": 166.34020854290125,
          "enabled": true,
          "initial_eprice_ema_dist": -0.04653146127912276,
          "initial_qty_pct": 0.01461088098227183,
          "markup_range": 0.0011177056140842143,
          "min_markup": 0.007515669102516649,
          "n_close_orders": 8,
          "rentry_pprice_dist": 0.039236672231753575,
          "rentry_pprice_dist_wallet_exposure_weighting": 1.7250832843519701,
          "wallet_exposure_limit": 1},
 "short": {"auto_unstuck_delay_minutes": 1425.5698682070658,
           "auto_unstuck_ema_dist": -0.014801442370167658,
           "auto_unstuck_qty_pct": 0.02973409367529811,
           "auto_unstuck_wallet_exposure_threshold": 0.3839097666381447,
           "backwards_tp": true,
           "ddown_factor": 0.8194972284980494,
           "ema_span_0": 1068.2157281516772,
           "ema_span_1": 969.3649512649674,
           "enabled": true,
           "initial_eprice_ema_dist": -0.014871183771151238,
           "initial_qty_pct": 0.014914136754572399,
           "markup_range": 0.004767313212952974,
           "min_markup": 0.004861327976733535,
           "n_close_orders": 15,
           "rentry_pprice_dist": 0.031864142360379925,
           "rentry_pprice_dist_wallet_exposure_weighting": 0.5885794920557245,
           "wallet_exposure_limit": 1}}