{"config_name": "recursive_grid_0days",
 "logging_level": 0,
 "long": {"auto_unstuck_delay_minutes": 857.9352163512979,
          "auto_unstuck_ema_dist": 0.0014175579215003483,
          "auto_unstuck_qty_pct": 0.010343324839004193,
          "auto_unstuck_wallet_exposure_threshold": 0.14528765565874516,
          "backwards_tp": true,
          "ddown_factor": 2.9997053680425205,
          "ema_span_0": 203.7858595156725,
          "ema_span_1": 721.405235407679,
          "enabled": true,
          "initial_eprice_ema_dist": 0.002943705873177678,
          "initial_qty_pct": 0.01356574411908951,
          "markup_range": 0.002575633644852081,
          "min_markup": 0.006489057687649006,
          "n_close_orders": 15,
          "rentry_pprice_dist": 0.034405568823008166,
          "rentry_pprice_dist_wallet_exposure_weighting": 2.883300831934505,
          "wallet_exposure_limit": 1},
 "short": {"auto_unstuck_delay_minutes": 1102.7669604640046,
           "auto_unstuck_ema_dist": 0.002786919034136599,
           "auto_unstuck_qty_pct": 0.03140475838427743,
           "auto_unstuck_wallet_exposure_threshold": 0.5574697807190042,
           "backwards_tp": true,
           "ddown_factor": 1.0498659445078125,
           "ema_span_0": 768.3258268178528,
           "ema_span_1": 986.7063133340359,
           "enabled": true,
           "initial_eprice_ema_dist": -0.0185462563652313,
           "initial_qty_pct": 0.011031346865379632,
           "markup_range": 0.006926949770685151,
           "min_markup": 0.0015696813063142627,
           "n_close_orders": 2,
           "rentry_pprice_dist": 0.029295377220877463,
           "rentry_pprice_dist_wallet_exposure_weighting": 3.2531454393293293,
           "wallet_exposure_limit": 1}}