{"config_name": "recursive_grid_0days",
 "logging_level": 0,
 "long": {"auto_unstuck_delay_minutes": 1393.8905920976713,
          "auto_unstuck_ema_dist": -0.016939380558704822,
          "auto_unstuck_qty_pct": 0.013976248872787709,
          "auto_unstuck_wallet_exposure_threshold": 0.12355339590595218,
          "backwards_tp": true,
          "ddown_factor": 1.6313938279448297,
          "ema_span_0": 530.30246136685,
          "ema_span_1": 78.12757254475127,
          "enabled": true,
          "initial_eprice_ema_dist": 0.0023977030968180646,
          "initial_qty_pct": 0.016272006657252217,
          "markup_range": 0.008797943762849326,
          "min_markup": 0.005388076121193682,
          "n_close_orders": 7,
          "rentry_pprice_dist": 0.04178642120507141,
          "rentry_pprice_dist_wallet_exposure_weighting": 0.003687915791838018,
          "wallet_exposure_limit": 1},
 "short": {"auto_unstuck_delay_minutes": 941.4323959245721,
           "auto_unstuck_ema_dist": 0.0023329875617506602,
           "auto_unstuck_qty_pct": 0.0126490136306326,
           "auto_unstuck_wallet_exposure_threshold": 0.25259142081462765,
           "backwards_tp": true,
           "ddown_factor": 1.9679132344408845,
           "ema_span_0": 383.4272934679048,
           "ema_span_1": 1024.1897294780908,
           "enabled": true,
           "initial_eprice_ema_dist": 0.002885808542863266,
           "initial_qty_pct": 0.016666237623390062,
           "markup_range": 0.006212579109507224,
           "min_markup": 0.00215945346470992,
           "n_close_orders": 6,
           "rentry_pprice_dist": 0.04987230688573202,
           "rentry_pprice_dist_wallet_exposure_weighting": 8.31253150074425,
           "wallet_exposure_limit": 1}}