{"config_name": "recursive_grid_0days",
 "logging_level": 0,
 "long": {"auto_unstuck_delay_minutes": 1304.051596984993,
          "auto_unstuck_ema_dist": -0.0025837533429117726,
          "auto_unstuck_qty_pct": 0.0643059017878674,
          "auto_unstuck_wallet_exposure_threshold": 0.1949273064619864,
          "backwards_tp": true,
          "ddown_factor": 1.3236337713194344,
          "ema_span_0": 1227.559449566079,
          "ema_span_1": 1331.6824406397377,
          "enabled": true,
          "initial_eprice_ema_dist": 0.002999856240692003,
          "initial_qty_pct": 0.014191288975018854,
          "markup_range": 0.00878601822501439,
          "min_markup": 0.008942494339951583,
          "n_close_orders": 11,
          "rentry_pprice_dist": 0.04553774995786425,
          "rentry_pprice_dist_wallet_exposure_weighting": 0.6687182101252788,
          "wallet_exposure_limit": 1},
 "short": {"auto_unstuck_delay_minutes": 304.07771995971075,
           "auto_unstuck_ema_dist": -0.08809545489701244,
           "auto_unstuck_qty_pct": 0.03575623484165844,
           "auto_unstuck_wallet_exposure_threshold": 0.8999996510897542,
           "backwards_tp": true,
           "ddown_factor": 0.9543293241756925,
           "ema_span_0": 1018.094340915848,
           "ema_span_1": 63.8326835002919,
           "enabled": true,
           "initial_eprice_ema_dist": 0.0029650488024153166,
           "initial_qty_pct": 0.011874346095220277,
           "markup_range": 1.0047083276860816e-05,
           "min_markup": 0.005090332830166383,
           "n_close_orders": 11,
           "rentry_pprice_dist": 0.04956327750786398,
           "rentry_pprice_dist_wallet_exposure_weighting": 12.845124717596097,
           "wallet_exposure_limit": 1}}