{"config_name": "recursive_grid_0days",
 "logging_level": 0,
 "long": {"auto_unstuck_delay_minutes": 1171.3951761180147,
          "auto_unstuck_ema_dist": -0.03289594671909857,
          "auto_unstuck_qty_pct": 0.03790654480684425,
          "auto_unstuck_wallet_exposure_threshold": 0.4662098668657322,
          "backwards_tp": true,
          "ddown_factor": 0.6431516620733384,
          "ema_span_0": 662.8750231341215,
          "ema_span_1": 224.01205655366653,
          "enabled": true,
          "initial_eprice_ema_dist": -0.03972123621558579,
          "initial_qty_pct": 0.011879224131437638,
          "markup_range": 0.0004001047540495883,
          "min_markup": 0.003715370275767813,
          "n_close_orders": 8,
          "rentry_pprice_dist": 0.024205606296240436,
          "rentry_pprice_dist_wallet_exposure_weighting": 0.5472308706945394,
          "wallet_exposure_limit": 1},
 "short": {"auto_unstuck_delay_minutes": 1369.7756532104097,
           "auto_unstuck_ema_dist": -0.014044269301170862,
           "auto_unstuck_qty_pct": 0.047477864945509055,
           "auto_unstuck_wallet_exposure_threshold": 0.20286896136568175,
           "backwards_tp": true,
           "ddown_factor": 2.9702143734475817,
           "ema_span_0": 915.3740543874582,
           "ema_span_1": 1294.804699335215,
           "enabled": true,
           "initial_eprice_ema_dist": -0.006239803957795685,
           "initial_qty_pct": 0.011218032232250512,
           "markup_range": 0.0017539437786151823,
           "min_markup": 0.009300530544366262,
           "n_close_orders": 5,
           "rentry_pprice_dist": 0.04092874411878766,
           "rentry_pprice_dist_wallet_exposure_weighting": 1.50434712308107,
           "wallet_exposure_limit": 1}}