{"config_name": "recursive_grid_0days",
 "logging_level": 0,
 "long": {"auto_unstuck_delay_minutes": 1213.0133962652421,
          "auto_unstuck_ema_dist": -0.03810156746565464,
          "auto_unstuck_qty_pct": 0.010621091267100471,
          "auto_unstuck_wallet_exposure_threshold": 0.8839614545124952,
          "backwards_tp": true,
          "ddown_factor": 0.13549831550056682,
          "ema_span_0": 879.4449951953482,
          "ema_span_1": 712.9824463030832,
          "enabled": true,
          "initial_eprice_ema_dist": -0.0038655887611113737,
          "initial_qty_pct": 0.010060107146046528,
          "markup_range": 0.0021902992197724487,
          "min_markup": 0.009607437935161195,
          "n_close_orders": 3,
          "rentry_pprice_dist": 0.026204737086433196,
          "rentry_pprice_dist_wallet_exposure_weighting": 7.682898617350267,
          "wallet_exposure_limit": 1},
 "short": {"auto_unstuck_delay_minutes": 1244.9359735169262,
           "auto_unstuck_ema_dist": -0.01897344454943382,
           "auto_unstuck_qty_pct": 0.05687419716122635,
           "auto_unstuck_wallet_exposure_threshold": 0.3931758427274342,
           "backwards_tp": true,
           "ddown_factor": 0.3150842595034684,
           "ema_span_0": 1077.3250045570653,
           "ema_span_1": 1255.1196312319362,
           "enabled": true,
           "initial_eprice_ema_dist": 0.0022262841978470515,
           "initial_qty_pct": 0.015417750770025268,
           "markup_range": 0.008072400072075877,
           "min_markup": 0.008045625129692213,
           "n_close_orders": 6,
           "rentry_pprice_dist": 0.015278403347456532,
           "rentry_pprice_dist_wallet_exposure_weighting": 10.885973069166619,
           "wallet_exposure_limit": 1}}