{"config_name": "recursive_grid_0days",
 "logging_level": 0,
 "long": {"auto_unstuck_delay_minutes": 817.3839601148987,
          "auto_unstuck_ema_dist": -0.056747177167555,
          "auto_unstuck_qty_pct": 0.012467608336580227,
          "auto_unstuck_wallet_exposure_threshold": 0.44505116465567496,
          "backwards_tp": true,
          "ddown_factor": 1.276389127776389,
          "ema_span_0": 312.422966055438,
          "ema_span_1": 747.3451446818881,
          "enabled": true,
          "initial_eprice_ema_dist": -0.006776686937736162,
          "initial_qty_pct": 0.01,
          "markup_range": 0.0044972982347013515,
          "min_markup": 0.0012946220207993191,
          "n_close_orders": 10,
          "rentry_pprice_dist": 0.02877369381592201,
          "rentry_pprice_dist_wallet_exposure_weighting": 3.920681694766142,
          "wallet_exposure_limit": 1.0},
 "short": {"auto_unstuck_delay_minutes": 1369.7756532104097,
           "auto_unstuck_ema_dist": -0.014044269301170862,
           "auto_unstuck_qty_pct": 0.047477864945509055,
           "auto_unstuck_wallet_exposure_threshold": 0.20286896136568175,
           "backwards_tp": true,
           "ddown_factor": 2.9702143734475817,
           "ema_span_0": 915.3740543874582,
           "ema_span_1": 1294.804699335215,
           "enabled": true,
           "initial_eprice_ema_dist": -0.006239803957795685,
           "initial_qty_pct": 0.011218032232250512,
           "markup_range": 0.0017539437786151823,
           "min_markup": 0.009300530544366262,
           "n_close_orders": 5,
           "rentry_pprice_dist": 0.04092874411878766,
           "rentry_pprice_dist_wallet_exposure_weighting": 1.50434712308107,
           "wallet_exposure_limit": 1.0}}