{"config_name": "recursive_grid_0days",
 "logging_level": 0,
 "long": {"auto_unstuck_delay_minutes": 854.2754367671164,
          "auto_unstuck_ema_dist": -0.05371273315195466,
          "auto_unstuck_qty_pct": 0.04107728593133012,
          "auto_unstuck_wallet_exposure_threshold": 0.5026792865148697,
          "backwards_tp": true,
          "ddown_factor": 0.194847872962081,
          "ema_span_0": 1142.590040736634,
          "ema_span_1": 1299.3458824056447,
          "enabled": true,
          "initial_eprice_ema_dist": -0.0005804575336994408,
          "initial_qty_pct": 0.010007539992559196,
          "markup_range": 0.011891847247062642,
          "min_markup": 0.00578472464375768,
          "n_close_orders": 14,
          "rentry_pprice_dist": 0.041801077737243085,
          "rentry_pprice_dist_wallet_exposure_weighting": 2.403072412678917,
          "wallet_exposure_limit": 1},
 "short": {"auto_unstuck_delay_minutes": 452.15904809063693,
           "auto_unstuck_ema_dist": -0.014285824690560984,
           "auto_unstuck_qty_pct": 0.0521692196603833,
           "auto_unstuck_wallet_exposure_threshold": 0.6877551473946163,
           "backwards_tp": true,
           "ddown_factor": 2.7141105620226256,
           "ema_span_0": 508.2213600654218,
           "ema_span_1": 946.0034787279218,
           "enabled": true,
           "initial_eprice_ema_dist": -0.007690320636594495,
           "initial_qty_pct": 0.010485765823889966,
           "markup_range": 0.002201599882509027,
           "min_markup": 0.0020891237062544057,
           "n_close_orders": 12,
           "rentry_pprice_dist": 0.04192950389909169,
           "rentry_pprice_dist_wallet_exposure_weighting": 2.6748235656956307,
           "wallet_exposure_limit": 1}}