{"config_name": "recursive_grid_0days",
 "logging_level": 0,
 "long": {"auto_unstuck_delay_minutes": 649.324644096024,
          "auto_unstuck_ema_dist": -0.04901849705010845,
          "auto_unstuck_qty_pct": 0.014456115085733735,
          "auto_unstuck_wallet_exposure_threshold": 0.6358522828853526,
          "backwards_tp": true,
          "ddown_factor": 1.641192561932807,
          "ema_span_0": 223.35252049135775,
          "ema_span_1": 420.81427522046374,
          "enabled": true,
          "initial_eprice_ema_dist": 0.0019384343121365824,
          "initial_qty_pct": 0.010055985175192114,
          "markup_range": 0.002123077193469862,
          "min_markup": 0.003347542691462894,
          "n_close_orders": 13,
          "rentry_pprice_dist": 0.02133096912438434,
          "rentry_pprice_dist_wallet_exposure_weighting": 0.6213245721933132,
          "wallet_exposure_limit": 1.0},
 "short": {"auto_unstuck_delay_minutes": 998.7399395019355,
           "auto_unstuck_ema_dist": -0.00681840677888219,
           "auto_unstuck_qty_pct": 0.01672878952199484,
           "auto_unstuck_wallet_exposure_threshold": 0.39426588733714385,
           "backwards_tp": true,
           "ddown_factor": 2.2284970251056935,
           "ema_span_0": 591.48504546644,
           "ema_span_1": 1044.3598285854616,
           "enabled": true,
           "initial_eprice_ema_dist": -0.01145565682254329,
           "initial_qty_pct": 0.012751021489975386,
           "markup_range": 0.0006298592575542418,
           "min_markup": 0.001961877692908044,
           "n_close_orders": 6,
           "rentry_pprice_dist": 0.03351546249149676,
           "rentry_pprice_dist_wallet_exposure_weighting": 0.82690556593115,
           "wallet_exposure_limit": 1.0}}