{"config_name": "recursive_grid_0days",
 "logging_level": 0,
 "long": {"auto_unstuck_delay_minutes": 746.6776542571158,
          "auto_unstuck_ema_dist": 0.00270698163806764,
          "auto_unstuck_qty_pct": 0.01164509403324156,
          "auto_unstuck_wallet_exposure_threshold": 0.43951937117305057,
          "backwards_tp": true,
          "ddown_factor": 0.4640094752430136,
          "ema_span_0": 1155.178521410779,
          "ema_span_1": 254.70812242268124,
          "enabled": true,
          "initial_eprice_ema_dist": -0.09136401805218175,
          "initial_qty_pct": 0.012497267569979277,
          "markup_range": 0.0023930943244147946,
          "min_markup": 0.0034088058190997607,
          "n_close_orders": 13,
          "rentry_pprice_dist": 0.018088522041054995,
          "rentry_pprice_dist_wallet_exposure_weighting": 4.241519470159921,
          "wallet_exposure_limit": 1},
 "short": {"auto_unstuck_delay_minutes": 1088.6605487200968,
           "auto_unstuck_ema_dist": -0.05177952023927791,
           "auto_unstuck_qty_pct": 0.017055447740243406,
           "auto_unstuck_wallet_exposure_threshold": 0.48392389085366433,
           "backwards_tp": true,
           "ddown_factor": 0.11125530910702261,
           "ema_span_0": 402.8319254236336,
           "ema_span_1": 149.2448903461325,
           "enabled": true,
           "initial_eprice_ema_dist": 9.90295282557405e-05,
           "initial_qty_pct": 0.021775816107232213,
           "markup_range": 0.0025477799390605247,
           "min_markup": 0.00443678701866022,
           "n_close_orders": 14,
           "rentry_pprice_dist": 0.015897177793771835,
           "rentry_pprice_dist_wallet_exposure_weighting": 7.062201924037428,
           "wallet_exposure_limit": 1}}