{"config_name": "recursive_grid_0days",
 "logging_level": 0,
 "long": {"auto_unstuck_delay_minutes": 1177.6510521610417,
          "auto_unstuck_ema_dist": -0.01945484226158934,
          "auto_unstuck_qty_pct": 0.015675910909346443,
          "auto_unstuck_wallet_exposure_threshold": 0.8602154036354281,
          "backwards_tp": true,
          "ddown_factor": 0.5023808649126354,
          "ema_span_0": 1432.96260451698,
          "ema_span_1": 359.79374737515406,
          "enabled": true,
          "initial_eprice_ema_dist": 0.002512997258852117,
          "initial_qty_pct": 0.010983518208347243,
          "markup_range": 0.00012430305230505135,
          "min_markup": 0.009984324382053445,
          "n_close_orders": 3,
          "rentry_pprice_dist": 0.04133883183821455,
          "rentry_pprice_dist_wallet_exposure_weighting": 5.532389222454727,
          "wallet_exposure_limit": 1},
 "short": {"auto_unstuck_delay_minutes": 1065.85241012398,
           "auto_unstuck_ema_dist": -0.042811656578468985,
           "auto_unstuck_qty_pct": 0.029415949366314063,
           "auto_unstuck_wallet_exposure_threshold": 0.5938414176243073,
           "backwards_tp": true,
           "ddown_factor": 0.6837274524393956,
           "ema_span_0": 1213.9497326583946,
           "ema_span_1": 558.9840530046024,
           "enabled": true,
           "initial_eprice_ema_dist": -0.0012086499974279079,
           "initial_qty_pct": 0.017540149860911403,
           "markup_range": 0.0048921026384613885,
           "min_markup": 0.008046855822096683,
           "n_close_orders": 6,
           "rentry_pprice_dist": 0.031395651969440795,
           "rentry_pprice_dist_wallet_exposure_weighting": 10.392174692278287,
           "wallet_exposure_limit": 1}}