{"config_name": "recursive_grid_0days",
 "logging_level": 0,
 "long": {"auto_unstuck_delay_minutes": 736.2454867276975,
          "auto_unstuck_ema_dist": -0.027524210060849316,
          "auto_unstuck_qty_pct": 0.021182413237384255,
          "auto_unstuck_wallet_exposure_threshold": 0.505919993088393,
          "backwards_tp": true,
          "ddown_factor": 0.7492514963293893,
          "ema_span_0": 1017.1017345354385,
          "ema_span_1": 833.768028465007,
          "enabled": true,
          "initial_eprice_ema_dist": -0.05654387178988762,
          "initial_qty_pct": 0.01293569502512144,
          "markup_range": 0.0004206944188103574,
          "min_markup": 0.00633400246237213,
          "n_close_orders": 12,
          "rentry_pprice_dist": 0.041528393554751464,
          "rentry_pprice_dist_wallet_exposure_weighting": 1.7495419107434724,
          "wallet_exposure_limit": 1},
 "short": {"auto_unstuck_delay_minutes": 1196.1165223580242,
           "auto_unstuck_ema_dist": -0.05283200501030064,
           "auto_unstuck_qty_pct": 0.04945216602205006,
           "auto_unstuck_wallet_exposure_threshold": 0.38451833679428693,
           "backwards_tp": true,
           "ddown_factor": 0.7230957520217839,
           "ema_span_0": 1112.2876634636616,
           "ema_span_1": 1246.3866483073696,
           "enabled": true,
           "initial_eprice_ema_dist": 0.0029602392893604648,
           "initial_qty_pct": 0.010151256212909776,
           "markup_range": 0.009238668241605234,
           "min_markup": 0.009998052020141653,
           "n_close_orders": 2,
           "rentry_pprice_dist": 0.04323949687393191,
           "rentry_pprice_dist_wallet_exposure_weighting": 7.36599302417086,
           "wallet_exposure_limit": 1}}