{"config_name": "recursive_grid_0days",
 "logging_level": 0,
 "long": {"auto_unstuck_delay_minutes": 1243.1791289906107,
          "auto_unstuck_ema_dist": -0.06526825263956122,
          "auto_unstuck_qty_pct": 0.017294660807244122,
          "auto_unstuck_wallet_exposure_threshold": 0.7929374333118815,
          "backwards_tp": true,
          "ddown_factor": 1.2034708987807525,
          "ema_span_0": 125.74744338191452,
          "ema_span_1": 219.66637383239686,
          "enabled": true,
          "initial_eprice_ema_dist": -0.0009210973752075213,
          "initial_qty_pct": 0.011299347120695146,
          "markup_range": 0.007462764275078035,
          "min_markup": 0.006752036620217142,
          "n_close_orders": 2,
          "rentry_pprice_dist": 0.03372648996475835,
          "rentry_pprice_dist_wallet_exposure_weighting": 2.762136840840354,
          "wallet_exposure_limit": 1.0},
 "short": {"auto_unstuck_delay_minutes": 1131.7683895615776,
           "auto_unstuck_ema_dist": -0.021356694848575847,
           "auto_unstuck_qty_pct": 0.01947666997831,
           "auto_unstuck_wallet_exposure_threshold": 0.5374450610904399,
           "backwards_tp": true,
           "ddown_factor": 0.45459399495929026,
           "ema_span_0": 1036.875051134975,
           "ema_span_1": 426.67076837323117,
           "enabled": true,
           "initial_eprice_ema_dist": -0.025665036257068462,
           "initial_qty_pct": 0.010000274511755454,
           "markup_range": 0.005912727089012159,
           "min_markup": 0.0058486997906525475,
           "n_close_orders": 5,
           "rentry_pprice_dist": 0.043849635569275215,
           "rentry_pprice_dist_wallet_exposure_weighting": 0.3187070718164151,
           "wallet_exposure_limit": 1.0}}