{"config_name": "recursive_grid_0days",
 "logging_level": 0,
 "long": {"auto_unstuck_delay_minutes": 719.9872027686143,
          "auto_unstuck_ema_dist": -0.022541606308323435,
          "auto_unstuck_qty_pct": 0.06270207829324834,
          "auto_unstuck_wallet_exposure_threshold": 0.49696955946950716,
          "backwards_tp": true,
          "ddown_factor": 0.4908205683212454,
          "ema_span_0": 851.4823300946229,
          "ema_span_1": 283.3880926531075,
          "enabled": true,
          "initial_eprice_ema_dist": -0.0011106649019491214,
          "initial_qty_pct": 0.011064611774235726,
          "markup_range": 0.00042112398364548844,
          "min_markup": 0.004339088179395441,
          "n_close_orders": 7,
          "rentry_pprice_dist": 0.010048653902822655,
          "rentry_pprice_dist_wallet_exposure_weighting": 11.350702080438928,
          "wallet_exposure_limit": 1},
 "short": {"auto_unstuck_delay_minutes": 1206.2133411330738,
           "auto_unstuck_ema_dist": -0.004858782896774686,
           "auto_unstuck_qty_pct": 0.02161254894011827,
           "auto_unstuck_wallet_exposure_threshold": 0.3943880483965604,
           "backwards_tp": true,
           "ddown_factor": 2.08981317370495,
           "ema_span_0": 813.8799296311918,
           "ema_span_1": 1340.681476790241,
           "enabled": true,
           "initial_eprice_ema_dist": 0.002821365813687315,
           "initial_qty_pct": 0.014148098058862366,
           "markup_range": 0.007024724434148104,
           "min_markup": 0.00514248126088779,
           "n_close_orders": 10,
           "rentry_pprice_dist": 0.03631649104755646,
           "rentry_pprice_dist_wallet_exposure_weighting": 0.5035133630041305,
           "wallet_exposure_limit": 1}}