{"config_name": "recursive_grid_0days",
 "logging_level": 0,
 "long": {"auto_unstuck_delay_minutes": 1243.1791289906107,
          "auto_unstuck_ema_dist": -0.06526825263956122,
          "auto_unstuck_qty_pct": 0.017294660807244122,
          "auto_unstuck_wallet_exposure_threshold": 0.7929374333118815,
          "backwards_tp": true,
          "ddown_factor": 1.2034708987807525,
          "ema_span_0": 125.74744338191452,
          "ema_span_1": 219.66637383239686,
          "enabled": true,
          "initial_eprice_ema_dist": -0.0009210973752075213,
          "initial_qty_pct": 0.011299347120695146,
          "markup_range": 0.007462764275078035,
          "min_markup": 0.006752036620217142,
          "n_close_orders": 2,
          "rentry_pprice_dist": 0.03372648996475835,
          "rentry_pprice_dist_wallet_exposure_weighting": 2.762136840840354,
          "wallet_exposure_limit": 1},
 "short": {"auto_unstuck_delay_minutes": 285.6234505056953,
           "auto_unstuck_ema_dist": -0.006169634270834493,
           "auto_unstuck_qty_pct": 0.08542872503580161,
           "auto_unstuck_wallet_exposure_threshold": 0.3438491355889116,
           "backwards_tp": true,
           "ddown_factor": 2.834198976108729,
           "ema_span_0": 1108.4937215052462,
           "ema_span_1": 1319.5359981553352,
           "enabled": true,
           "initial_eprice_ema_dist": -0.012031242038107709,
           "initial_qty_pct": 0.02352105540694183,
           "markup_range": 0.002220487031831374,
           "min_markup": 0.002659176671328884,
           "n_close_orders": 15,
           "rentry_pprice_dist": 0.027430857785321568,
           "rentry_pprice_dist_wallet_exposure_weighting": 0.9884053323911303,
           "wallet_exposure_limit": 1}}