{"config_name": "recursive_grid_0days",
 "logging_level": 0,
 "long": {"auto_unstuck_delay_minutes": 840.2253484700655,
          "auto_unstuck_ema_dist": -0.023366736797704436,
          "auto_unstuck_qty_pct": 0.025650539557371923,
          "auto_unstuck_wallet_exposure_threshold": 0.8164346940880333,
          "backwards_tp": true,
          "ddown_factor": 2.1210336039706976,
          "ema_span_0": 182.65054021194098,
          "ema_span_1": 824.5436126292714,
          "enabled": true,
          "initial_eprice_ema_dist": 0.0029999868387410884,
          "initial_qty_pct": 0.012094147367994306,
          "markup_range": 0.006698144904276781,
          "min_markup": 0.003487712386149594,
          "n_close_orders": 6,
          "rentry_pprice_dist": 0.04350474406167253,
          "rentry_pprice_dist_wallet_exposure_weighting": 1.1573575779480527,
          "wallet_exposure_limit": 1},
 "short": {"auto_unstuck_delay_minutes": 711.2337066151758,
           "auto_unstuck_ema_dist": -0.010404838650753841,
           "auto_unstuck_qty_pct": 0.03779367645397644,
           "auto_unstuck_wallet_exposure_threshold": 0.43922809015550485,
           "backwards_tp": true,
           "ddown_factor": 0.43307557065446145,
           "ema_span_0": 927.3567638464951,
           "ema_span_1": 930.8845117162875,
           "enabled": true,
           "initial_eprice_ema_dist": -0.004101479447598992,
           "initial_qty_pct": 0.017824415647080507,
           "markup_range": 0.0023435444053004077,
           "min_markup": 0.0057700813985241415,
           "n_close_orders": 11,
           "rentry_pprice_dist": 0.04324540175759041,
           "rentry_pprice_dist_wallet_exposure_weighting": 3.0777728172464607,
           "wallet_exposure_limit": 1}}