{"config_name": "recursive_grid_0days",
 "logging_level": 0,
 "long": {"auto_unstuck_delay_minutes": 1434.4048532508102,
          "auto_unstuck_ema_dist": -0.04119795370957996,
          "auto_unstuck_qty_pct": 0.02658978204492856,
          "auto_unstuck_wallet_exposure_threshold": 0.5329906952426845,
          "backwards_tp": true,
          "ddown_factor": 0.15814353144646867,
          "ema_span_0": 641.8772357560645,
          "ema_span_1": 925.8446610384227,
          "enabled": true,
          "initial_eprice_ema_dist": -0.00896323419756504,
          "initial_qty_pct": 0.010310682731389692,
          "markup_range": 0.00026599646512492193,
          "min_markup": 0.007120382197899004,
          "n_close_orders": 4,
          "rentry_pprice_dist": 0.029088387526338844,
          "rentry_pprice_dist_wallet_exposure_weighting": 6.059115398462092,
          "wallet_exposure_limit": 1},
 "short": {"auto_unstuck_delay_minutes": 998.7399395019355,
           "auto_unstuck_ema_dist": -0.00681840677888219,
           "auto_unstuck_qty_pct": 0.01672878952199484,
           "auto_unstuck_wallet_exposure_threshold": 0.39426588733714385,
           "backwards_tp": true,
           "ddown_factor": 2.2284970251056935,
           "ema_span_0": 591.48504546644,
           "ema_span_1": 1044.3598285854616,
           "enabled": true,
           "initial_eprice_ema_dist": -0.01145565682254329,
           "initial_qty_pct": 0.012751021489975386,
           "markup_range": 0.0006298592575542418,
           "min_markup": 0.001961877692908044,
           "n_close_orders": 6,
           "rentry_pprice_dist": 0.03351546249149676,
           "rentry_pprice_dist_wallet_exposure_weighting": 0.82690556593115,
           "wallet_exposure_limit": 1}}