{"config_name": "recursive_grid_0days",
 "logging_level": 0,
 "long": {"auto_unstuck_delay_minutes": 736.2454867276975,
          "auto_unstuck_ema_dist": -0.027524210060849316,
          "auto_unstuck_qty_pct": 0.021182413237384255,
          "auto_unstuck_wallet_exposure_threshold": 0.505919993088393,
          "backwards_tp": true,
          "ddown_factor": 0.7492514963293893,
          "ema_span_0": 1017.1017345354385,
          "ema_span_1": 833.768028465007,
          "enabled": true,
          "initial_eprice_ema_dist": -0.05654387178988762,
          "initial_qty_pct": 0.01293569502512144,
          "markup_range": 0.0004206944188103574,
          "min_markup": 0.00633400246237213,
          "n_close_orders": 12,
          "rentry_pprice_dist": 0.041528393554751464,
          "rentry_pprice_dist_wallet_exposure_weighting": 1.7495419107434724,
          "wallet_exposure_limit": 1},
 "short": {"auto_unstuck_delay_minutes": 1253.6006770474733,
           "auto_unstuck_ema_dist": -0.006854116150027488,
           "auto_unstuck_qty_pct": 0.031644168490077784,
           "auto_unstuck_wallet_exposure_threshold": 0.2557531129335714,
           "backwards_tp": true,
           "ddown_factor": 1.3832185824096965,
           "ema_span_0": 1280.9824315832243,
           "ema_span_1": 1197.5966306581568,
           "enabled": true,
           "initial_eprice_ema_dist": -0.04816000304172703,
           "initial_qty_pct": 0.010950851120518782,
           "markup_range": 0.0008022919858492278,
           "min_markup": 0.008683689277631091,
           "n_close_orders": 6,
           "rentry_pprice_dist": 0.04363476732084077,
           "rentry_pprice_dist_wallet_exposure_weighting": 0.4912416058069824,
           "wallet_exposure_limit": 1}}