{"config_name": "recursive_grid_0days",
 "logging_level": 0,
 "long": {"auto_unstuck_delay_minutes": 1189.286331700472,
          "auto_unstuck_ema_dist": -0.027972942878892803,
          "auto_unstuck_qty_pct": 0.012904106128991134,
          "auto_unstuck_wallet_exposure_threshold": 0.8521738600901125,
          "backwards_tp": true,
          "ddown_factor": 1.4721600382065791,
          "ema_span_0": 631.788590274504,
          "ema_span_1": 507.70507795283646,
          "enabled": true,
          "initial_eprice_ema_dist": -0.06780536466712907,
          "initial_qty_pct": 0.01,
          "markup_range": 0.0051530070515828546,
          "min_markup": 0.0047356588218692595,
          "n_close_orders": 9,
          "rentry_pprice_dist": 0.031150624560227946,
          "rentry_pprice_dist_wallet_exposure_weighting": 3.2998671254163767,
          "wallet_exposure_limit": 1.0},
 "short": {"auto_unstuck_delay_minutes": 1206.2133411330738,
           "auto_unstuck_ema_dist": -0.004858782896774686,
           "auto_unstuck_qty_pct": 0.02161254894011827,
           "auto_unstuck_wallet_exposure_threshold": 0.3943880483965604,
           "backwards_tp": true,
           "ddown_factor": 2.08981317370495,
           "ema_span_0": 813.8799296311918,
           "ema_span_1": 1340.681476790241,
           "enabled": true,
           "initial_eprice_ema_dist": 0.002821365813687315,
           "initial_qty_pct": 0.014148098058862366,
           "markup_range": 0.007024724434148104,
           "min_markup": 0.00514248126088779,
           "n_close_orders": 10,
           "rentry_pprice_dist": 0.03631649104755646,
           "rentry_pprice_dist_wallet_exposure_weighting": 0.5035133630041305,
           "wallet_exposure_limit": 1.0}}