{"config_name": "recursive_grid_0days",
 "logging_level": 0,
 "long": {"auto_unstuck_delay_minutes": 1045.1101349643511,
          "auto_unstuck_ema_dist": -0.01571585197546857,
          "auto_unstuck_qty_pct": 0.029158649031222936,
          "auto_unstuck_wallet_exposure_threshold": 0.46471032498092524,
          "backwards_tp": true,
          "ddown_factor": 1.3987351225344555,
          "ema_span_0": 1439.9999945685292,
          "ema_span_1": 1393.465716936036,
          "enabled": true,
          "initial_eprice_ema_dist": 0.002700537639421378,
          "initial_qty_pct": 0.011376273692095484,
          "markup_range": 0.000374350179583882,
          "min_markup": 0.0021708143140020926,
          "n_close_orders": 12,
          "rentry_pprice_dist": 0.04765180199403366,
          "rentry_pprice_dist_wallet_exposure_weighting": 11.905707228545854,
          "wallet_exposure_limit": 1},
 "short": {"auto_unstuck_delay_minutes": 1088.6605487200968,
           "auto_unstuck_ema_dist": -0.05177952023927791,
           "auto_unstuck_qty_pct": 0.017055447740243406,
           "auto_unstuck_wallet_exposure_threshold": 0.48392389085366433,
           "backwards_tp": true,
           "ddown_factor": 0.11125530910702261,
           "ema_span_0": 402.8319254236336,
           "ema_span_1": 149.2448903461325,
           "enabled": true,
           "initial_eprice_ema_dist": 9.90295282557405e-05,
           "initial_qty_pct": 0.021775816107232213,
           "markup_range": 0.0025477799390605247,
           "min_markup": 0.00443678701866022,
           "n_close_orders": 14,
           "rentry_pprice_dist": 0.015897177793771835,
           "rentry_pprice_dist_wallet_exposure_weighting": 7.062201924037428,
           "wallet_exposure_limit": 1}}