{"config_name": "recursive_grid_0days",
 "logging_level": 0,
 "long": {"auto_unstuck_delay_minutes": 1381.0876075499077,
          "auto_unstuck_ema_dist": -0.025578597821771736,
          "auto_unstuck_qty_pct": 0.010585562568991133,
          "auto_unstuck_wallet_exposure_threshold": 0.7878922762152266,
          "backwards_tp": true,
          "ddown_factor": 1.6125197642627378,
          "ema_span_0": 1141.7282366837135,
          "ema_span_1": 1250.4833011784374,
          "enabled": true,
          "initial_eprice_ema_dist": 0.0024884006641289263,
          "initial_qty_pct": 0.021413105497511464,
          "markup_range": 0.00031004193484855674,
          "min_markup": 0.004950758087091994,
          "n_close_orders": 12,
          "rentry_pprice_dist": 0.027220199344188158,
          "rentry_pprice_dist_wallet_exposure_weighting": 4.155505234417767,
          "wallet_exposure_limit": 1.0},
 "short": {"auto_unstuck_delay_minutes": 1049.6000700624825,
           "auto_unstuck_ema_dist": -0.07016168073678879,
           "auto_unstuck_qty_pct": 0.03411226817446472,
           "auto_unstuck_wallet_exposure_threshold": 0.41911496881061083,
           "backwards_tp": true,
           "ddown_factor": 1.4243544030080155,
           "ema_span_0": 486.74816073199383,
           "ema_span_1": 522.612364856291,
           "enabled": true,
           "initial_eprice_ema_dist": -0.02199351403309815,
           "initial_qty_pct": 0.022715060199545344,
           "markup_range": 0.0015981849693865685,
           "min_markup": 0.00227441883012074,
           "n_close_orders": 8,
           "rentry_pprice_dist": 0.03617149292037044,
           "rentry_pprice_dist_wallet_exposure_weighting": 3.239183468007264,
           "wallet_exposure_limit": 1.0}}