{"config_name": "recursive_grid_0days",
 "logging_level": 0,
 "long": {"auto_unstuck_delay_minutes": 1287.110167823567,
          "auto_unstuck_ema_dist": -0.02092415848880657,
          "auto_unstuck_qty_pct": 0.01036977749035834,
          "auto_unstuck_wallet_exposure_threshold": 0.5240628344572208,
          "backwards_tp": true,
          "ddown_factor": 2.207450473015773,
          "ema_span_0": 1365.0726499142447,
          "ema_span_1": 961.8654839651223,
          "enabled": true,
          "initial_eprice_ema_dist": 0.0029303512753157696,
          "initial_qty_pct": 0.013025845734504818,
          "markup_range": 0.007500660136338641,
          "min_markup": 0.006319391022263179,
          "n_close_orders": 5,
          "rentry_pprice_dist": 0.03664537942906481,
          "rentry_pprice_dist_wallet_exposure_weighting": 2.83163396143051,
          "wallet_exposure_limit": 1.0},
 "short": {"auto_unstuck_delay_minutes": 986.5908726805565,
           "auto_unstuck_ema_dist": -0.01823173171224137,
           "auto_unstuck_qty_pct": 0.022466129648137705,
           "auto_unstuck_wallet_exposure_threshold": 0.31170232385417007,
           "backwards_tp": true,
           "ddown_factor": 0.9871386911977406,
           "ema_span_0": 84.9585407094777,
           "ema_span_1": 487.9272576931248,
           "enabled": true,
           "initial_eprice_ema_dist": -0.0032342487590638807,
           "initial_qty_pct": 0.015630480895998534,
           "markup_range": 0.0032358892154203157,
           "min_markup": 0.006017698894441818,
           "n_close_orders": 5,
           "rentry_pprice_dist": 0.024428342955028097,
           "rentry_pprice_dist_wallet_exposure_weighting": 7.966015112590907,
           "wallet_exposure_limit": 1.0}}