{"config_name": "recursive_grid_0days",
 "logging_level": 0,
 "long": {"auto_unstuck_delay_minutes": 1271.4879313633583,
          "auto_unstuck_ema_dist": -0.024082866410530816,
          "auto_unstuck_qty_pct": 0.022318951758543936,
          "auto_unstuck_wallet_exposure_threshold": 0.7172766751814595,
          "backwards_tp": true,
          "ddown_factor": 0.11528362569022038,
          "ema_span_0": 523.4825512807811,
          "ema_span_1": 629.5793383896729,
          "enabled": true,
          "initial_eprice_ema_dist": 0.002999978064602431,
          "initial_qty_pct": 0.01063979757807873,
          "markup_range": 0.00379708939767112,
          "min_markup": 0.0024954155400694835,
          "n_close_orders": 13,
          "rentry_pprice_dist": 0.034557213097097375,
          "rentry_pprice_dist_wallet_exposure_weighting": 2.82137846924448,
          "wallet_exposure_limit": 1.0},
 "short": {"auto_unstuck_delay_minutes": 838.2146238990925,
           "auto_unstuck_ema_dist": -0.019148270672980673,
           "auto_unstuck_qty_pct": 0.024831448120799054,
           "auto_unstuck_wallet_exposure_threshold": 0.4321698602106777,
           "backwards_tp": true,
           "ddown_factor": 2.3835056128593073,
           "ema_span_0": 1259.7418872876985,
           "ema_span_1": 1283.9376549341448,
           "enabled": true,
           "initial_eprice_ema_dist": -0.006353162151402346,
           "initial_qty_pct": 0.017794644420293562,
           "markup_range": 0.004237591339261168,
           "min_markup": 0.003771987382509844,
           "n_close_orders": 9,
           "rentry_pprice_dist": 0.042022784002796965,
           "rentry_pprice_dist_wallet_exposure_weighting": 3.574420557866411,
           "wallet_exposure_limit": 1.0}}