{"config_name": "recursive_grid_0days",
 "logging_level": 0,
 "long": {"auto_unstuck_delay_minutes": 1349.3735257282235,
          "auto_unstuck_ema_dist": -0.029689368064183073,
          "auto_unstuck_qty_pct": 0.010407942713729097,
          "auto_unstuck_wallet_exposure_threshold": 0.2988051835451873,
          "backwards_tp": true,
          "ddown_factor": 2.8061157114212687,
          "ema_span_0": 583.0950479143587,
          "ema_span_1": 523.7979322705362,
          "enabled": true,
          "initial_eprice_ema_dist": 0.0029998555170992797,
          "initial_qty_pct": 0.013810869017646372,
          "markup_range": 0.0026665960350597145,
          "min_markup": 0.0017369156497204807,
          "n_close_orders": 11,
          "rentry_pprice_dist": 0.023176150715941087,
          "rentry_pprice_dist_wallet_exposure_weighting": 0.00010181153818773967,
          "wallet_exposure_limit": 1},
 "short": {"auto_unstuck_delay_minutes": 494.05603253061946,
           "auto_unstuck_ema_dist": -0.023086856721043724,
           "auto_unstuck_qty_pct": 0.010457519227864292,
           "auto_unstuck_wallet_exposure_threshold": 0.3066546329339178,
           "backwards_tp": true,
           "ddown_factor": 1.7231671841906888,
           "ema_span_0": 244.46429383843213,
           "ema_span_1": 1243.6864537441083,
           "enabled": true,
           "initial_eprice_ema_dist": 0.0029910277771705474,
           "initial_qty_pct": 0.012424905322167275,
           "markup_range": 0.0036873421405612793,
           "min_markup": 0.002485408498844004,
           "n_close_orders": 4,
           "rentry_pprice_dist": 0.02011957028063695,
           "rentry_pprice_dist_wallet_exposure_weighting": 5.759737984134167,
           "wallet_exposure_limit": 1}}