{"config_name": "recursive_grid_0days",
 "logging_level": 0,
 "long": {"auto_unstuck_delay_minutes": 506.5224882796207,
          "auto_unstuck_ema_dist": -0.08475240721685956,
          "auto_unstuck_qty_pct": 0.012664869049920266,
          "auto_unstuck_wallet_exposure_threshold": 0.6532524345340186,
          "backwards_tp": true,
          "ddown_factor": 2.430144161947593,
          "ema_span_0": 528.5455412023842,
          "ema_span_1": 367.38161794220684,
          "enabled": true,
          "initial_eprice_ema_dist": -0.013085618386841582,
          "initial_qty_pct": 0.012478838833229434,
          "markup_range": 0.0001686732350185735,
          "min_markup": 0.0012139802755085118,
          "n_close_orders": 10,
          "rentry_pprice_dist": 0.03320301387348368,
          "rentry_pprice_dist_wallet_exposure_weighting": 2.3745648206115497,
          "wallet_exposure_limit": 1},
 "short": {"auto_unstuck_delay_minutes": 1028.028578335184,
           "auto_unstuck_ema_dist": -0.040154501388253064,
           "auto_unstuck_qty_pct": 0.021182087724146734,
           "auto_unstuck_wallet_exposure_threshold": 0.2744657639665117,
           "backwards_tp": true,
           "ddown_factor": 1.3815792724134932,
           "ema_span_0": 1326.7432829077384,
           "ema_span_1": 1161.0339976410737,
           "enabled": true,
           "initial_eprice_ema_dist": -0.0011400799244109287,
           "initial_qty_pct": 0.014087319892400864,
           "markup_range": 0.0061135328802382986,
           "min_markup": 0.006452005813818132,
           "n_close_orders": 12,
           "rentry_pprice_dist": 0.023395653088993513,
           "rentry_pprice_dist_wallet_exposure_weighting": 5.590728239685076,
           "wallet_exposure_limit": 1}}