{"config_name": "recursive_grid_0days",
 "logging_level": 0,
 "long": {"auto_unstuck_delay_minutes": 1072.4684709999347,
          "auto_unstuck_ema_dist": -0.08702805926306362,
          "auto_unstuck_qty_pct": 0.015973937897812995,
          "auto_unstuck_wallet_exposure_threshold": 0.5339435827544488,
          "backwards_tp": true,
          "ddown_factor": 2.245989468700379,
          "ema_span_0": 680.994156336565,
          "ema_span_1": 191.04031049174804,
          "enabled": true,
          "initial_eprice_ema_dist": 0.002888171072358113,
          "initial_qty_pct": 0.01083770050277493,
          "markup_range": 0.00021279012099618608,
          "min_markup": 0.006683935979481397,
          "n_close_orders": 6,
          "rentry_pprice_dist": 0.04852135590889781,
          "rentry_pprice_dist_wallet_exposure_weighting": 3.4688261073789075,
          "wallet_exposure_limit": 1},
 "short": {"auto_unstuck_delay_minutes": 763.4418181517437,
           "auto_unstuck_ema_dist": -0.011293220197681418,
           "auto_unstuck_qty_pct": 0.04921989974704013,
           "auto_unstuck_wallet_exposure_threshold": 0.6364700579413338,
           "backwards_tp": true,
           "ddown_factor": 1.7092261845659003,
           "ema_span_0": 1042.592433298043,
           "ema_span_1": 1245.5459779139494,
           "enabled": true,
           "initial_eprice_ema_dist": -0.003195233753904795,
           "initial_qty_pct": 0.015507429530820536,
           "markup_range": 0.010407381877063361,
           "min_markup": 0.007914661528328079,
           "n_close_orders": 4,
           "rentry_pprice_dist": 0.03423731931798797,
           "rentry_pprice_dist_wallet_exposure_weighting": 4.48390273174731,
           "wallet_exposure_limit": 1}}