{"config_name": "recursive_grid_0days",
 "logging_level": 0,
 "long": {"auto_unstuck_delay_minutes": 495.4222436928258,
          "auto_unstuck_ema_dist": -0.03366938661273936,
          "auto_unstuck_qty_pct": 0.01673383184525977,
          "auto_unstuck_wallet_exposure_threshold": 0.3510112328141472,
          "backwards_tp": true,
          "ddown_factor": 1.5806327160858866,
          "ema_span_0": 484.3642784834503,
          "ema_span_1": 605.7961084463778,
          "enabled": true,
          "initial_eprice_ema_dist": -0.007491668444314763,
          "initial_qty_pct": 0.013280292633264815,
          "markup_range": 0.0014002674896421781,
          "min_markup": 0.0013169611829184312,
          "n_close_orders": 5,
          "rentry_pprice_dist": 0.02936614450844377,
          "rentry_pprice_dist_wallet_exposure_weighting": 1.260473617355105,
          "wallet_exposure_limit": 1},
 "short": {"auto_unstuck_delay_minutes": 180.0026494518495,
           "auto_unstuck_ema_dist": -0.07336423302068806,
           "auto_unstuck_qty_pct": 0.08627465065990286,
           "auto_unstuck_wallet_exposure_threshold": 0.848358320804483,
           "backwards_tp": true,
           "ddown_factor": 0.19430869966361974,
           "ema_span_0": 943.6782913161207,
           "ema_span_1": 704.1832743875825,
           "enabled": true,
           "initial_eprice_ema_dist": -0.02535374750258631,
           "initial_qty_pct": 0.010412039382659187,
           "markup_range": 0.008037284803621569,
           "min_markup": 0.00675215117047174,
           "n_close_orders": 4,
           "rentry_pprice_dist": 0.0348493311332146,
           "rentry_pprice_dist_wallet_exposure_weighting": 13.69427032059088,
           "wallet_exposure_limit": 1}}