{"config_name": "recursive_grid_0days",
 "logging_level": 0,
 "long": {"auto_unstuck_delay_minutes": 1271.4879313633583,
          "auto_unstuck_ema_dist": -0.024082866410530816,
          "auto_unstuck_qty_pct": 0.022318951758543936,
          "auto_unstuck_wallet_exposure_threshold": 0.7172766751814595,
          "backwards_tp": true,
          "ddown_factor": 0.11528362569022038,
          "ema_span_0": 523.4825512807811,
          "ema_span_1": 629.5793383896729,
          "enabled": true,
          "initial_eprice_ema_dist": 0.002999978064602431,
          "initial_qty_pct": 0.01063979757807873,
          "markup_range": 0.00379708939767112,
          "min_markup": 0.0024954155400694835,
          "n_close_orders": 13,
          "rentry_pprice_dist": 0.034557213097097375,
          "rentry_pprice_dist_wallet_exposure_weighting": 2.82137846924448,
          "wallet_exposure_limit": 1},
 "short": {"auto_unstuck_delay_minutes": 21.55836393188097,
           "auto_unstuck_ema_dist": -0.0031592729426018836,
           "auto_unstuck_qty_pct": 0.06490423002636772,
           "auto_unstuck_wallet_exposure_threshold": 0.10151667160345075,
           "backwards_tp": true,
           "ddown_factor": 2.022489320158654,
           "ema_span_0": 1225.72283663952,
           "ema_span_1": 1416.3542783184882,
           "enabled": true,
           "initial_eprice_ema_dist": 0.002916968423894917,
           "initial_qty_pct": 0.03575387693572197,
           "markup_range": 0.0036818721376397573,
           "min_markup": 0.001601105039524659,
           "n_close_orders": 15,
           "rentry_pprice_dist": 0.018952680698201267,
           "rentry_pprice_dist_wallet_exposure_weighting": 6.905760081415692,
           "wallet_exposure_limit": 1}}