{"config_name": "recursive_grid_0days",
 "logging_level": 0,
 "long": {"auto_unstuck_delay_minutes": 1152.559527357442,
          "auto_unstuck_ema_dist": -0.08512805070919303,
          "auto_unstuck_qty_pct": 0.012152217082469208,
          "auto_unstuck_wallet_exposure_threshold": 0.10500174205770166,
          "backwards_tp": true,
          "ddown_factor": 2.736882867458632,
          "ema_span_0": 425.2396028163725,
          "ema_span_1": 1227.6579283198496,
          "enabled": true,
          "initial_eprice_ema_dist": 0.0029314464349996902,
          "initial_qty_pct": 0.012547339465654919,
          "markup_range": 0.0020852667679600984,
          "min_markup": 0.00535581163010827,
          "n_close_orders": 5,
          "rentry_pprice_dist": 0.04344384582108559,
          "rentry_pprice_dist_wallet_exposure_weighting": 1.545650266206948,
          "wallet_exposure_limit": 1},
 "short": {"auto_unstuck_delay_minutes": 1332.5284809208388,
           "auto_unstuck_ema_dist": -0.055012773629239925,
           "auto_unstuck_qty_pct": 0.01243283010292201,
           "auto_unstuck_wallet_exposure_threshold": 0.7327421690192373,
           "backwards_tp": true,
           "ddown_factor": 1.9481460506492678,
           "ema_span_0": 620.3476293269637,
           "ema_span_1": 910.8548132415826,
           "enabled": true,
           "initial_eprice_ema_dist": 0.003,
           "initial_qty_pct": 0.012116656519558964,
           "markup_range": 0.004055257619906556,
           "min_markup": 0.0036034915446144767,
           "n_close_orders": 8,
           "rentry_pprice_dist": 0.049202452844668454,
           "rentry_pprice_dist_wallet_exposure_weighting": 19.799473705792675,
           "wallet_exposure_limit": 1}}