{"config_name": "recursive_grid_0days",
 "logging_level": 0,
 "long": {"auto_unstuck_delay_minutes": 920.0625161325308,
          "auto_unstuck_ema_dist": -0.04102322130771438,
          "auto_unstuck_qty_pct": 0.015754744591555958,
          "auto_unstuck_wallet_exposure_threshold": 0.6001621741573359,
          "backwards_tp": true,
          "ddown_factor": 2.409974839588648,
          "ema_span_0": 630.2223771424993,
          "ema_span_1": 1144.090014263891,
          "enabled": true,
          "initial_eprice_ema_dist": -0.01886263158942947,
          "initial_qty_pct": 0.01619658890391205,
          "markup_range": 0.00582821181045555,
          "min_markup": 0.001910784087426283,
          "n_close_orders": 9,
          "rentry_pprice_dist": 0.040478726157756294,
          "rentry_pprice_dist_wallet_exposure_weighting": 0.6303091650719694,
          "wallet_exposure_limit": 1},
 "short": {"auto_unstuck_delay_minutes": 1131.7683895615776,
           "auto_unstuck_ema_dist": -0.021356694848575847,
           "auto_unstuck_qty_pct": 0.01947666997831,
           "auto_unstuck_wallet_exposure_threshold": 0.5374450610904399,
           "backwards_tp": true,
           "ddown_factor": 0.45459399495929026,
           "ema_span_0": 1036.875051134975,
           "ema_span_1": 426.67076837323117,
           "enabled": true,
           "initial_eprice_ema_dist": -0.025665036257068462,
           "initial_qty_pct": 0.010000274511755454,
           "markup_range": 0.005912727089012159,
           "min_markup": 0.0058486997906525475,
           "n_close_orders": 5,
           "rentry_pprice_dist": 0.043849635569275215,
           "rentry_pprice_dist_wallet_exposure_weighting": 0.3187070718164151,
           "wallet_exposure_limit": 1}}