{"config_name": "recursive_grid_0days",
 "logging_level": 0,
 "long": {"auto_unstuck_delay_minutes": 1115.9344991646772,
          "auto_unstuck_ema_dist": -0.022067294005199984,
          "auto_unstuck_qty_pct": 0.0633468265035235,
          "auto_unstuck_wallet_exposure_threshold": 0.8677564655154589,
          "backwards_tp": true,
          "ddown_factor": 2.3477472399500536,
          "ema_span_0": 639.9315543626221,
          "ema_span_1": 264.7796363712572,
          "enabled": true,
          "initial_eprice_ema_dist": 0.002790338720872738,
          "initial_qty_pct": 0.012023729081705743,
          "markup_range": 0.0007762143878322973,
          "min_markup": 0.002359920488952337,
          "n_close_orders": 10,
          "rentry_pprice_dist": 0.020252204272458,
          "rentry_pprice_dist_wallet_exposure_weighting": 0.1768721282568092,
          "wallet_exposure_limit": 1.0},
 "short": {"auto_unstuck_delay_minutes": 695.8708016749218,
           "auto_unstuck_ema_dist": -0.026733797044542294,
           "auto_unstuck_qty_pct": 0.010644607282947088,
           "auto_unstuck_wallet_exposure_threshold": 0.8213584530690295,
           "backwards_tp": true,
           "ddown_factor": 2.5194749808159074,
           "ema_span_0": 1019.9579803886394,
           "ema_span_1": 1269.3177148261316,
           "enabled": true,
           "initial_eprice_ema_dist": 0.0021726276377854515,
           "initial_qty_pct": 0.013135946449550934,
           "markup_range": 0.004144729631045132,
           "min_markup": 0.009322855185425492,
           "n_close_orders": 7,
           "rentry_pprice_dist": 0.03384836518959056,
           "rentry_pprice_dist_wallet_exposure_weighting": 13.260271090600716,
           "wallet_exposure_limit": 1.0}}