{"config_name": "recursive_grid_0days",
 "logging_level": 0,
 "long": {"auto_unstuck_delay_minutes": 1259.2222594547807,
          "auto_unstuck_ema_dist": -0.0017839632930156271,
          "auto_unstuck_qty_pct": 0.02541223198632915,
          "auto_unstuck_wallet_exposure_threshold": 0.22937451812506893,
          "backwards_tp": true,
          "ddown_factor": 1.528138260958659,
          "ema_span_0": 705.4985529229147,
          "ema_span_1": 595.2513468178071,
          "enabled": true,
          "initial_eprice_ema_dist": 0.002993727533351603,
          "initial_qty_pct": 0.01148113343595019,
          "markup_range": 0.004795730669560148,
          "min_markup": 0.008722121698237694,
          "n_close_orders": 6,
          "rentry_pprice_dist": 0.032535217802581604,
          "rentry_pprice_dist_wallet_exposure_weighting": 2.7634190288152283,
          "wallet_exposure_limit": 1},
 "short": {"auto_unstuck_delay_minutes": 285.6234505056953,
           "auto_unstuck_ema_dist": -0.006169634270834493,
           "auto_unstuck_qty_pct": 0.08542872503580161,
           "auto_unstuck_wallet_exposure_threshold": 0.3438491355889116,
           "backwards_tp": true,
           "ddown_factor": 2.834198976108729,
           "ema_span_0": 1108.4937215052462,
           "ema_span_1": 1319.5359981553352,
           "enabled": true,
           "initial_eprice_ema_dist": -0.012031242038107709,
           "initial_qty_pct": 0.02352105540694183,
           "markup_range": 0.002220487031831374,
           "min_markup": 0.002659176671328884,
           "n_close_orders": 15,
           "rentry_pprice_dist": 0.027430857785321568,
           "rentry_pprice_dist_wallet_exposure_weighting": 0.9884053323911303,
           "wallet_exposure_limit": 1}}