{"config_name": "recursive_grid_0days",
 "logging_level": 0,
 "long": {"auto_unstuck_delay_minutes": 1029.3525176086591,
          "auto_unstuck_ema_dist": -0.07656735428624055,
          "auto_unstuck_qty_pct": 0.021838379032100265,
          "auto_unstuck_wallet_exposure_threshold": 0.496023458437927,
          "backwards_tp": true,
          "ddown_factor": 1.226712512400181,
          "ema_span_0": 863.4530586023168,
          "ema_span_1": 792.582840379283,
          "enabled": true,
          "initial_eprice_ema_dist": 0.0006888268857179727,
          "initial_qty_pct": 0.023185693706547786,
          "markup_range": 0.006430363012928862,
          "min_markup": 0.00478106121183931,
          "n_close_orders": 7,
          "rentry_pprice_dist": 0.03867047507203283,
          "rentry_pprice_dist_wallet_exposure_weighting": 2.8814210004402447,
          "wallet_exposure_limit": 1},
 "short": {"auto_unstuck_delay_minutes": 316.45288220873886,
           "auto_unstuck_ema_dist": 0.003,
           "auto_unstuck_qty_pct": 0.06018920573826103,
           "auto_unstuck_wallet_exposure_threshold": 0.3371082332674982,
           "backwards_tp": true,
           "ddown_factor": 1.320150782408342,
           "ema_span_0": 959.656706466029,
           "ema_span_1": 1440,
           "enabled": true,
           "initial_eprice_ema_dist": 0.003,
           "initial_qty_pct": 0.01,
           "markup_range": 0.0,
           "min_markup": 0.0020550098693266805,
           "n_close_orders": 12,
           "rentry_pprice_dist": 0.005,
           "rentry_pprice_dist_wallet_exposure_weighting": 1.415868046896386,
           "wallet_exposure_limit": 1.0}}