{"config_name": "recursive_grid_0days",
 "logging_level": 0,
 "long": {"auto_unstuck_delay_minutes": 719.9872027686143,
          "auto_unstuck_ema_dist": -0.022541606308323435,
          "auto_unstuck_qty_pct": 0.06270207829324834,
          "auto_unstuck_wallet_exposure_threshold": 0.49696955946950716,
          "backwards_tp": true,
          "ddown_factor": 0.4908205683212454,
          "ema_span_0": 851.4823300946229,
          "ema_span_1": 283.3880926531075,
          "enabled": true,
          "initial_eprice_ema_dist": -0.0011106649019491214,
          "initial_qty_pct": 0.011064611774235726,
          "markup_range": 0.00042112398364548844,
          "min_markup": 0.004339088179395441,
          "n_close_orders": 7,
          "rentry_pprice_dist": 0.010048653902822655,
          "rentry_pprice_dist_wallet_exposure_weighting": 11.350702080438928,
          "wallet_exposure_limit": 1},
 "short": {"auto_unstuck_delay_minutes": 917.0157232326517,
           "auto_unstuck_ema_dist": 0.002584536889395626,
           "auto_unstuck_qty_pct": 0.016067830025278666,
           "auto_unstuck_wallet_exposure_threshold": 0.17865852417429198,
           "backwards_tp": true,
           "ddown_factor": 2.5315985008952455,
           "ema_span_0": 859.8164633515628,
           "ema_span_1": 778.88727913339,
           "enabled": true,
           "initial_eprice_ema_dist": 0.0029469027371997873,
           "initial_qty_pct": 0.011229049152531517,
           "markup_range": 0.004301705171347274,
           "min_markup": 0.002964225037769906,
           "n_close_orders": 5,
           "rentry_pprice_dist": 0.047375817041585104,
           "rentry_pprice_dist_wallet_exposure_weighting": 6.041978447464432,
           "wallet_exposure_limit": 1}}