{"config_name": "recursive_grid_0days",
 "logging_level": 0,
 "long": {"auto_unstuck_delay_minutes": 1271.4879313633583,
          "auto_unstuck_ema_dist": -0.024082866410530816,
          "auto_unstuck_qty_pct": 0.022318951758543936,
          "auto_unstuck_wallet_exposure_threshold": 0.7172766751814595,
          "backwards_tp": true,
          "ddown_factor": 0.11528362569022038,
          "ema_span_0": 523.4825512807811,
          "ema_span_1": 629.5793383896729,
          "enabled": true,
          "initial_eprice_ema_dist": 0.002999978064602431,
          "initial_qty_pct": 0.01063979757807873,
          "markup_range": 0.00379708939767112,
          "min_markup": 0.0024954155400694835,
          "n_close_orders": 13,
          "rentry_pprice_dist": 0.034557213097097375,
          "rentry_pprice_dist_wallet_exposure_weighting": 2.82137846924448,
          "wallet_exposure_limit": 1},
 "short": {"auto_unstuck_delay_minutes": 763.4418181517437,
           "auto_unstuck_ema_dist": -0.011293220197681418,
           "auto_unstuck_qty_pct": 0.04921989974704013,
           "auto_unstuck_wallet_exposure_threshold": 0.6364700579413338,
           "backwards_tp": true,
           "ddown_factor": 1.7092261845659003,
           "ema_span_0": 1042.592433298043,
           "ema_span_1": 1245.5459779139494,
           "enabled": true,
           "initial_eprice_ema_dist": -0.003195233753904795,
           "initial_qty_pct": 0.015507429530820536,
           "markup_range": 0.010407381877063361,
           "min_markup": 0.007914661528328079,
           "n_close_orders": 4,
           "rentry_pprice_dist": 0.03423731931798797,
           "rentry_pprice_dist_wallet_exposure_weighting": 4.48390273174731,
           "wallet_exposure_limit": 1}}