{"config_name": "recursive_grid_0days",
 "logging_level": 0,
 "long": {"auto_unstuck_delay_minutes": 742.1404818564154,
          "auto_unstuck_ema_dist": -0.01521192993059986,
          "auto_unstuck_qty_pct": 0.012476707192649691,
          "auto_unstuck_wallet_exposure_threshold": 0.14091400283952607,
          "backwards_tp": true,
          "ddown_factor": 1.4734879768734976,
          "ema_span_0": 131.37902439282507,
          "ema_span_1": 1232.351302491125,
          "enabled": true,
          "initial_eprice_ema_dist": -0.087802601615617,
          "initial_qty_pct": 0.01063099727645586,
          "markup_range": 0.0016299283047896205,
          "min_markup": 0.0014272788251111957,
          "n_close_orders": 10,
          "rentry_pprice_dist": 0.04999771866938603,
          "rentry_pprice_dist_wallet_exposure_weighting": 1.2925297562824305,
          "wallet_exposure_limit": 1},
 "short": {"auto_unstuck_delay_minutes": 1203.1320483487457,
           "auto_unstuck_ema_dist": -0.027663850573440434,
           "auto_unstuck_qty_pct": 0.02271974676497333,
           "auto_unstuck_wallet_exposure_threshold": 0.22145480992702216,
           "backwards_tp": true,
           "ddown_factor": 2.3236584555904574,
           "ema_span_0": 518.8660941334352,
           "ema_span_1": 1320.791938810288,
           "enabled": true,
           "initial_eprice_ema_dist": 0.0029454548395140947,
           "initial_qty_pct": 0.013789878989884577,
           "markup_range": 0.0036874538935215365,
           "min_markup": 0.007421651102673007,
           "n_close_orders": 6,
           "rentry_pprice_dist": 0.029917285336943544,
           "rentry_pprice_dist_wallet_exposure_weighting": 15.795353202691134,
           "wallet_exposure_limit": 1}}