{"config_name": "recursive_grid_0days",
 "logging_level": 0,
 "long": {"auto_unstuck_delay_minutes": 897.8572075043796,
          "auto_unstuck_ema_dist": -0.06979527193585025,
          "auto_unstuck_qty_pct": 0.026632112678002997,
          "auto_unstuck_wallet_exposure_threshold": 0.2371031733027507,
          "backwards_tp": true,
          "ddown_factor": 0.759596355893983,
          "ema_span_0": 979.3595764022335,
          "ema_span_1": 1179.4312282598091,
          "enabled": true,
          "initial_eprice_ema_dist": -0.0072672779678777544,
          "initial_qty_pct": 0.01279591081471837,
          "markup_range": 0.002388143162346788,
          "min_markup": 0.007757315198118319,
          "n_close_orders": 10,
          "rentry_pprice_dist": 0.04908134559582654,
          "rentry_pprice_dist_wallet_exposure_weighting": 4.99466905096419,
          "wallet_exposure_limit": 1.0},
 "short": {"auto_unstuck_delay_minutes": 503.3343231300159,
           "auto_unstuck_ema_dist": -0.034066425771051664,
           "auto_unstuck_qty_pct": 0.02644721833043688,
           "auto_unstuck_wallet_exposure_threshold": 0.5496311814218728,
           "backwards_tp": true,
           "ddown_factor": 1.583873442380138,
           "ema_span_0": 723.2797223469373,
           "ema_span_1": 869.7218849458369,
           "enabled": true,
           "initial_eprice_ema_dist": -0.00621468034069134,
           "initial_qty_pct": 0.011094988570244607,
           "markup_range": 0.007125337993884154,
           "min_markup": 0.005512029614315782,
           "n_close_orders": 6,
           "rentry_pprice_dist": 0.040969189750454785,
           "rentry_pprice_dist_wallet_exposure_weighting": 9.66648610809972,
           "wallet_exposure_limit": 1.0}}