{"config_name": "recursive_grid_0days",
 "logging_level": 0,
 "long": {"auto_unstuck_delay_minutes": 491.67370472213344,
          "auto_unstuck_ema_dist": -0.03333520590151225,
          "auto_unstuck_qty_pct": 0.01759574188657776,
          "auto_unstuck_wallet_exposure_threshold": 0.3557653678513413,
          "backwards_tp": true,
          "ddown_factor": 1.5155713453381439,
          "ema_span_0": 763.1274531087291,
          "ema_span_1": 604.9571984938061,
          "enabled": true,
          "initial_eprice_ema_dist": -0.006842045901589304,
          "initial_qty_pct": 0.012435039208681126,
          "markup_range": 0.0020159207018097015,
          "min_markup": 0.0062521750678027595,
          "n_close_orders": 14,
          "rentry_pprice_dist": 0.036994104867419754,
          "rentry_pprice_dist_wallet_exposure_weighting": 1.222990397985032,
          "wallet_exposure_limit": 1.0},
 "short": {"auto_unstuck_delay_minutes": 801.9407580114595,
           "auto_unstuck_ema_dist": -0.014190933471903595,
           "auto_unstuck_qty_pct": 0.010313379205851117,
           "auto_unstuck_wallet_exposure_threshold": 0.2511233758697617,
           "backwards_tp": true,
           "ddown_factor": 0.31574023368334203,
           "ema_span_0": 857.135134451504,
           "ema_span_1": 773.1264732553607,
           "enabled": true,
           "initial_eprice_ema_dist": -0.0001582595430693864,
           "initial_qty_pct": 0.012724713270943724,
           "markup_range": 0.0035660663450992,
           "min_markup": 0.005328987333979542,
           "n_close_orders": 10,
           "rentry_pprice_dist": 0.030530973334552264,
           "rentry_pprice_dist_wallet_exposure_weighting": 6.417842653221031,
           "wallet_exposure_limit": 1.0}}