{"config_name": "recursive_grid_0days",
 "logging_level": 0,
 "long": {"auto_unstuck_delay_minutes": 1259.2222594547807,
          "auto_unstuck_ema_dist": -0.0017839632930156271,
          "auto_unstuck_qty_pct": 0.02541223198632915,
          "auto_unstuck_wallet_exposure_threshold": 0.22937451812506893,
          "backwards_tp": true,
          "ddown_factor": 1.528138260958659,
          "ema_span_0": 705.4985529229147,
          "ema_span_1": 595.2513468178071,
          "enabled": true,
          "initial_eprice_ema_dist": 0.002993727533351603,
          "initial_qty_pct": 0.01148113343595019,
          "markup_range": 0.004795730669560148,
          "min_markup": 0.008722121698237694,
          "n_close_orders": 6,
          "rentry_pprice_dist": 0.032535217802581604,
          "rentry_pprice_dist_wallet_exposure_weighting": 2.7634190288152283,
          "wallet_exposure_limit": 1},
 "short": {"auto_unstuck_delay_minutes": 1131.7683895615776,
           "auto_unstuck_ema_dist": -0.021356694848575847,
           "auto_unstuck_qty_pct": 0.01947666997831,
           "auto_unstuck_wallet_exposure_threshold": 0.5374450610904399,
           "backwards_tp": true,
           "ddown_factor": 0.45459399495929026,
           "ema_span_0": 1036.875051134975,
           "ema_span_1": 426.67076837323117,
           "enabled": true,
           "initial_eprice_ema_dist": -0.025665036257068462,
           "initial_qty_pct": 0.010000274511755454,
           "markup_range": 0.005912727089012159,
           "min_markup": 0.0058486997906525475,
           "n_close_orders": 5,
           "rentry_pprice_dist": 0.043849635569275215,
           "rentry_pprice_dist_wallet_exposure_weighting": 0.3187070718164151,
           "wallet_exposure_limit": 1}}