{"config_name": "recursive_grid_0days",
 "logging_level": 0,
 "long": {"auto_unstuck_delay_minutes": 1198.737532352804,
          "auto_unstuck_ema_dist": 0.0021918977925421664,
          "auto_unstuck_qty_pct": 0.011737438010278886,
          "auto_unstuck_wallet_exposure_threshold": 0.26103788036106523,
          "backwards_tp": true,
          "ddown_factor": 0.9912031563296594,
          "ema_span_0": 1043.6852785172005,
          "ema_span_1": 140.47129590575383,
          "enabled": true,
          "initial_eprice_ema_dist": 0.0010962564206719796,
          "initial_qty_pct": 0.021125725836593622,
          "markup_range": 0.0017367553867170978,
          "min_markup": 0.002391490312542033,
          "n_close_orders": 10,
          "rentry_pprice_dist": 0.032827292692171564,
          "rentry_pprice_dist_wallet_exposure_weighting": 0.10738069449979064,
          "wallet_exposure_limit": 1},
 "short": {"auto_unstuck_delay_minutes": 1253.6006770474733,
           "auto_unstuck_ema_dist": -0.006854116150027488,
           "auto_unstuck_qty_pct": 0.031644168490077784,
           "auto_unstuck_wallet_exposure_threshold": 0.2557531129335714,
           "backwards_tp": true,
           "ddown_factor": 1.3832185824096965,
           "ema_span_0": 1280.9824315832243,
           "ema_span_1": 1197.5966306581568,
           "enabled": true,
           "initial_eprice_ema_dist": -0.04816000304172703,
           "initial_qty_pct": 0.010950851120518782,
           "markup_range": 0.0008022919858492278,
           "min_markup": 0.008683689277631091,
           "n_close_orders": 6,
           "rentry_pprice_dist": 0.04363476732084077,
           "rentry_pprice_dist_wallet_exposure_weighting": 0.4912416058069824,
           "wallet_exposure_limit": 1}}