{"config_name": "recursive_grid_0days",
 "logging_level": 0,
 "long": {"auto_unstuck_delay_minutes": 1430.1668224390223,
          "auto_unstuck_ema_dist": -0.05362713067279739,
          "auto_unstuck_qty_pct": 0.020551497450486567,
          "auto_unstuck_wallet_exposure_threshold": 0.5868761434410041,
          "backwards_tp": true,
          "ddown_factor": 2.49367560587514,
          "ema_span_0": 700.7109127906153,
          "ema_span_1": 72.05008311953658,
          "enabled": true,
          "initial_eprice_ema_dist": -0.06356600773835705,
          "initial_qty_pct": 0.011831058904488633,
          "markup_range": 0.0012650945306156493,
          "min_markup": 0.0028671211460412627,
          "n_close_orders": 2,
          "rentry_pprice_dist": 0.04921412763943395,
          "rentry_pprice_dist_wallet_exposure_weighting": 2.4515340185734575,
          "wallet_exposure_limit": 1},
 "short": {"auto_unstuck_delay_minutes": 1332.5284809208388,
           "auto_unstuck_ema_dist": -0.055012773629239925,
           "auto_unstuck_qty_pct": 0.01243283010292201,
           "auto_unstuck_wallet_exposure_threshold": 0.7327421690192373,
           "backwards_tp": true,
           "ddown_factor": 1.9481460506492678,
           "ema_span_0": 620.3476293269637,
           "ema_span_1": 910.8548132415826,
           "enabled": true,
           "initial_eprice_ema_dist": 0.003,
           "initial_qty_pct": 0.012116656519558964,
           "markup_range": 0.004055257619906556,
           "min_markup": 0.0036034915446144767,
           "n_close_orders": 8,
           "rentry_pprice_dist": 0.049202452844668454,
           "rentry_pprice_dist_wallet_exposure_weighting": 19.799473705792675,
           "wallet_exposure_limit": 1}}