{"config_name": "recursive_grid_0days",
 "logging_level": 0,
 "long": {"auto_unstuck_delay_minutes": 1128.3380616056659,
          "auto_unstuck_ema_dist": -0.0007577399426855052,
          "auto_unstuck_qty_pct": 0.013786578725646186,
          "auto_unstuck_wallet_exposure_threshold": 0.4959329936266323,
          "backwards_tp": true,
          "ddown_factor": 2.31469636815924,
          "ema_span_0": 841.1697243967782,
          "ema_span_1": 1280.4967226310355,
          "enabled": true,
          "initial_eprice_ema_dist": -0.007051434231811719,
          "initial_qty_pct": 0.011398627782633486,
          "markup_range": 0.0046376549791754314,
          "min_markup": 0.005048979662629166,
          "n_close_orders": 8,
          "rentry_pprice_dist": 0.04992477110332881,
          "rentry_pprice_dist_wallet_exposure_weighting": 0.6627734940095277,
          "wallet_exposure_limit": 1},
 "short": {"auto_unstuck_delay_minutes": 1271.531033271785,
           "auto_unstuck_ema_dist": -0.038154228534943505,
           "auto_unstuck_qty_pct": 0.047280184105547435,
           "auto_unstuck_wallet_exposure_threshold": 0.5901720670315093,
           "backwards_tp": true,
           "ddown_factor": 1.3079216310170094,
           "ema_span_0": 1381.5924818412232,
           "ema_span_1": 1135.8954998708723,
           "enabled": true,
           "initial_eprice_ema_dist": 0.002890947685082422,
           "initial_qty_pct": 0.014597448847657063,
           "markup_range": 0.017680410805857423,
           "min_markup": 0.004077411619346283,
           "n_close_orders": 6,
           "rentry_pprice_dist": 0.045231223451802596,
           "rentry_pprice_dist_wallet_exposure_weighting": 3.1458776833685183,
           "wallet_exposure_limit": 1}}