{"config_name": "recursive_grid_0days",
 "logging_level": 0,
 "long": {"auto_unstuck_delay_minutes": 412.76501089247114,
          "auto_unstuck_ema_dist": -0.059439321560243945,
          "auto_unstuck_qty_pct": 0.023367754137491693,
          "auto_unstuck_wallet_exposure_threshold": 0.3045555354190747,
          "backwards_tp": true,
          "ddown_factor": 2.5342759684884353,
          "ema_span_0": 771.2458507511448,
          "ema_span_1": 986.9091563792869,
          "enabled": true,
          "initial_eprice_ema_dist": -0.04594610363561374,
          "initial_qty_pct": 0.011119970001968283,
          "markup_range": 0.0022155009490971477,
          "min_markup": 0.0029076471167654027,
          "n_close_orders": 2,
          "rentry_pprice_dist": 0.033601727314308175,
          "rentry_pprice_dist_wallet_exposure_weighting": 8.480288378040697,
          "wallet_exposure_limit": 1.0},
 "short": {"auto_unstuck_delay_minutes": 917.0623219599643,
           "auto_unstuck_ema_dist": -0.06558042587730512,
           "auto_unstuck_qty_pct": 0.03960929233720307,
           "auto_unstuck_wallet_exposure_threshold": 0.1725086924500494,
           "backwards_tp": true,
           "ddown_factor": 1.50463062827136,
           "ema_span_0": 1072.471874728127,
           "ema_span_1": 655.4716154163949,
           "enabled": true,
           "initial_eprice_ema_dist": -0.011939529205335576,
           "initial_qty_pct": 0.010653893560365259,
           "markup_range": 0.0005271272328020045,
           "min_markup": 0.0048450133339425,
           "n_close_orders": 6,
           "rentry_pprice_dist": 0.042426212439265,
           "rentry_pprice_dist_wallet_exposure_weighting": 1.1345034353903136,
           "wallet_exposure_limit": 1.0}}