{"config_name": "recursive_grid_0days",
 "logging_level": 0,
 "long": {"auto_unstuck_delay_minutes": 1229.7758528902937,
          "auto_unstuck_ema_dist": -0.05914769539771581,
          "auto_unstuck_qty_pct": 0.01511902340838162,
          "auto_unstuck_wallet_exposure_threshold": 0.6846948705761557,
          "backwards_tp": true,
          "ddown_factor": 1.8857281633742855,
          "ema_span_0": 80.49335874332347,
          "ema_span_1": 345.5473243304256,
          "enabled": true,
          "initial_eprice_ema_dist": -0.005007496036276903,
          "initial_qty_pct": 0.012383215418007059,
          "markup_range": 0.006375884182639555,
          "min_markup": 0.002414722488059609,
          "n_close_orders": 5,
          "rentry_pprice_dist": 0.029334523491465887,
          "rentry_pprice_dist_wallet_exposure_weighting": 1.2189709089235532,
          "wallet_exposure_limit": 1.0},
 "short": {"auto_unstuck_delay_minutes": 1407.8314242486322,
           "auto_unstuck_ema_dist": -0.014109132867766043,
           "auto_unstuck_qty_pct": 0.011982754937679857,
           "auto_unstuck_wallet_exposure_threshold": 0.5533712695560499,
           "backwards_tp": true,
           "ddown_factor": 0.8157110446402446,
           "ema_span_0": 56.77083987848151,
           "ema_span_1": 87.12787490128404,
           "enabled": true,
           "initial_eprice_ema_dist": -0.001303731885700587,
           "initial_qty_pct": 0.010008649130437409,
           "markup_range": 0.0018624459240663247,
           "min_markup": 0.0041678492617304155,
           "n_close_orders": 6,
           "rentry_pprice_dist": 0.0388560339970892,
           "rentry_pprice_dist_wallet_exposure_weighting": 0.9206393347106683,
           "wallet_exposure_limit": 1.0}}