{"config_name": "recursive_grid_0days",
 "logging_level": 0,
 "long": {"auto_unstuck_delay_minutes": 773.8833116684218,
          "auto_unstuck_ema_dist": -0.04066419632910171,
          "auto_unstuck_qty_pct": 0.03133836406362012,
          "auto_unstuck_wallet_exposure_threshold": 0.16591083549683788,
          "backwards_tp": true,
          "ddown_factor": 0.2335859215846803,
          "ema_span_0": 751.7198969571075,
          "ema_span_1": 885.956846814527,
          "enabled": true,
          "initial_eprice_ema_dist": -0.07232146076080855,
          "initial_qty_pct": 0.018601681811100484,
          "markup_range": 0.0003019330862427853,
          "min_markup": 0.005476374741607168,
          "n_close_orders": 12,
          "rentry_pprice_dist": 0.028152697556863584,
          "rentry_pprice_dist_wallet_exposure_weighting": 1.4975740770791492,
          "wallet_exposure_limit": 1.0},
 "short": {"auto_unstuck_delay_minutes": 1352.7617384601358,
           "auto_unstuck_ema_dist": -0.040154443514631814,
           "auto_unstuck_qty_pct": 0.02900908963136855,
           "auto_unstuck_wallet_exposure_threshold": 0.2899041749430625,
           "backwards_tp": true,
           "ddown_factor": 1.5089685052190727,
           "ema_span_0": 960.3471237494703,
           "ema_span_1": 191.06072559415443,
           "enabled": true,
           "initial_eprice_ema_dist": -0.0005078808091562436,
           "initial_qty_pct": 0.010863382372596432,
           "markup_range": 0.0030134067012862567,
           "min_markup": 0.0032142797659246297,
           "n_close_orders": 16,
           "rentry_pprice_dist": 0.030825226549506,
           "rentry_pprice_dist_wallet_exposure_weighting": 0.05271144977332768,
           "wallet_exposure_limit": 1.0}}