{"config_name": "recursive_grid_0days",
 "logging_level": 0,
 "long": {"auto_unstuck_delay_minutes": 951.0315852128227,
          "auto_unstuck_ema_dist": -0.054365266677498955,
          "auto_unstuck_qty_pct": 0.0421423594263849,
          "auto_unstuck_wallet_exposure_threshold": 0.7632521372395258,
          "backwards_tp": true,
          "ddown_factor": 1.6362470821758004,
          "ema_span_0": 640.9359730460003,
          "ema_span_1": 1396.6224135051925,
          "enabled": true,
          "initial_eprice_ema_dist": 0.0029929210233953607,
          "initial_qty_pct": 0.01132983391595697,
          "markup_range": 0.0014870664309704945,
          "min_markup": 0.0024172128228521737,
          "n_close_orders": 15,
          "rentry_pprice_dist": 0.02032427535562934,
          "rentry_pprice_dist_wallet_exposure_weighting": 1.8719193316561682,
          "wallet_exposure_limit": 1.0},
 "short": {"auto_unstuck_delay_minutes": 1.133590120987681,
           "auto_unstuck_ema_dist": -0.0664767643547855,
           "auto_unstuck_qty_pct": 0.018605667048078367,
           "auto_unstuck_wallet_exposure_threshold": 0.7742578216478697,
           "backwards_tp": true,
           "ddown_factor": 0.20278360704213827,
           "ema_span_0": 154.5599272358244,
           "ema_span_1": 1231.0969620873752,
           "enabled": true,
           "initial_eprice_ema_dist": -0.046987987454892195,
           "initial_qty_pct": 0.011116774912808925,
           "markup_range": 4.864205520845488e-05,
           "min_markup": 0.0022461444428992575,
           "n_close_orders": 8,
           "rentry_pprice_dist": 0.03439328327538153,
           "rentry_pprice_dist_wallet_exposure_weighting": 11.458435171750244,
           "wallet_exposure_limit": 1.0}}