{"config_name": "recursive_grid_0days",
 "logging_level": 0,
 "long": {"auto_unstuck_delay_minutes": 1072.4684709999347,
          "auto_unstuck_ema_dist": -0.08702805926306362,
          "auto_unstuck_qty_pct": 0.015973937897812995,
          "auto_unstuck_wallet_exposure_threshold": 0.5339435827544488,
          "backwards_tp": true,
          "ddown_factor": 2.245989468700379,
          "ema_span_0": 680.994156336565,
          "ema_span_1": 191.04031049174804,
          "enabled": true,
          "initial_eprice_ema_dist": 0.002888171072358113,
          "initial_qty_pct": 0.01083770050277493,
          "markup_range": 0.00021279012099618608,
          "min_markup": 0.006683935979481397,
          "n_close_orders": 6,
          "rentry_pprice_dist": 0.04852135590889781,
          "rentry_pprice_dist_wallet_exposure_weighting": 3.4688261073789075,
          "wallet_exposure_limit": 1},
 "short": {"auto_unstuck_delay_minutes": 1235.8840406812374,
           "auto_unstuck_ema_dist": -0.037384765739436776,
           "auto_unstuck_qty_pct": 0.026966614074800124,
           "auto_unstuck_wallet_exposure_threshold": 0.5166328059906422,
           "backwards_tp": true,
           "ddown_factor": 0.7371953546002349,
           "ema_span_0": 1216.4948135634734,
           "ema_span_1": 1245.367835709616,
           "enabled": true,
           "initial_eprice_ema_dist": -0.017957856863499266,
           "initial_qty_pct": 0.018890863420461514,
           "markup_range": 0.0030102184005238713,
           "min_markup": 0.0048451194858340225,
           "n_close_orders": 7,
           "rentry_pprice_dist": 0.02562385483832836,
           "rentry_pprice_dist_wallet_exposure_weighting": 4.409696708127533,
           "wallet_exposure_limit": 1}}