{"config_name": "recursive_grid_0days",
 "logging_level": 0,
 "long": {"auto_unstuck_delay_minutes": 866.0555776178344,
          "auto_unstuck_ema_dist": -0.08637813882718187,
          "auto_unstuck_qty_pct": 0.022819162528536243,
          "auto_unstuck_wallet_exposure_threshold": 0.5771834554129667,
          "backwards_tp": true,
          "ddown_factor": 1.9648614534752864,
          "ema_span_0": 952.3875613538104,
          "ema_span_1": 880.7173065557189,
          "enabled": true,
          "initial_eprice_ema_dist": 0.0007853457849786724,
          "initial_qty_pct": 0.02362232978050586,
          "markup_range": 0.003082286136945534,
          "min_markup": 0.0021495606550390035,
          "n_close_orders": 13,
          "rentry_pprice_dist": 0.03436088794986574,
          "rentry_pprice_dist_wallet_exposure_weighting": 13.16850082449503,
          "wallet_exposure_limit": 1},
 "short": {"auto_unstuck_delay_minutes": 611.9463152951042,
           "auto_unstuck_ema_dist": -0.014471107561944073,
           "auto_unstuck_qty_pct": 0.07603614782813505,
           "auto_unstuck_wallet_exposure_threshold": 0.5002808743996622,
           "backwards_tp": true,
           "ddown_factor": 1.7215017490252502,
           "ema_span_0": 1157.317720817149,
           "ema_span_1": 729.7557170273177,
           "enabled": true,
           "initial_eprice_ema_dist": -0.00865507977218391,
           "initial_qty_pct": 0.01209633509651921,
           "markup_range": 0.0001272449740963948,
           "min_markup": 0.0021935587696774,
           "n_close_orders": 13,
           "rentry_pprice_dist": 0.03738384623209871,
           "rentry_pprice_dist_wallet_exposure_weighting": 0.14559704636166715,
           "wallet_exposure_limit": 1}}