{"config_name": "recursive_grid_0days",
 "logging_level": 0,
 "long": {"auto_unstuck_delay_minutes": 624.3089925081796,
          "auto_unstuck_ema_dist": -0.0017944000823634481,
          "auto_unstuck_qty_pct": 0.02446324280553036,
          "auto_unstuck_wallet_exposure_threshold": 0.4269709171398361,
          "backwards_tp": true,
          "ddown_factor": 2.569052200097769,
          "ema_span_0": 76.7157792911941,
          "ema_span_1": 272.16118391542665,
          "enabled": true,
          "initial_eprice_ema_dist": -0.005833778322180691,
          "initial_qty_pct": 0.01,
          "markup_range": 0.0015830051811291088,
          "min_markup": 0.00228714675573091,
          "n_close_orders": 9,
          "rentry_pprice_dist": 0.04679073998919632,
          "rentry_pprice_dist_wallet_exposure_weighting": 2.529935417331788,
          "wallet_exposure_limit": 1},
 "short": {"auto_unstuck_delay_minutes": 998.7399395019355,
           "auto_unstuck_ema_dist": -0.00681840677888219,
           "auto_unstuck_qty_pct": 0.01672878952199484,
           "auto_unstuck_wallet_exposure_threshold": 0.39426588733714385,
           "backwards_tp": true,
           "ddown_factor": 2.2284970251056935,
           "ema_span_0": 591.48504546644,
           "ema_span_1": 1044.3598285854616,
           "enabled": true,
           "initial_eprice_ema_dist": -0.01145565682254329,
           "initial_qty_pct": 0.012751021489975386,
           "markup_range": 0.0006298592575542418,
           "min_markup": 0.001961877692908044,
           "n_close_orders": 6,
           "rentry_pprice_dist": 0.03351546249149676,
           "rentry_pprice_dist_wallet_exposure_weighting": 0.82690556593115,
           "wallet_exposure_limit": 1}}