{"config_name": "recursive_grid_0days",
 "logging_level": 0,
 "long": {"auto_unstuck_delay_minutes": 904.9947406434911,
          "auto_unstuck_ema_dist": -0.09399676690093967,
          "auto_unstuck_qty_pct": 0.021741212502926505,
          "auto_unstuck_wallet_exposure_threshold": 0.2547265703246677,
          "backwards_tp": true,
          "ddown_factor": 1.5179851568221148,
          "ema_span_0": 1327.4204788153281,
          "ema_span_1": 1008.3429496874716,
          "enabled": true,
          "initial_eprice_ema_dist": -0.014915614832761243,
          "initial_qty_pct": 0.011872857032750388,
          "markup_range": 0.00441133216828404,
          "min_markup": 0.004061302076425527,
          "n_close_orders": 12,
          "rentry_pprice_dist": 0.0238140555191627,
          "rentry_pprice_dist_wallet_exposure_weighting": 0.81116494876772,
          "wallet_exposure_limit": 1},
 "short": {"auto_unstuck_delay_minutes": 1092.7693295717968,
           "auto_unstuck_ema_dist": -0.01835440981491446,
           "auto_unstuck_qty_pct": 0.01,
           "auto_unstuck_wallet_exposure_threshold": 0.5663047366828919,
           "backwards_tp": true,
           "ddown_factor": 0.522679800084151,
           "ema_span_0": 353.6372947836205,
           "ema_span_1": 1440,
           "enabled": true,
           "initial_eprice_ema_dist": 0.003,
           "initial_qty_pct": 0.01,
           "markup_range": 0.0,
           "min_markup": 0.0037724227320637175,
           "n_close_orders": 11,
           "rentry_pprice_dist": 0.005,
           "rentry_pprice_dist_wallet_exposure_weighting": 14.581978360599434,
           "wallet_exposure_limit": 1.0}}