{"config_name": "recursive_grid_0days",
 "logging_level": 0,
 "long": {"auto_unstuck_delay_minutes": 700.6357081970953,
          "auto_unstuck_ema_dist": -0.052925599076185756,
          "auto_unstuck_qty_pct": 0.018516859398697464,
          "auto_unstuck_wallet_exposure_threshold": 0.363981944551347,
          "backwards_tp": true,
          "ddown_factor": 1.8552968911128385,
          "ema_span_0": 760.6878645448418,
          "ema_span_1": 1140.2129215023758,
          "enabled": true,
          "initial_eprice_ema_dist": 0.001357827060828643,
          "initial_qty_pct": 0.013480610303539475,
          "markup_range": 0.0040392739726005985,
          "min_markup": 0.005630202834946819,
          "n_close_orders": 6,
          "rentry_pprice_dist": 0.03291818914453597,
          "rentry_pprice_dist_wallet_exposure_weighting": 5.23744332841466,
          "wallet_exposure_limit": 1.0},
 "short": {"auto_unstuck_delay_minutes": 763.4418181517437,
           "auto_unstuck_ema_dist": -0.011293220197681418,
           "auto_unstuck_qty_pct": 0.04921989974704013,
           "auto_unstuck_wallet_exposure_threshold": 0.6364700579413338,
           "backwards_tp": true,
           "ddown_factor": 1.7092261845659003,
           "ema_span_0": 1042.592433298043,
           "ema_span_1": 1245.5459779139494,
           "enabled": true,
           "initial_eprice_ema_dist": -0.003195233753904795,
           "initial_qty_pct": 0.015507429530820536,
           "markup_range": 0.010407381877063361,
           "min_markup": 0.007914661528328079,
           "n_close_orders": 4,
           "rentry_pprice_dist": 0.03423731931798797,
           "rentry_pprice_dist_wallet_exposure_weighting": 4.48390273174731,
           "wallet_exposure_limit": 1.0}}