{"config_name": "recursive_grid_0days",
 "logging_level": 0,
 "long": {"auto_unstuck_delay_minutes": 1340.3580694829311,
          "auto_unstuck_ema_dist": -0.0499130440540471,
          "auto_unstuck_qty_pct": 0.011147263389662829,
          "auto_unstuck_wallet_exposure_threshold": 0.38876908815985045,
          "backwards_tp": true,
          "ddown_factor": 2.1932983744435997,
          "ema_span_0": 295.34325736350286,
          "ema_span_1": 463.19712668719893,
          "enabled": true,
          "initial_eprice_ema_dist": 0.003,
          "initial_qty_pct": 0.010243943677930595,
          "markup_range": 0.001995624564988456,
          "min_markup": 0.0031037141845810454,
          "n_close_orders": 6,
          "rentry_pprice_dist": 0.0329301805607218,
          "rentry_pprice_dist_wallet_exposure_weighting": 2.253373217684854,
          "wallet_exposure_limit": 1},
 "short": {"auto_unstuck_delay_minutes": 862.6661701551072,
           "auto_unstuck_ema_dist": -0.014013809172232085,
           "auto_unstuck_qty_pct": 0.027974202883970792,
           "auto_unstuck_wallet_exposure_threshold": 0.2780986519212462,
           "backwards_tp": true,
           "ddown_factor": 1.9007041583440303,
           "ema_span_0": 606.944871366759,
           "ema_span_1": 1391.190348573382,
           "enabled": true,
           "initial_eprice_ema_dist": 0.002782309224266478,
           "initial_qty_pct": 0.0165185506817646,
           "markup_range": 0.0013193897994286572,
           "min_markup": 0.003001063285588497,
           "n_close_orders": 9,
           "rentry_pprice_dist": 0.03986403808375164,
           "rentry_pprice_dist_wallet_exposure_weighting": 17.54429941015617,
           "wallet_exposure_limit": 1}}