{"config_name": "recursive_grid_0days",
 "logging_level": 0,
 "long": {"auto_unstuck_delay_minutes": 1250.2126764099833,
          "auto_unstuck_ema_dist": -0.06484934336938583,
          "auto_unstuck_qty_pct": 0.08967011685000899,
          "auto_unstuck_wallet_exposure_threshold": 0.13547358761176562,
          "backwards_tp": true,
          "ddown_factor": 0.8780899318711353,
          "ema_span_0": 1119.6370525177447,
          "ema_span_1": 640.4087703364877,
          "enabled": true,
          "initial_eprice_ema_dist": -0.01039776678713907,
          "initial_qty_pct": 0.011479327069111292,
          "markup_range": 0.012220041126602398,
          "min_markup": 0.009430621442388938,
          "n_close_orders": 10,
          "rentry_pprice_dist": 0.04968834003121463,
          "rentry_pprice_dist_wallet_exposure_weighting": 2.235624056304029,
          "wallet_exposure_limit": 1},
 "short": {"auto_unstuck_delay_minutes": 700.5613696352202,
           "auto_unstuck_ema_dist": -0.059072950149775684,
           "auto_unstuck_qty_pct": 0.020869976675721807,
           "auto_unstuck_wallet_exposure_threshold": 0.40676379197754603,
           "backwards_tp": true,
           "ddown_factor": 1.4263747857227196,
           "ema_span_0": 978.1287120936939,
           "ema_span_1": 738.2866828986187,
           "enabled": true,
           "initial_eprice_ema_dist": 0.0005025554938547656,
           "initial_qty_pct": 0.012992525243584368,
           "markup_range": 0.0040634477360418555,
           "min_markup": 0.008103777563233005,
           "n_close_orders": 11,
           "rentry_pprice_dist": 0.04734537740402093,
           "rentry_pprice_dist_wallet_exposure_weighting": 0.6915333308426989,
           "wallet_exposure_limit": 1}}