{"config_name": "recursive_grid_0days",
 "logging_level": 0,
 "long": {"auto_unstuck_delay_minutes": 1329.3547977286032,
          "auto_unstuck_ema_dist": -0.02570232235032514,
          "auto_unstuck_qty_pct": 0.036636870792339085,
          "auto_unstuck_wallet_exposure_threshold": 0.3504224087334014,
          "backwards_tp": true,
          "ddown_factor": 0.4356614842040477,
          "ema_span_0": 877.5474524205408,
          "ema_span_1": 915.2133208065917,
          "enabled": true,
          "initial_eprice_ema_dist": 0.0021233702796588116,
          "initial_qty_pct": 0.010406000938755511,
          "markup_range": 0.015722352019257237,
          "min_markup": 0.008802024082192172,
          "n_close_orders": 13,
          "rentry_pprice_dist": 0.04495356639233563,
          "rentry_pprice_dist_wallet_exposure_weighting": 0.3238988261801409,
          "wallet_exposure_limit": 1.0},
 "short": {"auto_unstuck_delay_minutes": 1047.388770151157,
           "auto_unstuck_ema_dist": -0.07861121428084135,
           "auto_unstuck_qty_pct": 0.011477165498259893,
           "auto_unstuck_wallet_exposure_threshold": 0.6054281082902808,
           "backwards_tp": true,
           "ddown_factor": 1.2419148896506769,
           "ema_span_0": 1437.4621720486339,
           "ema_span_1": 134.89028302123052,
           "enabled": true,
           "initial_eprice_ema_dist": 0.000991007026715354,
           "initial_qty_pct": 0.01,
           "markup_range": 0.009404488079389347,
           "min_markup": 0.0036691900352486223,
           "n_close_orders": 3,
           "rentry_pprice_dist": 0.05,
           "rentry_pprice_dist_wallet_exposure_weighting": 0.7774192256888247,
           "wallet_exposure_limit": 1.0}}