{"config_name": "recursive_grid_0days",
 "logging_level": 0,
 "long": {"auto_unstuck_delay_minutes": 1178.2526167985427,
          "auto_unstuck_ema_dist": -0.06998222598025104,
          "auto_unstuck_qty_pct": 0.03045049872212685,
          "auto_unstuck_wallet_exposure_threshold": 0.6696656883737954,
          "backwards_tp": true,
          "ddown_factor": 1.034334321946488,
          "ema_span_0": 681.9927971112224,
          "ema_span_1": 433.84130752877667,
          "enabled": true,
          "initial_eprice_ema_dist": -0.019636613910186257,
          "initial_qty_pct": 0.014569396007181377,
          "markup_range": 0.00023549653263647174,
          "min_markup": 0.004335300496676709,
          "n_close_orders": 12,
          "rentry_pprice_dist": 0.028709571797075818,
          "rentry_pprice_dist_wallet_exposure_weighting": 4.433738552021081,
          "wallet_exposure_limit": 1.0},
 "short": {"auto_unstuck_delay_minutes": 1080.689421277476,
           "auto_unstuck_ema_dist": -0.0006892130223884805,
           "auto_unstuck_qty_pct": 0.011243587633196769,
           "auto_unstuck_wallet_exposure_threshold": 0.46025009243548076,
           "backwards_tp": true,
           "ddown_factor": 1.1093171300739098,
           "ema_span_0": 972.2236838364724,
           "ema_span_1": 963.8295577515664,
           "enabled": true,
           "initial_eprice_ema_dist": 0.003,
           "initial_qty_pct": 0.016301641610812333,
           "markup_range": 0.0010408932979570494,
           "min_markup": 0.002477322800634059,
           "n_close_orders": 9,
           "rentry_pprice_dist": 0.027091724833210765,
           "rentry_pprice_dist_wallet_exposure_weighting": 11.531284875668135,
           "wallet_exposure_limit": 1.0}}