{"config_name": "recursive_grid_0days",
 "logging_level": 0,
 "long": {"auto_unstuck_delay_minutes": 1432.9054877991916,
          "auto_unstuck_ema_dist": -0.056249317424465824,
          "auto_unstuck_qty_pct": 0.010329159326857252,
          "auto_unstuck_wallet_exposure_threshold": 0.40120993232564806,
          "backwards_tp": true,
          "ddown_factor": 0.5912278395641893,
          "ema_span_0": 1278.158205997059,
          "ema_span_1": 868.6484498245891,
          "enabled": true,
          "initial_eprice_ema_dist": 0.002918840677533508,
          "initial_qty_pct": 0.011078568271797849,
          "markup_range": 0.008774107991270793,
          "min_markup": 0.0083130089286466,
          "n_close_orders": 4,
          "rentry_pprice_dist": 0.04419898935777256,
          "rentry_pprice_dist_wallet_exposure_weighting": 0.0,
          "wallet_exposure_limit": 1.0},
 "short": {"auto_unstuck_delay_minutes": 604.8792153080825,
           "auto_unstuck_ema_dist": -0.001853100616287836,
           "auto_unstuck_qty_pct": 0.042043272500399693,
           "auto_unstuck_wallet_exposure_threshold": 0.7782522851377379,
           "backwards_tp": true,
           "ddown_factor": 1.4777716987881295,
           "ema_span_0": 966.5095626500749,
           "ema_span_1": 727.4551973670439,
           "enabled": true,
           "initial_eprice_ema_dist": -0.0011991006233535897,
           "initial_qty_pct": 0.017320199069556924,
           "markup_range": 0.005602340433756267,
           "min_markup": 0.0076048490905550725,
           "n_close_orders": 11,
           "rentry_pprice_dist": 0.04527606892552375,
           "rentry_pprice_dist_wallet_exposure_weighting": 3.92041258077347,
           "wallet_exposure_limit": 1.0}}