{"config_name": "recursive_grid_0days",
 "logging_level": 0,
 "long": {"auto_unstuck_delay_minutes": 985.2017849579449,
          "auto_unstuck_ema_dist": -0.023378153401603537,
          "auto_unstuck_qty_pct": 0.022070244023777084,
          "auto_unstuck_wallet_exposure_threshold": 0.27480787660526457,
          "backwards_tp": true,
          "ddown_factor": 1.179697567219471,
          "ema_span_0": 823.0366469086534,
          "ema_span_1": 976.3246152898656,
          "enabled": true,
          "initial_eprice_ema_dist": -0.0017140863429902474,
          "initial_qty_pct": 0.014058525010545098,
          "markup_range": 0.00018532931824882223,
          "min_markup": 0.002280893908558229,
          "n_close_orders": 11,
          "rentry_pprice_dist": 0.03205615816903649,
          "rentry_pprice_dist_wallet_exposure_weighting": 8.015088960078147,
          "wallet_exposure_limit": 1},
 "short": {"auto_unstuck_delay_minutes": 851.3786579639075,
           "auto_unstuck_ema_dist": -0.05356076870047425,
           "auto_unstuck_qty_pct": 0.09122179349519374,
           "auto_unstuck_wallet_exposure_threshold": 0.16990946756240455,
           "backwards_tp": true,
           "ddown_factor": 0.13895769806822006,
           "ema_span_0": 593.6994695970742,
           "ema_span_1": 346.5178180246216,
           "enabled": true,
           "initial_eprice_ema_dist": -0.012317695889953148,
           "initial_qty_pct": 0.010646978159658043,
           "markup_range": 0.0035751412565706857,
           "min_markup": 0.004524027198142064,
           "n_close_orders": 6,
           "rentry_pprice_dist": 0.03097564697553242,
           "rentry_pprice_dist_wallet_exposure_weighting": 12.927818997717173,
           "wallet_exposure_limit": 1}}