{"config_name": "recursive_grid_0days",
 "logging_level": 0,
 "long": {"auto_unstuck_delay_minutes": 1152.559527357442,
          "auto_unstuck_ema_dist": -0.08512805070919303,
          "auto_unstuck_qty_pct": 0.012152217082469208,
          "auto_unstuck_wallet_exposure_threshold": 0.10500174205770166,
          "backwards_tp": true,
          "ddown_factor": 2.736882867458632,
          "ema_span_0": 425.2396028163725,
          "ema_span_1": 1227.6579283198496,
          "enabled": true,
          "initial_eprice_ema_dist": 0.0029314464349996902,
          "initial_qty_pct": 0.012547339465654919,
          "markup_range": 0.0020852667679600984,
          "min_markup": 0.00535581163010827,
          "n_close_orders": 5,
          "rentry_pprice_dist": 0.04344384582108559,
          "rentry_pprice_dist_wallet_exposure_weighting": 1.545650266206948,
          "wallet_exposure_limit": 1.0},
 "short": {"auto_unstuck_delay_minutes": 755.0872922251828,
           "auto_unstuck_ema_dist": -0.02273079978693827,
           "auto_unstuck_qty_pct": 0.015248235384753419,
           "auto_unstuck_wallet_exposure_threshold": 0.4469573463517241,
           "backwards_tp": true,
           "ddown_factor": 2.6333243618868143,
           "ema_span_0": 1045.0415269413502,
           "ema_span_1": 1045.7137054121943,
           "enabled": true,
           "initial_eprice_ema_dist": -0.0006250004699011116,
           "initial_qty_pct": 0.01038862613237722,
           "markup_range": 0.003563432566419622,
           "min_markup": 0.0029839402302166474,
           "n_close_orders": 8,
           "rentry_pprice_dist": 0.02813202655924393,
           "rentry_pprice_dist_wallet_exposure_weighting": 16.696497401494558,
           "wallet_exposure_limit": 1.0}}