{"config_name": "recursive_grid_0days",
 "logging_level": 0,
 "long": {"auto_unstuck_delay_minutes": 1426.8432725392668,
          "auto_unstuck_ema_dist": -0.0537457052295863,
          "auto_unstuck_qty_pct": 0.06845140103384849,
          "auto_unstuck_wallet_exposure_threshold": 0.14000629596631145,
          "backwards_tp": true,
          "ddown_factor": 0.10296237162534044,
          "ema_span_0": 1426.5816725177046,
          "ema_span_1": 110.82412535626743,
          "enabled": true,
          "initial_eprice_ema_dist": 0.001676575955512243,
          "initial_qty_pct": 0.040718197832064686,
          "markup_range": 0.001653235585679397,
          "min_markup": 0.008704813107931636,
          "n_close_orders": 8,
          "rentry_pprice_dist": 0.043154142723672996,
          "rentry_pprice_dist_wallet_exposure_weighting": 0.476104660019888,
          "wallet_exposure_limit": 1},
 "short": {"auto_unstuck_delay_minutes": 1105.0823704359764,
           "auto_unstuck_ema_dist": -0.037732677892204754,
           "auto_unstuck_qty_pct": 0.01336652282437937,
           "auto_unstuck_wallet_exposure_threshold": 0.17028964041107603,
           "backwards_tp": true,
           "ddown_factor": 2.6637813817235907,
           "ema_span_0": 1013.7483874558881,
           "ema_span_1": 523.9362447353836,
           "enabled": true,
           "initial_eprice_ema_dist": -0.0018984902891632756,
           "initial_qty_pct": 0.010166833986828638,
           "markup_range": 0.0012169099850839584,
           "min_markup": 0.004200455243126506,
           "n_close_orders": 3,
           "rentry_pprice_dist": 0.03320686316073599,
           "rentry_pprice_dist_wallet_exposure_weighting": 12.779899554241695,
           "wallet_exposure_limit": 1}}