{"config_name": "recursive_grid_0days",
 "logging_level": 0,
 "long": {"auto_unstuck_delay_minutes": 1158.6043876899034,
          "auto_unstuck_ema_dist": -0.020454455381802242,
          "auto_unstuck_qty_pct": 0.02643525054800338,
          "auto_unstuck_wallet_exposure_threshold": 0.577254858339164,
          "backwards_tp": true,
          "ddown_factor": 2.999741627773494,
          "ema_span_0": 565.4108700494647,
          "ema_span_1": 1179.864916183485,
          "enabled": true,
          "initial_eprice_ema_dist": 0.002039966535125256,
          "initial_qty_pct": 0.016215295047991962,
          "markup_range": 0.0,
          "min_markup": 0.0045716191458825715,
          "n_close_orders": 11,
          "rentry_pprice_dist": 0.04759115060085173,
          "rentry_pprice_dist_wallet_exposure_weighting": 0.07250220870815746,
          "wallet_exposure_limit": 1.0},
 "short": {"auto_unstuck_delay_minutes": 1028.531124004601,
           "auto_unstuck_ema_dist": -0.014143982181803384,
           "auto_unstuck_qty_pct": 0.013108933247628107,
           "auto_unstuck_wallet_exposure_threshold": 0.503281705121865,
           "backwards_tp": true,
           "ddown_factor": 1.4077801165553514,
           "ema_span_0": 708.5540243238498,
           "ema_span_1": 429.4783039951395,
           "enabled": true,
           "initial_eprice_ema_dist": 0.0017778527843470464,
           "initial_qty_pct": 0.012746146034437219,
           "markup_range": 0.004729203207199757,
           "min_markup": 0.005741733179453156,
           "n_close_orders": 5,
           "rentry_pprice_dist": 0.044819353201280644,
           "rentry_pprice_dist_wallet_exposure_weighting": 0.15802956604297766,
           "wallet_exposure_limit": 1.0}}