{"config_name": "recursive_grid_0days",
 "logging_level": 0,
 "long": {"auto_unstuck_delay_minutes": 858.9120509049447,
          "auto_unstuck_ema_dist": -0.025186318663159925,
          "auto_unstuck_qty_pct": 0.010765006854872246,
          "auto_unstuck_wallet_exposure_threshold": 0.2617268582249943,
          "backwards_tp": true,
          "ddown_factor": 0.3191326770188785,
          "ema_span_0": 1176.1146877147062,
          "ema_span_1": 423.45577642854465,
          "enabled": true,
          "initial_eprice_ema_dist": -0.08005963311537093,
          "initial_qty_pct": 0.012626582262506271,
          "markup_range": 0.0032991495754256827,
          "min_markup": 0.003375833907375293,
          "n_close_orders": 11,
          "rentry_pprice_dist": 0.029879667152032163,
          "rentry_pprice_dist_wallet_exposure_weighting": 0.9238510481158029,
          "wallet_exposure_limit": 1.0},
 "short": {"auto_unstuck_delay_minutes": 770.3927178175928,
           "auto_unstuck_ema_dist": -0.079974396187808,
           "auto_unstuck_qty_pct": 0.05694204475063293,
           "auto_unstuck_wallet_exposure_threshold": 0.1315710846721687,
           "backwards_tp": true,
           "ddown_factor": 0.5058582405050233,
           "ema_span_0": 923.7057782718896,
           "ema_span_1": 1386.6845458978403,
           "enabled": true,
           "initial_eprice_ema_dist": 0.0004323184531561842,
           "initial_qty_pct": 0.01610427637647136,
           "markup_range": 0.006871434838658023,
           "min_markup": 0.008416547049621949,
           "n_close_orders": 12,
           "rentry_pprice_dist": 0.04238891152022957,
           "rentry_pprice_dist_wallet_exposure_weighting": 1.1753109986824162,
           "wallet_exposure_limit": 1.0}}