{"config_name": "recursive_grid_0days",
 "logging_level": 0,
 "long": {"auto_unstuck_delay_minutes": 1252.417244006212,
          "auto_unstuck_ema_dist": -0.021418935802747965,
          "auto_unstuck_qty_pct": 0.016499001365354968,
          "auto_unstuck_wallet_exposure_threshold": 0.5340582783425477,
          "backwards_tp": true,
          "ddown_factor": 0.47449266679456903,
          "ema_span_0": 354.2302388158089,
          "ema_span_1": 750.355170444691,
          "enabled": true,
          "initial_eprice_ema_dist": -0.025835374370999316,
          "initial_qty_pct": 0.010639158233023555,
          "markup_range": 0.001697074404277472,
          "min_markup": 0.00522191633285658,
          "n_close_orders": 7,
          "rentry_pprice_dist": 0.04105662138057723,
          "rentry_pprice_dist_wallet_exposure_weighting": 3.780871214915995,
          "wallet_exposure_limit": 1},
 "short": {"auto_unstuck_delay_minutes": 1028.028578335184,
           "auto_unstuck_ema_dist": -0.040154501388253064,
           "auto_unstuck_qty_pct": 0.021182087724146734,
           "auto_unstuck_wallet_exposure_threshold": 0.2744657639665117,
           "backwards_tp": true,
           "ddown_factor": 1.3815792724134932,
           "ema_span_0": 1326.7432829077384,
           "ema_span_1": 1161.0339976410737,
           "enabled": true,
           "initial_eprice_ema_dist": -0.0011400799244109287,
           "initial_qty_pct": 0.014087319892400864,
           "markup_range": 0.0061135328802382986,
           "min_markup": 0.006452005813818132,
           "n_close_orders": 12,
           "rentry_pprice_dist": 0.023395653088993513,
           "rentry_pprice_dist_wallet_exposure_weighting": 5.590728239685076,
           "wallet_exposure_limit": 1}}