{"config_name": "recursive_grid_0days",
 "logging_level": 0,
 "long": {"auto_unstuck_delay_minutes": 739.9793485670867,
          "auto_unstuck_ema_dist": -0.04726699669646778,
          "auto_unstuck_qty_pct": 0.030867522453931567,
          "auto_unstuck_wallet_exposure_threshold": 0.45675557567135283,
          "backwards_tp": true,
          "ddown_factor": 0.5593563404929264,
          "ema_span_0": 426.6316366478849,
          "ema_span_1": 176.3353916740571,
          "enabled": true,
          "initial_eprice_ema_dist": -0.0843605136547385,
          "initial_qty_pct": 0.013385292768003673,
          "markup_range": 0.006489201535921158,
          "min_markup": 0.008707892079760745,
          "n_close_orders": 10,
          "rentry_pprice_dist": 0.04888123178825347,
          "rentry_pprice_dist_wallet_exposure_weighting": 3.121664431603514,
          "wallet_exposure_limit": 1},
 "short": {"auto_unstuck_delay_minutes": 285.6234505056953,
           "auto_unstuck_ema_dist": -0.006169634270834493,
           "auto_unstuck_qty_pct": 0.08542872503580161,
           "auto_unstuck_wallet_exposure_threshold": 0.3438491355889116,
           "backwards_tp": true,
           "ddown_factor": 2.834198976108729,
           "ema_span_0": 1108.4937215052462,
           "ema_span_1": 1319.5359981553352,
           "enabled": true,
           "initial_eprice_ema_dist": -0.012031242038107709,
           "initial_qty_pct": 0.02352105540694183,
           "markup_range": 0.002220487031831374,
           "min_markup": 0.002659176671328884,
           "n_close_orders": 15,
           "rentry_pprice_dist": 0.027430857785321568,
           "rentry_pprice_dist_wallet_exposure_weighting": 0.9884053323911303,
           "wallet_exposure_limit": 1}}