{"config_name": "recursive_grid_0days",
 "logging_level": 0,
 "long": {"auto_unstuck_delay_minutes": 1329.3547977286032,
          "auto_unstuck_ema_dist": -0.02570232235032514,
          "auto_unstuck_qty_pct": 0.036636870792339085,
          "auto_unstuck_wallet_exposure_threshold": 0.3504224087334014,
          "backwards_tp": true,
          "ddown_factor": 0.4356614842040477,
          "ema_span_0": 877.5474524205408,
          "ema_span_1": 915.2133208065917,
          "enabled": true,
          "initial_eprice_ema_dist": 0.0021233702796588116,
          "initial_qty_pct": 0.010406000938755511,
          "markup_range": 0.015722352019257237,
          "min_markup": 0.008802024082192172,
          "n_close_orders": 13,
          "rentry_pprice_dist": 0.04495356639233563,
          "rentry_pprice_dist_wallet_exposure_weighting": 0.3238988261801409,
          "wallet_exposure_limit": 1},
 "short": {"auto_unstuck_delay_minutes": 1.133590120987681,
           "auto_unstuck_ema_dist": -0.0664767643547855,
           "auto_unstuck_qty_pct": 0.018605667048078367,
           "auto_unstuck_wallet_exposure_threshold": 0.7742578216478697,
           "backwards_tp": true,
           "ddown_factor": 0.20278360704213827,
           "ema_span_0": 154.5599272358244,
           "ema_span_1": 1231.0969620873752,
           "enabled": true,
           "initial_eprice_ema_dist": -0.046987987454892195,
           "initial_qty_pct": 0.011116774912808925,
           "markup_range": 4.864205520845488e-05,
           "min_markup": 0.0022461444428992575,
           "n_close_orders": 8,
           "rentry_pprice_dist": 0.03439328327538153,
           "rentry_pprice_dist_wallet_exposure_weighting": 11.458435171750244,
           "wallet_exposure_limit": 1}}