{"config_name": "recursive_grid_0days",
 "logging_level": 0,
 "long": {"auto_unstuck_delay_minutes": 1211.6068399986273,
          "auto_unstuck_ema_dist": 0.0004512353455101662,
          "auto_unstuck_qty_pct": 0.022925405626570538,
          "auto_unstuck_wallet_exposure_threshold": 0.727862361703627,
          "backwards_tp": true,
          "ddown_factor": 2.88220745208764,
          "ema_span_0": 317.6661820543112,
          "ema_span_1": 117.01351808572508,
          "enabled": true,
          "initial_eprice_ema_dist": 0.0007690926413611972,
          "initial_qty_pct": 0.013054522243453867,
          "markup_range": 0.000305597414152302,
          "min_markup": 0.0024382279640816486,
          "n_close_orders": 9,
          "rentry_pprice_dist": 0.03459656312182234,
          "rentry_pprice_dist_wallet_exposure_weighting": 0.981309916891,
          "wallet_exposure_limit": 1.0},
 "short": {"auto_unstuck_delay_minutes": 235.19346154027772,
           "auto_unstuck_ema_dist": -0.06486281937851744,
           "auto_unstuck_qty_pct": 0.019068084485495455,
           "auto_unstuck_wallet_exposure_threshold": 0.48587747721765123,
           "backwards_tp": true,
           "ddown_factor": 0.7850550274986035,
           "ema_span_0": 1299.4082933927612,
           "ema_span_1": 147.31177228056185,
           "enabled": true,
           "initial_eprice_ema_dist": -0.02226525082895818,
           "initial_qty_pct": 0.010017171519438255,
           "markup_range": 0.0029209510100526893,
           "min_markup": 0.003539198052467147,
           "n_close_orders": 14,
           "rentry_pprice_dist": 0.04490404607253885,
           "rentry_pprice_dist_wallet_exposure_weighting": 12.402824011487995,
           "wallet_exposure_limit": 1.0}}