{"config_name": "recursive_grid_0days",
 "logging_level": 0,
 "long": {"auto_unstuck_delay_minutes": 857.9352163512979,
          "auto_unstuck_ema_dist": 0.0014175579215003483,
          "auto_unstuck_qty_pct": 0.010343324839004193,
          "auto_unstuck_wallet_exposure_threshold": 0.14528765565874516,
          "backwards_tp": true,
          "ddown_factor": 2.9997053680425205,
          "ema_span_0": 203.7858595156725,
          "ema_span_1": 721.405235407679,
          "enabled": true,
          "initial_eprice_ema_dist": 0.002943705873177678,
          "initial_qty_pct": 0.01356574411908951,
          "markup_range": 0.002575633644852081,
          "min_markup": 0.006489057687649006,
          "n_close_orders": 15,
          "rentry_pprice_dist": 0.034405568823008166,
          "rentry_pprice_dist_wallet_exposure_weighting": 2.883300831934505,
          "wallet_exposure_limit": 1.0},
 "short": {"auto_unstuck_delay_minutes": 1028.028578335184,
           "auto_unstuck_ema_dist": -0.040154501388253064,
           "auto_unstuck_qty_pct": 0.021182087724146734,
           "auto_unstuck_wallet_exposure_threshold": 0.2744657639665117,
           "backwards_tp": true,
           "ddown_factor": 1.3815792724134932,
           "ema_span_0": 1326.7432829077384,
           "ema_span_1": 1161.0339976410737,
           "enabled": true,
           "initial_eprice_ema_dist": -0.0011400799244109287,
           "initial_qty_pct": 0.014087319892400864,
           "markup_range": 0.0061135328802382986,
           "min_markup": 0.006452005813818132,
           "n_close_orders": 12,
           "rentry_pprice_dist": 0.023395653088993513,
           "rentry_pprice_dist_wallet_exposure_weighting": 5.590728239685076,
           "wallet_exposure_limit": 1.0}}