{"config_name": "clock_0days",
 "long": {"backwards_tp": true,
          "delay_between_fills_minutes_close": 839.1801799896591,
          "delay_between_fills_minutes_entry": 644.261028669426,
          "delay_weight_close": 58.34127596735245,
          "delay_weight_entry": 7.664243878066273,
          "ema_dist_close": 0.0002846716507897707,
          "ema_dist_entry": 0.002559137808281017,
          "ema_span_0": 1273.2870006819821,
          "ema_span_1": 815.7100077515217,
          "enabled": true,
          "markup_range": 0.05416952302916918,
          "min_markup": 0.006513797389018672,
          "n_close_orders": 11,
          "qty_pct_close": 0.014734855719935276,
          "qty_pct_entry": 0.010000179802596482,
          "wallet_exposure_limit": 1,
          "we_multiplier_close": 0,
          "we_multiplier_entry": 36.4809116933829},
 "short": {"backwards_tp": true,
           "delay_between_fills_minutes_close": 955.5776579023875,
           "delay_between_fills_minutes_entry": 242.97544881281078,
           "delay_weight_close": 90.74566514717702,
           "delay_weight_entry": 12.988550145257186,
           "ema_dist_close": 0.0026001936267315753,
           "ema_dist_entry": -0.004864498779125685,
           "ema_span_0": 159.56397528297634,
           "ema_span_1": 972.4868060961741,
           "enabled": true,
           "markup_range": 0.003335160573084139,
           "min_markup": 0.0050711121879614286,
           "n_close_orders": 10,
           "qty_pct_close": 0.010633269605017365,
           "qty_pct_entry": 0.015240460341530346,
           "wallet_exposure_limit": 1,
           "we_multiplier_close": 0,
           "we_multiplier_entry": 42.56884348115593}}