{"config_name": "clock_0days",
 "long": {"backwards_tp": true,
          "delay_between_fills_minutes_close": 638.26857551682,
          "delay_between_fills_minutes_entry": 375.9215142030756,
          "delay_weight_close": 56.22147981434775,
          "delay_weight_entry": 70.46091912135594,
          "ema_dist_close": -0.0055567561297844995,
          "ema_dist_entry": 1.9387270791002715e-05,
          "ema_span_0": 1242.1215036806868,
          "ema_span_1": 1287.40880814886,
          "enabled": true,
          "markup_range": 0.003257583294477592,
          "min_markup": 0.0013497355477332463,
          "n_close_orders": 6,
          "qty_pct_close": 0.01,
          "qty_pct_entry": 0.010039019082963393,
          "wallet_exposure_limit": 1,
          "we_multiplier_close": 0,
          "we_multiplier_entry": 38.01024433021802},
 "short": {"backwards_tp": true,
           "delay_between_fills_minutes_close": 897.9004201983784,
           "delay_between_fills_minutes_entry": 675.180796654765,
           "delay_weight_close": 0.011213604046964261,
           "delay_weight_entry": 12.04765419786439,
           "ema_dist_close": -0.002164652088403749,
           "ema_dist_entry": -0.0012361830797100004,
           "ema_span_0": 1274.8305437295428,
           "ema_span_1": 561.2735621725376,
           "enabled": true,
           "markup_range": 0.007351269707813335,
           "min_markup": 0.007460256796595262,
           "n_close_orders": 11,
           "qty_pct_close": 0.027965752213135072,
           "qty_pct_entry": 0.01532582921581298,
           "wallet_exposure_limit": 1,
           "we_multiplier_close": 0,
           "we_multiplier_entry": 50}}