{"config_name": "clock_0days",
 "long": {"backwards_tp": true,
          "delay_between_fills_minutes_close": 1424.7180571887138,
          "delay_between_fills_minutes_entry": 1194.4758580976995,
          "delay_weight_close": 48.36738016103076,
          "delay_weight_entry": 84.07087551664155,
          "ema_dist_close": 0.001779566648864142,
          "ema_dist_entry": 0.0013704399252430926,
          "ema_span_0": 1213.7797716255177,
          "ema_span_1": 35.687319947457745,
          "enabled": true,
          "markup_range": 0.003466437442690177,
          "min_markup": 0.002261938020049302,
          "n_close_orders": 4,
          "qty_pct_close": 0.047989134373515915,
          "qty_pct_entry": 0.01,
          "wallet_exposure_limit": 1,
          "we_multiplier_close": 0,
          "we_multiplier_entry": 17.444142236481294},
 "short": {"backwards_tp": true,
           "delay_between_fills_minutes_close": 1124.4186742504526,
           "delay_between_fills_minutes_entry": 285.1714037675292,
           "delay_weight_close": 34.19130973481907,
           "delay_weight_entry": 13.146625315104457,
           "ema_dist_close": -0.00829607679827095,
           "ema_dist_entry": -0.014357514140350877,
           "ema_span_0": 1371.1638433013538,
           "ema_span_1": 137.5794991173445,
           "enabled": true,
           "markup_range": 0.005055143768724704,
           "min_markup": 0.004949399695602308,
           "n_close_orders": 6,
           "qty_pct_close": 0.014201732895870999,
           "qty_pct_entry": 0.012281233441579827,
           "wallet_exposure_limit": 1,
           "we_multiplier_close": 0,
           "we_multiplier_entry": 36.26591730679152}}