{"config_name": "clock_0days",
 "long": {"backwards_tp": true,
          "delay_between_fills_minutes_close": 743.511695084353,
          "delay_between_fills_minutes_entry": 737.184113473903,
          "delay_weight_close": 0.0723833098903097,
          "delay_weight_entry": 12.586867824488298,
          "ema_dist_close": -0.0010871541543948985,
          "ema_dist_entry": 0.0007505459056545043,
          "ema_span_0": 1081.1680101954232,
          "ema_span_1": 1360.9087753198803,
          "enabled": true,
          "markup_range": 0.026824188767557024,
          "min_markup": 0.004346337159798564,
          "n_close_orders": 5,
          "qty_pct_close": 0.01982107434383019,
          "qty_pct_entry": 0.010084154455354715,
          "wallet_exposure_limit": 1,
          "we_multiplier_close": 0,
          "we_multiplier_entry": 28.620082870010325},
 "short": {"backwards_tp": true,
           "delay_between_fills_minutes_close": 657.9354817888292,
           "delay_between_fills_minutes_entry": 973.0712075310287,
           "delay_weight_close": 4.137670342816308,
           "delay_weight_entry": 11.218845722637502,
           "ema_dist_close": 0.002982592354752991,
           "ema_dist_entry": -0.008881273694416715,
           "ema_span_0": 643.0134463024921,
           "ema_span_1": 1235.329628477941,
           "enabled": true,
           "markup_range": 0.03289901251253172,
           "min_markup": 0.0056128720996133745,
           "n_close_orders": 3,
           "qty_pct_close": 0.01049797659028328,
           "qty_pct_entry": 0.012466293291526495,
           "wallet_exposure_limit": 1,
           "we_multiplier_close": 0,
           "we_multiplier_entry": 43.43682523409672}}