{"config_name": "clock_0days",
 "long": {"backwards_tp": true,
          "delay_between_fills_minutes_close": 998.283100095386,
          "delay_between_fills_minutes_entry": 1353.9409151401867,
          "delay_weight_close": 23.998700533855594,
          "delay_weight_entry": 29.208246411345336,
          "ema_dist_close": 0.0003477238347567329,
          "ema_dist_entry": 0.0012639934251844486,
          "ema_span_0": 1044.0114215350177,
          "ema_span_1": 1212.3195550389867,
          "enabled": true,
          "markup_range": 0.008305561421068789,
          "min_markup": 0.00838610468114567,
          "n_close_orders": 13,
          "qty_pct_close": 0.014025191308656305,
          "qty_pct_entry": 0.010729640997343774,
          "wallet_exposure_limit": 1,
          "we_multiplier_close": 0,
          "we_multiplier_entry": 38.19873304895643},
 "short": {"backwards_tp": true,
           "delay_between_fills_minutes_close": 955.5776579023875,
           "delay_between_fills_minutes_entry": 242.97544881281078,
           "delay_weight_close": 90.74566514717702,
           "delay_weight_entry": 12.988550145257186,
           "ema_dist_close": 0.0026001936267315753,
           "ema_dist_entry": -0.004864498779125685,
           "ema_span_0": 159.56397528297634,
           "ema_span_1": 972.4868060961741,
           "enabled": true,
           "markup_range": 0.003335160573084139,
           "min_markup": 0.0050711121879614286,
           "n_close_orders": 10,
           "qty_pct_close": 0.010633269605017365,
           "qty_pct_entry": 0.015240460341530346,
           "wallet_exposure_limit": 1,
           "we_multiplier_close": 0,
           "we_multiplier_entry": 42.56884348115593}}