{"config_name": "clock_0days",
 "long": {"backwards_tp": true,
          "delay_between_fills_minutes_close": 1370.0016141920605,
          "delay_between_fills_minutes_entry": 1202.7114676731842,
          "delay_weight_close": 50.389294725772416,
          "delay_weight_entry": 5.746580200460412,
          "ema_dist_close": 0.0028328575815906747,
          "ema_dist_entry": -0.005723235969645436,
          "ema_span_0": 312.1344406190465,
          "ema_span_1": 1363.3191615225846,
          "enabled": true,
          "markup_range": 0.05898444891935176,
          "min_markup": 0.00900433482828235,
          "n_close_orders": 7,
          "qty_pct_close": 0.010561583492291823,
          "qty_pct_entry": 0.013273141877125366,
          "wallet_exposure_limit": 1,
          "we_multiplier_close": 0,
          "we_multiplier_entry": 10.167876684260362},
 "short": {"backwards_tp": true,
           "delay_between_fills_minutes_close": 1439.7883440996302,
           "delay_between_fills_minutes_entry": 442.79311910935394,
           "delay_weight_close": 0.9561158719284885,
           "delay_weight_entry": 12.579981925884814,
           "ema_dist_close": 0.0029074011076066805,
           "ema_dist_entry": 0.0029997478348963956,
           "ema_span_0": 818.243128725334,
           "ema_span_1": 883.7670898464805,
           "enabled": true,
           "markup_range": 0.0016745322814163618,
           "min_markup": 0.0028152109542536837,
           "n_close_orders": 3,
           "qty_pct_close": 0.010123547332678545,
           "qty_pct_entry": 0.011133379871535442,
           "wallet_exposure_limit": 1,
           "we_multiplier_close": 0,
           "we_multiplier_entry": 48.39004155478513}}