{"config_name": "clock_0days",
 "long": {"backwards_tp": true,
          "delay_between_fills_minutes_close": 1231.1135225921125,
          "delay_between_fills_minutes_entry": 1245.9933234935468,
          "delay_weight_close": 51.10860085832518,
          "delay_weight_entry": 10.249204681845477,
          "ema_dist_close": -0.008398034951875006,
          "ema_dist_entry": -0.0008022406743282484,
          "ema_span_0": 540.2399514628768,
          "ema_span_1": 1130.691172767897,
          "enabled": true,
          "markup_range": 0.05939620556469505,
          "min_markup": 0.0098687526642422,
          "n_close_orders": 10,
          "qty_pct_close": 0.011044434979374955,
          "qty_pct_entry": 0.011625971321085142,
          "wallet_exposure_limit": 1,
          "we_multiplier_close": 0,
          "we_multiplier_entry": 8.181629965877347},
 "short": {"backwards_tp": true,
           "delay_between_fills_minutes_close": 1033.3242697051262,
           "delay_between_fills_minutes_entry": 331.6381768122269,
           "delay_weight_close": 4.870267240277105,
           "delay_weight_entry": 20.497139391207572,
           "ema_dist_close": 0.0023553147068376616,
           "ema_dist_entry": -0.010177534535963062,
           "ema_span_0": 421.3354277615984,
           "ema_span_1": 713.4885052437176,
           "enabled": true,
           "markup_range": 0.010372997741224289,
           "min_markup": 0.0025836842379023035,
           "n_close_orders": 4,
           "qty_pct_close": 0.014818591972418011,
           "qty_pct_entry": 0.010235873297106929,
           "wallet_exposure_limit": 1,
           "we_multiplier_close": 0,
           "we_multiplier_entry": 45.70510958773345}}