{"config_name": "clock_0days",
 "long": {"backwards_tp": true,
          "delay_between_fills_minutes_close": 1348.2932639754804,
          "delay_between_fills_minutes_entry": 1296.331528972186,
          "delay_weight_close": 7.851709771966389,
          "delay_weight_entry": 25.793963092818164,
          "ema_dist_close": 0.002916693007996688,
          "ema_dist_entry": 0.0027927571443207917,
          "ema_span_0": 1360.5706926037635,
          "ema_span_1": 39.15577003390894,
          "enabled": true,
          "markup_range": 0.012486665897733111,
          "min_markup": 0.009166665089356719,
          "n_close_orders": 2,
          "qty_pct_close": 0.010192081613708789,
          "qty_pct_entry": 0.012489059273803244,
          "wallet_exposure_limit": 1,
          "we_multiplier_close": 0,
          "we_multiplier_entry": 2.6889008580716114},
 "short": {"backwards_tp": true,
           "delay_between_fills_minutes_close": 1325.0286270059273,
           "delay_between_fills_minutes_entry": 590.5395382856542,
           "delay_weight_close": 73.86409969774728,
           "delay_weight_entry": 11.63606726174301,
           "ema_dist_close": -0.005796864529819415,
           "ema_dist_entry": -7.570223063483808e-05,
           "ema_span_0": 1286.6537997748628,
           "ema_span_1": 691.0788579399167,
           "enabled": true,
           "markup_range": 0.012768451198535615,
           "min_markup": 0.00894371721026067,
           "n_close_orders": 11,
           "qty_pct_close": 0.011654886439630101,
           "qty_pct_entry": 0.01906752780366286,
           "wallet_exposure_limit": 1,
           "we_multiplier_close": 0,
           "we_multiplier_entry": 46.319277142923205}}