{"config_name": "clock_0days",
 "long": {"backwards_tp": true,
          "delay_between_fills_minutes_close": 1383.82873112594,
          "delay_between_fills_minutes_entry": 1158.5460878493345,
          "delay_weight_close": 65.96102480121154,
          "delay_weight_entry": 19.06963873921997,
          "ema_dist_close": 0.0016895333683320222,
          "ema_dist_entry": 0.0013689308291749533,
          "ema_span_0": 266.48145981258114,
          "ema_span_1": 941.7353388173117,
          "enabled": true,
          "markup_range": 0.006110203829272311,
          "min_markup": 0.004663560191386829,
          "n_close_orders": 6,
          "qty_pct_close": 0.01224055733773456,
          "qty_pct_entry": 0.02531643553044907,
          "wallet_exposure_limit": 1,
          "we_multiplier_close": 0,
          "we_multiplier_entry": 41.023874038667074},
 "short": {"backwards_tp": true,
           "delay_between_fills_minutes_close": 873.378217689891,
           "delay_between_fills_minutes_entry": 187.37255255563213,
           "delay_weight_close": 80.8159629672552,
           "delay_weight_entry": 15.01975489112832,
           "ema_dist_close": 0.0013367915570242329,
           "ema_dist_entry": -0.006958024745967752,
           "ema_span_0": 244.21034326640392,
           "ema_span_1": 378.7883817959548,
           "enabled": true,
           "markup_range": 0.004064046500505916,
           "min_markup": 0.0028625583770335895,
           "n_close_orders": 6,
           "qty_pct_close": 0.04032499981472366,
           "qty_pct_entry": 0.01991918186316874,
           "wallet_exposure_limit": 1,
           "we_multiplier_close": 0,
           "we_multiplier_entry": 29.857527864035568}}