{"config_name": "clock_0days",
 "long": {"backwards_tp": true,
          "delay_between_fills_minutes_close": 1312.0602954968158,
          "delay_between_fills_minutes_entry": 1288.3010053035753,
          "delay_weight_close": 29.311001384301854,
          "delay_weight_entry": 23.426831418062886,
          "ema_dist_close": 0.0022587983376774947,
          "ema_dist_entry": 0.0023789232428968188,
          "ema_span_0": 595.3555943508433,
          "ema_span_1": 1247.786570339029,
          "enabled": true,
          "markup_range": 0.006637192171488077,
          "min_markup": 0.006544743500063032,
          "n_close_orders": 13,
          "qty_pct_close": 0.01105875848325817,
          "qty_pct_entry": 0.012817132536529531,
          "wallet_exposure_limit": 1,
          "we_multiplier_close": 0,
          "we_multiplier_entry": 38.564073227379865},
 "short": {"backwards_tp": true,
           "delay_between_fills_minutes_close": 1033.3242697051262,
           "delay_between_fills_minutes_entry": 331.6381768122269,
           "delay_weight_close": 4.870267240277105,
           "delay_weight_entry": 20.497139391207572,
           "ema_dist_close": 0.0023553147068376616,
           "ema_dist_entry": -0.010177534535963062,
           "ema_span_0": 421.3354277615984,
           "ema_span_1": 713.4885052437176,
           "enabled": true,
           "markup_range": 0.010372997741224289,
           "min_markup": 0.0025836842379023035,
           "n_close_orders": 4,
           "qty_pct_close": 0.014818591972418011,
           "qty_pct_entry": 0.010235873297106929,
           "wallet_exposure_limit": 1,
           "we_multiplier_close": 0,
           "we_multiplier_entry": 45.70510958773345}}