{"config_name": "clock_0days",
 "long": {"backwards_tp": true,
          "delay_between_fills_minutes_close": 1386.034959694264,
          "delay_between_fills_minutes_entry": 1368.9245451811485,
          "delay_weight_close": 52.07438978822763,
          "delay_weight_entry": 14.353355332575303,
          "ema_dist_close": 0.0013865795669801837,
          "ema_dist_entry": -0.00653435743725839,
          "ema_span_0": 1303.728636657968,
          "ema_span_1": 1083.5700694403556,
          "enabled": true,
          "markup_range": 0.05995211228861413,
          "min_markup": 0.006744941256124304,
          "n_close_orders": 8,
          "qty_pct_close": 0.010120934229523804,
          "qty_pct_entry": 0.01,
          "wallet_exposure_limit": 1,
          "we_multiplier_close": 0,
          "we_multiplier_entry": 14.201576482211884},
 "short": {"backwards_tp": true,
           "delay_between_fills_minutes_close": 1230.656643855095,
           "delay_between_fills_minutes_entry": 782.8056664510294,
           "delay_weight_close": 78.07989747591833,
           "delay_weight_entry": 8.309990917221118,
           "ema_dist_close": 0.00280942380814027,
           "ema_dist_entry": -0.026794734338817888,
           "ema_span_0": 1373.190004694209,
           "ema_span_1": 279.02125940733515,
           "enabled": true,
           "markup_range": 0.003292640720548637,
           "min_markup": 0.009132300009798113,
           "n_close_orders": 2,
           "qty_pct_close": 0.01026966029595279,
           "qty_pct_entry": 0.01120347489116189,
           "wallet_exposure_limit": 1,
           "we_multiplier_close": 0,
           "we_multiplier_entry": 41.14973299326769}}