{"config_name": "clock_0days",
 "long": {"backwards_tp": true,
          "delay_between_fills_minutes_close": 1144.5667122759824,
          "delay_between_fills_minutes_entry": 1030.2403282869602,
          "delay_weight_close": 17.25268174371195,
          "delay_weight_entry": 10.712555836883771,
          "ema_dist_close": 0.0029968121272002783,
          "ema_dist_entry": -0.0013532461532244227,
          "ema_span_0": 719.3466098784393,
          "ema_span_1": 1439.3369309187415,
          "enabled": true,
          "markup_range": 0.05963226683649791,
          "min_markup": 0.008709899502852373,
          "n_close_orders": 11,
          "qty_pct_close": 0.039984937945290816,
          "qty_pct_entry": 0.010326922150025645,
          "wallet_exposure_limit": 1,
          "we_multiplier_close": 0,
          "we_multiplier_entry": 23.13932600394649},
 "short": {"backwards_tp": true,
           "delay_between_fills_minutes_close": 1361.5937274211178,
           "delay_between_fills_minutes_entry": 582.1005830540269,
           "delay_weight_close": 76.17825841459162,
           "delay_weight_entry": 8.671992459295344,
           "ema_dist_close": -0.00032132214140374285,
           "ema_dist_entry": -0.003995063876749917,
           "ema_span_0": 1364.2517453560517,
           "ema_span_1": 1355.066938730454,
           "enabled": true,
           "markup_range": 0.053733420384857886,
           "min_markup": 0.00820627289299877,
           "n_close_orders": 6,
           "qty_pct_close": 0.01731705715452194,
           "qty_pct_entry": 0.010703379593971015,
           "wallet_exposure_limit": 1,
           "we_multiplier_close": 0,
           "we_multiplier_entry": 39.10882974381124}}