{"config_name": "clock_0days",
 "long": {"backwards_tp": true,
          "delay_between_fills_minutes_close": 1370.0016141920605,
          "delay_between_fills_minutes_entry": 1202.7114676731842,
          "delay_weight_close": 50.389294725772416,
          "delay_weight_entry": 5.746580200460412,
          "ema_dist_close": 0.0028328575815906747,
          "ema_dist_entry": -0.005723235969645436,
          "ema_span_0": 312.1344406190465,
          "ema_span_1": 1363.3191615225846,
          "enabled": true,
          "markup_range": 0.05898444891935176,
          "min_markup": 0.00900433482828235,
          "n_close_orders": 7,
          "qty_pct_close": 0.010561583492291823,
          "qty_pct_entry": 0.013273141877125366,
          "wallet_exposure_limit": 1,
          "we_multiplier_close": 0,
          "we_multiplier_entry": 10.167876684260362},
 "short": {"backwards_tp": true,
           "delay_between_fills_minutes_close": 1379.9837308020371,
           "delay_between_fills_minutes_entry": 827.8385419311081,
           "delay_weight_close": 21.37358508742853,
           "delay_weight_entry": 16.584560272360868,
           "ema_dist_close": 0.0019494839178959525,
           "ema_dist_entry": -0.019629507455303803,
           "ema_span_0": 878.6984336911423,
           "ema_span_1": 1254.9908122277566,
           "enabled": true,
           "markup_range": 0.006766136808845835,
           "min_markup": 0.0063289610220227535,
           "n_close_orders": 10,
           "qty_pct_close": 0.010722162919569702,
           "qty_pct_entry": 0.01,
           "wallet_exposure_limit": 1,
           "we_multiplier_close": 0,
           "we_multiplier_entry": 28.620684593180385}}