{"config_name": "clock_0days",
 "long": {"backwards_tp": true,
          "delay_between_fills_minutes_close": 1437.3100958789362,
          "delay_between_fills_minutes_entry": 1024.9643572015066,
          "delay_weight_close": 47.864080101654935,
          "delay_weight_entry": 8.77752100036747,
          "ema_dist_close": -0.005925514892999087,
          "ema_dist_entry": -0.004849086604972567,
          "ema_span_0": 695.4976259383546,
          "ema_span_1": 1086.9799322698454,
          "enabled": true,
          "markup_range": 0.022406495510769685,
          "min_markup": 0.008431124628247919,
          "n_close_orders": 14,
          "qty_pct_close": 0.013311905521065816,
          "qty_pct_entry": 0.01412847727985817,
          "wallet_exposure_limit": 1,
          "we_multiplier_close": 0,
          "we_multiplier_entry": 30.215918054574214},
 "short": {"backwards_tp": true,
           "delay_between_fills_minutes_close": 1227.269951478433,
           "delay_between_fills_minutes_entry": 332.0606212839182,
           "delay_weight_close": 29.029487334766205,
           "delay_weight_entry": 14.784834588063124,
           "ema_dist_close": 0.0025383698081087166,
           "ema_dist_entry": -0.009185843141986446,
           "ema_span_0": 959.8123018819391,
           "ema_span_1": 999.6139821689234,
           "enabled": true,
           "markup_range": 0.010833680850158229,
           "min_markup": 0.007591655352679719,
           "n_close_orders": 7,
           "qty_pct_close": 0.035401344715519374,
           "qty_pct_entry": 0.012620381399139366,
           "wallet_exposure_limit": 1,
           "we_multiplier_close": 0,
           "we_multiplier_entry": 15.552034173418122}}