{"config_name": "clock_0days",
 "long": {"backwards_tp": true,
          "delay_between_fills_minutes_close": 1323.2699061982983,
          "delay_between_fills_minutes_entry": 759.3282496748589,
          "delay_weight_close": 19.642581692198238,
          "delay_weight_entry": 8.395388694148993,
          "ema_dist_close": -0.0027235482926328005,
          "ema_dist_entry": 0.0004287019332376506,
          "ema_span_0": 1134.6099027180217,
          "ema_span_1": 354.07887972072325,
          "enabled": true,
          "markup_range": 0.00829940886860947,
          "min_markup": 0.007945344947761517,
          "n_close_orders": 16,
          "qty_pct_close": 0.010006309155270305,
          "qty_pct_entry": 0.010751236409972841,
          "wallet_exposure_limit": 1,
          "we_multiplier_close": 0,
          "we_multiplier_entry": 46.661645779221345},
 "short": {"backwards_tp": true,
           "delay_between_fills_minutes_close": 1292.1819711173644,
           "delay_between_fills_minutes_entry": 618.0138488105508,
           "delay_weight_close": 27.88929925504254,
           "delay_weight_entry": 6.0617961043543165,
           "ema_dist_close": 0.0016072475635017969,
           "ema_dist_entry": -0.007716463247147574,
           "ema_span_0": 789.0315268412587,
           "ema_span_1": 1160.9505665597887,
           "enabled": true,
           "markup_range": 0.005314201011737649,
           "min_markup": 0.00501075235691034,
           "n_close_orders": 3,
           "qty_pct_close": 0.024511667807265904,
           "qty_pct_entry": 0.03044180003135801,
           "wallet_exposure_limit": 1,
           "we_multiplier_close": 0,
           "we_multiplier_entry": 25.764565677918576}}