{"config_name": "clock_0days",
 "long": {"backwards_tp": true,
          "delay_between_fills_minutes_close": 946.0324511552675,
          "delay_between_fills_minutes_entry": 1234.7531871252527,
          "delay_weight_close": 23.81982993570577,
          "delay_weight_entry": 14.534173468152913,
          "ema_dist_close": -0.002186019491064776,
          "ema_dist_entry": -0.0014662713762488417,
          "ema_span_0": 1310.552922145013,
          "ema_span_1": 1073.6182035104493,
          "enabled": true,
          "markup_range": 0.028580063621697554,
          "min_markup": 0.008092299264809859,
          "n_close_orders": 4,
          "qty_pct_close": 0.011387301692636475,
          "qty_pct_entry": 0.012613543935737853,
          "wallet_exposure_limit": 1,
          "we_multiplier_close": 0,
          "we_multiplier_entry": 26.1708870851534},
 "short": {"backwards_tp": true,
           "delay_between_fills_minutes_close": 830.3183696152602,
           "delay_between_fills_minutes_entry": 239.3680029503623,
           "delay_weight_close": 1.1293686327633308,
           "delay_weight_entry": 15.657861274226658,
           "ema_dist_close": 0.0016758342421083297,
           "ema_dist_entry": 0.0019834274913894064,
           "ema_span_0": 1122.8746044006098,
           "ema_span_1": 849.0829433832555,
           "enabled": true,
           "markup_range": 0.003038057475054796,
           "min_markup": 0.002180260427207077,
           "n_close_orders": 6,
           "qty_pct_close": 0.02414699338474555,
           "qty_pct_entry": 0.010889022962533003,
           "wallet_exposure_limit": 1,
           "we_multiplier_close": 0,
           "we_multiplier_entry": 47.42214394023863}}