{"config_name": "clock_0days",
 "long": {"backwards_tp": true,
          "delay_between_fills_minutes_close": 1424.7180571887138,
          "delay_between_fills_minutes_entry": 1194.4758580976995,
          "delay_weight_close": 48.36738016103076,
          "delay_weight_entry": 84.07087551664155,
          "ema_dist_close": 0.001779566648864142,
          "ema_dist_entry": 0.0013704399252430926,
          "ema_span_0": 1213.7797716255177,
          "ema_span_1": 35.687319947457745,
          "enabled": true,
          "markup_range": 0.003466437442690177,
          "min_markup": 0.002261938020049302,
          "n_close_orders": 4,
          "qty_pct_close": 0.047989134373515915,
          "qty_pct_entry": 0.01,
          "wallet_exposure_limit": 1,
          "we_multiplier_close": 0,
          "we_multiplier_entry": 17.444142236481294},
 "short": {"backwards_tp": true,
           "delay_between_fills_minutes_close": 1439.9355969167718,
           "delay_between_fills_minutes_entry": 769.208349957439,
           "delay_weight_close": 9.042322617347699,
           "delay_weight_entry": 5.000376041746193,
           "ema_dist_close": 0.001615457601709266,
           "ema_dist_entry": -0.011526570687382644,
           "ema_span_0": 1306.2424756625448,
           "ema_span_1": 391.10841629983116,
           "enabled": true,
           "markup_range": 0.02037422460461928,
           "min_markup": 0.009709044462468303,
           "n_close_orders": 5,
           "qty_pct_close": 0.012833445563225002,
           "qty_pct_entry": 0.010001004520557947,
           "wallet_exposure_limit": 1,
           "we_multiplier_close": 0,
           "we_multiplier_entry": 37.670121149817845}}