{"config_name": "clock_0days",
 "long": {"backwards_tp": true,
          "delay_between_fills_minutes_close": 877.9549316169137,
          "delay_between_fills_minutes_entry": 961.183768692796,
          "delay_weight_close": 69.05687830860249,
          "delay_weight_entry": 12.481044384342425,
          "ema_dist_close": 0.0028579536057323244,
          "ema_dist_entry": -0.0005463713566508398,
          "ema_span_0": 1206.0053368014235,
          "ema_span_1": 127.811822789862,
          "enabled": true,
          "markup_range": 0.03892409388489294,
          "min_markup": 0.008721548949440423,
          "n_close_orders": 12,
          "qty_pct_close": 0.01026338502381335,
          "qty_pct_entry": 0.01,
          "wallet_exposure_limit": 1,
          "we_multiplier_close": 0,
          "we_multiplier_entry": 49.36381793171282},
 "short": {"backwards_tp": true,
           "delay_between_fills_minutes_close": 1152.7312826867956,
           "delay_between_fills_minutes_entry": 210.87866876694983,
           "delay_weight_close": 85.09806952312518,
           "delay_weight_entry": 18.434214216926843,
           "ema_dist_close": -0.004113782509645251,
           "ema_dist_entry": -0.006660760018831201,
           "ema_span_0": 498.8192196953636,
           "ema_span_1": 1267.442753649392,
           "enabled": true,
           "markup_range": 0.00432501425372252,
           "min_markup": 0.004491271493565847,
           "n_close_orders": 5,
           "qty_pct_close": 0.011160874812992034,
           "qty_pct_entry": 0.012556422850453589,
           "wallet_exposure_limit": 1,
           "we_multiplier_close": 0,
           "we_multiplier_entry": 47.85284570392885}}