{"config_name": "clock_0days",
 "long": {"backwards_tp": true,
          "delay_between_fills_minutes_close": 851.1261624334139,
          "delay_between_fills_minutes_entry": 1271.0128898192,
          "delay_weight_close": 33.7539985353951,
          "delay_weight_entry": 10.414270094086978,
          "ema_dist_close": -0.009545457899965961,
          "ema_dist_entry": 0.002115365253008751,
          "ema_span_0": 1367.7750550512967,
          "ema_span_1": 1338.1133801935707,
          "enabled": true,
          "markup_range": 0.059990632069684545,
          "min_markup": 0.009602798977270031,
          "n_close_orders": 14,
          "qty_pct_close": 0.010279844709505229,
          "qty_pct_entry": 0.010829335252269996,
          "wallet_exposure_limit": 1,
          "we_multiplier_close": 0,
          "we_multiplier_entry": 10.084360042875474},
 "short": {"backwards_tp": true,
           "delay_between_fills_minutes_close": 1440,
           "delay_between_fills_minutes_entry": 1401.9447578644595,
           "delay_weight_close": 2.4438848938159516,
           "delay_weight_entry": 61.40272307083629,
           "ema_dist_close": 0.003,
           "ema_dist_entry": 0.003,
           "ema_span_0": 753.8617854037661,
           "ema_span_1": 872.3157573504777,
           "enabled": true,
           "markup_range": 0.04996996952202913,
           "min_markup": 0.006671950172101227,
           "n_close_orders": 11,
           "qty_pct_close": 0.034265404351605286,
           "qty_pct_entry": 0.07815021856965543,
           "wallet_exposure_limit": 1.0,
           "we_multiplier_close": 0.0,
           "we_multiplier_entry": 31.30450538476181}}