{"config_name": "clock_0days",
 "long": {"backwards_tp": true,
          "delay_between_fills_minutes_close": 877.9549316169137,
          "delay_between_fills_minutes_entry": 961.183768692796,
          "delay_weight_close": 69.05687830860249,
          "delay_weight_entry": 12.481044384342425,
          "ema_dist_close": 0.0028579536057323244,
          "ema_dist_entry": -0.0005463713566508398,
          "ema_span_0": 1206.0053368014235,
          "ema_span_1": 127.811822789862,
          "enabled": true,
          "markup_range": 0.03892409388489294,
          "min_markup": 0.008721548949440423,
          "n_close_orders": 12,
          "qty_pct_close": 0.01026338502381335,
          "qty_pct_entry": 0.01,
          "wallet_exposure_limit": 1,
          "we_multiplier_close": 0,
          "we_multiplier_entry": 49.36381793171282},
 "short": {"backwards_tp": true,
           "delay_between_fills_minutes_close": 1140.2841950865761,
           "delay_between_fills_minutes_entry": 1262.364569498778,
           "delay_weight_close": 71.10303109631704,
           "delay_weight_entry": 15.707526846967632,
           "ema_dist_close": -0.005511555406681553,
           "ema_dist_entry": -0.007370300194529687,
           "ema_span_0": 1077.8315053932763,
           "ema_span_1": 1151.220461838715,
           "enabled": true,
           "markup_range": 0.02151915502304428,
           "min_markup": 0.007569554337444057,
           "n_close_orders": 10,
           "qty_pct_close": 0.015251751085232856,
           "qty_pct_entry": 0.017092560928378322,
           "wallet_exposure_limit": 1,
           "we_multiplier_close": 0,
           "we_multiplier_entry": 37.38920660579612}}