{"config_name": "clock_0days",
 "long": {"backwards_tp": true,
          "delay_between_fills_minutes_close": 1166.9697944881566,
          "delay_between_fills_minutes_entry": 722.9896233072201,
          "delay_weight_close": 58.64478358475898,
          "delay_weight_entry": 19.551264631059443,
          "ema_dist_close": -0.0016129618023790087,
          "ema_dist_entry": -0.0022664625251724068,
          "ema_span_0": 1131.5947425118536,
          "ema_span_1": 1393.535537105129,
          "enabled": true,
          "markup_range": 0.009276074365136845,
          "min_markup": 0.0018270950536528826,
          "n_close_orders": 6,
          "qty_pct_close": 0.024391439259912464,
          "qty_pct_entry": 0.016974994868773734,
          "wallet_exposure_limit": 1,
          "we_multiplier_close": 0,
          "we_multiplier_entry": 44.32857413687968},
 "short": {"backwards_tp": true,
           "delay_between_fills_minutes_close": 1433.4263970872826,
           "delay_between_fills_minutes_entry": 207.35354320817038,
           "delay_weight_close": 1.9350041921010577,
           "delay_weight_entry": 5.805917429920655,
           "ema_dist_close": -0.0007492353273459108,
           "ema_dist_entry": -0.017839001606464764,
           "ema_span_0": 1171.1621146279342,
           "ema_span_1": 1371.262998022305,
           "enabled": true,
           "markup_range": 0.004415954702278954,
           "min_markup": 0.00454242557753177,
           "n_close_orders": 8,
           "qty_pct_close": 0.0103955324980597,
           "qty_pct_entry": 0.012635225328997116,
           "wallet_exposure_limit": 1,
           "we_multiplier_close": 0,
           "we_multiplier_entry": 21.002397173191437}}