{"config_name": "clock_0days",
 "long": {"backwards_tp": true,
          "delay_between_fills_minutes_close": 1372.4943994149442,
          "delay_between_fills_minutes_entry": 915.7281768874293,
          "delay_weight_close": 82.3485253335867,
          "delay_weight_entry": 13.002990789409136,
          "ema_dist_close": -0.0024800597975805656,
          "ema_dist_entry": -0.0005163897463163937,
          "ema_span_0": 728.1689233129588,
          "ema_span_1": 1260.5714828763248,
          "enabled": true,
          "markup_range": 0.05841537443069621,
          "min_markup": 0.004498593522636097,
          "n_close_orders": 2,
          "qty_pct_close": 0.01,
          "qty_pct_entry": 0.010495963605498142,
          "wallet_exposure_limit": 1,
          "we_multiplier_close": 0,
          "we_multiplier_entry": 6.062295908923966},
 "short": {"backwards_tp": true,
           "delay_between_fills_minutes_close": 1439.1774531358149,
           "delay_between_fills_minutes_entry": 1041.3795698388174,
           "delay_weight_close": 93.36314180868105,
           "delay_weight_entry": 19.233880083671497,
           "ema_dist_close": -0.00023288485156279555,
           "ema_dist_entry": 0.002993208576396276,
           "ema_span_0": 391.42066487081803,
           "ema_span_1": 1400.9606053805953,
           "enabled": true,
           "markup_range": 0.028351678995716934,
           "min_markup": 0.0025028951449733217,
           "n_close_orders": 13,
           "qty_pct_close": 0.010000993005291172,
           "qty_pct_entry": 0.021965837271458448,
           "wallet_exposure_limit": 1,
           "we_multiplier_close": 0,
           "we_multiplier_entry": 41.532954214366974}}