{"config_name": "clock_0days",
 "long": {"backwards_tp": true,
          "delay_between_fills_minutes_close": 1083.014638315174,
          "delay_between_fills_minutes_entry": 1439.7974927880402,
          "delay_weight_close": 75.72296573278135,
          "delay_weight_entry": 16.051877103958347,
          "ema_dist_close": 0.0028760465061158608,
          "ema_dist_entry": 0.003,
          "ema_span_0": 895.5915312958269,
          "ema_span_1": 260.00767248245126,
          "enabled": true,
          "markup_range": 0.005401964294285949,
          "min_markup": 0.0041025376032684975,
          "n_close_orders": 5,
          "qty_pct_close": 0.01937441603262953,
          "qty_pct_entry": 0.03091088414746243,
          "wallet_exposure_limit": 1,
          "we_multiplier_close": 0,
          "we_multiplier_entry": 45.40639403992916},
 "short": {"backwards_tp": true,
           "delay_between_fills_minutes_close": 1439.9355969167718,
           "delay_between_fills_minutes_entry": 769.208349957439,
           "delay_weight_close": 9.042322617347699,
           "delay_weight_entry": 5.000376041746193,
           "ema_dist_close": 0.001615457601709266,
           "ema_dist_entry": -0.011526570687382644,
           "ema_span_0": 1306.2424756625448,
           "ema_span_1": 391.10841629983116,
           "enabled": true,
           "markup_range": 0.02037422460461928,
           "min_markup": 0.009709044462468303,
           "n_close_orders": 5,
           "qty_pct_close": 0.012833445563225002,
           "qty_pct_entry": 0.010001004520557947,
           "wallet_exposure_limit": 1,
           "we_multiplier_close": 0,
           "we_multiplier_entry": 37.670121149817845}}