{"config_name": "clock_0days",
 "long": {"backwards_tp": true,
          "delay_between_fills_minutes_close": 1370.0016141920605,
          "delay_between_fills_minutes_entry": 1202.7114676731842,
          "delay_weight_close": 50.389294725772416,
          "delay_weight_entry": 5.746580200460412,
          "ema_dist_close": 0.0028328575815906747,
          "ema_dist_entry": -0.005723235969645436,
          "ema_span_0": 312.1344406190465,
          "ema_span_1": 1363.3191615225846,
          "enabled": true,
          "markup_range": 0.05898444891935176,
          "min_markup": 0.00900433482828235,
          "n_close_orders": 7,
          "qty_pct_close": 0.010561583492291823,
          "qty_pct_entry": 0.013273141877125366,
          "wallet_exposure_limit": 1,
          "we_multiplier_close": 0,
          "we_multiplier_entry": 10.167876684260362},
 "short": {"backwards_tp": true,
           "delay_between_fills_minutes_close": 1295.1140316978913,
           "delay_between_fills_minutes_entry": 722.8939727330927,
           "delay_weight_close": 56.82370025196661,
           "delay_weight_entry": 9.257791869051784,
           "ema_dist_close": -0.007373392125224754,
           "ema_dist_entry": -0.008375507302133087,
           "ema_span_0": 1326.6963428146223,
           "ema_span_1": 868.5170173675886,
           "enabled": true,
           "markup_range": 0.049017895341310305,
           "min_markup": 0.006865319781961213,
           "n_close_orders": 5,
           "qty_pct_close": 0.01568356820581512,
           "qty_pct_entry": 0.015190103137526903,
           "wallet_exposure_limit": 1,
           "we_multiplier_close": 0,
           "we_multiplier_entry": 25.1409964782557}}