{"config_name": "clock_0days",
 "long": {"backwards_tp": true,
          "delay_between_fills_minutes_close": 1253.6096981112642,
          "delay_between_fills_minutes_entry": 226.11950703494594,
          "delay_weight_close": 73.69168272957373,
          "delay_weight_entry": 23.284127809944035,
          "ema_dist_close": 0.0020803730179850127,
          "ema_dist_entry": 0.00019361038216874645,
          "ema_span_0": 1072.734924307779,
          "ema_span_1": 807.5232959162155,
          "enabled": true,
          "markup_range": 0.003222835020308639,
          "min_markup": 0.0022588832454478918,
          "n_close_orders": 15,
          "qty_pct_close": 0.040020705763116705,
          "qty_pct_entry": 0.018153300394923914,
          "wallet_exposure_limit": 1,
          "we_multiplier_close": 0,
          "we_multiplier_entry": 24.749867055669988},
 "short": {"backwards_tp": true,
           "delay_between_fills_minutes_close": 1239.0972139194034,
           "delay_between_fills_minutes_entry": 754.3680361440678,
           "delay_weight_close": 70.44481036883703,
           "delay_weight_entry": 6.406345090929128,
           "ema_dist_close": 0.00013304540307925472,
           "ema_dist_entry": -0.000748381167218324,
           "ema_span_0": 1211.0832116420174,
           "ema_span_1": 1222.3732019836675,
           "enabled": true,
           "markup_range": 0.024485102060739273,
           "min_markup": 0.008632487308840107,
           "n_close_orders": 7,
           "qty_pct_close": 0.010001601767737461,
           "qty_pct_entry": 0.012930423244197554,
           "wallet_exposure_limit": 1,
           "we_multiplier_close": 0,
           "we_multiplier_entry": 23.004669580982263}}