{"config_name": "clock_0days",
 "long": {"backwards_tp": true,
          "delay_between_fills_minutes_close": 1200.2421632811902,
          "delay_between_fills_minutes_entry": 794.9399682151148,
          "delay_weight_close": 22.877420301437105,
          "delay_weight_entry": 18.638620187312856,
          "ema_dist_close": 0.002789277517396805,
          "ema_dist_entry": -0.0038902053335531737,
          "ema_span_0": 577.4183919561128,
          "ema_span_1": 853.6410292226709,
          "enabled": true,
          "markup_range": 0.007075870961040554,
          "min_markup": 0.008895065617156275,
          "n_close_orders": 2,
          "qty_pct_close": 0.01010502562400264,
          "qty_pct_entry": 0.017367035436985957,
          "wallet_exposure_limit": 1,
          "we_multiplier_close": 0,
          "we_multiplier_entry": 41.47492967315895},
 "short": {"backwards_tp": true,
           "delay_between_fills_minutes_close": 1239.6718647809325,
           "delay_between_fills_minutes_entry": 796.4787215162715,
           "delay_weight_close": 35.42769864227112,
           "delay_weight_entry": 22.74280741449601,
           "ema_dist_close": 0.002999960277866133,
           "ema_dist_entry": -0.016107109959944167,
           "ema_span_0": 1378.6896995873008,
           "ema_span_1": 5,
           "enabled": true,
           "markup_range": 0.05505639701669875,
           "min_markup": 0.01,
           "n_close_orders": 12,
           "qty_pct_close": 0.03673629485196972,
           "qty_pct_entry": 0.010921940757489621,
           "wallet_exposure_limit": 1,
           "we_multiplier_close": 0,
           "we_multiplier_entry": 12.719306637973421}}