{"config_name": "clock_0days",
 "long": {"backwards_tp": true,
          "delay_between_fills_minutes_close": 308.34550938086875,
          "delay_between_fills_minutes_entry": 992.8325989755132,
          "delay_weight_close": 51.9370050376494,
          "delay_weight_entry": 12.596152316071224,
          "ema_dist_close": 0.0013682423671277214,
          "ema_dist_entry": 0.0029948062071203127,
          "ema_span_0": 572.0615743403218,
          "ema_span_1": 1337.5733753300879,
          "enabled": true,
          "markup_range": 0.0591002177160067,
          "min_markup": 0.008343535530007861,
          "n_close_orders": 3,
          "qty_pct_close": 0.012501794404313314,
          "qty_pct_entry": 0.01637672650253166,
          "wallet_exposure_limit": 1,
          "we_multiplier_close": 0,
          "we_multiplier_entry": 32.58136822663436},
 "short": {"backwards_tp": true,
           "delay_between_fills_minutes_close": 830.3183696152602,
           "delay_between_fills_minutes_entry": 239.3680029503623,
           "delay_weight_close": 1.1293686327633308,
           "delay_weight_entry": 15.657861274226658,
           "ema_dist_close": 0.0016758342421083297,
           "ema_dist_entry": 0.0019834274913894064,
           "ema_span_0": 1122.8746044006098,
           "ema_span_1": 849.0829433832555,
           "enabled": true,
           "markup_range": 0.003038057475054796,
           "min_markup": 0.002180260427207077,
           "n_close_orders": 6,
           "qty_pct_close": 0.02414699338474555,
           "qty_pct_entry": 0.010889022962533003,
           "wallet_exposure_limit": 1,
           "we_multiplier_close": 0,
           "we_multiplier_entry": 47.42214394023863}}