{"config_name": "clock_0days",
 "long": {"backwards_tp": true,
          "delay_between_fills_minutes_close": 1167.7763485721239,
          "delay_between_fills_minutes_entry": 1070.5012635157057,
          "delay_weight_close": 64.47411839324123,
          "delay_weight_entry": 30.26921998384661,
          "ema_dist_close": -0.003709025351532321,
          "ema_dist_entry": 0.0018908163432512835,
          "ema_span_0": 829.8861035037357,
          "ema_span_1": 965.5048648942922,
          "enabled": true,
          "markup_range": 0.007026586156628394,
          "min_markup": 0.006112892899813559,
          "n_close_orders": 4,
          "qty_pct_close": 0.013140272142490517,
          "qty_pct_entry": 0.017138610711076877,
          "wallet_exposure_limit": 1,
          "we_multiplier_close": 0,
          "we_multiplier_entry": 20.646044922151553},
 "short": {"backwards_tp": true,
           "delay_between_fills_minutes_close": 1369.3906821906455,
           "delay_between_fills_minutes_entry": 729.9660532657346,
           "delay_weight_close": 83.20130511614042,
           "delay_weight_entry": 6.308908296360244,
           "ema_dist_close": -0.0007606613222497299,
           "ema_dist_entry": -0.00072244706777596,
           "ema_span_0": 735.7134575591834,
           "ema_span_1": 15.188000629580786,
           "enabled": true,
           "markup_range": 0.043025018091113025,
           "min_markup": 0.006572320213045065,
           "n_close_orders": 9,
           "qty_pct_close": 0.014900764638338266,
           "qty_pct_entry": 0.01495087579051833,
           "wallet_exposure_limit": 1,
           "we_multiplier_close": 0,
           "we_multiplier_entry": 49.99612281143063}}