{"config_name": "clock_0days",
 "long": {"backwards_tp": true,
          "delay_between_fills_minutes_close": 953.3879466752447,
          "delay_between_fills_minutes_entry": 1223.2609745170255,
          "delay_weight_close": 24.932543610212225,
          "delay_weight_entry": 7.7517516302293386,
          "ema_dist_close": -0.005604819578855546,
          "ema_dist_entry": 0.0027016474318047943,
          "ema_span_0": 1403.4994185671644,
          "ema_span_1": 1174.8285426340685,
          "enabled": true,
          "markup_range": 0.05461172263464395,
          "min_markup": 0.009925746412544338,
          "n_close_orders": 14,
          "qty_pct_close": 0.01001242890918053,
          "qty_pct_entry": 0.010526243512046592,
          "wallet_exposure_limit": 1,
          "we_multiplier_close": 0,
          "we_multiplier_entry": 26.716555947693667},
 "short": {"backwards_tp": true,
           "delay_between_fills_minutes_close": 1433.1602017729838,
           "delay_between_fills_minutes_entry": 1062.0697492866318,
           "delay_weight_close": 25.812913567250153,
           "delay_weight_entry": 7.723769031967619,
           "ema_dist_close": -0.0006526515229991158,
           "ema_dist_entry": -0.002906549878703389,
           "ema_span_0": 1233.3349272852545,
           "ema_span_1": 759.7594583468402,
           "enabled": true,
           "markup_range": 0.05745863979281857,
           "min_markup": 0.009927131815354609,
           "n_close_orders": 3,
           "qty_pct_close": 0.023816369359895947,
           "qty_pct_entry": 0.010006045221346875,
           "wallet_exposure_limit": 1,
           "we_multiplier_close": 0,
           "we_multiplier_entry": 44.17307611873914}}