{"config_name": "clock_0days",
 "long": {"backwards_tp": true,
          "delay_between_fills_minutes_close": 1266.6307580392308,
          "delay_between_fills_minutes_entry": 794.1861072278795,
          "delay_weight_close": 30.452382807829455,
          "delay_weight_entry": 21.047569709559305,
          "ema_dist_close": 0.0029404249224339236,
          "ema_dist_entry": -0.0006403531081488756,
          "ema_span_0": 1439.993515187582,
          "ema_span_1": 364.19062664818466,
          "enabled": true,
          "markup_range": 0.004751802340187407,
          "min_markup": 0.006116565608036242,
          "n_close_orders": 16,
          "qty_pct_close": 0.02280040273517309,
          "qty_pct_entry": 0.018373638835743996,
          "wallet_exposure_limit": 1,
          "we_multiplier_close": 0,
          "we_multiplier_entry": 45.90924073364806},
 "short": {"backwards_tp": true,
           "delay_between_fills_minutes_close": 1439.1774531358149,
           "delay_between_fills_minutes_entry": 1041.3795698388174,
           "delay_weight_close": 93.36314180868105,
           "delay_weight_entry": 19.233880083671497,
           "ema_dist_close": -0.00023288485156279555,
           "ema_dist_entry": 0.002993208576396276,
           "ema_span_0": 391.42066487081803,
           "ema_span_1": 1400.9606053805953,
           "enabled": true,
           "markup_range": 0.028351678995716934,
           "min_markup": 0.0025028951449733217,
           "n_close_orders": 13,
           "qty_pct_close": 0.010000993005291172,
           "qty_pct_entry": 0.021965837271458448,
           "wallet_exposure_limit": 1,
           "we_multiplier_close": 0,
           "we_multiplier_entry": 41.532954214366974}}