{"config_name": "clock_0days",
 "long": {"backwards_tp": true,
          "delay_between_fills_minutes_close": 1418.0023646007235,
          "delay_between_fills_minutes_entry": 345.11565848192197,
          "delay_weight_close": 36.880916472282564,
          "delay_weight_entry": 2.6756002784081607,
          "ema_dist_close": 0.0026890769243986287,
          "ema_dist_entry": -0.015758692821043845,
          "ema_span_0": 1313.4117240957908,
          "ema_span_1": 1378.9974115008613,
          "enabled": true,
          "markup_range": 0.004551920896554268,
          "min_markup": 0.006165135737670581,
          "n_close_orders": 7,
          "qty_pct_close": 0.010896784340511164,
          "qty_pct_entry": 0.010098376444404861,
          "wallet_exposure_limit": 1,
          "we_multiplier_close": 0,
          "we_multiplier_entry": 49.59993430068118},
 "short": {"backwards_tp": true,
           "delay_between_fills_minutes_close": 931.8887126109198,
           "delay_between_fills_minutes_entry": 76.64609503847433,
           "delay_weight_close": 4.492118422030745,
           "delay_weight_entry": 0.3665628697380306,
           "ema_dist_close": 0.002720270752734288,
           "ema_dist_entry": -0.0023175338729465042,
           "ema_span_0": 1029.5083290638263,
           "ema_span_1": 1068.139677775562,
           "enabled": true,
           "markup_range": 0.0037859562405724383,
           "min_markup": 0.0023763012060358996,
           "n_close_orders": 6,
           "qty_pct_close": 0.012258146982182293,
           "qty_pct_entry": 0.010210272127904518,
           "wallet_exposure_limit": 1,
           "we_multiplier_close": 0,
           "we_multiplier_entry": 30.54681876473949}}