{"config_name": "clock_0days",
 "long": {"backwards_tp": true,
          "delay_between_fills_minutes_close": 1154.205078381012,
          "delay_between_fills_minutes_entry": 977.9266454985783,
          "delay_weight_close": 60.66234494229808,
          "delay_weight_entry": 13.439410261778225,
          "ema_dist_close": -0.0038782307419281733,
          "ema_dist_entry": -0.003473996359250784,
          "ema_span_0": 1406.5548629794628,
          "ema_span_1": 1374.407966781841,
          "enabled": true,
          "markup_range": 0.05237390147361234,
          "min_markup": 0.008570689160768447,
          "n_close_orders": 9,
          "qty_pct_close": 0.014234622346182156,
          "qty_pct_entry": 0.010090077381406267,
          "wallet_exposure_limit": 1,
          "we_multiplier_close": 0,
          "we_multiplier_entry": 25.263721091031595},
 "short": {"backwards_tp": true,
           "delay_between_fills_minutes_close": 1402.3089845220288,
           "delay_between_fills_minutes_entry": 521.6121967965777,
           "delay_weight_close": 29.648539686411688,
           "delay_weight_entry": 9.751253514564386,
           "ema_dist_close": 0.002419617506624312,
           "ema_dist_entry": -0.0006752545501937054,
           "ema_span_0": 1030.06377574765,
           "ema_span_1": 1383.1568373178304,
           "enabled": true,
           "markup_range": 0.0043600155313650475,
           "min_markup": 0.006960565841658939,
           "n_close_orders": 12,
           "qty_pct_close": 0.010077862546554801,
           "qty_pct_entry": 0.024481400210483537,
           "wallet_exposure_limit": 1,
           "we_multiplier_close": 0,
           "we_multiplier_entry": 40.56923512633691}}