{"config_name": "clock_0days",
 "long": {"backwards_tp": true,
          "delay_between_fills_minutes_close": 1011.811617132957,
          "delay_between_fills_minutes_entry": 1094.016748897848,
          "delay_weight_close": 58.09959729199144,
          "delay_weight_entry": 12.669876019736474,
          "ema_dist_close": 0.002385028367669372,
          "ema_dist_entry": -0.0018940193237226009,
          "ema_span_0": 1415.037263936293,
          "ema_span_1": 19.71528244342316,
          "enabled": true,
          "markup_range": 0.05894861744193266,
          "min_markup": 0.0075142105121210395,
          "n_close_orders": 6,
          "qty_pct_close": 0.030864730675376786,
          "qty_pct_entry": 0.010969394685214745,
          "wallet_exposure_limit": 1,
          "we_multiplier_close": 0,
          "we_multiplier_entry": 37.83972060511391},
 "short": {"backwards_tp": true,
           "delay_between_fills_minutes_close": 1379.9837308020371,
           "delay_between_fills_minutes_entry": 827.8385419311081,
           "delay_weight_close": 21.37358508742853,
           "delay_weight_entry": 16.584560272360868,
           "ema_dist_close": 0.0019494839178959525,
           "ema_dist_entry": -0.019629507455303803,
           "ema_span_0": 878.6984336911423,
           "ema_span_1": 1254.9908122277566,
           "enabled": true,
           "markup_range": 0.006766136808845835,
           "min_markup": 0.0063289610220227535,
           "n_close_orders": 10,
           "qty_pct_close": 0.010722162919569702,
           "qty_pct_entry": 0.01,
           "wallet_exposure_limit": 1,
           "we_multiplier_close": 0,
           "we_multiplier_entry": 28.620684593180385}}