{"config_name": "clock_0days",
 "long": {"backwards_tp": true,
          "delay_between_fills_minutes_close": 1367.6341028960558,
          "delay_between_fills_minutes_entry": 1318.1447638534917,
          "delay_weight_close": 41.95083872535282,
          "delay_weight_entry": 14.00152016126425,
          "ema_dist_close": 0.00021597573069882404,
          "ema_dist_entry": -0.0036445961267289853,
          "ema_span_0": 1165.4222716536276,
          "ema_span_1": 1346.3141090608895,
          "enabled": true,
          "markup_range": 0.052254851764753765,
          "min_markup": 0.007336546924757905,
          "n_close_orders": 8,
          "qty_pct_close": 0.025100189317447414,
          "qty_pct_entry": 0.010242372032759765,
          "wallet_exposure_limit": 1,
          "we_multiplier_close": 0,
          "we_multiplier_entry": 41.50304664033492},
 "short": {"backwards_tp": true,
           "delay_between_fills_minutes_close": 1416.4087821322057,
           "delay_between_fills_minutes_entry": 483.3047545155999,
           "delay_weight_close": 59.18648754891567,
           "delay_weight_entry": 4.1745369327141475,
           "ema_dist_close": -0.0021717487000694918,
           "ema_dist_entry": -0.0033712189581966284,
           "ema_span_0": 609.9437992212333,
           "ema_span_1": 924.161683127996,
           "enabled": true,
           "markup_range": 0.0019658618218926604,
           "min_markup": 0.005688494269969634,
           "n_close_orders": 13,
           "qty_pct_close": 0.01390908955167051,
           "qty_pct_entry": 0.021220384133120333,
           "wallet_exposure_limit": 1,
           "we_multiplier_close": 0,
           "we_multiplier_entry": 45.39614603857179}}