{"config_name": "clock_0days",
 "long": {"backwards_tp": true,
          "delay_between_fills_minutes_close": 1266.6307580392308,
          "delay_between_fills_minutes_entry": 794.1861072278795,
          "delay_weight_close": 30.452382807829455,
          "delay_weight_entry": 21.047569709559305,
          "ema_dist_close": 0.0029404249224339236,
          "ema_dist_entry": -0.0006403531081488756,
          "ema_span_0": 1439.993515187582,
          "ema_span_1": 364.19062664818466,
          "enabled": true,
          "markup_range": 0.004751802340187407,
          "min_markup": 0.006116565608036242,
          "n_close_orders": 16,
          "qty_pct_close": 0.02280040273517309,
          "qty_pct_entry": 0.018373638835743996,
          "wallet_exposure_limit": 1,
          "we_multiplier_close": 0,
          "we_multiplier_entry": 45.90924073364806},
 "short": {"backwards_tp": true,
           "delay_between_fills_minutes_close": 1092.4776374281764,
           "delay_between_fills_minutes_entry": 401.0870529655432,
           "delay_weight_close": 97.72458676173235,
           "delay_weight_entry": 1.642645164557317,
           "ema_dist_close": 0.0025784942036235574,
           "ema_dist_entry": -0.002229374843600856,
           "ema_span_0": 487.62471283418927,
           "ema_span_1": 1342.9791754564674,
           "enabled": true,
           "markup_range": 0.008521039881417653,
           "min_markup": 0.00800530965626805,
           "n_close_orders": 2,
           "qty_pct_close": 0.010209719681135947,
           "qty_pct_entry": 0.018728076197617193,
           "wallet_exposure_limit": 1,
           "we_multiplier_close": 0,
           "we_multiplier_entry": 22.47346258189105}}