{"config_name": "clock_0days",
 "long": {"backwards_tp": true,
          "delay_between_fills_minutes_close": 1373.2725817066453,
          "delay_between_fills_minutes_entry": 569.7493733065807,
          "delay_weight_close": 90.35184523809806,
          "delay_weight_entry": 10.371271085540615,
          "ema_dist_close": 0.0026699853139973808,
          "ema_dist_entry": 0.0006858269637528678,
          "ema_span_0": 872.9806171019176,
          "ema_span_1": 870.7583480903252,
          "enabled": true,
          "markup_range": 0.01848533576653506,
          "min_markup": 0.009802964997115846,
          "n_close_orders": 12,
          "qty_pct_close": 0.010629208189091492,
          "qty_pct_entry": 0.010294718523339484,
          "wallet_exposure_limit": 1,
          "we_multiplier_close": 0,
          "we_multiplier_entry": 26.74089606001299},
 "short": {"backwards_tp": true,
           "delay_between_fills_minutes_close": 1239.6718647809325,
           "delay_between_fills_minutes_entry": 796.4787215162715,
           "delay_weight_close": 35.42769864227112,
           "delay_weight_entry": 22.74280741449601,
           "ema_dist_close": 0.002999960277866133,
           "ema_dist_entry": -0.016107109959944167,
           "ema_span_0": 1378.6896995873008,
           "ema_span_1": 5,
           "enabled": true,
           "markup_range": 0.05505639701669875,
           "min_markup": 0.01,
           "n_close_orders": 12,
           "qty_pct_close": 0.03673629485196972,
           "qty_pct_entry": 0.010921940757489621,
           "wallet_exposure_limit": 1,
           "we_multiplier_close": 0,
           "we_multiplier_entry": 12.719306637973421}}