{"config_name": "recursive_grid_0days",
 "logging_level": 0,
 "long": {"auto_unstuck_delay_minutes": 0,
          "auto_unstuck_ema_dist": 0,
          "auto_unstuck_qty_pct": 0,
          "auto_unstuck_wallet_exposure_threshold": 0.0,
          "backwards_tp": true,
          "ddown_factor": 1.147872625701811,
          "ema_span_0": 943.421207147712,
          "ema_span_1": 1106.2070233961708,
          "enabled": true,
          "initial_eprice_ema_dist": 0.00287995506374919,
          "initial_qty_pct": 0.006805586855140683,
          "markup_range": 0.003475705902475284,
          "min_markup": 0.004534291188920234,
          "n_close_orders": 14,
          "rentry_pprice_dist": 0.0381179351462731,
          "rentry_pprice_dist_wallet_exposure_weighting": 1.3243421773616224,
          "wallet_exposure_limit": 1},
 "short": {"auto_unstuck_delay_minutes": 0,
           "auto_unstuck_ema_dist": 0,
           "auto_unstuck_qty_pct": 0,
           "auto_unstuck_wallet_exposure_threshold": 0.0,
           "backwards_tp": true,
           "ddown_factor": 1.2013987436240465,
           "ema_span_0": 1255.4281202357718,
           "ema_span_1": 838.9503047296461,
           "enabled": true,
           "initial_eprice_ema_dist": 0.002981167750202808,
           "initial_qty_pct": 0.008627480735883951,
           "markup_range": 0.0011298541837039464,
           "min_markup": 0.001961649446917289,
           "n_close_orders": 16,
           "rentry_pprice_dist": 0.024891349636365877,
           "rentry_pprice_dist_wallet_exposure_weighting": 0.006119807188264013,
           "wallet_exposure_limit": 1}}