{"config_name": "recursive_grid_0days",
 "logging_level": 0,
 "long": {"auto_unstuck_delay_minutes": 0,
          "auto_unstuck_ema_dist": 0,
          "auto_unstuck_qty_pct": 0,
          "auto_unstuck_wallet_exposure_threshold": 0.0,
          "backwards_tp": true,
          "ddown_factor": 1.5997256125741337,
          "ema_span_0": 675.5248086604771,
          "ema_span_1": 463.3502593727627,
          "enabled": true,
          "initial_eprice_ema_dist": 0.000534457780442675,
          "initial_qty_pct": 0.009326481302871779,
          "markup_range": 0.0040608292640282794,
          "min_markup": 0.007692198544655454,
          "n_close_orders": 13,
          "rentry_pprice_dist": 0.02926961449527582,
          "rentry_pprice_dist_wallet_exposure_weighting": 4.011487202146822,
          "wallet_exposure_limit": 1},
 "short": {"auto_unstuck_delay_minutes": 0,
           "auto_unstuck_ema_dist": 0,
           "auto_unstuck_qty_pct": 0,
           "auto_unstuck_wallet_exposure_threshold": 0.0,
           "backwards_tp": true,
           "ddown_factor": 0.11814702320918723,
           "ema_span_0": 1311.9318805106657,
           "ema_span_1": 1287.7612158812105,
           "enabled": true,
           "initial_eprice_ema_dist": 0.000956895293724553,
           "initial_qty_pct": 0.015521454790508725,
           "markup_range": 0.002151799460952336,
           "min_markup": 0.002249250067877081,
           "n_close_orders": 4,
           "rentry_pprice_dist": 0.04096897855031437,
           "rentry_pprice_dist_wallet_exposure_weighting": 6.970630032157269,
           "wallet_exposure_limit": 1}}