{"config_name": "recursive_grid_0days",
 "logging_level": 0,
 "long": {"auto_unstuck_delay_minutes": 0,
          "auto_unstuck_ema_dist": 0,
          "auto_unstuck_qty_pct": 0,
          "auto_unstuck_wallet_exposure_threshold": 0.0,
          "backwards_tp": true,
          "ddown_factor": 0.27096035018830045,
          "ema_span_0": 1269.5197471401505,
          "ema_span_1": 898.2966827186488,
          "enabled": true,
          "initial_eprice_ema_dist": -0.006163257160822988,
          "initial_qty_pct": 0.018500732913510638,
          "markup_range": 0.006841402135543796,
          "min_markup": 0.007926055054261747,
          "n_close_orders": 2,
          "rentry_pprice_dist": 0.03553139040733693,
          "rentry_pprice_dist_wallet_exposure_weighting": 1.694898736755689,
          "wallet_exposure_limit": 1},
 "short": {"auto_unstuck_delay_minutes": 0,
           "auto_unstuck_ema_dist": 0,
           "auto_unstuck_qty_pct": 0,
           "auto_unstuck_wallet_exposure_threshold": 0.0,
           "backwards_tp": true,
           "ddown_factor": 2.0540952339388348,
           "ema_span_0": 840.8105035001865,
           "ema_span_1": 809.3310503480456,
           "enabled": true,
           "initial_eprice_ema_dist": 0.0010731840104801968,
           "initial_qty_pct": 0.006331208422010066,
           "markup_range": 0.001817780138602416,
           "min_markup": 0.002716882059175753,
           "n_close_orders": 14,
           "rentry_pprice_dist": 0.014196970591013245,
           "rentry_pprice_dist_wallet_exposure_weighting": 1.1434624126101096,
           "wallet_exposure_limit": 1}}