{"config_name": "recursive_grid_0days",
 "logging_level": 0,
 "long": {"auto_unstuck_delay_minutes": 0,
          "auto_unstuck_ema_dist": 0,
          "auto_unstuck_qty_pct": 0,
          "auto_unstuck_wallet_exposure_threshold": 0.0,
          "backwards_tp": true,
          "ddown_factor": 1.6959364814853224,
          "ema_span_0": 846.2818797069314,
          "ema_span_1": 667.5589269514833,
          "enabled": true,
          "initial_eprice_ema_dist": 0.003,
          "initial_qty_pct": 0.007698026194857894,
          "markup_range": 0.003650842593233969,
          "min_markup": 0.0034504183594871412,
          "n_close_orders": 6,
          "rentry_pprice_dist": 0.03181961660381122,
          "rentry_pprice_dist_wallet_exposure_weighting": 3.3262778152875043,
          "wallet_exposure_limit": 1},
 "short": {"auto_unstuck_delay_minutes": 0,
           "auto_unstuck_ema_dist": 0,
           "auto_unstuck_qty_pct": 0,
           "auto_unstuck_wallet_exposure_threshold": 0.0,
           "backwards_tp": true,
           "ddown_factor": 0.11814702320918723,
           "ema_span_0": 1311.9318805106657,
           "ema_span_1": 1287.7612158812105,
           "enabled": true,
           "initial_eprice_ema_dist": 0.000956895293724553,
           "initial_qty_pct": 0.015521454790508725,
           "markup_range": 0.002151799460952336,
           "min_markup": 0.002249250067877081,
           "n_close_orders": 4,
           "rentry_pprice_dist": 0.04096897855031437,
           "rentry_pprice_dist_wallet_exposure_weighting": 6.970630032157269,
           "wallet_exposure_limit": 1}}