{"config_name": "recursive_grid_0days",
 "logging_level": 0,
 "long": {"auto_unstuck_delay_minutes": 0,
          "auto_unstuck_ema_dist": 0,
          "auto_unstuck_qty_pct": 0,
          "auto_unstuck_wallet_exposure_threshold": 0.0,
          "backwards_tp": true,
          "ddown_factor": 2.576159674193559,
          "ema_span_0": 625.382472891261,
          "ema_span_1": 653.5440331035952,
          "enabled": true,
          "initial_eprice_ema_dist": -0.0011369005919328425,
          "initial_qty_pct": 0.00782116147808587,
          "markup_range": 0.0015136280098836067,
          "min_markup": 0.004278340216667975,
          "n_close_orders": 8,
          "rentry_pprice_dist": 0.026199885334896974,
          "rentry_pprice_dist_wallet_exposure_weighting": 3.9341649235801395,
          "wallet_exposure_limit": 1},
 "short": {"auto_unstuck_delay_minutes": 0,
           "auto_unstuck_ema_dist": 0,
           "auto_unstuck_qty_pct": 0,
           "auto_unstuck_wallet_exposure_threshold": 0.0,
           "backwards_tp": true,
           "ddown_factor": 2.315157615759062,
           "ema_span_0": 1288.638511763472,
           "ema_span_1": 1178.166122578907,
           "enabled": true,
           "initial_eprice_ema_dist": -0.008352613483176433,
           "initial_qty_pct": 0.005219245056790691,
           "markup_range": 0.0022674979607707063,
           "min_markup": 0.002748393639133431,
           "n_close_orders": 8,
           "rentry_pprice_dist": 0.04629170038288606,
           "rentry_pprice_dist_wallet_exposure_weighting": 0.11533556541437862,
           "wallet_exposure_limit": 1}}