{"config_name": "recursive_grid_0days",
 "logging_level": 0,
 "long": {"auto_unstuck_delay_minutes": 0,
          "auto_unstuck_ema_dist": 0,
          "auto_unstuck_qty_pct": 0,
          "auto_unstuck_wallet_exposure_threshold": 0.0,
          "backwards_tp": true,
          "ddown_factor": 1.0326705786431252,
          "ema_span_0": 604.038530534182,
          "ema_span_1": 593.1936821764934,
          "enabled": true,
          "initial_eprice_ema_dist": -0.00668937672890069,
          "initial_qty_pct": 0.019351048497405286,
          "markup_range": 0.0034942125844474497,
          "min_markup": 0.004154469214673117,
          "n_close_orders": 2,
          "rentry_pprice_dist": 0.024539182484321853,
          "rentry_pprice_dist_wallet_exposure_weighting": 3.621466219267716,
          "wallet_exposure_limit": 1},
 "short": {"auto_unstuck_delay_minutes": 0,
           "auto_unstuck_ema_dist": 0,
           "auto_unstuck_qty_pct": 0,
           "auto_unstuck_wallet_exposure_threshold": 0.0,
           "backwards_tp": true,
           "ddown_factor": 1.3494299671902126,
           "ema_span_0": 1099.5790342782948,
           "ema_span_1": 891.6931536882142,
           "enabled": true,
           "initial_eprice_ema_dist": 0.002067981400178223,
           "initial_qty_pct": 0.006877338106826703,
           "markup_range": 0.003371214635599383,
           "min_markup": 0.003649602767132133,
           "n_close_orders": 12,
           "rentry_pprice_dist": 0.0293128063288612,
           "rentry_pprice_dist_wallet_exposure_weighting": 3.5801575590666186,
           "wallet_exposure_limit": 1}}