{"config_name": "recursive_grid_0days",
 "logging_level": 0,
 "long": {"auto_unstuck_delay_minutes": 0,
          "auto_unstuck_ema_dist": 0,
          "auto_unstuck_qty_pct": 0,
          "auto_unstuck_wallet_exposure_threshold": 0.0,
          "backwards_tp": true,
          "ddown_factor": 1.9609135415246004,
          "ema_span_0": 1403.5698139372596,
          "ema_span_1": 986.2957480481507,
          "enabled": true,
          "initial_eprice_ema_dist": 0.002947454337247563,
          "initial_qty_pct": 0.011597624865224218,
          "markup_range": 0.0024845949302958656,
          "min_markup": 0.005474116949369086,
          "n_close_orders": 4,
          "rentry_pprice_dist": 0.029803783296612842,
          "rentry_pprice_dist_wallet_exposure_weighting": 4.827121921787006,
          "wallet_exposure_limit": 1},
 "short": {"auto_unstuck_delay_minutes": 0,
           "auto_unstuck_ema_dist": 0,
           "auto_unstuck_qty_pct": 0,
           "auto_unstuck_wallet_exposure_threshold": 0.0,
           "backwards_tp": true,
           "ddown_factor": 1.6899290101211653,
           "ema_span_0": 1411.1525438549577,
           "ema_span_1": 1373.797232314367,
           "enabled": true,
           "initial_eprice_ema_dist": -0.0011670437295357812,
           "initial_qty_pct": 0.013767177800042421,
           "markup_range": 0.006711035149841956,
           "min_markup": 0.009361408391124903,
           "n_close_orders": 3,
           "rentry_pprice_dist": 0.0360233523272543,
           "rentry_pprice_dist_wallet_exposure_weighting": 6.073823543142589,
           "wallet_exposure_limit": 1}}