{"config_name": "recursive_grid_0days",
 "logging_level": 0,
 "long": {"auto_unstuck_delay_minutes": 0,
          "auto_unstuck_ema_dist": 0,
          "auto_unstuck_qty_pct": 0,
          "auto_unstuck_wallet_exposure_threshold": 0.0,
          "backwards_tp": true,
          "ddown_factor": 1.2129292602387045,
          "ema_span_0": 1099.8180435192135,
          "ema_span_1": 1104.3748205904287,
          "enabled": true,
          "initial_eprice_ema_dist": -0.007654241773142833,
          "initial_qty_pct": 0.006308448069205101,
          "markup_range": 0.004361346293489825,
          "min_markup": 0.004928506629181462,
          "n_close_orders": 2,
          "rentry_pprice_dist": 0.03407286912369517,
          "rentry_pprice_dist_wallet_exposure_weighting": 4.339965860689328,
          "wallet_exposure_limit": 1},
 "short": {"auto_unstuck_delay_minutes": 0,
           "auto_unstuck_ema_dist": 0,
           "auto_unstuck_qty_pct": 0,
           "auto_unstuck_wallet_exposure_threshold": 0.0,
           "backwards_tp": true,
           "ddown_factor": 0.233843659051374,
           "ema_span_0": 620.9439410068148,
           "ema_span_1": 1141.4467876090778,
           "enabled": true,
           "initial_eprice_ema_dist": -0.005471578687433655,
           "initial_qty_pct": 0.010059669904209461,
           "markup_range": 0.0017407994687275836,
           "min_markup": 0.009034052144763766,
           "n_close_orders": 9,
           "rentry_pprice_dist": 0.015280419834390631,
           "rentry_pprice_dist_wallet_exposure_weighting": 6.802659146736087,
           "wallet_exposure_limit": 1}}