{"config_name": "recursive_grid_0days",
 "logging_level": 0,
 "long": {"auto_unstuck_delay_minutes": 0,
          "auto_unstuck_ema_dist": 0,
          "auto_unstuck_qty_pct": 0,
          "auto_unstuck_wallet_exposure_threshold": 0.0,
          "backwards_tp": true,
          "ddown_factor": 2.576159674193559,
          "ema_span_0": 625.382472891261,
          "ema_span_1": 653.5440331035952,
          "enabled": true,
          "initial_eprice_ema_dist": -0.0011369005919328425,
          "initial_qty_pct": 0.00782116147808587,
          "markup_range": 0.0015136280098836067,
          "min_markup": 0.004278340216667975,
          "n_close_orders": 8,
          "rentry_pprice_dist": 0.026199885334896974,
          "rentry_pprice_dist_wallet_exposure_weighting": 3.9341649235801395,
          "wallet_exposure_limit": 1},
 "short": {"auto_unstuck_delay_minutes": 0,
           "auto_unstuck_ema_dist": 0,
           "auto_unstuck_qty_pct": 0,
           "auto_unstuck_wallet_exposure_threshold": 0.0,
           "backwards_tp": true,
           "ddown_factor": 0.8320635405488337,
           "ema_span_0": 1377.7334935653412,
           "ema_span_1": 1315.7297625154665,
           "enabled": true,
           "initial_eprice_ema_dist": -0.005557979440468435,
           "initial_qty_pct": 0.014696556079592117,
           "markup_range": 0.004149952239189911,
           "min_markup": 0.00345076664826615,
           "n_close_orders": 2,
           "rentry_pprice_dist": 0.02433193338283072,
           "rentry_pprice_dist_wallet_exposure_weighting": 0.4040436078836901,
           "wallet_exposure_limit": 1}}