{"config_name": "recursive_grid_0days",
 "logging_level": 0,
 "long": {"auto_unstuck_delay_minutes": 0,
          "auto_unstuck_ema_dist": 0,
          "auto_unstuck_qty_pct": 0,
          "auto_unstuck_wallet_exposure_threshold": 0.0,
          "backwards_tp": true,
          "ddown_factor": 1.147872625701811,
          "ema_span_0": 943.421207147712,
          "ema_span_1": 1106.2070233961708,
          "enabled": true,
          "initial_eprice_ema_dist": 0.00287995506374919,
          "initial_qty_pct": 0.006805586855140683,
          "markup_range": 0.003475705902475284,
          "min_markup": 0.004534291188920234,
          "n_close_orders": 14,
          "rentry_pprice_dist": 0.0381179351462731,
          "rentry_pprice_dist_wallet_exposure_weighting": 1.3243421773616224,
          "wallet_exposure_limit": 1},
 "short": {"auto_unstuck_delay_minutes": 0,
           "auto_unstuck_ema_dist": 0,
           "auto_unstuck_qty_pct": 0,
           "auto_unstuck_wallet_exposure_threshold": 0.0,
           "backwards_tp": true,
           "ddown_factor": 0.11814702320918723,
           "ema_span_0": 1311.9318805106657,
           "ema_span_1": 1287.7612158812105,
           "enabled": true,
           "initial_eprice_ema_dist": 0.000956895293724553,
           "initial_qty_pct": 0.015521454790508725,
           "markup_range": 0.002151799460952336,
           "min_markup": 0.002249250067877081,
           "n_close_orders": 4,
           "rentry_pprice_dist": 0.04096897855031437,
           "rentry_pprice_dist_wallet_exposure_weighting": 6.970630032157269,
           "wallet_exposure_limit": 1}}