{"config_name": "recursive_grid_0days",
 "logging_level": 0,
 "long": {"auto_unstuck_delay_minutes": 0,
          "auto_unstuck_ema_dist": 0,
          "auto_unstuck_qty_pct": 0,
          "auto_unstuck_wallet_exposure_threshold": 0.0,
          "backwards_tp": true,
          "ddown_factor": 1.7365704414152916,
          "ema_span_0": 886.129141934448,
          "ema_span_1": 1303.2189380763864,
          "enabled": true,
          "initial_eprice_ema_dist": 0.00034918794174462135,
          "initial_qty_pct": 0.0073137193168916915,
          "markup_range": 0.0002696910496149988,
          "min_markup": 0.002537095195496491,
          "n_close_orders": 8,
          "rentry_pprice_dist": 0.03299344074837391,
          "rentry_pprice_dist_wallet_exposure_weighting": 4.925510698897232,
          "wallet_exposure_limit": 1},
 "short": {"auto_unstuck_delay_minutes": 0,
           "auto_unstuck_ema_dist": 0,
           "auto_unstuck_qty_pct": 0,
           "auto_unstuck_wallet_exposure_threshold": 0.0,
           "backwards_tp": true,
           "ddown_factor": 1.019785857969705,
           "ema_span_0": 1032.7860926258877,
           "ema_span_1": 1383.7207473361148,
           "enabled": true,
           "initial_eprice_ema_dist": 0.0029965681023830354,
           "initial_qty_pct": 0.012163187837760008,
           "markup_range": 0.008344216913244754,
           "min_markup": 0.006463203573178485,
           "n_close_orders": 2,
           "rentry_pprice_dist": 0.048758040725881434,
           "rentry_pprice_dist_wallet_exposure_weighting": 2.3111828470232654,
           "wallet_exposure_limit": 1}}