{"config_name": "recursive_grid_0days",
 "logging_level": 0,
 "long": {"auto_unstuck_delay_minutes": 0,
          "auto_unstuck_ema_dist": 0,
          "auto_unstuck_qty_pct": 0,
          "auto_unstuck_wallet_exposure_threshold": 0.0,
          "backwards_tp": true,
          "ddown_factor": 0.1,
          "ema_span_0": 923.9275166946718,
          "ema_span_1": 943.9911678701433,
          "enabled": true,
          "initial_eprice_ema_dist": -0.004302610443883405,
          "initial_qty_pct": 0.005889927213589283,
          "markup_range": 0.005287332854339719,
          "min_markup": 0.00481346151178551,
          "n_close_orders": 2,
          "rentry_pprice_dist": 0.0394368994923157,
          "rentry_pprice_dist_wallet_exposure_weighting": 0.15751620502931427,
          "wallet_exposure_limit": 1},
 "short": {"auto_unstuck_delay_minutes": 0,
           "auto_unstuck_ema_dist": 0,
           "auto_unstuck_qty_pct": 0,
           "auto_unstuck_wallet_exposure_threshold": 0.0,
           "backwards_tp": true,
           "ddown_factor": 0.334577043377333,
           "ema_span_0": 866.5891523302652,
           "ema_span_1": 890.5873067013968,
           "enabled": true,
           "initial_eprice_ema_dist": 0.0016627975790283447,
           "initial_qty_pct": 0.01804009064746666,
           "markup_range": 0.009248963180544587,
           "min_markup": 0.0049070694183952395,
           "n_close_orders": 4,
           "rentry_pprice_dist": 0.04580828135548051,
           "rentry_pprice_dist_wallet_exposure_weighting": 3.2351204454500158,
           "wallet_exposure_limit": 1}}