{"config_name": "recursive_grid_0days",
 "logging_level": 0,
 "long": {"auto_unstuck_delay_minutes": 0,
          "auto_unstuck_ema_dist": 0,
          "auto_unstuck_qty_pct": 0,
          "auto_unstuck_wallet_exposure_threshold": 0.0,
          "backwards_tp": true,
          "ddown_factor": 1.1107990734440274,
          "ema_span_0": 1187.0297967779309,
          "ema_span_1": 1061.1369229556215,
          "enabled": true,
          "initial_eprice_ema_dist": 7.380235099925537e-05,
          "initial_qty_pct": 0.018428102555074977,
          "markup_range": 0.0018285765333738901,
          "min_markup": 0.0022455575908887715,
          "n_close_orders": 6,
          "rentry_pprice_dist": 0.047426080893467504,
          "rentry_pprice_dist_wallet_exposure_weighting": 0.29098416270095506,
          "wallet_exposure_limit": 1},
 "short": {"auto_unstuck_delay_minutes": 0,
           "auto_unstuck_ema_dist": 0,
           "auto_unstuck_qty_pct": 0,
           "auto_unstuck_wallet_exposure_threshold": 0.0,
           "backwards_tp": true,
           "ddown_factor": 0.4597270174910709,
           "ema_span_0": 1320.1469989681038,
           "ema_span_1": 1235.888173563862,
           "enabled": true,
           "initial_eprice_ema_dist": 0.0005098653260316934,
           "initial_qty_pct": 0.009077613114768415,
           "markup_range": 0.003710043937811769,
           "min_markup": 0.008409584407417028,
           "n_close_orders": 3,
           "rentry_pprice_dist": 0.04915502869998958,
           "rentry_pprice_dist_wallet_exposure_weighting": 6.650750871176982,
           "wallet_exposure_limit": 1}}