{"config_name": "recursive_grid_0days",
 "logging_level": 0,
 "long": {"auto_unstuck_delay_minutes": 0,
          "auto_unstuck_ema_dist": 0,
          "auto_unstuck_qty_pct": 0,
          "auto_unstuck_wallet_exposure_threshold": 0.0,
          "backwards_tp": true,
          "ddown_factor": 0.8872391040129907,
          "ema_span_0": 1227.677879308853,
          "ema_span_1": 1321.9435653298738,
          "enabled": true,
          "initial_eprice_ema_dist": 6.875571249006968e-05,
          "initial_qty_pct": 0.0050180565237401475,
          "markup_range": 0.0007845643795819266,
          "min_markup": 0.0034294712116233255,
          "n_close_orders": 8,
          "rentry_pprice_dist": 0.01912283477089432,
          "rentry_pprice_dist_wallet_exposure_weighting": 0.12906820980223024,
          "wallet_exposure_limit": 1},
 "short": {"auto_unstuck_delay_minutes": 0,
           "auto_unstuck_ema_dist": 0,
           "auto_unstuck_qty_pct": 0,
           "auto_unstuck_wallet_exposure_threshold": 0.0,
           "backwards_tp": true,
           "ddown_factor": 2.0540952339388348,
           "ema_span_0": 840.8105035001865,
           "ema_span_1": 809.3310503480456,
           "enabled": true,
           "initial_eprice_ema_dist": 0.0010731840104801968,
           "initial_qty_pct": 0.006331208422010066,
           "markup_range": 0.001817780138602416,
           "min_markup": 0.002716882059175753,
           "n_close_orders": 14,
           "rentry_pprice_dist": 0.014196970591013245,
           "rentry_pprice_dist_wallet_exposure_weighting": 1.1434624126101096,
           "wallet_exposure_limit": 1}}