{"config_name": "recursive_grid_0days",
 "logging_level": 0,
 "long": {"auto_unstuck_delay_minutes": 0,
          "auto_unstuck_ema_dist": 0,
          "auto_unstuck_qty_pct": 0,
          "auto_unstuck_wallet_exposure_threshold": 0.0,
          "backwards_tp": true,
          "ddown_factor": 1.0241941468393185,
          "ema_span_0": 854.5154633098247,
          "ema_span_1": 1323.101255136699,
          "enabled": true,
          "initial_eprice_ema_dist": -0.004078971371150064,
          "initial_qty_pct": 0.010749332238160055,
          "markup_range": 0.0007992664209335222,
          "min_markup": 0.0012641731578285265,
          "n_close_orders": 10,
          "rentry_pprice_dist": 0.018427301438846414,
          "rentry_pprice_dist_wallet_exposure_weighting": 1.9471057366993407,
          "wallet_exposure_limit": 1},
 "short": {"auto_unstuck_delay_minutes": 0,
           "auto_unstuck_ema_dist": 0,
           "auto_unstuck_qty_pct": 0,
           "auto_unstuck_wallet_exposure_threshold": 0.0,
           "backwards_tp": true,
           "ddown_factor": 2.2110175086766635,
           "ema_span_0": 1142.3462518062308,
           "ema_span_1": 775.8617301933227,
           "enabled": true,
           "initial_eprice_ema_dist": 0.0018380314783033418,
           "initial_qty_pct": 0.013663277997224572,
           "markup_range": 0.0006559595671607894,
           "min_markup": 0.0029997672715825876,
           "n_close_orders": 5,
           "rentry_pprice_dist": 0.026750716807570938,
           "rentry_pprice_dist_wallet_exposure_weighting": 4.484286285078949,
           "wallet_exposure_limit": 1}}