{"config_name": "recursive_grid_0days",
 "logging_level": 0,
 "long": {"auto_unstuck_delay_minutes": 0,
          "auto_unstuck_ema_dist": 0,
          "auto_unstuck_qty_pct": 0,
          "auto_unstuck_wallet_exposure_threshold": 0.0,
          "backwards_tp": true,
          "ddown_factor": 0.7532215524070002,
          "ema_span_0": 842.8541881014295,
          "ema_span_1": 695.4707848683289,
          "enabled": true,
          "initial_eprice_ema_dist": -0.006167788999834761,
          "initial_qty_pct": 0.016205523696574256,
          "markup_range": 0.007517401599495501,
          "min_markup": 0.00590330385975649,
          "n_close_orders": 4,
          "rentry_pprice_dist": 0.026963625790853547,
          "rentry_pprice_dist_wallet_exposure_weighting": 4.616414416084344,
          "wallet_exposure_limit": 1},
 "short": {"auto_unstuck_delay_minutes": 0,
           "auto_unstuck_ema_dist": 0,
           "auto_unstuck_qty_pct": 0,
           "auto_unstuck_wallet_exposure_threshold": 0.0,
           "backwards_tp": true,
           "ddown_factor": 1.2682890798862727,
           "ema_span_0": 632.1305394716604,
           "ema_span_1": 446.0122065994606,
           "enabled": true,
           "initial_eprice_ema_dist": -0.007254302953006664,
           "initial_qty_pct": 0.006313257586029646,
           "markup_range": 0.001035484202141247,
           "min_markup": 0.0031882761069496734,
           "n_close_orders": 14,
           "rentry_pprice_dist": 0.04812120811473066,
           "rentry_pprice_dist_wallet_exposure_weighting": 6.057896071427606,
           "wallet_exposure_limit": 1}}