{"config_name": "recursive_grid_0days",
 "logging_level": 0,
 "long": {"auto_unstuck_delay_minutes": 0,
          "auto_unstuck_ema_dist": 0,
          "auto_unstuck_qty_pct": 0,
          "auto_unstuck_wallet_exposure_threshold": 0.0,
          "backwards_tp": true,
          "ddown_factor": 0.35424661844691196,
          "ema_span_0": 441.4779746092039,
          "ema_span_1": 1067.7076812966789,
          "enabled": true,
          "initial_eprice_ema_dist": -0.00531869397469693,
          "initial_qty_pct": 0.0056497753346014855,
          "markup_range": 0.00022966304447854743,
          "min_markup": 0.0019972013348434955,
          "n_close_orders": 5,
          "rentry_pprice_dist": 0.013542212975156311,
          "rentry_pprice_dist_wallet_exposure_weighting": 2.7147030945723465,
          "wallet_exposure_limit": 1},
 "short": {"auto_unstuck_delay_minutes": 0,
           "auto_unstuck_ema_dist": 0,
           "auto_unstuck_qty_pct": 0,
           "auto_unstuck_wallet_exposure_threshold": 0.0,
           "backwards_tp": true,
           "ddown_factor": 1.7675356695294622,
           "ema_span_0": 1393.4546224480537,
           "ema_span_1": 1368.6820585392252,
           "enabled": true,
           "initial_eprice_ema_dist": 0.002627474568962309,
           "initial_qty_pct": 0.014613064644839368,
           "markup_range": 6.007043140302867e-07,
           "min_markup": 0.001041562919519315,
           "n_close_orders": 8,
           "rentry_pprice_dist": 0.027968843709405767,
           "rentry_pprice_dist_wallet_exposure_weighting": 1.4766732171762642,
           "wallet_exposure_limit": 1}}