{"config_name": "recursive_grid_0days",
 "logging_level": 0,
 "long": {"auto_unstuck_delay_minutes": 0,
          "auto_unstuck_ema_dist": 0,
          "auto_unstuck_qty_pct": 0,
          "auto_unstuck_wallet_exposure_threshold": 0.0,
          "backwards_tp": true,
          "ddown_factor": 0.7862968909226588,
          "ema_span_0": 1244.728182189878,
          "ema_span_1": 1167.514773021885,
          "enabled": true,
          "initial_eprice_ema_dist": -0.0003633765030265621,
          "initial_qty_pct": 0.013825972266251355,
          "markup_range": 0.0028181430004715242,
          "min_markup": 0.002772733392322867,
          "n_close_orders": 3,
          "rentry_pprice_dist": 0.021167677599601094,
          "rentry_pprice_dist_wallet_exposure_weighting": 2.273528729156889,
          "wallet_exposure_limit": 1},
 "short": {"auto_unstuck_delay_minutes": 0,
           "auto_unstuck_ema_dist": 0,
           "auto_unstuck_qty_pct": 0,
           "auto_unstuck_wallet_exposure_threshold": 0.0,
           "backwards_tp": true,
           "ddown_factor": 2.8249924078489226,
           "ema_span_0": 669.7462100202348,
           "ema_span_1": 1102.0638236239795,
           "enabled": true,
           "initial_eprice_ema_dist": 0.003,
           "initial_qty_pct": 0.011644203308690045,
           "markup_range": 0.00017161848466332644,
           "min_markup": 0.0015061965976320075,
           "n_close_orders": 5,
           "rentry_pprice_dist": 0.025349863778944465,
           "rentry_pprice_dist_wallet_exposure_weighting": 4.476648317606985,
           "wallet_exposure_limit": 1}}