{"config_name": "recursive_grid_0days",
 "logging_level": 0,
 "long": {"auto_unstuck_delay_minutes": 0,
          "auto_unstuck_ema_dist": 0,
          "auto_unstuck_qty_pct": 0,
          "auto_unstuck_wallet_exposure_threshold": 0.0,
          "backwards_tp": true,
          "ddown_factor": 1.6959364814853224,
          "ema_span_0": 846.2818797069314,
          "ema_span_1": 667.5589269514833,
          "enabled": true,
          "initial_eprice_ema_dist": 0.003,
          "initial_qty_pct": 0.007698026194857894,
          "markup_range": 0.003650842593233969,
          "min_markup": 0.0034504183594871412,
          "n_close_orders": 6,
          "rentry_pprice_dist": 0.03181961660381122,
          "rentry_pprice_dist_wallet_exposure_weighting": 3.3262778152875043,
          "wallet_exposure_limit": 1},
 "short": {"auto_unstuck_delay_minutes": 0,
           "auto_unstuck_ema_dist": 0,
           "auto_unstuck_qty_pct": 0,
           "auto_unstuck_wallet_exposure_threshold": 0.0,
           "backwards_tp": true,
           "ddown_factor": 2.7683360773661545,
           "ema_span_0": 1234.5735793947715,
           "ema_span_1": 1182.526257399062,
           "enabled": true,
           "initial_eprice_ema_dist": 0.002248791473923822,
           "initial_qty_pct": 0.018866989139200676,
           "markup_range": 0.0020912789103538425,
           "min_markup": 0.007615193452807916,
           "n_close_orders": 12,
           "rentry_pprice_dist": 0.05406286602542849,
           "rentry_pprice_dist_wallet_exposure_weighting": 3.780058520887276,
           "wallet_exposure_limit": 1}}