{"config_name": "recursive_grid_0days",
 "logging_level": 0,
 "long": {"auto_unstuck_delay_minutes": 0,
          "auto_unstuck_ema_dist": 0,
          "auto_unstuck_qty_pct": 0,
          "auto_unstuck_wallet_exposure_threshold": 0.0,
          "backwards_tp": true,
          "ddown_factor": 1.7365704414152916,
          "ema_span_0": 886.129141934448,
          "ema_span_1": 1303.2189380763864,
          "enabled": true,
          "initial_eprice_ema_dist": 0.00034918794174462135,
          "initial_qty_pct": 0.0073137193168916915,
          "markup_range": 0.0002696910496149988,
          "min_markup": 0.002537095195496491,
          "n_close_orders": 8,
          "rentry_pprice_dist": 0.03299344074837391,
          "rentry_pprice_dist_wallet_exposure_weighting": 4.925510698897232,
          "wallet_exposure_limit": 1},
 "short": {"auto_unstuck_delay_minutes": 0,
           "auto_unstuck_ema_dist": 0,
           "auto_unstuck_qty_pct": 0,
           "auto_unstuck_wallet_exposure_threshold": 0.0,
           "backwards_tp": true,
           "ddown_factor": 0.38378794359993323,
           "ema_span_0": 476.9109740173736,
           "ema_span_1": 659.0428580647598,
           "enabled": true,
           "initial_eprice_ema_dist": 0.0027465969541848644,
           "initial_qty_pct": 0.019927721003175844,
           "markup_range": 0.0061778827690639766,
           "min_markup": 0.005287461494442256,
           "n_close_orders": 9,
           "rentry_pprice_dist": 0.03924498315601018,
           "rentry_pprice_dist_wallet_exposure_weighting": 6.80703315013386,
           "wallet_exposure_limit": 1}}