{"config_name": "recursive_grid_0days",
 "logging_level": 0,
 "long": {"auto_unstuck_delay_minutes": 0,
          "auto_unstuck_ema_dist": 0,
          "auto_unstuck_qty_pct": 0,
          "auto_unstuck_wallet_exposure_threshold": 0.0,
          "backwards_tp": true,
          "ddown_factor": 0.677018133332895,
          "ema_span_0": 1235.7525515833377,
          "ema_span_1": 1277.1433184735629,
          "enabled": true,
          "initial_eprice_ema_dist": -0.003130536615432617,
          "initial_qty_pct": 0.01841343032582347,
          "markup_range": 0.005340723932525618,
          "min_markup": 0.005325276677515647,
          "n_close_orders": 2,
          "rentry_pprice_dist": 0.03785221672463879,
          "rentry_pprice_dist_wallet_exposure_weighting": 1.0150521373378953,
          "wallet_exposure_limit": 1},
 "short": {"auto_unstuck_delay_minutes": 0,
           "auto_unstuck_ema_dist": 0,
           "auto_unstuck_qty_pct": 0,
           "auto_unstuck_wallet_exposure_threshold": 0.0,
           "backwards_tp": true,
           "ddown_factor": 0.781033998959295,
           "ema_span_0": 1411.6020388362047,
           "ema_span_1": 456.75227193934194,
           "enabled": true,
           "initial_eprice_ema_dist": -0.0037782132081332093,
           "initial_qty_pct": 0.015185573144830315,
           "markup_range": 0.006660155814512747,
           "min_markup": 0.005864518374732328,
           "n_close_orders": 8,
           "rentry_pprice_dist": 0.03670591007903218,
           "rentry_pprice_dist_wallet_exposure_weighting": 5.2704885637723065,
           "wallet_exposure_limit": 1}}