{"config_name": "recursive_grid_0days",
 "logging_level": 0,
 "long": {"auto_unstuck_delay_minutes": 0,
          "auto_unstuck_ema_dist": 0,
          "auto_unstuck_qty_pct": 0,
          "auto_unstuck_wallet_exposure_threshold": 0.0,
          "backwards_tp": true,
          "ddown_factor": 0.7649596061130892,
          "ema_span_0": 1129.7774903837344,
          "ema_span_1": 1064.056203139215,
          "enabled": true,
          "initial_eprice_ema_dist": 0.002085786428089617,
          "initial_qty_pct": 0.012836987591214079,
          "markup_range": 0.002474766705097072,
          "min_markup": 0.007622716118254176,
          "n_close_orders": 5,
          "rentry_pprice_dist": 0.0364534551652637,
          "rentry_pprice_dist_wallet_exposure_weighting": 1.1086190381493821,
          "wallet_exposure_limit": 1},
 "short": {"auto_unstuck_delay_minutes": 0,
           "auto_unstuck_ema_dist": 0,
           "auto_unstuck_qty_pct": 0,
           "auto_unstuck_wallet_exposure_threshold": 0.0,
           "backwards_tp": true,
           "ddown_factor": 0.9466784286934358,
           "ema_span_0": 905.0697721880944,
           "ema_span_1": 912.9214311181881,
           "enabled": true,
           "initial_eprice_ema_dist": -0.007575040567385521,
           "initial_qty_pct": 0.012106984643908462,
           "markup_range": 0.0071962271813877125,
           "min_markup": 0.0025092713565010795,
           "n_close_orders": 2,
           "rentry_pprice_dist": 0.037089632374749694,
           "rentry_pprice_dist_wallet_exposure_weighting": 5.184381954830113,
           "wallet_exposure_limit": 1}}