{"config_name": "recursive_grid_0days",
 "logging_level": 0,
 "long": {"auto_unstuck_delay_minutes": 0,
          "auto_unstuck_ema_dist": 0,
          "auto_unstuck_qty_pct": 0,
          "auto_unstuck_wallet_exposure_threshold": 0.0,
          "backwards_tp": true,
          "ddown_factor": 0.10001068717462122,
          "ema_span_0": 1388.420506457803,
          "ema_span_1": 405.5981329510556,
          "enabled": true,
          "initial_eprice_ema_dist": -0.008234599359277612,
          "initial_qty_pct": 0.015726353698551625,
          "markup_range": 0.006055760310440219,
          "min_markup": 0.0024064896736204692,
          "n_close_orders": 3,
          "rentry_pprice_dist": 0.02602231875215248,
          "rentry_pprice_dist_wallet_exposure_weighting": 3.1338739749399473,
          "wallet_exposure_limit": 1},
 "short": {"auto_unstuck_delay_minutes": 0,
           "auto_unstuck_ema_dist": 0,
           "auto_unstuck_qty_pct": 0,
           "auto_unstuck_wallet_exposure_threshold": 0.0,
           "backwards_tp": true,
           "ddown_factor": 2.2110175086766635,
           "ema_span_0": 1142.3462518062308,
           "ema_span_1": 775.8617301933227,
           "enabled": true,
           "initial_eprice_ema_dist": 0.0018380314783033418,
           "initial_qty_pct": 0.013663277997224572,
           "markup_range": 0.0006559595671607894,
           "min_markup": 0.0029997672715825876,
           "n_close_orders": 5,
           "rentry_pprice_dist": 0.026750716807570938,
           "rentry_pprice_dist_wallet_exposure_weighting": 4.484286285078949,
           "wallet_exposure_limit": 1}}