{"config_name": "recursive_grid_0days",
 "logging_level": 0,
 "long": {"auto_unstuck_delay_minutes": 0,
          "auto_unstuck_ema_dist": 0,
          "auto_unstuck_qty_pct": 0,
          "auto_unstuck_wallet_exposure_threshold": 0.0,
          "backwards_tp": true,
          "ddown_factor": 0.18107037609715146,
          "ema_span_0": 534.4984274804051,
          "ema_span_1": 525.8514541543207,
          "enabled": true,
          "initial_eprice_ema_dist": -0.00568511670263008,
          "initial_qty_pct": 0.013876379097443346,
          "markup_range": 0.003361549327320251,
          "min_markup": 0.0037459290539795715,
          "n_close_orders": 2,
          "rentry_pprice_dist": 0.016992396397882446,
          "rentry_pprice_dist_wallet_exposure_weighting": 4.4255615311562195,
          "wallet_exposure_limit": 1},
 "short": {"auto_unstuck_delay_minutes": 0,
           "auto_unstuck_ema_dist": 0,
           "auto_unstuck_qty_pct": 0,
           "auto_unstuck_wallet_exposure_threshold": 0.0,
           "backwards_tp": true,
           "ddown_factor": 1.5869640230496587,
           "ema_span_0": 1380.5212698115627,
           "ema_span_1": 1418.4084949780413,
           "enabled": true,
           "initial_eprice_ema_dist": -0.005981297445439179,
           "initial_qty_pct": 0.009154623305304997,
           "markup_range": 0.0012897923814616553,
           "min_markup": 0.002585761843114575,
           "n_close_orders": 6,
           "rentry_pprice_dist": 0.030599470045037946,
           "rentry_pprice_dist_wallet_exposure_weighting": 0.5881754325681502,
           "wallet_exposure_limit": 1}}