{"config_name": "recursive_grid_0days",
 "logging_level": 0,
 "long": {"auto_unstuck_delay_minutes": 0,
          "auto_unstuck_ema_dist": 0,
          "auto_unstuck_qty_pct": 0,
          "auto_unstuck_wallet_exposure_threshold": 0.0,
          "backwards_tp": true,
          "ddown_factor": 0.9295961467888398,
          "ema_span_0": 963.8979774269824,
          "ema_span_1": 888.4244758500278,
          "enabled": true,
          "initial_eprice_ema_dist": -0.0070262833903947195,
          "initial_qty_pct": 0.012437039284533226,
          "markup_range": 0.004492387751566958,
          "min_markup": 0.005634490370496687,
          "n_close_orders": 4,
          "rentry_pprice_dist": 0.02388421916858395,
          "rentry_pprice_dist_wallet_exposure_weighting": 2.3005133885012596,
          "wallet_exposure_limit": 1},
 "short": {"auto_unstuck_delay_minutes": 0,
           "auto_unstuck_ema_dist": 0,
           "auto_unstuck_qty_pct": 0,
           "auto_unstuck_wallet_exposure_threshold": 0.0,
           "backwards_tp": true,
           "ddown_factor": 2.8027787542027762,
           "ema_span_0": 1436.8343438285362,
           "ema_span_1": 1386.5511655702765,
           "enabled": true,
           "initial_eprice_ema_dist": 0.002834521224448135,
           "initial_qty_pct": 0.00930399121755424,
           "markup_range": 6.664167120364612e-08,
           "min_markup": 0.0020903953001758444,
           "n_close_orders": 15,
           "rentry_pprice_dist": 0.045578517135331204,
           "rentry_pprice_dist_wallet_exposure_weighting": 3.265703824925942,
           "wallet_exposure_limit": 1}}