{"config_name": "recursive_grid_0days",
 "logging_level": 0,
 "long": {"auto_unstuck_delay_minutes": 0,
          "auto_unstuck_ema_dist": 0,
          "auto_unstuck_qty_pct": 0,
          "auto_unstuck_wallet_exposure_threshold": 0.0,
          "backwards_tp": true,
          "ddown_factor": 0.43512420407997504,
          "ema_span_0": 993.5860303929242,
          "ema_span_1": 1175.5239009759625,
          "enabled": true,
          "initial_eprice_ema_dist": 0.0012934479551850496,
          "initial_qty_pct": 0.006827740863585729,
          "markup_range": 0.003142728978476539,
          "min_markup": 0.006001100142474061,
          "n_close_orders": 12,
          "rentry_pprice_dist": 0.03909930442764353,
          "rentry_pprice_dist_wallet_exposure_weighting": 4.09349986519559,
          "wallet_exposure_limit": 1},
 "short": {"auto_unstuck_delay_minutes": 0,
           "auto_unstuck_ema_dist": 0,
           "auto_unstuck_qty_pct": 0,
           "auto_unstuck_wallet_exposure_threshold": 0.0,
           "backwards_tp": true,
           "ddown_factor": 0.6705209616578605,
           "ema_span_0": 1083.3547295750038,
           "ema_span_1": 634.1252722984411,
           "enabled": true,
           "initial_eprice_ema_dist": -0.0017641404912276618,
           "initial_qty_pct": 0.009746112646765446,
           "markup_range": 0.0033178362680796776,
           "min_markup": 0.0066470663150352835,
           "n_close_orders": 11,
           "rentry_pprice_dist": 0.04292049842163451,
           "rentry_pprice_dist_wallet_exposure_weighting": 0.912722616868512,
           "wallet_exposure_limit": 1}}