{"config_name": "recursive_grid_0days",
 "logging_level": 0,
 "long": {"auto_unstuck_delay_minutes": 0,
          "auto_unstuck_ema_dist": 0,
          "auto_unstuck_qty_pct": 0,
          "auto_unstuck_wallet_exposure_threshold": 0.0,
          "backwards_tp": true,
          "ddown_factor": 1.1250440227178462,
          "ema_span_0": 1234.831813548717,
          "ema_span_1": 1066.317823060109,
          "enabled": true,
          "initial_eprice_ema_dist": -0.005783825160567683,
          "initial_qty_pct": 0.014475737585293795,
          "markup_range": 0.005702387510139781,
          "min_markup": 0.003287925190436558,
          "n_close_orders": 6,
          "rentry_pprice_dist": 0.027619319889671194,
          "rentry_pprice_dist_wallet_exposure_weighting": 2.430137487762621,
          "wallet_exposure_limit": 1},
 "short": {"auto_unstuck_delay_minutes": 0,
           "auto_unstuck_ema_dist": 0,
           "auto_unstuck_qty_pct": 0,
           "auto_unstuck_wallet_exposure_threshold": 0.0,
           "backwards_tp": true,
           "ddown_factor": 2.1201567046504906,
           "ema_span_0": 614.5634183054134,
           "ema_span_1": 693.8028395078741,
           "enabled": true,
           "initial_eprice_ema_dist": 0.002357679243998225,
           "initial_qty_pct": 0.012565361087548408,
           "markup_range": 0.0008879536758302892,
           "min_markup": 0.004463133208382252,
           "n_close_orders": 8,
           "rentry_pprice_dist": 0.048203579326384714,
           "rentry_pprice_dist_wallet_exposure_weighting": 0.0006272224817946995,
           "wallet_exposure_limit": 1}}