{"config_name": "recursive_grid_0days",
 "logging_level": 0,
 "long": {"auto_unstuck_delay_minutes": 0,
          "auto_unstuck_ema_dist": 0,
          "auto_unstuck_qty_pct": 0,
          "auto_unstuck_wallet_exposure_threshold": 0.0,
          "backwards_tp": true,
          "ddown_factor": 2.301581931902507,
          "ema_span_0": 1250.584625771209,
          "ema_span_1": 1305.754832169856,
          "enabled": true,
          "initial_eprice_ema_dist": 0.0011282941633741534,
          "initial_qty_pct": 0.011828505718820237,
          "markup_range": 0.004376869172830702,
          "min_markup": 0.0056642254962501765,
          "n_close_orders": 15,
          "rentry_pprice_dist": 0.03347699928613873,
          "rentry_pprice_dist_wallet_exposure_weighting": 4.820275399938184,
          "wallet_exposure_limit": 1},
 "short": {"auto_unstuck_delay_minutes": 0,
           "auto_unstuck_ema_dist": 0,
           "auto_unstuck_qty_pct": 0,
           "auto_unstuck_wallet_exposure_threshold": 0.0,
           "backwards_tp": true,
           "ddown_factor": 0.1,
           "ema_span_0": 482.983609344274,
           "ema_span_1": 481.33407436832346,
           "enabled": true,
           "initial_eprice_ema_dist": -0.007907591506015874,
           "initial_qty_pct": 0.0069435379847247805,
           "markup_range": 0.004328709614016812,
           "min_markup": 0.004581408868169906,
           "n_close_orders": 10,
           "rentry_pprice_dist": 0.01905164421695529,
           "rentry_pprice_dist_wallet_exposure_weighting": 3.7835177548993126,
           "wallet_exposure_limit": 1}}