{"config_name": "recursive_grid_0days",
 "logging_level": 0,
 "long": {"auto_unstuck_delay_minutes": 0,
          "auto_unstuck_ema_dist": 0,
          "auto_unstuck_qty_pct": 0,
          "auto_unstuck_wallet_exposure_threshold": 0.0,
          "backwards_tp": true,
          "ddown_factor": 0.10001068717462122,
          "ema_span_0": 1388.420506457803,
          "ema_span_1": 405.5981329510556,
          "enabled": true,
          "initial_eprice_ema_dist": -0.008234599359277612,
          "initial_qty_pct": 0.015726353698551625,
          "markup_range": 0.006055760310440219,
          "min_markup": 0.0024064896736204692,
          "n_close_orders": 3,
          "rentry_pprice_dist": 0.02602231875215248,
          "rentry_pprice_dist_wallet_exposure_weighting": 3.1338739749399473,
          "wallet_exposure_limit": 1},
 "short": {"auto_unstuck_delay_minutes": 0,
           "auto_unstuck_ema_dist": 0,
           "auto_unstuck_qty_pct": 0,
           "auto_unstuck_wallet_exposure_threshold": 0.0,
           "backwards_tp": true,
           "ddown_factor": 2.727565826864478,
           "ema_span_0": 1439.9430113247765,
           "ema_span_1": 1409.3389608753075,
           "enabled": true,
           "initial_eprice_ema_dist": -0.0012011675821898822,
           "initial_qty_pct": 0.012952424946635826,
           "markup_range": 0.006871823587073234,
           "min_markup": 0.0025268327318947294,
           "n_close_orders": 10,
           "rentry_pprice_dist": 0.0337054177285124,
           "rentry_pprice_dist_wallet_exposure_weighting": 5.681977808960477,
           "wallet_exposure_limit": 1}}