{"config_name": "recursive_grid_0days",
 "logging_level": 0,
 "long": {"auto_unstuck_delay_minutes": 0,
          "auto_unstuck_ema_dist": 0,
          "auto_unstuck_qty_pct": 0,
          "auto_unstuck_wallet_exposure_threshold": 0.0,
          "backwards_tp": true,
          "ddown_factor": 0.5836895678750075,
          "ema_span_0": 923.2133069654768,
          "ema_span_1": 509.0207042537475,
          "enabled": true,
          "initial_eprice_ema_dist": -0.005468261848568301,
          "initial_qty_pct": 0.010831887076363154,
          "markup_range": 0.0024759294694826793,
          "min_markup": 0.0038801398577469445,
          "n_close_orders": 6,
          "rentry_pprice_dist": 0.01808151243335834,
          "rentry_pprice_dist_wallet_exposure_weighting": 6.104914344369326,
          "wallet_exposure_limit": 1},
 "short": {"auto_unstuck_delay_minutes": 0,
           "auto_unstuck_ema_dist": 0,
           "auto_unstuck_qty_pct": 0,
           "auto_unstuck_wallet_exposure_threshold": 0.0,
           "backwards_tp": true,
           "ddown_factor": 2.306299357885784,
           "ema_span_0": 1433.4976632686808,
           "ema_span_1": 1221.2619546387925,
           "enabled": true,
           "initial_eprice_ema_dist": 0.0025183978173258653,
           "initial_qty_pct": 0.015339815120780979,
           "markup_range": 0.0011060715769700266,
           "min_markup": 0.004241668938977198,
           "n_close_orders": 15,
           "rentry_pprice_dist": 0.04787091476393872,
           "rentry_pprice_dist_wallet_exposure_weighting": 3.0362585722412225,
           "wallet_exposure_limit": 1}}