{"config_name": "recursive_grid_0days",
 "logging_level": 0,
 "long": {"auto_unstuck_delay_minutes": 0,
          "auto_unstuck_ema_dist": 0,
          "auto_unstuck_qty_pct": 0,
          "auto_unstuck_wallet_exposure_threshold": 0.0,
          "backwards_tp": true,
          "ddown_factor": 2.167140586306193,
          "ema_span_0": 707.0139563318876,
          "ema_span_1": 986.6557082420491,
          "enabled": true,
          "initial_eprice_ema_dist": 0.0013304464037827435,
          "initial_qty_pct": 0.009692734589303961,
          "markup_range": 0.0030041528435637553,
          "min_markup": 0.0060026949515076,
          "n_close_orders": 12,
          "rentry_pprice_dist": 0.04238608588829712,
          "rentry_pprice_dist_wallet_exposure_weighting": 4.6919457098262045,
          "wallet_exposure_limit": 1},
 "short": {"auto_unstuck_delay_minutes": 0,
           "auto_unstuck_ema_dist": 0,
           "auto_unstuck_qty_pct": 0,
           "auto_unstuck_wallet_exposure_threshold": 0.0,
           "backwards_tp": true,
           "ddown_factor": 1.6258540135694786,
           "ema_span_0": 711.9546807372815,
           "ema_span_1": 858.0282468378499,
           "enabled": true,
           "initial_eprice_ema_dist": 0.0008079581405647542,
           "initial_qty_pct": 0.007453152435662164,
           "markup_range": 0.0008088054964302434,
           "min_markup": 0.009099592555569072,
           "n_close_orders": 15,
           "rentry_pprice_dist": 0.03472296891038273,
           "rentry_pprice_dist_wallet_exposure_weighting": 4.079941162308193,
           "wallet_exposure_limit": 1}}