{"config_name": "recursive_grid_0days",
 "logging_level": 0,
 "long": {"auto_unstuck_delay_minutes": 0,
          "auto_unstuck_ema_dist": 0,
          "auto_unstuck_qty_pct": 0,
          "auto_unstuck_wallet_exposure_threshold": 0.0,
          "backwards_tp": true,
          "ddown_factor": 0.540138954519198,
          "ema_span_0": 1174.89882113018,
          "ema_span_1": 1381.5375790464013,
          "enabled": true,
          "initial_eprice_ema_dist": 0.001693262207703886,
          "initial_qty_pct": 0.012710220376589467,
          "markup_range": 0.0021186491868327444,
          "min_markup": 0.0018726019019261022,
          "n_close_orders": 13,
          "rentry_pprice_dist": 0.014966050992528302,
          "rentry_pprice_dist_wallet_exposure_weighting": 0.09335644393205807,
          "wallet_exposure_limit": 1},
 "short": {"auto_unstuck_delay_minutes": 0,
           "auto_unstuck_ema_dist": 0,
           "auto_unstuck_qty_pct": 0,
           "auto_unstuck_wallet_exposure_threshold": 0.0,
           "backwards_tp": true,
           "ddown_factor": 2.1201567046504906,
           "ema_span_0": 614.5634183054134,
           "ema_span_1": 693.8028395078741,
           "enabled": true,
           "initial_eprice_ema_dist": 0.002357679243998225,
           "initial_qty_pct": 0.012565361087548408,
           "markup_range": 0.0008879536758302892,
           "min_markup": 0.004463133208382252,
           "n_close_orders": 8,
           "rentry_pprice_dist": 0.048203579326384714,
           "rentry_pprice_dist_wallet_exposure_weighting": 0.0006272224817946995,
           "wallet_exposure_limit": 1}}