{"config_name": "recursive_grid_0days",
 "logging_level": 0,
 "long": {"auto_unstuck_delay_minutes": 0,
          "auto_unstuck_ema_dist": 0,
          "auto_unstuck_qty_pct": 0,
          "auto_unstuck_wallet_exposure_threshold": 0.0,
          "backwards_tp": true,
          "ddown_factor": 0.17271166206056668,
          "ema_span_0": 1287.7065618562121,
          "ema_span_1": 802.5467958165303,
          "enabled": true,
          "initial_eprice_ema_dist": -0.003282733673020841,
          "initial_qty_pct": 0.015392217703824096,
          "markup_range": 0.004561154940882703,
          "min_markup": 0.003634000731983019,
          "n_close_orders": 2,
          "rentry_pprice_dist": 0.032283772901008236,
          "rentry_pprice_dist_wallet_exposure_weighting": 1.8057619711211246,
          "wallet_exposure_limit": 1},
 "short": {"auto_unstuck_delay_minutes": 0,
           "auto_unstuck_ema_dist": 0,
           "auto_unstuck_qty_pct": 0,
           "auto_unstuck_wallet_exposure_threshold": 0.0,
           "backwards_tp": true,
           "ddown_factor": 1.9244249241389804,
           "ema_span_0": 552.7495426568219,
           "ema_span_1": 953.2458349863433,
           "enabled": true,
           "initial_eprice_ema_dist": 0.002997583838137984,
           "initial_qty_pct": 0.013860610620086216,
           "markup_range": 0.0028635079198033454,
           "min_markup": 0.00256274313637698,
           "n_close_orders": 2,
           "rentry_pprice_dist": 0.04590379600172608,
           "rentry_pprice_dist_wallet_exposure_weighting": 2.715808991611394,
           "wallet_exposure_limit": 1}}