{"config_name": "recursive_grid_0days",
 "logging_level": 0,
 "long": {"auto_unstuck_delay_minutes": 0,
          "auto_unstuck_ema_dist": 0,
          "auto_unstuck_qty_pct": 0,
          "auto_unstuck_wallet_exposure_threshold": 0.0,
          "backwards_tp": true,
          "ddown_factor": 0.4287214709146252,
          "ema_span_0": 825.7656912994428,
          "ema_span_1": 662.2507978770427,
          "enabled": true,
          "initial_eprice_ema_dist": -0.0016882213435780282,
          "initial_qty_pct": 0.01998135446500153,
          "markup_range": 0.004468429306920641,
          "min_markup": 0.006450020720549206,
          "n_close_orders": 8,
          "rentry_pprice_dist": 0.02791682002501692,
          "rentry_pprice_dist_wallet_exposure_weighting": 2.2848252941800267,
          "wallet_exposure_limit": 1},
 "short": {"auto_unstuck_delay_minutes": 0,
           "auto_unstuck_ema_dist": 0,
           "auto_unstuck_qty_pct": 0,
           "auto_unstuck_wallet_exposure_threshold": 0.0,
           "backwards_tp": true,
           "ddown_factor": 1.154180485969061,
           "ema_span_0": 1439.964688542487,
           "ema_span_1": 1365.0867776074645,
           "enabled": true,
           "initial_eprice_ema_dist": 0.002869433927519122,
           "initial_qty_pct": 0.019990391884107745,
           "markup_range": 0.004749748379973055,
           "min_markup": 0.01,
           "n_close_orders": 4,
           "rentry_pprice_dist": 0.03216093311598728,
           "rentry_pprice_dist_wallet_exposure_weighting": 4.6660842039057195,
           "wallet_exposure_limit": 1}}