{"config_name": "recursive_grid_0days",
 "logging_level": 0,
 "long": {"auto_unstuck_delay_minutes": 0,
          "auto_unstuck_ema_dist": 0,
          "auto_unstuck_qty_pct": 0,
          "auto_unstuck_wallet_exposure_threshold": 0.0,
          "backwards_tp": true,
          "ddown_factor": 0.2641362300999307,
          "ema_span_0": 439.68591677974763,
          "ema_span_1": 491.4002950783783,
          "enabled": true,
          "initial_eprice_ema_dist": -0.0028050808561551283,
          "initial_qty_pct": 0.014883361109011811,
          "markup_range": 0.0061039552169209026,
          "min_markup": 0.006193378185680342,
          "n_close_orders": 5,
          "rentry_pprice_dist": 0.04757423145973606,
          "rentry_pprice_dist_wallet_exposure_weighting": 0.2927593001298544,
          "wallet_exposure_limit": 1},
 "short": {"auto_unstuck_delay_minutes": 0,
           "auto_unstuck_ema_dist": 0,
           "auto_unstuck_qty_pct": 0,
           "auto_unstuck_wallet_exposure_threshold": 0.0,
           "backwards_tp": true,
           "ddown_factor": 2.178304880661967,
           "ema_span_0": 520.6953706361433,
           "ema_span_1": 694.772029341207,
           "enabled": true,
           "initial_eprice_ema_dist": 0.0003768367623444417,
           "initial_qty_pct": 0.010622061388592946,
           "markup_range": 0.0018067301241174272,
           "min_markup": 0.007109201632585021,
           "n_close_orders": 14,
           "rentry_pprice_dist": 0.026080543508385443,
           "rentry_pprice_dist_wallet_exposure_weighting": 0.1900725181943552,
           "wallet_exposure_limit": 1}}