{"config_name": "recursive_grid_0days",
 "logging_level": 0,
 "long": {"auto_unstuck_delay_minutes": 0,
          "auto_unstuck_ema_dist": 0,
          "auto_unstuck_qty_pct": 0,
          "auto_unstuck_wallet_exposure_threshold": 0.0,
          "backwards_tp": true,
          "ddown_factor": 0.6475996977230042,
          "ema_span_0": 1327.4835112758085,
          "ema_span_1": 1246.3991645383985,
          "enabled": true,
          "initial_eprice_ema_dist": -0.0019821962339490336,
          "initial_qty_pct": 0.007840114499406728,
          "markup_range": 0.0072505102752336145,
          "min_markup": 0.007640126509850268,
          "n_close_orders": 13,
          "rentry_pprice_dist": 0.03250340913085186,
          "rentry_pprice_dist_wallet_exposure_weighting": 2.9660799829915403,
          "wallet_exposure_limit": 1},
 "short": {"auto_unstuck_delay_minutes": 0,
           "auto_unstuck_ema_dist": 0,
           "auto_unstuck_qty_pct": 0,
           "auto_unstuck_wallet_exposure_threshold": 0.0,
           "backwards_tp": true,
           "ddown_factor": 0.2456961987438916,
           "ema_span_0": 1018.4680148899135,
           "ema_span_1": 795.8544606770614,
           "enabled": true,
           "initial_eprice_ema_dist": -0.008684348351159167,
           "initial_qty_pct": 0.018575833019864433,
           "markup_range": 0.002891776961011528,
           "min_markup": 0.00554347316054491,
           "n_close_orders": 13,
           "rentry_pprice_dist": 0.019444001414174662,
           "rentry_pprice_dist_wallet_exposure_weighting": 5.8542749862116565,
           "wallet_exposure_limit": 1}}