{"config_name": "recursive_grid_0days",
 "logging_level": 0,
 "long": {"auto_unstuck_delay_minutes": 0,
          "auto_unstuck_ema_dist": 0,
          "auto_unstuck_qty_pct": 0,
          "auto_unstuck_wallet_exposure_threshold": 0.0,
          "backwards_tp": true,
          "ddown_factor": 0.316972780009348,
          "ema_span_0": 554.5737431891346,
          "ema_span_1": 676.3472218225754,
          "enabled": true,
          "initial_eprice_ema_dist": 0.0007066626162150962,
          "initial_qty_pct": 0.010224342958451805,
          "markup_range": 0.0014843086571736841,
          "min_markup": 0.004089354591992062,
          "n_close_orders": 4,
          "rentry_pprice_dist": 0.027130948937332762,
          "rentry_pprice_dist_wallet_exposure_weighting": 5.646650578741386,
          "wallet_exposure_limit": 1},
 "short": {"auto_unstuck_delay_minutes": 0,
           "auto_unstuck_ema_dist": 0,
           "auto_unstuck_qty_pct": 0,
           "auto_unstuck_wallet_exposure_threshold": 0.0,
           "backwards_tp": true,
           "ddown_factor": 1.7750101400442486,
           "ema_span_0": 1320.2696206355258,
           "ema_span_1": 735.2869206182583,
           "enabled": true,
           "initial_eprice_ema_dist": -0.004040409082477572,
           "initial_qty_pct": 0.005163922094282229,
           "markup_range": 0.00875233349419754,
           "min_markup": 0.009560639083380467,
           "n_close_orders": 9,
           "rentry_pprice_dist": 0.032775850660841016,
           "rentry_pprice_dist_wallet_exposure_weighting": 2.87001389891411,
           "wallet_exposure_limit": 1}}