{"config_name": "recursive_grid_0days",
 "logging_level": 0,
 "long": {"auto_unstuck_delay_minutes": 0,
          "auto_unstuck_ema_dist": 0,
          "auto_unstuck_qty_pct": 0,
          "auto_unstuck_wallet_exposure_threshold": 0.0,
          "backwards_tp": true,
          "ddown_factor": 0.6567560382005619,
          "ema_span_0": 1008.8060844318467,
          "ema_span_1": 1285.9250387476184,
          "enabled": true,
          "initial_eprice_ema_dist": -0.007211845330496552,
          "initial_qty_pct": 0.01296708075317405,
          "markup_range": 0.00902288121364897,
          "min_markup": 0.0021178134663742848,
          "n_close_orders": 4,
          "rentry_pprice_dist": 0.024386780464401764,
          "rentry_pprice_dist_wallet_exposure_weighting": 6.745818148225621,
          "wallet_exposure_limit": 1},
 "short": {"auto_unstuck_delay_minutes": 0,
           "auto_unstuck_ema_dist": 0,
           "auto_unstuck_qty_pct": 0,
           "auto_unstuck_wallet_exposure_threshold": 0.0,
           "backwards_tp": true,
           "ddown_factor": 0.10000009403417283,
           "ema_span_0": 1408.1699568598206,
           "ema_span_1": 1439.9763548281778,
           "enabled": true,
           "initial_eprice_ema_dist": -0.00736224144906754,
           "initial_qty_pct": 0.019999655050966635,
           "markup_range": 0.009995376087173621,
           "min_markup": 0.008031750194250169,
           "n_close_orders": 3,
           "rentry_pprice_dist": 0.027042324250607402,
           "rentry_pprice_dist_wallet_exposure_weighting": 5.007444805947261,
           "wallet_exposure_limit": 1}}