{"config_name": "recursive_grid_0days",
 "logging_level": 0,
 "long": {"auto_unstuck_delay_minutes": 0,
          "auto_unstuck_ema_dist": 0,
          "auto_unstuck_qty_pct": 0,
          "auto_unstuck_wallet_exposure_threshold": 0.0,
          "backwards_tp": true,
          "ddown_factor": 0.316972780009348,
          "ema_span_0": 554.5737431891346,
          "ema_span_1": 676.3472218225754,
          "enabled": true,
          "initial_eprice_ema_dist": 0.0007066626162150962,
          "initial_qty_pct": 0.010224342958451805,
          "markup_range": 0.0014843086571736841,
          "min_markup": 0.004089354591992062,
          "n_close_orders": 4,
          "rentry_pprice_dist": 0.027130948937332762,
          "rentry_pprice_dist_wallet_exposure_weighting": 5.646650578741386,
          "wallet_exposure_limit": 1},
 "short": {"auto_unstuck_delay_minutes": 0,
           "auto_unstuck_ema_dist": 0,
           "auto_unstuck_qty_pct": 0,
           "auto_unstuck_wallet_exposure_threshold": 0.0,
           "backwards_tp": true,
           "ddown_factor": 0.9273141152987725,
           "ema_span_0": 851.5069878538493,
           "ema_span_1": 1318.3342054632453,
           "enabled": true,
           "initial_eprice_ema_dist": -0.008568874845354724,
           "initial_qty_pct": 0.005466373789027542,
           "markup_range": 0.009236639976900175,
           "min_markup": 0.002816549642286266,
           "n_close_orders": 4,
           "rentry_pprice_dist": 0.02321205572018044,
           "rentry_pprice_dist_wallet_exposure_weighting": 1.5022531707745765,
           "wallet_exposure_limit": 1}}