{"config_name": "recursive_grid_0days",
 "logging_level": 0,
 "long": {"auto_unstuck_delay_minutes": 0,
          "auto_unstuck_ema_dist": 0,
          "auto_unstuck_qty_pct": 0,
          "auto_unstuck_wallet_exposure_threshold": 0.0,
          "backwards_tp": true,
          "ddown_factor": 0.8653974461596584,
          "ema_span_0": 680.8036543018981,
          "ema_span_1": 742.0037234362132,
          "enabled": true,
          "initial_eprice_ema_dist": -0.008624290097045816,
          "initial_qty_pct": 0.006327245877214741,
          "markup_range": 0.005164771307704245,
          "min_markup": 0.004204509520384469,
          "n_close_orders": 11,
          "rentry_pprice_dist": 0.028495475719511672,
          "rentry_pprice_dist_wallet_exposure_weighting": 2.5166204660201488,
          "wallet_exposure_limit": 1},
 "short": {"auto_unstuck_delay_minutes": 0,
           "auto_unstuck_ema_dist": 0,
           "auto_unstuck_qty_pct": 0,
           "auto_unstuck_wallet_exposure_threshold": 0.0,
           "backwards_tp": true,
           "ddown_factor": 0.5072348487197096,
           "ema_span_0": 1291.4836529875563,
           "ema_span_1": 1407.8115469183908,
           "enabled": true,
           "initial_eprice_ema_dist": 5.633113627768216e-05,
           "initial_qty_pct": 0.007991016399812104,
           "markup_range": 0.007485350198837225,
           "min_markup": 0.003740509912933957,
           "n_close_orders": 6,
           "rentry_pprice_dist": 0.030875879742131903,
           "rentry_pprice_dist_wallet_exposure_weighting": 4.816841765196222,
           "wallet_exposure_limit": 1}}