{"config_name": "recursive_grid_0days",
 "logging_level": 0,
 "long": {"auto_unstuck_delay_minutes": 0,
          "auto_unstuck_ema_dist": 0,
          "auto_unstuck_qty_pct": 0,
          "auto_unstuck_wallet_exposure_threshold": 0.0,
          "backwards_tp": true,
          "ddown_factor": 0.5489842413525333,
          "ema_span_0": 691.5634447411517,
          "ema_span_1": 642.9840414677363,
          "enabled": true,
          "initial_eprice_ema_dist": -0.007372369815955612,
          "initial_qty_pct": 0.015735441283979888,
          "markup_range": 0.005764737636288706,
          "min_markup": 0.004580899580788442,
          "n_close_orders": 2,
          "rentry_pprice_dist": 0.031921688765491944,
          "rentry_pprice_dist_wallet_exposure_weighting": 1.632559821892781,
          "wallet_exposure_limit": 1},
 "short": {"auto_unstuck_delay_minutes": 0,
           "auto_unstuck_ema_dist": 0,
           "auto_unstuck_qty_pct": 0,
           "auto_unstuck_wallet_exposure_threshold": 0.0,
           "backwards_tp": true,
           "ddown_factor": 1.6258540135694786,
           "ema_span_0": 711.9546807372815,
           "ema_span_1": 858.0282468378499,
           "enabled": true,
           "initial_eprice_ema_dist": 0.0008079581405647542,
           "initial_qty_pct": 0.007453152435662164,
           "markup_range": 0.0008088054964302434,
           "min_markup": 0.009099592555569072,
           "n_close_orders": 15,
           "rentry_pprice_dist": 0.03472296891038273,
           "rentry_pprice_dist_wallet_exposure_weighting": 4.079941162308193,
           "wallet_exposure_limit": 1}}