{"config_name": "recursive_grid_0days",
 "logging_level": 0,
 "long": {"auto_unstuck_delay_minutes": 0,
          "auto_unstuck_ema_dist": 0,
          "auto_unstuck_qty_pct": 0,
          "auto_unstuck_wallet_exposure_threshold": 0.0,
          "backwards_tp": true,
          "ddown_factor": 0.8872605987200902,
          "ema_span_0": 843.3742944769075,
          "ema_span_1": 864.9139424453962,
          "enabled": true,
          "initial_eprice_ema_dist": 0.001216530679788105,
          "initial_qty_pct": 0.008195645246324936,
          "markup_range": 0.00645550405501119,
          "min_markup": 0.0034573961453619236,
          "n_close_orders": 3,
          "rentry_pprice_dist": 0.033557305806778716,
          "rentry_pprice_dist_wallet_exposure_weighting": 2.988991802464223,
          "wallet_exposure_limit": 1},
 "short": {"auto_unstuck_delay_minutes": 0,
           "auto_unstuck_ema_dist": 0,
           "auto_unstuck_qty_pct": 0,
           "auto_unstuck_wallet_exposure_threshold": 0.0,
           "backwards_tp": true,
           "ddown_factor": 2.315157615759062,
           "ema_span_0": 1288.638511763472,
           "ema_span_1": 1178.166122578907,
           "enabled": true,
           "initial_eprice_ema_dist": -0.008352613483176433,
           "initial_qty_pct": 0.005219245056790691,
           "markup_range": 0.0022674979607707063,
           "min_markup": 0.002748393639133431,
           "n_close_orders": 8,
           "rentry_pprice_dist": 0.04629170038288606,
           "rentry_pprice_dist_wallet_exposure_weighting": 0.11533556541437862,
           "wallet_exposure_limit": 1}}