{"config_name": "recursive_grid_0days",
 "logging_level": 0,
 "long": {"auto_unstuck_delay_minutes": 0,
          "auto_unstuck_ema_dist": 0,
          "auto_unstuck_qty_pct": 0,
          "auto_unstuck_wallet_exposure_threshold": 0.0,
          "backwards_tp": true,
          "ddown_factor": 1.821804254371002,
          "ema_span_0": 1306.3618601765213,
          "ema_span_1": 1248.9025476182549,
          "enabled": true,
          "initial_eprice_ema_dist": -0.007154678412509795,
          "initial_qty_pct": 0.007572770992952595,
          "markup_range": 0.005036651311141578,
          "min_markup": 0.005104848305967937,
          "n_close_orders": 7,
          "rentry_pprice_dist": 0.02672152893434645,
          "rentry_pprice_dist_wallet_exposure_weighting": 2.747903588304996,
          "wallet_exposure_limit": 1},
 "short": {"auto_unstuck_delay_minutes": 0,
           "auto_unstuck_ema_dist": 0,
           "auto_unstuck_qty_pct": 0,
           "auto_unstuck_wallet_exposure_threshold": 0.0,
           "backwards_tp": true,
           "ddown_factor": 2.181762167831372,
           "ema_span_0": 743.5173284055112,
           "ema_span_1": 439.58175610149084,
           "enabled": true,
           "initial_eprice_ema_dist": -0.000487545314499426,
           "initial_qty_pct": 0.01026230553024564,
           "markup_range": 0.00708918521007311,
           "min_markup": 0.008550730292101953,
           "n_close_orders": 2,
           "rentry_pprice_dist": 0.028822617879357207,
           "rentry_pprice_dist_wallet_exposure_weighting": 5.498284631619438,
           "wallet_exposure_limit": 1}}