{"config_name": "recursive_grid_0days",
 "logging_level": 0,
 "long": {"auto_unstuck_delay_minutes": 0,
          "auto_unstuck_ema_dist": 0,
          "auto_unstuck_qty_pct": 0,
          "auto_unstuck_wallet_exposure_threshold": 0.0,
          "backwards_tp": true,
          "ddown_factor": 2.218299125467128,
          "ema_span_0": 687.8433575466609,
          "ema_span_1": 1436.05702241226,
          "enabled": true,
          "initial_eprice_ema_dist": 0.002761249498097738,
          "initial_qty_pct": 0.005396096672639209,
          "markup_range": 0.0021320877903742977,
          "min_markup": 0.005794883639682267,
          "n_close_orders": 8,
          "rentry_pprice_dist": 0.05065966246211877,
          "rentry_pprice_dist_wallet_exposure_weighting": 1.206469740218457,
          "wallet_exposure_limit": 1},
 "short": {"auto_unstuck_delay_minutes": 0,
           "auto_unstuck_ema_dist": 0,
           "auto_unstuck_qty_pct": 0,
           "auto_unstuck_wallet_exposure_threshold": 0.0,
           "backwards_tp": true,
           "ddown_factor": 2.3361348820288277,
           "ema_span_0": 1430.0345647398833,
           "ema_span_1": 1364.1188221503317,
           "enabled": true,
           "initial_eprice_ema_dist": 0.002514135012418887,
           "initial_qty_pct": 0.02,
           "markup_range": 0.0023365541124102927,
           "min_markup": 0.004561568753796449,
           "n_close_orders": 9,
           "rentry_pprice_dist": 0.0458247934490793,
           "rentry_pprice_dist_wallet_exposure_weighting": 0.12946324882152238,
           "wallet_exposure_limit": 1}}