{"config_name": "recursive_grid_0days",
 "logging_level": 0,
 "long": {"auto_unstuck_delay_minutes": 0,
          "auto_unstuck_ema_dist": 0,
          "auto_unstuck_qty_pct": 0,
          "auto_unstuck_wallet_exposure_threshold": 0.0,
          "backwards_tp": true,
          "ddown_factor": 1.5936135915759646,
          "ema_span_0": 627.7260361896247,
          "ema_span_1": 1238.9547036354513,
          "enabled": true,
          "initial_eprice_ema_dist": -0.006716531652070077,
          "initial_qty_pct": 0.010775620251336004,
          "markup_range": 0.005029305358760996,
          "min_markup": 0.004392911240127008,
          "n_close_orders": 6,
          "rentry_pprice_dist": 0.03580224889415905,
          "rentry_pprice_dist_wallet_exposure_weighting": 1.0819413516554321,
          "wallet_exposure_limit": 1},
 "short": {"auto_unstuck_delay_minutes": 0,
           "auto_unstuck_ema_dist": 0,
           "auto_unstuck_qty_pct": 0,
           "auto_unstuck_wallet_exposure_threshold": 0.0,
           "backwards_tp": true,
           "ddown_factor": 0.22101433356346964,
           "ema_span_0": 1394.4514652852463,
           "ema_span_1": 438.40582223369086,
           "enabled": true,
           "initial_eprice_ema_dist": -0.004444678338243468,
           "initial_qty_pct": 0.006068699833606215,
           "markup_range": 0.003397180782343071,
           "min_markup": 0.003859608242038287,
           "n_close_orders": 14,
           "rentry_pprice_dist": 0.01954666419983594,
           "rentry_pprice_dist_wallet_exposure_weighting": 1.1621043347550404,
           "wallet_exposure_limit": 1}}