{"config_name": "recursive_grid_0days",
 "logging_level": 0,
 "long": {"auto_unstuck_delay_minutes": 0,
          "auto_unstuck_ema_dist": 0,
          "auto_unstuck_qty_pct": 0,
          "auto_unstuck_wallet_exposure_threshold": 0.0,
          "backwards_tp": true,
          "ddown_factor": 0.7715563234191893,
          "ema_span_0": 1399.7568983046679,
          "ema_span_1": 1439.1373730921864,
          "enabled": true,
          "initial_eprice_ema_dist": -0.007308296472590616,
          "initial_qty_pct": 0.012356366052131851,
          "markup_range": 0.006038106117817782,
          "min_markup": 0.006645211102396095,
          "n_close_orders": 8,
          "rentry_pprice_dist": 0.02384497874855367,
          "rentry_pprice_dist_wallet_exposure_weighting": 3.13128640197629,
          "wallet_exposure_limit": 1},
 "short": {"auto_unstuck_delay_minutes": 0,
           "auto_unstuck_ema_dist": 0,
           "auto_unstuck_qty_pct": 0,
           "auto_unstuck_wallet_exposure_threshold": 0.0,
           "backwards_tp": true,
           "ddown_factor": 2.3784984584343154,
           "ema_span_0": 849.6056361830362,
           "ema_span_1": 1176.474410216494,
           "enabled": true,
           "initial_eprice_ema_dist": -0.001972662826097839,
           "initial_qty_pct": 0.011577591700557872,
           "markup_range": 0.0035539360236690916,
           "min_markup": 0.0049434807501742275,
           "n_close_orders": 8,
           "rentry_pprice_dist": 0.033481026370005045,
           "rentry_pprice_dist_wallet_exposure_weighting": 1.074853172733533,
           "wallet_exposure_limit": 1}}