{"config_name": "recursive_grid_0days",
 "logging_level": 0,
 "long": {"auto_unstuck_delay_minutes": 0,
          "auto_unstuck_ema_dist": 0,
          "auto_unstuck_qty_pct": 0,
          "auto_unstuck_wallet_exposure_threshold": 0.0,
          "backwards_tp": true,
          "ddown_factor": 2.216917306949467,
          "ema_span_0": 915.9802211066468,
          "ema_span_1": 915.4877103272769,
          "enabled": true,
          "initial_eprice_ema_dist": -0.0005489194795821341,
          "initial_qty_pct": 0.01160342726162193,
          "markup_range": 0.0030821912593581966,
          "min_markup": 0.004878378396481663,
          "n_close_orders": 2,
          "rentry_pprice_dist": 0.02445624010688296,
          "rentry_pprice_dist_wallet_exposure_weighting": 1.4821943257112777,
          "wallet_exposure_limit": 1},
 "short": {"auto_unstuck_delay_minutes": 0,
           "auto_unstuck_ema_dist": 0,
           "auto_unstuck_qty_pct": 0,
           "auto_unstuck_wallet_exposure_threshold": 0.0,
           "backwards_tp": true,
           "ddown_factor": 1.2254201254479689,
           "ema_span_0": 754.8776059340863,
           "ema_span_1": 648.1161567916351,
           "enabled": true,
           "initial_eprice_ema_dist": -0.006936943023553597,
           "initial_qty_pct": 0.008491423014435846,
           "markup_range": 0.0034510328091540677,
           "min_markup": 0.005708815265135584,
           "n_close_orders": 4,
           "rentry_pprice_dist": 0.036607404452838124,
           "rentry_pprice_dist_wallet_exposure_weighting": 1.1276851864775603,
           "wallet_exposure_limit": 1}}