{"config_name": "recursive_grid_0days",
 "logging_level": 0,
 "long": {"auto_unstuck_delay_minutes": 0,
          "auto_unstuck_ema_dist": 0,
          "auto_unstuck_qty_pct": 0,
          "auto_unstuck_wallet_exposure_threshold": 0.0,
          "backwards_tp": true,
          "ddown_factor": 1.0326705786431252,
          "ema_span_0": 604.038530534182,
          "ema_span_1": 593.1936821764934,
          "enabled": true,
          "initial_eprice_ema_dist": -0.00668937672890069,
          "initial_qty_pct": 0.019351048497405286,
          "markup_range": 0.0034942125844474497,
          "min_markup": 0.004154469214673117,
          "n_close_orders": 2,
          "rentry_pprice_dist": 0.024539182484321853,
          "rentry_pprice_dist_wallet_exposure_weighting": 3.621466219267716,
          "wallet_exposure_limit": 1},
 "short": {"auto_unstuck_delay_minutes": 0,
           "auto_unstuck_ema_dist": 0,
           "auto_unstuck_qty_pct": 0,
           "auto_unstuck_wallet_exposure_threshold": 0.0,
           "backwards_tp": true,
           "ddown_factor": 2.7649756049361236,
           "ema_span_0": 1439.5695736273915,
           "ema_span_1": 1361.9158152431196,
           "enabled": true,
           "initial_eprice_ema_dist": 0.003,
           "initial_qty_pct": 0.005040988926185589,
           "markup_range": 0.0011664650253415153,
           "min_markup": 0.0021627243406894424,
           "n_close_orders": 14,
           "rentry_pprice_dist": 0.04596926358632685,
           "rentry_pprice_dist_wallet_exposure_weighting": 4.252794000492193,
           "wallet_exposure_limit": 1}}