{"config_name": "recursive_grid_0days",
 "logging_level": 0,
 "long": {"auto_unstuck_delay_minutes": 0,
          "auto_unstuck_ema_dist": 0,
          "auto_unstuck_qty_pct": 0,
          "auto_unstuck_wallet_exposure_threshold": 0.0,
          "backwards_tp": true,
          "ddown_factor": 2.8008857052679335,
          "ema_span_0": 1009.285090490301,
          "ema_span_1": 1039.2971000301943,
          "enabled": true,
          "initial_eprice_ema_dist": 0.0007434456183525658,
          "initial_qty_pct": 0.005713551032754992,
          "markup_range": 0.003872333695087145,
          "min_markup": 0.008808290062222151,
          "n_close_orders": 5,
          "rentry_pprice_dist": 0.04509230391614585,
          "rentry_pprice_dist_wallet_exposure_weighting": 2.833856393692009,
          "wallet_exposure_limit": 1},
 "short": {"auto_unstuck_delay_minutes": 0,
           "auto_unstuck_ema_dist": 0,
           "auto_unstuck_qty_pct": 0,
           "auto_unstuck_wallet_exposure_threshold": 0.0,
           "backwards_tp": true,
           "ddown_factor": 0.10024949436236455,
           "ema_span_0": 1428.8540084870174,
           "ema_span_1": 1427.638063982526,
           "enabled": true,
           "initial_eprice_ema_dist": 0.002998791736069894,
           "initial_qty_pct": 0.019999188513501222,
           "markup_range": 0.0020404605334866967,
           "min_markup": 0.0019593225033227146,
           "n_close_orders": 6,
           "rentry_pprice_dist": 0.048084845198756325,
           "rentry_pprice_dist_wallet_exposure_weighting": 6.9127205511197225,
           "wallet_exposure_limit": 1}}