{"config_name": "recursive_grid_0days",
 "logging_level": 0,
 "long": {"auto_unstuck_delay_minutes": 0,
          "auto_unstuck_ema_dist": 0,
          "auto_unstuck_qty_pct": 0,
          "auto_unstuck_wallet_exposure_threshold": 0.0,
          "backwards_tp": true,
          "ddown_factor": 0.659189212061829,
          "ema_span_0": 1365.8601988581383,
          "ema_span_1": 1305.8014969945489,
          "enabled": true,
          "initial_eprice_ema_dist": 0.0027618657169072207,
          "initial_qty_pct": 0.006785342793673023,
          "markup_range": 0.002129018390181677,
          "min_markup": 0.002048284556886897,
          "n_close_orders": 4,
          "rentry_pprice_dist": 0.015093916672259353,
          "rentry_pprice_dist_wallet_exposure_weighting": 3.137930459458364,
          "wallet_exposure_limit": 1},
 "short": {"auto_unstuck_delay_minutes": 0,
           "auto_unstuck_ema_dist": 0,
           "auto_unstuck_qty_pct": 0,
           "auto_unstuck_wallet_exposure_threshold": 0.0,
           "backwards_tp": true,
           "ddown_factor": 0.7936590038914226,
           "ema_span_0": 1416.6690127087463,
           "ema_span_1": 1362.485823019,
           "enabled": true,
           "initial_eprice_ema_dist": 0.0024609928207111062,
           "initial_qty_pct": 0.0073646416082817304,
           "markup_range": 0.0028733495615411516,
           "min_markup": 0.00975689685836081,
           "n_close_orders": 6,
           "rentry_pprice_dist": 0.04589725552454332,
           "rentry_pprice_dist_wallet_exposure_weighting": 6.994487793167962,
           "wallet_exposure_limit": 1}}