{"config_name": "recursive_grid_0days",
 "logging_level": 0,
 "long": {"auto_unstuck_delay_minutes": 0,
          "auto_unstuck_ema_dist": 0,
          "auto_unstuck_qty_pct": 0,
          "auto_unstuck_wallet_exposure_threshold": 0.0,
          "backwards_tp": true,
          "ddown_factor": 1.0871899405157714,
          "ema_span_0": 552.9693847341467,
          "ema_span_1": 656.5594904617175,
          "enabled": true,
          "initial_eprice_ema_dist": -0.003898036590157887,
          "initial_qty_pct": 0.007907575036427134,
          "markup_range": 0.007587342923906934,
          "min_markup": 0.004194339676899615,
          "n_close_orders": 2,
          "rentry_pprice_dist": 0.03864097158082685,
          "rentry_pprice_dist_wallet_exposure_weighting": 1.6235335931801858,
          "wallet_exposure_limit": 1},
 "short": {"auto_unstuck_delay_minutes": 0,
           "auto_unstuck_ema_dist": 0,
           "auto_unstuck_qty_pct": 0,
           "auto_unstuck_wallet_exposure_threshold": 0.0,
           "backwards_tp": true,
           "ddown_factor": 1.1872353008134056,
           "ema_span_0": 425.6173365059851,
           "ema_span_1": 1292.095929253593,
           "enabled": true,
           "initial_eprice_ema_dist": -0.009675109434018158,
           "initial_qty_pct": 0.006877035399950096,
           "markup_range": 0.006681294355793213,
           "min_markup": 0.009800723279584663,
           "n_close_orders": 14,
           "rentry_pprice_dist": 0.042867770783054274,
           "rentry_pprice_dist_wallet_exposure_weighting": 0.363928909775072,
           "wallet_exposure_limit": 1}}