{"config_name": "recursive_grid_0days",
 "logging_level": 0,
 "long": {"auto_unstuck_delay_minutes": 0,
          "auto_unstuck_ema_dist": 0,
          "auto_unstuck_qty_pct": 0,
          "auto_unstuck_wallet_exposure_threshold": 0.0,
          "backwards_tp": true,
          "ddown_factor": 0.10094822451928008,
          "ema_span_0": 775.1661584209725,
          "ema_span_1": 528.9665921675529,
          "enabled": true,
          "initial_eprice_ema_dist": 0.0004305773654945008,
          "initial_qty_pct": 0.01851487703920418,
          "markup_range": 0.0039217078571030985,
          "min_markup": 0.004075518907803436,
          "n_close_orders": 14,
          "rentry_pprice_dist": 0.038140184292195775,
          "rentry_pprice_dist_wallet_exposure_weighting": 2.208450865395706,
          "wallet_exposure_limit": 1},
 "short": {"auto_unstuck_delay_minutes": 0,
           "auto_unstuck_ema_dist": 0,
           "auto_unstuck_qty_pct": 0,
           "auto_unstuck_wallet_exposure_threshold": 0.0,
           "backwards_tp": true,
           "ddown_factor": 1.040644160398579,
           "ema_span_0": 1115.3112271179605,
           "ema_span_1": 592.7646321548445,
           "enabled": true,
           "initial_eprice_ema_dist": -0.002300909049115994,
           "initial_qty_pct": 0.0069369262029872975,
           "markup_range": 0.007227420925775015,
           "min_markup": 0.004564193433975704,
           "n_close_orders": 2,
           "rentry_pprice_dist": 0.026816797408983375,
           "rentry_pprice_dist_wallet_exposure_weighting": 4.005882486829598,
           "wallet_exposure_limit": 1}}