{"config_name": "recursive_grid_0days",
 "logging_level": 0,
 "long": {"auto_unstuck_delay_minutes": 0,
          "auto_unstuck_ema_dist": 0,
          "auto_unstuck_qty_pct": 0,
          "auto_unstuck_wallet_exposure_threshold": 0.0,
          "backwards_tp": true,
          "ddown_factor": 0.36828833109826425,
          "ema_span_0": 911.4618088371025,
          "ema_span_1": 907.5855515292684,
          "enabled": true,
          "initial_eprice_ema_dist": -0.009377701654827255,
          "initial_qty_pct": 0.00610776711901373,
          "markup_range": 0.006639373010761411,
          "min_markup": 0.004375696912958147,
          "n_close_orders": 2,
          "rentry_pprice_dist": 0.029045895386394738,
          "rentry_pprice_dist_wallet_exposure_weighting": 5.583908164591865,
          "wallet_exposure_limit": 1},
 "short": {"auto_unstuck_delay_minutes": 0,
           "auto_unstuck_ema_dist": 0,
           "auto_unstuck_qty_pct": 0,
           "auto_unstuck_wallet_exposure_threshold": 0.0,
           "backwards_tp": true,
           "ddown_factor": 0.36190426584165203,
           "ema_span_0": 1321.3349005232963,
           "ema_span_1": 1103.1344181764816,
           "enabled": true,
           "initial_eprice_ema_dist": -0.008635941934900858,
           "initial_qty_pct": 0.018095587657353168,
           "markup_range": 0.009916260269344133,
           "min_markup": 0.009660444396686554,
           "n_close_orders": 5,
           "rentry_pprice_dist": 0.04633291789010038,
           "rentry_pprice_dist_wallet_exposure_weighting": 5.959262012839135,
           "wallet_exposure_limit": 1}}