{"config_name": "recursive_grid_0days",
 "logging_level": 0,
 "long": {"auto_unstuck_delay_minutes": 0,
          "auto_unstuck_ema_dist": 0,
          "auto_unstuck_qty_pct": 0,
          "auto_unstuck_wallet_exposure_threshold": 0.0,
          "backwards_tp": true,
          "ddown_factor": 0.11281211197422117,
          "ema_span_0": 997.8868324621063,
          "ema_span_1": 1108.9712828782992,
          "enabled": true,
          "initial_eprice_ema_dist": -0.006656306573630208,
          "initial_qty_pct": 0.006890424823065341,
          "markup_range": 0.0018948270268947065,
          "min_markup": 0.005512994394363772,
          "n_close_orders": 14,
          "rentry_pprice_dist": 0.019686104292234892,
          "rentry_pprice_dist_wallet_exposure_weighting": 2.2213921854542322,
          "wallet_exposure_limit": 1},
 "short": {"auto_unstuck_delay_minutes": 0,
           "auto_unstuck_ema_dist": 0,
           "auto_unstuck_qty_pct": 0,
           "auto_unstuck_wallet_exposure_threshold": 0.0,
           "backwards_tp": true,
           "ddown_factor": 2.046979649057886,
           "ema_span_0": 1061.1274375353632,
           "ema_span_1": 427.4382143164889,
           "enabled": true,
           "initial_eprice_ema_dist": 0.0006034453124001384,
           "initial_qty_pct": 0.0073284933476516975,
           "markup_range": 0.0018921851523770884,
           "min_markup": 0.00393709839264385,
           "n_close_orders": 7,
           "rentry_pprice_dist": 0.058585126487639375,
           "rentry_pprice_dist_wallet_exposure_weighting": 0.19195114998346485,
           "wallet_exposure_limit": 1}}