{"config_name": "recursive_grid_0days",
 "logging_level": 0,
 "long": {"auto_unstuck_delay_minutes": 0,
          "auto_unstuck_ema_dist": 0,
          "auto_unstuck_qty_pct": 0,
          "auto_unstuck_wallet_exposure_threshold": 0.0,
          "backwards_tp": true,
          "ddown_factor": 0.7532215524070002,
          "ema_span_0": 842.8541881014295,
          "ema_span_1": 695.4707848683289,
          "enabled": true,
          "initial_eprice_ema_dist": -0.006167788999834761,
          "initial_qty_pct": 0.016205523696574256,
          "markup_range": 0.007517401599495501,
          "min_markup": 0.00590330385975649,
          "n_close_orders": 4,
          "rentry_pprice_dist": 0.026963625790853547,
          "rentry_pprice_dist_wallet_exposure_weighting": 4.616414416084344,
          "wallet_exposure_limit": 1},
 "short": {"auto_unstuck_delay_minutes": 0,
           "auto_unstuck_ema_dist": 0,
           "auto_unstuck_qty_pct": 0,
           "auto_unstuck_wallet_exposure_threshold": 0.0,
           "backwards_tp": true,
           "ddown_factor": 2.306299357885784,
           "ema_span_0": 1433.4976632686808,
           "ema_span_1": 1221.2619546387925,
           "enabled": true,
           "initial_eprice_ema_dist": 0.0025183978173258653,
           "initial_qty_pct": 0.015339815120780979,
           "markup_range": 0.0011060715769700266,
           "min_markup": 0.004241668938977198,
           "n_close_orders": 15,
           "rentry_pprice_dist": 0.04787091476393872,
           "rentry_pprice_dist_wallet_exposure_weighting": 3.0362585722412225,
           "wallet_exposure_limit": 1}}