{"config_name": "recursive_grid_0days",
 "logging_level": 0,
 "long": {"auto_unstuck_delay_minutes": 0,
          "auto_unstuck_ema_dist": 0,
          "auto_unstuck_qty_pct": 0,
          "auto_unstuck_wallet_exposure_threshold": 0.0,
          "backwards_tp": true,
          "ddown_factor": 0.9837339180732757,
          "ema_span_0": 848.6698359070043,
          "ema_span_1": 575.1070153298431,
          "enabled": true,
          "initial_eprice_ema_dist": 0.003,
          "initial_qty_pct": 0.019026765644641553,
          "markup_range": 0.006364585770855597,
          "min_markup": 0.006233496587982319,
          "n_close_orders": 11,
          "rentry_pprice_dist": 0.0390239723682346,
          "rentry_pprice_dist_wallet_exposure_weighting": 2.658590793005517,
          "wallet_exposure_limit": 1},
 "short": {"auto_unstuck_delay_minutes": 0,
           "auto_unstuck_ema_dist": 0,
           "auto_unstuck_qty_pct": 0,
           "auto_unstuck_wallet_exposure_threshold": 0.0,
           "backwards_tp": true,
           "ddown_factor": 0.6705209616578605,
           "ema_span_0": 1083.3547295750038,
           "ema_span_1": 634.1252722984411,
           "enabled": true,
           "initial_eprice_ema_dist": -0.0017641404912276618,
           "initial_qty_pct": 0.009746112646765446,
           "markup_range": 0.0033178362680796776,
           "min_markup": 0.0066470663150352835,
           "n_close_orders": 11,
           "rentry_pprice_dist": 0.04292049842163451,
           "rentry_pprice_dist_wallet_exposure_weighting": 0.912722616868512,
           "wallet_exposure_limit": 1}}