{"config_name": "recursive_grid_0days",
 "logging_level": 0,
 "long": {"auto_unstuck_delay_minutes": 0,
          "auto_unstuck_ema_dist": 0,
          "auto_unstuck_qty_pct": 0,
          "auto_unstuck_wallet_exposure_threshold": 0.0,
          "backwards_tp": true,
          "ddown_factor": 2.8327003513041973,
          "ema_span_0": 613.100493810385,
          "ema_span_1": 1410.3210386023734,
          "enabled": true,
          "initial_eprice_ema_dist": -0.0008435052053426323,
          "initial_qty_pct": 0.013426925840925641,
          "markup_range": 0.007487729963764102,
          "min_markup": 0.005132493006109973,
          "n_close_orders": 5,
          "rentry_pprice_dist": 0.03967307871671411,
          "rentry_pprice_dist_wallet_exposure_weighting": 6.737403611166463,
          "wallet_exposure_limit": 1},
 "short": {"auto_unstuck_delay_minutes": 0,
           "auto_unstuck_ema_dist": 0,
           "auto_unstuck_qty_pct": 0,
           "auto_unstuck_wallet_exposure_threshold": 0.0,
           "backwards_tp": true,
           "ddown_factor": 1.1475614561379768,
           "ema_span_0": 1284.4178268948383,
           "ema_span_1": 1222.016530533947,
           "enabled": true,
           "initial_eprice_ema_dist": 0.0027172904615045037,
           "initial_qty_pct": 0.007594292140117166,
           "markup_range": 0.009516373815847062,
           "min_markup": 0.008814489274300714,
           "n_close_orders": 3,
           "rentry_pprice_dist": 0.0518261808882454,
           "rentry_pprice_dist_wallet_exposure_weighting": 4.37678457499634,
           "wallet_exposure_limit": 1}}