{"config_name": "recursive_grid_0days",
 "logging_level": 0,
 "long": {"auto_unstuck_delay_minutes": 0,
          "auto_unstuck_ema_dist": 0,
          "auto_unstuck_qty_pct": 0,
          "auto_unstuck_wallet_exposure_threshold": 0.0,
          "backwards_tp": true,
          "ddown_factor": 0.10294523325725574,
          "ema_span_0": 719.1735387056117,
          "ema_span_1": 636.811810255116,
          "enabled": true,
          "initial_eprice_ema_dist": 0.001811586406636841,
          "initial_qty_pct": 0.010356350239136195,
          "markup_range": 0.0061591729264051966,
          "min_markup": 0.0046934552730989445,
          "n_close_orders": 3,
          "rentry_pprice_dist": 0.02478647136472125,
          "rentry_pprice_dist_wallet_exposure_weighting": 5.136076037344524,
          "wallet_exposure_limit": 1},
 "short": {"auto_unstuck_delay_minutes": 0,
           "auto_unstuck_ema_dist": 0,
           "auto_unstuck_qty_pct": 0,
           "auto_unstuck_wallet_exposure_threshold": 0.0,
           "backwards_tp": true,
           "ddown_factor": 1.3591611260416367,
           "ema_span_0": 1415.594872402821,
           "ema_span_1": 1395.4226935499983,
           "enabled": true,
           "initial_eprice_ema_dist": 0.0004128180262376978,
           "initial_qty_pct": 0.011159095850396476,
           "markup_range": 0.00964513026518975,
           "min_markup": 0.009542352536819136,
           "n_close_orders": 5,
           "rentry_pprice_dist": 0.03444334083422658,
           "rentry_pprice_dist_wallet_exposure_weighting": 6.503954189652068,
           "wallet_exposure_limit": 1}}