{"config_name": "recursive_grid_0days",
 "logging_level": 0,
 "long": {"auto_unstuck_delay_minutes": 0,
          "auto_unstuck_ema_dist": 0,
          "auto_unstuck_qty_pct": 0,
          "auto_unstuck_wallet_exposure_threshold": 0.0,
          "backwards_tp": true,
          "ddown_factor": 1.5936135915759646,
          "ema_span_0": 627.7260361896247,
          "ema_span_1": 1238.9547036354513,
          "enabled": true,
          "initial_eprice_ema_dist": -0.006716531652070077,
          "initial_qty_pct": 0.010775620251336004,
          "markup_range": 0.005029305358760996,
          "min_markup": 0.004392911240127008,
          "n_close_orders": 6,
          "rentry_pprice_dist": 0.03580224889415905,
          "rentry_pprice_dist_wallet_exposure_weighting": 1.0819413516554321,
          "wallet_exposure_limit": 1},
 "short": {"auto_unstuck_delay_minutes": 0,
           "auto_unstuck_ema_dist": 0,
           "auto_unstuck_qty_pct": 0,
           "auto_unstuck_wallet_exposure_threshold": 0.0,
           "backwards_tp": true,
           "ddown_factor": 2.9961098407519073,
           "ema_span_0": 760.0159794797612,
           "ema_span_1": 1182.7403796781857,
           "enabled": true,
           "initial_eprice_ema_dist": -0.007560937435280787,
           "initial_qty_pct": 0.011087802236124197,
           "markup_range": 0.0005111242591281135,
           "min_markup": 0.003008262613061435,
           "n_close_orders": 10,
           "rentry_pprice_dist": 0.023681835528013062,
           "rentry_pprice_dist_wallet_exposure_weighting": 0.6066129098736585,
           "wallet_exposure_limit": 1}}