{"config_name": "recursive_grid_0days",
 "logging_level": 0,
 "long": {"auto_unstuck_delay_minutes": 0,
          "auto_unstuck_ema_dist": 0,
          "auto_unstuck_qty_pct": 0,
          "auto_unstuck_wallet_exposure_threshold": 0.0,
          "backwards_tp": true,
          "ddown_factor": 2.020691559451297,
          "ema_span_0": 400,
          "ema_span_1": 774.6048168736422,
          "enabled": true,
          "initial_eprice_ema_dist": 0.0012040292827267954,
          "initial_qty_pct": 0.00601072228878128,
          "markup_range": 0.002519533155161096,
          "min_markup": 0.002039539878468083,
          "n_close_orders": 9,
          "rentry_pprice_dist": 0.019936134592632042,
          "rentry_pprice_dist_wallet_exposure_weighting": 0.4064538558156699,
          "wallet_exposure_limit": 1},
 "short": {"auto_unstuck_delay_minutes": 0,
           "auto_unstuck_ema_dist": 0,
           "auto_unstuck_qty_pct": 0,
           "auto_unstuck_wallet_exposure_threshold": 0.0,
           "backwards_tp": true,
           "ddown_factor": 0.9464456688446498,
           "ema_span_0": 868.7673184514623,
           "ema_span_1": 1407.8588514523296,
           "enabled": true,
           "initial_eprice_ema_dist": 0.00203800796678905,
           "initial_qty_pct": 0.015361415762473511,
           "markup_range": 0.0016235093678653788,
           "min_markup": 0.005651787881076957,
           "n_close_orders": 10,
           "rentry_pprice_dist": 0.030298170179919877,
           "rentry_pprice_dist_wallet_exposure_weighting": 0.07589368742006575,
           "wallet_exposure_limit": 1}}