{"config_name": "recursive_grid_0days",
 "logging_level": 0,
 "long": {"auto_unstuck_delay_minutes": 0,
          "auto_unstuck_ema_dist": 0,
          "auto_unstuck_qty_pct": 0,
          "auto_unstuck_wallet_exposure_threshold": 0.0,
          "backwards_tp": true,
          "ddown_factor": 2.8008857052679335,
          "ema_span_0": 1009.285090490301,
          "ema_span_1": 1039.2971000301943,
          "enabled": true,
          "initial_eprice_ema_dist": 0.0007434456183525658,
          "initial_qty_pct": 0.005713551032754992,
          "markup_range": 0.003872333695087145,
          "min_markup": 0.008808290062222151,
          "n_close_orders": 5,
          "rentry_pprice_dist": 0.04509230391614585,
          "rentry_pprice_dist_wallet_exposure_weighting": 2.833856393692009,
          "wallet_exposure_limit": 1},
 "short": {"auto_unstuck_delay_minutes": 0,
           "auto_unstuck_ema_dist": 0,
           "auto_unstuck_qty_pct": 0,
           "auto_unstuck_wallet_exposure_threshold": 0.0,
           "backwards_tp": true,
           "ddown_factor": 2.0540952339388348,
           "ema_span_0": 840.8105035001865,
           "ema_span_1": 809.3310503480456,
           "enabled": true,
           "initial_eprice_ema_dist": 0.0010731840104801968,
           "initial_qty_pct": 0.006331208422010066,
           "markup_range": 0.001817780138602416,
           "min_markup": 0.002716882059175753,
           "n_close_orders": 14,
           "rentry_pprice_dist": 0.014196970591013245,
           "rentry_pprice_dist_wallet_exposure_weighting": 1.1434624126101096,
           "wallet_exposure_limit": 1}}