{"config_name": "recursive_grid_0days",
 "logging_level": 0,
 "long": {"auto_unstuck_delay_minutes": 0,
          "auto_unstuck_ema_dist": 0,
          "auto_unstuck_qty_pct": 0,
          "auto_unstuck_wallet_exposure_threshold": 0.0,
          "backwards_tp": true,
          "ddown_factor": 2.380924028420745,
          "ema_span_0": 1060.359257037373,
          "ema_span_1": 611.9109050693339,
          "enabled": true,
          "initial_eprice_ema_dist": 0.00029642522149046405,
          "initial_qty_pct": 0.00647505547056164,
          "markup_range": 0.008458431084205256,
          "min_markup": 0.006542395815989623,
          "n_close_orders": 14,
          "rentry_pprice_dist": 0.03600915717938197,
          "rentry_pprice_dist_wallet_exposure_weighting": 5.082004488772913,
          "wallet_exposure_limit": 1},
 "short": {"auto_unstuck_delay_minutes": 0,
           "auto_unstuck_ema_dist": 0,
           "auto_unstuck_qty_pct": 0,
           "auto_unstuck_wallet_exposure_threshold": 0.0,
           "backwards_tp": true,
           "ddown_factor": 2.804508626271034,
           "ema_span_0": 1396.6248230953436,
           "ema_span_1": 741.9282239293738,
           "enabled": true,
           "initial_eprice_ema_dist": -0.005910435684958671,
           "initial_qty_pct": 0.012548744282311454,
           "markup_range": 0.0018029536592812515,
           "min_markup": 0.005218437808043673,
           "n_close_orders": 8,
           "rentry_pprice_dist": 0.015208274955498244,
           "rentry_pprice_dist_wallet_exposure_weighting": 0.7954078374719776,
           "wallet_exposure_limit": 1}}