{"config_name": "recursive_grid_0days",
 "logging_level": 0,
 "long": {"auto_unstuck_delay_minutes": 0,
          "auto_unstuck_ema_dist": 0,
          "auto_unstuck_qty_pct": 0,
          "auto_unstuck_wallet_exposure_threshold": 0.0,
          "backwards_tp": true,
          "ddown_factor": 0.43512420407997504,
          "ema_span_0": 993.5860303929242,
          "ema_span_1": 1175.5239009759625,
          "enabled": true,
          "initial_eprice_ema_dist": 0.0012934479551850496,
          "initial_qty_pct": 0.006827740863585729,
          "markup_range": 0.003142728978476539,
          "min_markup": 0.006001100142474061,
          "n_close_orders": 12,
          "rentry_pprice_dist": 0.03909930442764353,
          "rentry_pprice_dist_wallet_exposure_weighting": 4.09349986519559,
          "wallet_exposure_limit": 1},
 "short": {"auto_unstuck_delay_minutes": 0,
           "auto_unstuck_ema_dist": 0,
           "auto_unstuck_qty_pct": 0,
           "auto_unstuck_wallet_exposure_threshold": 0.0,
           "backwards_tp": true,
           "ddown_factor": 2.9391831146027663,
           "ema_span_0": 1351.429273942314,
           "ema_span_1": 1261.4980468931813,
           "enabled": true,
           "initial_eprice_ema_dist": -0.0012989041306011653,
           "initial_qty_pct": 0.017915034342195442,
           "markup_range": 0.0010131850901705733,
           "min_markup": 0.0035734248110383315,
           "n_close_orders": 6,
           "rentry_pprice_dist": 0.040593487046618935,
           "rentry_pprice_dist_wallet_exposure_weighting": 0.14048722843854514,
           "wallet_exposure_limit": 1}}