{"config_name": "recursive_grid_0days",
 "logging_level": 0,
 "long": {"auto_unstuck_delay_minutes": 0,
          "auto_unstuck_ema_dist": 0,
          "auto_unstuck_qty_pct": 0,
          "auto_unstuck_wallet_exposure_threshold": 0.0,
          "backwards_tp": true,
          "ddown_factor": 1.106900394665009,
          "ema_span_0": 1290.8273741237329,
          "ema_span_1": 1304.1638617014348,
          "enabled": true,
          "initial_eprice_ema_dist": 0.0029984539237203523,
          "initial_qty_pct": 0.010252114458830812,
          "markup_range": 0.0013727175399165165,
          "min_markup": 0.003935802528457953,
          "n_close_orders": 4,
          "rentry_pprice_dist": 0.029801864958430596,
          "rentry_pprice_dist_wallet_exposure_weighting": 1.9610268762232803,
          "wallet_exposure_limit": 1},
 "short": {"auto_unstuck_delay_minutes": 0,
           "auto_unstuck_ema_dist": 0,
           "auto_unstuck_qty_pct": 0,
           "auto_unstuck_wallet_exposure_threshold": 0.0,
           "backwards_tp": true,
           "ddown_factor": 2.178304880661967,
           "ema_span_0": 520.6953706361433,
           "ema_span_1": 694.772029341207,
           "enabled": true,
           "initial_eprice_ema_dist": 0.0003768367623444417,
           "initial_qty_pct": 0.010622061388592946,
           "markup_range": 0.0018067301241174272,
           "min_markup": 0.007109201632585021,
           "n_close_orders": 14,
           "rentry_pprice_dist": 0.026080543508385443,
           "rentry_pprice_dist_wallet_exposure_weighting": 0.1900725181943552,
           "wallet_exposure_limit": 1}}