{"config_name": "recursive_grid_0days",
 "logging_level": 0,
 "long": {"auto_unstuck_delay_minutes": 0,
          "auto_unstuck_ema_dist": 0,
          "auto_unstuck_qty_pct": 0,
          "auto_unstuck_wallet_exposure_threshold": 0.0,
          "backwards_tp": true,
          "ddown_factor": 1.4266544812009934,
          "ema_span_0": 572.5922385557195,
          "ema_span_1": 847.8908964550294,
          "enabled": true,
          "initial_eprice_ema_dist": -0.008618030770429405,
          "initial_qty_pct": 0.007282660712140188,
          "markup_range": 0.006729802066223069,
          "min_markup": 0.00580026499468452,
          "n_close_orders": 11,
          "rentry_pprice_dist": 0.029517454984644444,
          "rentry_pprice_dist_wallet_exposure_weighting": 2.859843120560769,
          "wallet_exposure_limit": 1},
 "short": {"auto_unstuck_delay_minutes": 0,
           "auto_unstuck_ema_dist": 0,
           "auto_unstuck_qty_pct": 0,
           "auto_unstuck_wallet_exposure_threshold": 0.0,
           "backwards_tp": true,
           "ddown_factor": 1.2238036691178893,
           "ema_span_0": 1099.3785433883486,
           "ema_span_1": 754.0449537651739,
           "enabled": true,
           "initial_eprice_ema_dist": 0.002309284561243936,
           "initial_qty_pct": 0.0077818905465695245,
           "markup_range": 0.004035631537299432,
           "min_markup": 0.005845521403621744,
           "n_close_orders": 4,
           "rentry_pprice_dist": 0.034776756908602116,
           "rentry_pprice_dist_wallet_exposure_weighting": 0.6652006652040698,
           "wallet_exposure_limit": 1}}