{"config_name": "recursive_grid_0days",
 "logging_level": 0,
 "long": {"auto_unstuck_delay_minutes": 0,
          "auto_unstuck_ema_dist": 0,
          "auto_unstuck_qty_pct": 0,
          "auto_unstuck_wallet_exposure_threshold": 0.0,
          "backwards_tp": true,
          "ddown_factor": 0.9295961467888398,
          "ema_span_0": 963.8979774269824,
          "ema_span_1": 888.4244758500278,
          "enabled": true,
          "initial_eprice_ema_dist": -0.0070262833903947195,
          "initial_qty_pct": 0.012437039284533226,
          "markup_range": 0.004492387751566958,
          "min_markup": 0.005634490370496687,
          "n_close_orders": 4,
          "rentry_pprice_dist": 0.02388421916858395,
          "rentry_pprice_dist_wallet_exposure_weighting": 2.3005133885012596,
          "wallet_exposure_limit": 1},
 "short": {"auto_unstuck_delay_minutes": 0,
           "auto_unstuck_ema_dist": 0,
           "auto_unstuck_qty_pct": 0,
           "auto_unstuck_wallet_exposure_threshold": 0.0,
           "backwards_tp": true,
           "ddown_factor": 2.181762167831372,
           "ema_span_0": 743.5173284055112,
           "ema_span_1": 439.58175610149084,
           "enabled": true,
           "initial_eprice_ema_dist": -0.000487545314499426,
           "initial_qty_pct": 0.01026230553024564,
           "markup_range": 0.00708918521007311,
           "min_markup": 0.008550730292101953,
           "n_close_orders": 2,
           "rentry_pprice_dist": 0.028822617879357207,
           "rentry_pprice_dist_wallet_exposure_weighting": 5.498284631619438,
           "wallet_exposure_limit": 1}}