{"config_name": "recursive_grid_0days",
 "logging_level": 0,
 "long": {"auto_unstuck_delay_minutes": 0,
          "auto_unstuck_ema_dist": 0,
          "auto_unstuck_qty_pct": 0,
          "auto_unstuck_wallet_exposure_threshold": 0.0,
          "backwards_tp": true,
          "ddown_factor": 1.8271959941216143,
          "ema_span_0": 968.6498885350597,
          "ema_span_1": 454.11278723231663,
          "enabled": true,
          "initial_eprice_ema_dist": -0.008029975503925613,
          "initial_qty_pct": 0.006802340215225203,
          "markup_range": 0.0006369892250652274,
          "min_markup": 0.004133842177261452,
          "n_close_orders": 13,
          "rentry_pprice_dist": 0.026678628933883772,
          "rentry_pprice_dist_wallet_exposure_weighting": 0.14558253349535594,
          "wallet_exposure_limit": 1},
 "short": {"auto_unstuck_delay_minutes": 0,
           "auto_unstuck_ema_dist": 0,
           "auto_unstuck_qty_pct": 0,
           "auto_unstuck_wallet_exposure_threshold": 0.0,
           "backwards_tp": true,
           "ddown_factor": 2.291755675842417,
           "ema_span_0": 1329.4655439697156,
           "ema_span_1": 436.4975807530978,
           "enabled": true,
           "initial_eprice_ema_dist": -0.004821975710257179,
           "initial_qty_pct": 0.009453459260410768,
           "markup_range": 0.0016755298534680194,
           "min_markup": 0.003995304577275092,
           "n_close_orders": 4,
           "rentry_pprice_dist": 0.030973163740896623,
           "rentry_pprice_dist_wallet_exposure_weighting": 0.6152150374534491,
           "wallet_exposure_limit": 1}}