{"config_name": "recursive_grid_0days",
 "logging_level": 0,
 "long": {"auto_unstuck_delay_minutes": 0,
          "auto_unstuck_ema_dist": 0,
          "auto_unstuck_qty_pct": 0,
          "auto_unstuck_wallet_exposure_threshold": 0.0,
          "backwards_tp": true,
          "ddown_factor": 1.0128240915133007,
          "ema_span_0": 932.3911173270195,
          "ema_span_1": 1149.2273127716846,
          "enabled": true,
          "initial_eprice_ema_dist": -0.002471326520539762,
          "initial_qty_pct": 0.01142259511013884,
          "markup_range": 0.001708587995320978,
          "min_markup": 0.006025430963965282,
          "n_close_orders": 11,
          "rentry_pprice_dist": 0.03694109047150397,
          "rentry_pprice_dist_wallet_exposure_weighting": 2.5481786325224176,
          "wallet_exposure_limit": 1},
 "short": {"auto_unstuck_delay_minutes": 0,
           "auto_unstuck_ema_dist": 0,
           "auto_unstuck_qty_pct": 0,
           "auto_unstuck_wallet_exposure_threshold": 0.0,
           "backwards_tp": true,
           "ddown_factor": 0.1,
           "ema_span_0": 619.7198720229416,
           "ema_span_1": 589.0811863453209,
           "enabled": true,
           "initial_eprice_ema_dist": -0.007600787462813661,
           "initial_qty_pct": 0.015435481119943717,
           "markup_range": 0.0022902208757584483,
           "min_markup": 0.0023893170495822057,
           "n_close_orders": 4,
           "rentry_pprice_dist": 0.01778904085180592,
           "rentry_pprice_dist_wallet_exposure_weighting": 6.215760731286285,
           "wallet_exposure_limit": 1}}