{"config_name": "recursive_grid_0days",
 "logging_level": 0,
 "long": {"auto_unstuck_delay_minutes": 0,
          "auto_unstuck_ema_dist": 0,
          "auto_unstuck_qty_pct": 0,
          "auto_unstuck_wallet_exposure_threshold": 0.0,
          "backwards_tp": true,
          "ddown_factor": 2.4136826514284775,
          "ema_span_0": 1172.0526023692364,
          "ema_span_1": 1304.5391540972628,
          "enabled": true,
          "initial_eprice_ema_dist": 0.0027261945878426243,
          "initial_qty_pct": 0.0073113858900907165,
          "markup_range": 0.0042423033746825465,
          "min_markup": 0.003628514344888744,
          "n_close_orders": 13,
          "rentry_pprice_dist": 0.029826891152041596,
          "rentry_pprice_dist_wallet_exposure_weighting": 5.546853144380387,
          "wallet_exposure_limit": 1},
 "short": {"auto_unstuck_delay_minutes": 0,
           "auto_unstuck_ema_dist": 0,
           "auto_unstuck_qty_pct": 0,
           "auto_unstuck_wallet_exposure_threshold": 0.0,
           "backwards_tp": true,
           "ddown_factor": 0.4207735296813352,
           "ema_span_0": 1144.1595135703124,
           "ema_span_1": 1310.4010039100344,
           "enabled": true,
           "initial_eprice_ema_dist": 0.0025899403175953305,
           "initial_qty_pct": 0.019674181193930523,
           "markup_range": 0.01,
           "min_markup": 0.007174137359703636,
           "n_close_orders": 6,
           "rentry_pprice_dist": 0.03761648993353362,
           "rentry_pprice_dist_wallet_exposure_weighting": 3.8639038388518343,
           "wallet_exposure_limit": 1}}