{"config_name": "recursive_grid_0days",
 "logging_level": 0,
 "long": {"auto_unstuck_delay_minutes": 0,
          "auto_unstuck_ema_dist": 0,
          "auto_unstuck_qty_pct": 0,
          "auto_unstuck_wallet_exposure_threshold": 0.0,
          "backwards_tp": true,
          "ddown_factor": 1.6959364814853224,
          "ema_span_0": 846.2818797069314,
          "ema_span_1": 667.5589269514833,
          "enabled": true,
          "initial_eprice_ema_dist": 0.003,
          "initial_qty_pct": 0.007698026194857894,
          "markup_range": 0.003650842593233969,
          "min_markup": 0.0034504183594871412,
          "n_close_orders": 6,
          "rentry_pprice_dist": 0.03181961660381122,
          "rentry_pprice_dist_wallet_exposure_weighting": 3.3262778152875043,
          "wallet_exposure_limit": 1},
 "short": {"auto_unstuck_delay_minutes": 0,
           "auto_unstuck_ema_dist": 0,
           "auto_unstuck_qty_pct": 0,
           "auto_unstuck_wallet_exposure_threshold": 0.0,
           "backwards_tp": true,
           "ddown_factor": 2.9391831146027663,
           "ema_span_0": 1351.429273942314,
           "ema_span_1": 1261.4980468931813,
           "enabled": true,
           "initial_eprice_ema_dist": -0.0012989041306011653,
           "initial_qty_pct": 0.017915034342195442,
           "markup_range": 0.0010131850901705733,
           "min_markup": 0.0035734248110383315,
           "n_close_orders": 6,
           "rentry_pprice_dist": 0.040593487046618935,
           "rentry_pprice_dist_wallet_exposure_weighting": 0.14048722843854514,
           "wallet_exposure_limit": 1}}