{
    "config_name": "xmrusdt_155_days_adg_2.4%_closest_liq_32%",
    "logging_level": 0,
    "ddown_factor": 2.3629492838929167,
    "qty_pct": 0.2763270930862909,
    "leverage": 3,
    "n_entry_orders": 8,
    "n_close_orders": 13,
    "grid_spacing": 0.007137770759189263,
    "grid_coefficient": 3.207030787951127,
    "min_markup": 0.0016418850660873609,
    "markup_range": 0.005549558850488154,
    "do_long": true,
    "do_shrt": true,
    "ema_span": 4659.865550988048,
    "ema_spread": 0.011074883168547872,
    "stop_loss_liq_diff": 0.06044532389941589,
    "stop_loss_pos_pct": 0.08691825529097755
}
