{"config_name": "clock_0days",
 "long": {"backwards_tp": true,
          "delay_between_fills_minutes_close": 779.6536453291249,
          "delay_between_fills_minutes_entry": 1214.798732179154,
          "delay_weight_close": 28.14781741347243,
          "delay_weight_entry": 16.16470641363938,
          "ema_dist_close": -0.0032429746111499957,
          "ema_dist_entry": -0.006282852707930733,
          "ema_span_0": 1222.8727708274653,
          "ema_span_1": 1303.9427372273854,
          "enabled": true,
          "markup_range": 0.059185801107474845,
          "min_markup": 0.008944422760875825,
          "n_close_orders": 9,
          "qty_pct_close": 0.016598324712223573,
          "qty_pct_entry": 0.010035975591842971,
          "wallet_exposure_limit": 1,
          "we_multiplier_close": 0,
          "we_multiplier_entry": 45.50122992716007},
 "short": {"backwards_tp": true,
           "delay_between_fills_minutes_close": 927.5536393402995,
           "delay_between_fills_minutes_entry": 76.65521428223664,
           "delay_weight_close": 4.0912562091058975,
           "delay_weight_entry": 0.4026069516881707,
           "ema_dist_close": 0.0027286292890744213,
           "ema_dist_entry": -0.0024395190240046735,
           "ema_span_0": 1029.0821444294024,
           "ema_span_1": 1110.6017165946846,
           "enabled": true,
           "markup_range": 0.0037852668244971474,
           "min_markup": 0.0022884136867671575,
           "n_close_orders": 6,
           "qty_pct_close": 0.012226923140416623,
           "qty_pct_entry": 0.010209693427915594,
           "wallet_exposure_limit": 1,
           "we_multiplier_close": 0,
           "we_multiplier_entry": 30.520846381647537}}