{"config_name": "clock_0days",
 "long": {"backwards_tp": true,
          "delay_between_fills_minutes_close": 847.4570618633642,
          "delay_between_fills_minutes_entry": 1394.2535143526836,
          "delay_weight_close": 0.15339331077775736,
          "delay_weight_entry": 12.336117839322695,
          "ema_dist_close": 0.0016938189269252372,
          "ema_dist_entry": 0.00025720434789705716,
          "ema_span_0": 1113.212318426606,
          "ema_span_1": 662.594621758259,
          "enabled": true,
          "markup_range": 0.029977503397955005,
          "min_markup": 0.004132836188627235,
          "n_close_orders": 8,
          "qty_pct_close": 0.010578510909682346,
          "qty_pct_entry": 0.011228969901844221,
          "wallet_exposure_limit": 1,
          "we_multiplier_close": 0,
          "we_multiplier_entry": 46.22851995837369},
 "short": {"backwards_tp": true,
           "delay_between_fills_minutes_close": 566.728048226077,
           "delay_between_fills_minutes_entry": 98.60896944334999,
           "delay_weight_close": 0.0012662552903666487,
           "delay_weight_entry": 10.46322317873434,
           "ema_dist_close": 0.003,
           "ema_dist_entry": -0.008628095599072209,
           "ema_span_0": 226.33627318454913,
           "ema_span_1": 225.73496090568048,
           "enabled": true,
           "markup_range": 0.0026059276449264266,
           "min_markup": 0.0040488502429980484,
           "n_close_orders": 2,
           "qty_pct_close": 0.010878416974961412,
           "qty_pct_entry": 0.010011407123709742,
           "wallet_exposure_limit": 1,
           "we_multiplier_close": 0,
           "we_multiplier_entry": 23.220265927651216}}