{"config_name": "clock_0days",
 "long": {"backwards_tp": true,
          "delay_between_fills_minutes_close": 741.3157048279273,
          "delay_between_fills_minutes_entry": 740.7691348386141,
          "delay_weight_close": 0.009895581702844247,
          "delay_weight_entry": 12.629559526438694,
          "ema_dist_close": -0.0012433439587670376,
          "ema_dist_entry": 0.0009543219505727107,
          "ema_span_0": 1122.3796685131272,
          "ema_span_1": 1365.3239975033518,
          "enabled": true,
          "markup_range": 0.0257862379715904,
          "min_markup": 0.004315190834559336,
          "n_close_orders": 5,
          "qty_pct_close": 0.019585806852354087,
          "qty_pct_entry": 0.010044217915527459,
          "wallet_exposure_limit": 1,
          "we_multiplier_close": 0,
          "we_multiplier_entry": 27.938769017881295},
 "short": {"backwards_tp": true,
           "delay_between_fills_minutes_close": 620.6571412379012,
           "delay_between_fills_minutes_entry": 997.7172342232508,
           "delay_weight_close": 0.38951877492690934,
           "delay_weight_entry": 11.335573696115203,
           "ema_dist_close": 0.0017237333225649356,
           "ema_dist_entry": -0.008758574686332178,
           "ema_span_0": 599.6226248647932,
           "ema_span_1": 1233.8604398453742,
           "enabled": true,
           "markup_range": 0.032885589978906254,
           "min_markup": 0.0056352832062863374,
           "n_close_orders": 2,
           "qty_pct_close": 0.010212640986770967,
           "qty_pct_entry": 0.01225837677247199,
           "wallet_exposure_limit": 1,
           "we_multiplier_close": 0,
           "we_multiplier_entry": 43.475172385566616}}