{"config_name": "clock_0days",
 "long": {"backwards_tp": true,
          "delay_between_fills_minutes_close": 840.8783282364853,
          "delay_between_fills_minutes_entry": 1356.3122129115925,
          "delay_weight_close": 98.88522291288257,
          "delay_weight_entry": 15.553155211456204,
          "ema_dist_close": -0.009732925906375011,
          "ema_dist_entry": 0.0009699458756196528,
          "ema_span_0": 779.2455770473497,
          "ema_span_1": 1171.5327660203245,
          "enabled": true,
          "markup_range": 0.03364713965002472,
          "min_markup": 0.007213230196896175,
          "n_close_orders": 10,
          "qty_pct_close": 0.019217157511579448,
          "qty_pct_entry": 0.010296292114413306,
          "wallet_exposure_limit": 1,
          "we_multiplier_close": 0,
          "we_multiplier_entry": 47.222704445038595},
 "short": {"backwards_tp": true,
           "delay_between_fills_minutes_close": 1382.5656249380263,
           "delay_between_fills_minutes_entry": 1050.116305579408,
           "delay_weight_close": 87.25867328093925,
           "delay_weight_entry": 23.449478356870205,
           "ema_dist_close": 0.0009503244548221418,
           "ema_dist_entry": -0.023269762487401764,
           "ema_span_0": 1182.8981962746375,
           "ema_span_1": 948.3581237635082,
           "enabled": true,
           "markup_range": 0.002005485993327191,
           "min_markup": 0.004248906884460711,
           "n_close_orders": 15,
           "qty_pct_close": 0.011497613462901712,
           "qty_pct_entry": 0.026522510991421173,
           "wallet_exposure_limit": 1,
           "we_multiplier_close": 0,
           "we_multiplier_entry": 45.7706935443909}}