{"config_name": "clock_0days",
 "long": {"backwards_tp": true,
          "delay_between_fills_minutes_close": 1439.9996307263943,
          "delay_between_fills_minutes_entry": 1356.3096839048605,
          "delay_weight_close": 19.82630462195396,
          "delay_weight_entry": 13.78422385124914,
          "ema_dist_close": 0.0006512868398342138,
          "ema_dist_entry": -0.005882335475745471,
          "ema_span_0": 1378.9252413534934,
          "ema_span_1": 1415.5021832599589,
          "enabled": true,
          "markup_range": 0.006589815056230229,
          "min_markup": 0.006910286400636286,
          "n_close_orders": 2,
          "qty_pct_close": 0.010097344655516368,
          "qty_pct_entry": 0.010168520311009246,
          "wallet_exposure_limit": 1,
          "we_multiplier_close": 0,
          "we_multiplier_entry": 49.99917137825818},
 "short": {"backwards_tp": true,
           "delay_between_fills_minutes_close": 1349.0527981942628,
           "delay_between_fills_minutes_entry": 309.9093083580568,
           "delay_weight_close": 89.48902081600929,
           "delay_weight_entry": 15.286544282775344,
           "ema_dist_close": -0.003247196248122197,
           "ema_dist_entry": -0.012913149845687748,
           "ema_span_0": 1358.5381253354649,
           "ema_span_1": 853.0895784468605,
           "enabled": true,
           "markup_range": 0.0439232570471195,
           "min_markup": 0.0024530145641530397,
           "n_close_orders": 3,
           "qty_pct_close": 0.02232490479595429,
           "qty_pct_entry": 0.010091378765415682,
           "wallet_exposure_limit": 1,
           "we_multiplier_close": 0,
           "we_multiplier_entry": 20.18129679709398}}