{"config_name": "clock_0days",
 "long": {"backwards_tp": true,
          "delay_between_fills_minutes_close": 1023.6957660159685,
          "delay_between_fills_minutes_entry": 1373.7750010066156,
          "delay_weight_close": 21.558298911173363,
          "delay_weight_entry": 29.384812238320702,
          "ema_dist_close": -0.0006799769952471387,
          "ema_dist_entry": 0.0012113779436798713,
          "ema_span_0": 1090.5497217046686,
          "ema_span_1": 1217.620425122205,
          "enabled": true,
          "markup_range": 0.007435548836667484,
          "min_markup": 0.00841774683453363,
          "n_close_orders": 13,
          "qty_pct_close": 0.014931925620971308,
          "qty_pct_entry": 0.010652300224517188,
          "wallet_exposure_limit": 1,
          "we_multiplier_close": 0,
          "we_multiplier_entry": 37.11715839291427},
 "short": {"backwards_tp": true,
           "delay_between_fills_minutes_close": 1390.9761581132889,
           "delay_between_fills_minutes_entry": 353.56505938715503,
           "delay_weight_close": 44.66625539825599,
           "delay_weight_entry": 22.787549454448435,
           "ema_dist_close": -0.009546712044786307,
           "ema_dist_entry": -0.01794633565835323,
           "ema_span_0": 390.9336289665255,
           "ema_span_1": 1063.1651315414265,
           "enabled": true,
           "markup_range": 0.00840796039039137,
           "min_markup": 0.009127580724769841,
           "n_close_orders": 2,
           "qty_pct_close": 0.010001455272699168,
           "qty_pct_entry": 0.01000009631341234,
           "wallet_exposure_limit": 1,
           "we_multiplier_close": 0,
           "we_multiplier_entry": 9.592544889563362}}