{"config_name": "clock_0days",
 "long": {"backwards_tp": true,
          "delay_between_fills_minutes_close": 744.4810125148975,
          "delay_between_fills_minutes_entry": 1242.1629980036607,
          "delay_weight_close": 57.66456962562457,
          "delay_weight_entry": 11.206906608416924,
          "ema_dist_close": -0.007230395116467442,
          "ema_dist_entry": 0.0011836120673538904,
          "ema_span_0": 1192.3998575874548,
          "ema_span_1": 1374.9754848941254,
          "enabled": true,
          "markup_range": 0.05985693068870404,
          "min_markup": 0.00945209486873432,
          "n_close_orders": 11,
          "qty_pct_close": 0.010002690004590944,
          "qty_pct_entry": 0.010542268550820926,
          "wallet_exposure_limit": 1,
          "we_multiplier_close": 0,
          "we_multiplier_entry": 10.079680604127681},
 "short": {"backwards_tp": true,
           "delay_between_fills_minutes_close": 1419.35748903851,
           "delay_between_fills_minutes_entry": 324.1607589843539,
           "delay_weight_close": 4.432328728822542,
           "delay_weight_entry": 12.11493231067752,
           "ema_dist_close": 0.002072359008868417,
           "ema_dist_entry": -0.005511524847888036,
           "ema_span_0": 727.087512662353,
           "ema_span_1": 930.1699104888872,
           "enabled": true,
           "markup_range": 0.006428958742681979,
           "min_markup": 0.0031212587161726134,
           "n_close_orders": 3,
           "qty_pct_close": 0.01,
           "qty_pct_entry": 0.01,
           "wallet_exposure_limit": 1,
           "we_multiplier_close": 0,
           "we_multiplier_entry": 17.636044626388497}}