{"config_name": "clock_0days",
 "long": {"backwards_tp": true,
          "delay_between_fills_minutes_close": 1432.3751463936494,
          "delay_between_fills_minutes_entry": 1179.0573323700694,
          "delay_weight_close": 39.65215979564905,
          "delay_weight_entry": 17.17083703562694,
          "ema_dist_close": 0.0017579095656521597,
          "ema_dist_entry": -0.005136440663016263,
          "ema_span_0": 1163.233312792913,
          "ema_span_1": 1310.8503944062077,
          "enabled": true,
          "markup_range": 0.007518172128085469,
          "min_markup": 0.00560150313019402,
          "n_close_orders": 3,
          "qty_pct_close": 0.01002691999821848,
          "qty_pct_entry": 0.014955548226043693,
          "wallet_exposure_limit": 1,
          "we_multiplier_close": 0,
          "we_multiplier_entry": 49.094464166028665},
 "short": {"backwards_tp": true,
           "delay_between_fills_minutes_close": 1298.2297871512662,
           "delay_between_fills_minutes_entry": 377.05477769624747,
           "delay_weight_close": 61.14157995120993,
           "delay_weight_entry": 8.180224600827172,
           "ema_dist_close": 5.40640475632467e-05,
           "ema_dist_entry": -0.0055269534443752565,
           "ema_span_0": 604.5987474697541,
           "ema_span_1": 1028.5756504548308,
           "enabled": true,
           "markup_range": 0.004817482134857801,
           "min_markup": 0.00455451423672531,
           "n_close_orders": 10,
           "qty_pct_close": 0.015025374037486975,
           "qty_pct_entry": 0.013452528823696137,
           "wallet_exposure_limit": 1,
           "we_multiplier_close": 0,
           "we_multiplier_entry": 47.14596574637798}}