{"config_name": "clock_0days",
 "long": {"backwards_tp": true,
          "delay_between_fills_minutes_close": 656.6451438497613,
          "delay_between_fills_minutes_entry": 1182.6784336883675,
          "delay_weight_close": 22.737866881001185,
          "delay_weight_entry": 12.907013340207968,
          "ema_dist_close": -0.005094137038280318,
          "ema_dist_entry": -0.0019822164775364507,
          "ema_span_0": 1004.7781648531026,
          "ema_span_1": 1125.8197622962653,
          "enabled": true,
          "markup_range": 0.03393494381008144,
          "min_markup": 0.009446578234594187,
          "n_close_orders": 6,
          "qty_pct_close": 0.010005631736168948,
          "qty_pct_entry": 0.011458314870681798,
          "wallet_exposure_limit": 1,
          "we_multiplier_close": 0,
          "we_multiplier_entry": 34.05856953201555},
 "short": {"backwards_tp": true,
           "delay_between_fills_minutes_close": 1361.31935882045,
           "delay_between_fills_minutes_entry": 727.7648058007296,
           "delay_weight_close": 84.18786850807581,
           "delay_weight_entry": 6.232580222061173,
           "ema_dist_close": -0.000810011841675314,
           "ema_dist_entry": -0.0008521992926288423,
           "ema_span_0": 723.2266394885947,
           "ema_span_1": 40.046580207887125,
           "enabled": true,
           "markup_range": 0.04440345780719436,
           "min_markup": 0.0064006743155898835,
           "n_close_orders": 9,
           "qty_pct_close": 0.01495723555989348,
           "qty_pct_entry": 0.01493063292485232,
           "wallet_exposure_limit": 1,
           "we_multiplier_close": 0,
           "we_multiplier_entry": 49.984120685788945}}