{"config_name": "clock_0days",
 "long": {"backwards_tp": true,
          "delay_between_fills_minutes_close": 1177.5513826611868,
          "delay_between_fills_minutes_entry": 1024.7028283306208,
          "delay_weight_close": 19.02704034681668,
          "delay_weight_entry": 10.70930401722477,
          "ema_dist_close": 0.0029591766972268097,
          "ema_dist_entry": -0.0018576721614017107,
          "ema_span_0": 702.1649464841075,
          "ema_span_1": 1437.5445628951709,
          "enabled": true,
          "markup_range": 0.05982933262087699,
          "min_markup": 0.009027881486111878,
          "n_close_orders": 9,
          "qty_pct_close": 0.0399203214881589,
          "qty_pct_entry": 0.010335422918656858,
          "wallet_exposure_limit": 1,
          "we_multiplier_close": 0,
          "we_multiplier_entry": 23.38967706143859},
 "short": {"backwards_tp": true,
           "delay_between_fills_minutes_close": 833.0848576729929,
           "delay_between_fills_minutes_entry": 239.17513247725657,
           "delay_weight_close": 1.0585433165932296,
           "delay_weight_entry": 15.701756960939994,
           "ema_dist_close": 0.0016768443296472256,
           "ema_dist_entry": 0.0019883577707560034,
           "ema_span_0": 1123.1088331257201,
           "ema_span_1": 848.55623358652,
           "enabled": true,
           "markup_range": 0.0030477229422319865,
           "min_markup": 0.002129235855412888,
           "n_close_orders": 6,
           "qty_pct_close": 0.02458667390083907,
           "qty_pct_entry": 0.01077738268024867,
           "wallet_exposure_limit": 1,
           "we_multiplier_close": 0,
           "we_multiplier_entry": 48.237575293267106}}