{"config_name": "clock_0days",
 "long": {"backwards_tp": true,
          "delay_between_fills_minutes_close": 1370.330711456547,
          "delay_between_fills_minutes_entry": 1205.461514879456,
          "delay_weight_close": 50.393562227474185,
          "delay_weight_entry": 5.746696339402074,
          "ema_dist_close": 0.0028249499040441956,
          "ema_dist_entry": -0.005727574793557369,
          "ema_span_0": 311.5731620319031,
          "ema_span_1": 1363.209180445593,
          "enabled": true,
          "markup_range": 0.05898294252241398,
          "min_markup": 0.00900393943145341,
          "n_close_orders": 7,
          "qty_pct_close": 0.010573273457660879,
          "qty_pct_entry": 0.013286194391958047,
          "wallet_exposure_limit": 1,
          "we_multiplier_close": 0,
          "we_multiplier_entry": 10.16482557395951},
 "short": {"backwards_tp": true,
           "delay_between_fills_minutes_close": 1434.382197612385,
           "delay_between_fills_minutes_entry": 1058.8226258016152,
           "delay_weight_close": 26.150715104596888,
           "delay_weight_entry": 7.771674216740747,
           "ema_dist_close": -0.000921900785159845,
           "ema_dist_entry": -0.002098291779603902,
           "ema_span_0": 1236.5634678686156,
           "ema_span_1": 759.2234521220845,
           "enabled": true,
           "markup_range": 0.04553579879858237,
           "min_markup": 0.006683185911702167,
           "n_close_orders": 3,
           "qty_pct_close": 0.023740512727779887,
           "qty_pct_entry": 0.010013632863767472,
           "wallet_exposure_limit": 1,
           "we_multiplier_close": 0,
           "we_multiplier_entry": 44.034668778859746}}