{"config_name": "clock_0days",
 "long": {"backwards_tp": true,
          "delay_between_fills_minutes_close": 1428.5718925663182,
          "delay_between_fills_minutes_entry": 884.1131824014924,
          "delay_weight_close": 86.45036723592253,
          "delay_weight_entry": 25.408380563020156,
          "ema_dist_close": 0.0004893895270757496,
          "ema_dist_entry": -0.004012532589755453,
          "ema_span_0": 965.0048638464931,
          "ema_span_1": 774.739510057221,
          "enabled": true,
          "markup_range": 0.052731030601166344,
          "min_markup": 0.007964744020377647,
          "n_close_orders": 11,
          "qty_pct_close": 0.01944369178679477,
          "qty_pct_entry": 0.01000024848060537,
          "wallet_exposure_limit": 1,
          "we_multiplier_close": 0,
          "we_multiplier_entry": 28.750812743273666},
 "short": {"backwards_tp": true,
           "delay_between_fills_minutes_close": 1382.5656249380263,
           "delay_between_fills_minutes_entry": 1050.116305579408,
           "delay_weight_close": 87.25867328093925,
           "delay_weight_entry": 23.449478356870205,
           "ema_dist_close": 0.0009503244548221418,
           "ema_dist_entry": -0.023269762487401764,
           "ema_span_0": 1182.8981962746375,
           "ema_span_1": 948.3581237635082,
           "enabled": true,
           "markup_range": 0.002005485993327191,
           "min_markup": 0.004248906884460711,
           "n_close_orders": 15,
           "qty_pct_close": 0.011497613462901712,
           "qty_pct_entry": 0.026522510991421173,
           "wallet_exposure_limit": 1,
           "we_multiplier_close": 0,
           "we_multiplier_entry": 45.7706935443909}}