{"config_name": "clock_0days",
 "long": {"backwards_tp": true,
          "delay_between_fills_minutes_close": 744.4810125148975,
          "delay_between_fills_minutes_entry": 1242.1629980036607,
          "delay_weight_close": 57.66456962562457,
          "delay_weight_entry": 11.206906608416924,
          "ema_dist_close": -0.007230395116467442,
          "ema_dist_entry": 0.0011836120673538904,
          "ema_span_0": 1192.3998575874548,
          "ema_span_1": 1374.9754848941254,
          "enabled": true,
          "markup_range": 0.05985693068870404,
          "min_markup": 0.00945209486873432,
          "n_close_orders": 11,
          "qty_pct_close": 0.010002690004590944,
          "qty_pct_entry": 0.010542268550820926,
          "wallet_exposure_limit": 1,
          "we_multiplier_close": 0,
          "we_multiplier_entry": 10.079680604127681},
 "short": {"backwards_tp": true,
           "delay_between_fills_minutes_close": 1439.9985429335813,
           "delay_between_fills_minutes_entry": 443.28494824363173,
           "delay_weight_close": 0.16359912229089063,
           "delay_weight_entry": 13.240581743985038,
           "ema_dist_close": 0.0029757836023346887,
           "ema_dist_entry": 0.002999524430504396,
           "ema_span_0": 819.930804907152,
           "ema_span_1": 795.993672876129,
           "enabled": true,
           "markup_range": 0.0017534590868530306,
           "min_markup": 0.002575212146290758,
           "n_close_orders": 4,
           "qty_pct_close": 0.010010983642258086,
           "qty_pct_entry": 0.010978277873816018,
           "wallet_exposure_limit": 1,
           "we_multiplier_close": 0,
           "we_multiplier_entry": 48.262083355049924}}