{"config_name": "clock_0days",
 "long": {"backwards_tp": true,
          "delay_between_fills_minutes_close": 1172.1327543666607,
          "delay_between_fills_minutes_entry": 1372.9755441108782,
          "delay_weight_close": 99.96427707559889,
          "delay_weight_entry": 20.202274657649646,
          "ema_dist_close": -0.009152028177640634,
          "ema_dist_entry": 0.002917064698620786,
          "ema_span_0": 415.219517221667,
          "ema_span_1": 1216.9287588862765,
          "enabled": true,
          "markup_range": 0.04056592458267555,
          "min_markup": 0.007027365997794305,
          "n_close_orders": 11,
          "qty_pct_close": 0.02823934231808025,
          "qty_pct_entry": 0.011689935053645356,
          "wallet_exposure_limit": 1,
          "we_multiplier_close": 0,
          "we_multiplier_entry": 49.99982774553881},
 "short": {"backwards_tp": true,
           "delay_between_fills_minutes_close": 730.1259082414658,
           "delay_between_fills_minutes_entry": 302.41351029637974,
           "delay_weight_close": 42.62607274635902,
           "delay_weight_entry": 8.431533856847189,
           "ema_dist_close": 0.0028647745126433315,
           "ema_dist_entry": -0.011720402230740263,
           "ema_span_0": 5.069621672060175,
           "ema_span_1": 1439.349726858045,
           "enabled": true,
           "markup_range": 0.053514351017440134,
           "min_markup": 0.00936414519089504,
           "n_close_orders": 4,
           "qty_pct_close": 0.030123418842884032,
           "qty_pct_entry": 0.010034736434169087,
           "wallet_exposure_limit": 1,
           "we_multiplier_close": 0,
           "we_multiplier_entry": 15.921568480357365}}