{"config_name": "clock_0days",
 "long": {"backwards_tp": true,
          "delay_between_fills_minutes_close": 1275.6988333409186,
          "delay_between_fills_minutes_entry": 931.8437442632235,
          "delay_weight_close": 53.37104892529714,
          "delay_weight_entry": 40.28095136690261,
          "ema_dist_close": 0.0009723204313784626,
          "ema_dist_entry": -0.003149000025455873,
          "ema_span_0": 1327.038010186341,
          "ema_span_1": 1215.141691018625,
          "enabled": true,
          "markup_range": 0.00727310979516928,
          "min_markup": 0.0022237885862061205,
          "n_close_orders": 9,
          "qty_pct_close": 0.02629128545232999,
          "qty_pct_entry": 0.01610331987228494,
          "wallet_exposure_limit": 1,
          "we_multiplier_close": 0,
          "we_multiplier_entry": 40.06507052070499},
 "short": {"backwards_tp": true,
           "delay_between_fills_minutes_close": 897.8163910988793,
           "delay_between_fills_minutes_entry": 677.0057330451879,
           "delay_weight_close": 0.00017261689240360823,
           "delay_weight_entry": 12.076695525824556,
           "ema_dist_close": -0.0021647634475497252,
           "ema_dist_entry": -0.0014320187109550572,
           "ema_span_0": 1263.0435793360768,
           "ema_span_1": 578.9977105862318,
           "enabled": true,
           "markup_range": 0.007382333335290091,
           "min_markup": 0.007431983908812237,
           "n_close_orders": 11,
           "qty_pct_close": 0.02803869311841688,
           "qty_pct_entry": 0.01532924078361097,
           "wallet_exposure_limit": 1,
           "we_multiplier_close": 0,
           "we_multiplier_entry": 50}}