{"config_name": "clock_0days",
 "long": {"backwards_tp": true,
          "delay_between_fills_minutes_close": 1277.9544783972335,
          "delay_between_fills_minutes_entry": 1163.9960848593298,
          "delay_weight_close": 77.07863253685069,
          "delay_weight_entry": 17.040137678205323,
          "ema_dist_close": 0.002215730146257321,
          "ema_dist_entry": -0.0008859077118096167,
          "ema_span_0": 596.3020496405662,
          "ema_span_1": 1292.9524984342952,
          "enabled": true,
          "markup_range": 0.057433651626384113,
          "min_markup": 0.0038033869893633766,
          "n_close_orders": 2,
          "qty_pct_close": 0.01000212479661684,
          "qty_pct_entry": 0.012616397879523275,
          "wallet_exposure_limit": 1,
          "we_multiplier_close": 0,
          "we_multiplier_entry": 2.9164116104312074},
 "short": {"backwards_tp": true,
           "delay_between_fills_minutes_close": 566.728048226077,
           "delay_between_fills_minutes_entry": 98.60896944334999,
           "delay_weight_close": 0.0012662552903666487,
           "delay_weight_entry": 10.46322317873434,
           "ema_dist_close": 0.003,
           "ema_dist_entry": -0.008628095599072209,
           "ema_span_0": 226.33627318454913,
           "ema_span_1": 225.73496090568048,
           "enabled": true,
           "markup_range": 0.0026059276449264266,
           "min_markup": 0.0040488502429980484,
           "n_close_orders": 2,
           "qty_pct_close": 0.010878416974961412,
           "qty_pct_entry": 0.010011407123709742,
           "wallet_exposure_limit": 1,
           "we_multiplier_close": 0,
           "we_multiplier_entry": 23.220265927651216}}