{"config_name": "clock_0days",
 "long": {"backwards_tp": true,
          "delay_between_fills_minutes_close": 1108.5032000597598,
          "delay_between_fills_minutes_entry": 574.4674387971663,
          "delay_weight_close": 85.80925957148601,
          "delay_weight_entry": 10.378550695543465,
          "ema_dist_close": 0.0022818543276066656,
          "ema_dist_entry": -0.007197342308852878,
          "ema_span_0": 805.3022666530929,
          "ema_span_1": 778.4050087764397,
          "enabled": true,
          "markup_range": 0.046162700295672474,
          "min_markup": 0.009157091213451443,
          "n_close_orders": 8,
          "qty_pct_close": 0.02918179300901772,
          "qty_pct_entry": 0.016767195784041906,
          "wallet_exposure_limit": 1,
          "we_multiplier_close": 0,
          "we_multiplier_entry": 27.88624708204856},
 "short": {"backwards_tp": true,
           "delay_between_fills_minutes_close": 1197.1115552320246,
           "delay_between_fills_minutes_entry": 1033.3397396500156,
           "delay_weight_close": 0.5797704048627198,
           "delay_weight_entry": 9.783610494837463,
           "ema_dist_close": -0.0020442351514203274,
           "ema_dist_entry": -0.002147530840781547,
           "ema_span_0": 841.1735143333051,
           "ema_span_1": 660.8247747372732,
           "enabled": true,
           "markup_range": 0.012504433450859219,
           "min_markup": 0.008676579657034429,
           "n_close_orders": 10,
           "qty_pct_close": 0.018676090157928947,
           "qty_pct_entry": 0.029075865928173034,
           "wallet_exposure_limit": 1,
           "we_multiplier_close": 0,
           "we_multiplier_entry": 49.761860462186185}}