{"config_name": "clock_0days",
 "long": {"backwards_tp": true,
          "delay_between_fills_minutes_close": 293.70687625681643,
          "delay_between_fills_minutes_entry": 999.5086184443795,
          "delay_weight_close": 51.56174391538608,
          "delay_weight_entry": 12.576532002033808,
          "ema_dist_close": 0.0013659725116953751,
          "ema_dist_entry": 0.0029989141756895732,
          "ema_span_0": 567.5175926780402,
          "ema_span_1": 1338.9044460641064,
          "enabled": true,
          "markup_range": 0.05649993822704228,
          "min_markup": 0.008347886755904008,
          "n_close_orders": 3,
          "qty_pct_close": 0.012381902213424213,
          "qty_pct_entry": 0.01645201624985261,
          "wallet_exposure_limit": 1,
          "we_multiplier_close": 0,
          "we_multiplier_entry": 31.66039500666277},
 "short": {"backwards_tp": true,
           "delay_between_fills_minutes_close": 833.0848576729929,
           "delay_between_fills_minutes_entry": 239.17513247725657,
           "delay_weight_close": 1.0585433165932296,
           "delay_weight_entry": 15.701756960939994,
           "ema_dist_close": 0.0016768443296472256,
           "ema_dist_entry": 0.0019883577707560034,
           "ema_span_0": 1123.1088331257201,
           "ema_span_1": 848.55623358652,
           "enabled": true,
           "markup_range": 0.0030477229422319865,
           "min_markup": 0.002129235855412888,
           "n_close_orders": 6,
           "qty_pct_close": 0.02458667390083907,
           "qty_pct_entry": 0.01077738268024867,
           "wallet_exposure_limit": 1,
           "we_multiplier_close": 0,
           "we_multiplier_entry": 48.237575293267106}}