{"config_name": "clock_0days",
 "long": {"backwards_tp": true,
          "delay_between_fills_minutes_close": 1108.5032000597598,
          "delay_between_fills_minutes_entry": 574.4674387971663,
          "delay_weight_close": 85.80925957148601,
          "delay_weight_entry": 10.378550695543465,
          "ema_dist_close": 0.0022818543276066656,
          "ema_dist_entry": -0.007197342308852878,
          "ema_span_0": 805.3022666530929,
          "ema_span_1": 778.4050087764397,
          "enabled": true,
          "markup_range": 0.046162700295672474,
          "min_markup": 0.009157091213451443,
          "n_close_orders": 8,
          "qty_pct_close": 0.02918179300901772,
          "qty_pct_entry": 0.016767195784041906,
          "wallet_exposure_limit": 1,
          "we_multiplier_close": 0,
          "we_multiplier_entry": 27.88624708204856},
 "short": {"backwards_tp": true,
           "delay_between_fills_minutes_close": 1348.1061415356871,
           "delay_between_fills_minutes_entry": 457.1834448205697,
           "delay_weight_close": 51.23671296008696,
           "delay_weight_entry": 10.742247314414094,
           "ema_dist_close": 0.0024100200215017124,
           "ema_dist_entry": -0.009803025118896535,
           "ema_span_0": 1362.0537037964243,
           "ema_span_1": 620.1588569258116,
           "enabled": true,
           "markup_range": 0.007309862068440085,
           "min_markup": 0.009476818944453411,
           "n_close_orders": 7,
           "qty_pct_close": 0.017099324105575044,
           "qty_pct_entry": 0.01352177797583301,
           "wallet_exposure_limit": 1,
           "we_multiplier_close": 0,
           "we_multiplier_entry": 45.719350723316104}}