{"config_name": "clock_0days",
 "long": {"backwards_tp": true,
          "delay_between_fills_minutes_close": 840.8783282364853,
          "delay_between_fills_minutes_entry": 1356.3122129115925,
          "delay_weight_close": 98.88522291288257,
          "delay_weight_entry": 15.553155211456204,
          "ema_dist_close": -0.009732925906375011,
          "ema_dist_entry": 0.0009699458756196528,
          "ema_span_0": 779.2455770473497,
          "ema_span_1": 1171.5327660203245,
          "enabled": true,
          "markup_range": 0.03364713965002472,
          "min_markup": 0.007213230196896175,
          "n_close_orders": 10,
          "qty_pct_close": 0.019217157511579448,
          "qty_pct_entry": 0.010296292114413306,
          "wallet_exposure_limit": 1,
          "we_multiplier_close": 0,
          "we_multiplier_entry": 47.222704445038595},
 "short": {"backwards_tp": true,
           "delay_between_fills_minutes_close": 900.1436240848946,
           "delay_between_fills_minutes_entry": 223.36252713597216,
           "delay_weight_close": 47.01588688085706,
           "delay_weight_entry": 7.668027403995091,
           "ema_dist_close": 0.0018177354934588346,
           "ema_dist_entry": -0.004400821313674264,
           "ema_span_0": 189.23419442828342,
           "ema_span_1": 151.4848831873592,
           "enabled": true,
           "markup_range": 0.005841539519247124,
           "min_markup": 0.004620616494869278,
           "n_close_orders": 14,
           "qty_pct_close": 0.01132656658390609,
           "qty_pct_entry": 0.01,
           "wallet_exposure_limit": 1,
           "we_multiplier_close": 0,
           "we_multiplier_entry": 46.1575952210247}}