{"config_name": "clock_0days",
 "long": {"backwards_tp": true,
          "delay_between_fills_minutes_close": 944.595186915099,
          "delay_between_fills_minutes_entry": 1241.6005802092168,
          "delay_weight_close": 25.22755352350961,
          "delay_weight_entry": 8.250738066414259,
          "ema_dist_close": -0.005757489004711124,
          "ema_dist_entry": 0.0026788883775021323,
          "ema_span_0": 1417.2523725104747,
          "ema_span_1": 1165.1109914415297,
          "enabled": true,
          "markup_range": 0.06,
          "min_markup": 0.009283327402618264,
          "n_close_orders": 14,
          "qty_pct_close": 0.010001829705099692,
          "qty_pct_entry": 0.01041361672681173,
          "wallet_exposure_limit": 1,
          "we_multiplier_close": 0,
          "we_multiplier_entry": 25.603347550281335},
 "short": {"backwards_tp": true,
           "delay_between_fills_minutes_close": 1414.8806081116916,
           "delay_between_fills_minutes_entry": 663.0315219306096,
           "delay_weight_close": 3.143339062915379,
           "delay_weight_entry": 7.112935148297081,
           "ema_dist_close": 0.0019625694009568736,
           "ema_dist_entry": 0.0008513008244474496,
           "ema_span_0": 1150.5841317556876,
           "ema_span_1": 1263.6903544314657,
           "enabled": true,
           "markup_range": 0.012051799347237083,
           "min_markup": 0.00672600948395433,
           "n_close_orders": 9,
           "qty_pct_close": 0.01105564343877192,
           "qty_pct_entry": 0.023409252469695118,
           "wallet_exposure_limit": 1,
           "we_multiplier_close": 0,
           "we_multiplier_entry": 49.995174171043395}}