{"config_name": "clock_0days",
 "long": {"backwards_tp": true,
          "delay_between_fills_minutes_close": 1387.7251287489978,
          "delay_between_fills_minutes_entry": 1368.9417669244547,
          "delay_weight_close": 52.080559997541116,
          "delay_weight_entry": 14.35100158682418,
          "ema_dist_close": 0.0013851099716046455,
          "ema_dist_entry": -0.006535074873298663,
          "ema_span_0": 1303.5929483877521,
          "ema_span_1": 1083.6604834514114,
          "enabled": true,
          "markup_range": 0.05995219910985276,
          "min_markup": 0.006745378794126493,
          "n_close_orders": 8,
          "qty_pct_close": 0.01012232836336567,
          "qty_pct_entry": 0.01,
          "wallet_exposure_limit": 1,
          "we_multiplier_close": 0,
          "we_multiplier_entry": 14.198182066801985},
 "short": {"backwards_tp": true,
           "delay_between_fills_minutes_close": 847.993918782681,
           "delay_between_fills_minutes_entry": 190.75436075659786,
           "delay_weight_close": 35.30480209485453,
           "delay_weight_entry": 19.588397303375398,
           "ema_dist_close": 0.0014877703992355583,
           "ema_dist_entry": -0.008973721257785523,
           "ema_span_0": 1266.3381492818276,
           "ema_span_1": 305.0495923222279,
           "enabled": true,
           "markup_range": 0.0059425127516954165,
           "min_markup": 0.00498701120133973,
           "n_close_orders": 5,
           "qty_pct_close": 0.01187455163353577,
           "qty_pct_entry": 0.012868778959368216,
           "wallet_exposure_limit": 1,
           "we_multiplier_close": 0,
           "we_multiplier_entry": 17.23149146071709}}