{"config_name": "clock_0days",
 "long": {"backwards_tp": true,
          "delay_between_fills_minutes_close": 653.2772187562517,
          "delay_between_fills_minutes_entry": 784.8897929424177,
          "delay_weight_close": 27.242455726903223,
          "delay_weight_entry": 13.838916371697547,
          "ema_dist_close": -0.00036256603833572515,
          "ema_dist_entry": -0.003246303414018261,
          "ema_span_0": 1344.339104043688,
          "ema_span_1": 442.7269500263282,
          "enabled": true,
          "markup_range": 0.005209387328897737,
          "min_markup": 0.006932956979362438,
          "n_close_orders": 4,
          "qty_pct_close": 0.010884734502046108,
          "qty_pct_entry": 0.014459538409875053,
          "wallet_exposure_limit": 1,
          "we_multiplier_close": 0,
          "we_multiplier_entry": 44.86110259997793},
 "short": {"backwards_tp": true,
           "delay_between_fills_minutes_close": 1357.658209229117,
           "delay_between_fills_minutes_entry": 406.5747210268461,
           "delay_weight_close": 36.138092054937935,
           "delay_weight_entry": 35.931342214360555,
           "ema_dist_close": 0.002842547171817625,
           "ema_dist_entry": -0.0064233241389633645,
           "ema_span_0": 263.2031306042399,
           "ema_span_1": 1319.5444975686914,
           "enabled": true,
           "markup_range": 0.0021217411839612207,
           "min_markup": 0.008232704715986021,
           "n_close_orders": 6,
           "qty_pct_close": 0.03528573140732389,
           "qty_pct_entry": 0.01021420052659548,
           "wallet_exposure_limit": 1,
           "we_multiplier_close": 0,
           "we_multiplier_entry": 49.41638471160738}}