{
    "default_qty": [
        -0.6,
        -0.001,
        0.0001
    ],
    "ddown_factor": [
        0.0,
        0.2,
        0.001
    ],
    "ema_span": [
        100.0,
        100000.0,
        1.0
    ],
    "grid_coefficient": [
        0.0,
        700,
        0.01
    ],
    "grid_spacing": [
        0.0005,
        0.02,
        0.00001
    ],
    "liq_diff_threshold": [
        0.02,
        0.2,
        0.0001
    ],
    "leverage": [
        100,
        100,
        0.1
    ],
    "max_markup": [
        0.001,
        0.03,
        0.00001
    ],
    "min_markup": [
        0.0,
        0.002,
        0.00001
    ],
    "n_close_orders": [
        8,
        25,
        1
    ],
    "stop_loss_pos_reduction": [
        0.001,
        0.1,
        0.001
    ]
}