{"config_name": "clock_0days",
 "long": {"backwards_tp": true,
          "delay_between_fills_minutes_close": 681.2796170982723,
          "delay_between_fills_minutes_entry": 836.3582349247018,
          "delay_weight_close": 58.67953031686145,
          "delay_weight_entry": 32.940231217529494,
          "ema_dist_close": 0.002787588761103723,
          "ema_dist_entry": 0.0026528113995466364,
          "ema_span_0": 899.9613087174203,
          "ema_span_1": 446.0961273722432,
          "enabled": true,
          "markup_range": 0.006134439771879277,
          "min_markup": 0.004569991358982784,
          "n_close_orders": 9,
          "qty_pct_close": 0.04402809310293846,
          "qty_pct_entry": 0.016707973217995116,
          "wallet_exposure_limit": 1,
          "we_multiplier_close": 0,
          "we_multiplier_entry": 8.980025083750068},
 "short": {"backwards_tp": true,
           "delay_between_fills_minutes_close": 1418.3847458857667,
           "delay_between_fills_minutes_entry": 838.5393872061234,
           "delay_weight_close": 88.58314009171943,
           "delay_weight_entry": 34.909096468946856,
           "ema_dist_close": -0.0015739922757253414,
           "ema_dist_entry": 0.0007447866287026189,
           "ema_span_0": 1328.1554955509337,
           "ema_span_1": 495.56532674545684,
           "enabled": true,
           "markup_range": 0.00043257196724793336,
           "min_markup": 0.006486053071877406,
           "n_close_orders": 9,
           "qty_pct_close": 0.01302058085821121,
           "qty_pct_entry": 0.017741049955391983,
           "wallet_exposure_limit": 1,
           "we_multiplier_close": 0,
           "we_multiplier_entry": 9.922611965005485}}