{"config_name": "clock_0days",
 "long": {"backwards_tp": true,
          "delay_between_fills_minutes_close": 1275.6988333409186,
          "delay_between_fills_minutes_entry": 931.8437442632235,
          "delay_weight_close": 53.37104892529714,
          "delay_weight_entry": 40.28095136690261,
          "ema_dist_close": 0.0009723204313784626,
          "ema_dist_entry": -0.003149000025455873,
          "ema_span_0": 1327.038010186341,
          "ema_span_1": 1215.141691018625,
          "enabled": true,
          "markup_range": 0.00727310979516928,
          "min_markup": 0.0022237885862061205,
          "n_close_orders": 9,
          "qty_pct_close": 0.02629128545232999,
          "qty_pct_entry": 0.01610331987228494,
          "wallet_exposure_limit": 1,
          "we_multiplier_close": 0,
          "we_multiplier_entry": 40.06507052070499},
 "short": {"backwards_tp": true,
           "delay_between_fills_minutes_close": 1363.0016361019966,
           "delay_between_fills_minutes_entry": 1235.2899997332424,
           "delay_weight_close": 54.455512306587714,
           "delay_weight_entry": 17.364312169662973,
           "ema_dist_close": 0.0029987754468503817,
           "ema_dist_entry": -0.004092425393016123,
           "ema_span_0": 21.340514779566984,
           "ema_span_1": 1003.7073183223773,
           "enabled": true,
           "markup_range": 0.014174601672917621,
           "min_markup": 0.008181892665205713,
           "n_close_orders": 4,
           "qty_pct_close": 0.010201652774253018,
           "qty_pct_entry": 0.015023064343410681,
           "wallet_exposure_limit": 1,
           "we_multiplier_close": 0,
           "we_multiplier_entry": 9.959537257387307}}