{"config_name": "clock_0days",
 "long": {"backwards_tp": true,
          "delay_between_fills_minutes_close": 779.6536453291249,
          "delay_between_fills_minutes_entry": 1214.798732179154,
          "delay_weight_close": 28.14781741347243,
          "delay_weight_entry": 16.16470641363938,
          "ema_dist_close": -0.0032429746111499957,
          "ema_dist_entry": -0.006282852707930733,
          "ema_span_0": 1222.8727708274653,
          "ema_span_1": 1303.9427372273854,
          "enabled": true,
          "markup_range": 0.059185801107474845,
          "min_markup": 0.008944422760875825,
          "n_close_orders": 9,
          "qty_pct_close": 0.016598324712223573,
          "qty_pct_entry": 0.010035975591842971,
          "wallet_exposure_limit": 1,
          "we_multiplier_close": 0,
          "we_multiplier_entry": 45.50122992716007},
 "short": {"backwards_tp": true,
           "delay_between_fills_minutes_close": 1319.1984079974193,
           "delay_between_fills_minutes_entry": 554.8564065863864,
           "delay_weight_close": 31.436013123671593,
           "delay_weight_entry": 9.151928696707879,
           "ema_dist_close": -0.0022723195548174594,
           "ema_dist_entry": -0.014784774283140654,
           "ema_span_0": 1315.9457712192254,
           "ema_span_1": 1113.8011078907336,
           "enabled": true,
           "markup_range": 0.007736036992545538,
           "min_markup": 0.006756230331388127,
           "n_close_orders": 5,
           "qty_pct_close": 0.010136034490330716,
           "qty_pct_entry": 0.016987534366743558,
           "wallet_exposure_limit": 1,
           "we_multiplier_close": 0,
           "we_multiplier_entry": 40.43848851239692}}