{"config_name": "clock_0days",
 "long": {"backwards_tp": true,
          "delay_between_fills_minutes_close": 1009.8803691302281,
          "delay_between_fills_minutes_entry": 1381.7794576730596,
          "delay_weight_close": 48.359302367509486,
          "delay_weight_entry": 14.590405328286419,
          "ema_dist_close": -0.004834705182997897,
          "ema_dist_entry": -0.001345088049458951,
          "ema_span_0": 1256.0234486705854,
          "ema_span_1": 1160.7769695747395,
          "enabled": true,
          "markup_range": 0.058530115894761675,
          "min_markup": 0.009387116249362051,
          "n_close_orders": 11,
          "qty_pct_close": 0.013285932512981123,
          "qty_pct_entry": 0.01,
          "wallet_exposure_limit": 1,
          "we_multiplier_close": 0,
          "we_multiplier_entry": 26.09496643164342},
 "short": {"backwards_tp": true,
           "delay_between_fills_minutes_close": 1092.7933986121764,
           "delay_between_fills_minutes_entry": 401.42858709105656,
           "delay_weight_close": 98.12108475064394,
           "delay_weight_entry": 1.6704164299010074,
           "ema_dist_close": 0.002882062045779017,
           "ema_dist_entry": -0.0022292488956759428,
           "ema_span_0": 488.7827380993889,
           "ema_span_1": 1342.3278034873897,
           "enabled": true,
           "markup_range": 0.008564586703618841,
           "min_markup": 0.007957175263396137,
           "n_close_orders": 2,
           "qty_pct_close": 0.010040493363755936,
           "qty_pct_entry": 0.018692394307530693,
           "wallet_exposure_limit": 1,
           "we_multiplier_close": 0,
           "we_multiplier_entry": 22.51263427220036}}