{"config_name": "clock_0days",
 "long": {"backwards_tp": true,
          "delay_between_fills_minutes_close": 521.7603243740695,
          "delay_between_fills_minutes_entry": 769.9296774628966,
          "delay_weight_close": 68.78342526989807,
          "delay_weight_entry": 13.32034012519684,
          "ema_dist_close": 0.0025548970693686814,
          "ema_dist_entry": 0.002977299553394627,
          "ema_span_0": 1175.7980040326704,
          "ema_span_1": 1045.1400862539235,
          "enabled": true,
          "markup_range": 0.016658900774052764,
          "min_markup": 0.009444828984161031,
          "n_close_orders": 12,
          "qty_pct_close": 0.010382319101156723,
          "qty_pct_entry": 0.011369724708293267,
          "wallet_exposure_limit": 1,
          "we_multiplier_close": 0,
          "we_multiplier_entry": 9.783849169726006},
 "short": {"backwards_tp": true,
           "delay_between_fills_minutes_close": 651.4169496594105,
           "delay_between_fills_minutes_entry": 114.03862314682469,
           "delay_weight_close": 45.162420375719186,
           "delay_weight_entry": 16.194811111382208,
           "ema_dist_close": 0.001469410278343695,
           "ema_dist_entry": -0.00030275227134301814,
           "ema_span_0": 294.4448675643771,
           "ema_span_1": 210.41861110021503,
           "enabled": true,
           "markup_range": 0.0016015869684358171,
           "min_markup": 0.006724749754376175,
           "n_close_orders": 2,
           "qty_pct_close": 0.012707208624374853,
           "qty_pct_entry": 0.010001809165311236,
           "wallet_exposure_limit": 1,
           "we_multiplier_close": 0,
           "we_multiplier_entry": 9.493889468278645}}