{"config_name": "clock_0days",
 "long": {"backwards_tp": true,
          "delay_between_fills_minutes_close": 948.5924235803632,
          "delay_between_fills_minutes_entry": 445.94587967743337,
          "delay_weight_close": 0,
          "delay_weight_entry": 16.613111649909325,
          "ema_dist_close": -0.002793376805631089,
          "ema_dist_entry": -0.010619775516918327,
          "ema_span_0": 128.11865291264792,
          "ema_span_1": 1012.305368214816,
          "enabled": true,
          "markup_range": 0.0016971370730360946,
          "min_markup": 0.005082771231042523,
          "n_close_orders": 8,
          "qty_pct_close": 0.027176105505702205,
          "qty_pct_entry": 0.019631592394805254,
          "wallet_exposure_limit": 1,
          "we_multiplier_close": 0,
          "we_multiplier_entry": 46.120494434831706},
 "short": {"backwards_tp": true,
           "delay_between_fills_minutes_close": 930.7126773681595,
           "delay_between_fills_minutes_entry": 329.57951177497563,
           "delay_weight_close": 42.48052647946187,
           "delay_weight_entry": 5.981976663516153,
           "ema_dist_close": -0.002167828222481976,
           "ema_dist_entry": -0.0038904436887898996,
           "ema_span_0": 1246.8354275747909,
           "ema_span_1": 1224.93527247447,
           "enabled": true,
           "markup_range": 0.0012348624221054066,
           "min_markup": 0.0072801762545603495,
           "n_close_orders": 13,
           "qty_pct_close": 0.02026584709111844,
           "qty_pct_entry": 0.024195663799912618,
           "wallet_exposure_limit": 1,
           "we_multiplier_close": 0,
           "we_multiplier_entry": 45.1920883415023}}