{"config_name": "clock_0days",
 "long": {"backwards_tp": true,
          "delay_between_fills_minutes_close": 941.2275073556168,
          "delay_between_fills_minutes_entry": 639.1795489134216,
          "delay_weight_close": 48.7332636725728,
          "delay_weight_entry": 8.13699279459239,
          "ema_dist_close": 0.0027170351367633576,
          "ema_dist_entry": 0.002500260892556313,
          "ema_span_0": 1365.8463728200568,
          "ema_span_1": 746.1906803885232,
          "enabled": true,
          "markup_range": 0.010987611588739817,
          "min_markup": 0.004913611097007987,
          "n_close_orders": 8,
          "qty_pct_close": 0.010419475109354493,
          "qty_pct_entry": 0.01811153691609926,
          "wallet_exposure_limit": 1,
          "we_multiplier_close": 0,
          "we_multiplier_entry": 9.999361012336713},
 "short": {"backwards_tp": true,
           "delay_between_fills_minutes_close": 1169.6641128771712,
           "delay_between_fills_minutes_entry": 506.1225240195993,
           "delay_weight_close": 43.12109960905372,
           "delay_weight_entry": 10.565317496270032,
           "ema_dist_close": 0.001258051366150663,
           "ema_dist_entry": -0.01975743303621753,
           "ema_span_0": 1025.1686104987782,
           "ema_span_1": 738.3576934163665,
           "enabled": true,
           "markup_range": 0.0072393557089415065,
           "min_markup": 0.00811907873362953,
           "n_close_orders": 11,
           "qty_pct_close": 0.011588550848380357,
           "qty_pct_entry": 0.011555195265078562,
           "wallet_exposure_limit": 1,
           "we_multiplier_close": 0,
           "we_multiplier_entry": 9.40521847704868}}