{"config_name": "clock_0days",
 "long": {"backwards_tp": true,
          "delay_between_fills_minutes_close": 1418.4921309098024,
          "delay_between_fills_minutes_entry": 718.2712679058071,
          "delay_weight_close": 77.55308977578495,
          "delay_weight_entry": 14.391229426377867,
          "ema_dist_close": -0.006078357697134095,
          "ema_dist_entry": 0.001057995801127121,
          "ema_span_0": 1208.4038604855607,
          "ema_span_1": 1148.0751538552831,
          "enabled": true,
          "markup_range": 0.010539649158545022,
          "min_markup": 0.0030119762467005467,
          "n_close_orders": 15,
          "qty_pct_close": 0.018595823751106383,
          "qty_pct_entry": 0.01407999316615146,
          "wallet_exposure_limit": 1,
          "we_multiplier_close": 0,
          "we_multiplier_entry": 47.849083327883314},
 "short": {"backwards_tp": true,
           "delay_between_fills_minutes_close": 1363.732160564072,
           "delay_between_fills_minutes_entry": 878.6270948450631,
           "delay_weight_close": 52.185682809312425,
           "delay_weight_entry": 26.237261188962684,
           "ema_dist_close": 0.001964740882301477,
           "ema_dist_entry": -0.03672838441035036,
           "ema_span_0": 1187.1519687376892,
           "ema_span_1": 1240.5031257780765,
           "enabled": true,
           "markup_range": 0.0008117692944082136,
           "min_markup": 0.0036820127436975976,
           "n_close_orders": 7,
           "qty_pct_close": 0.01,
           "qty_pct_entry": 0.011371609117173708,
           "wallet_exposure_limit": 1,
           "we_multiplier_close": 0,
           "we_multiplier_entry": 48.150165830975524}}