{"config_name": "clock_0days",
 "long": {"backwards_tp": true,
          "delay_between_fills_minutes_close": 1439.9038312944454,
          "delay_between_fills_minutes_entry": 1358.2269218391982,
          "delay_weight_close": 19.36726999065258,
          "delay_weight_entry": 13.792473220354431,
          "ema_dist_close": 0.002995775390258391,
          "ema_dist_entry": -0.006157067078552275,
          "ema_span_0": 1380.551612249665,
          "ema_span_1": 1428.1158268201004,
          "enabled": true,
          "markup_range": 0.006617068187209175,
          "min_markup": 0.006892948989530765,
          "n_close_orders": 2,
          "qty_pct_close": 0.010101724252423288,
          "qty_pct_entry": 0.01017592289519369,
          "wallet_exposure_limit": 1,
          "we_multiplier_close": 0,
          "we_multiplier_entry": 49.999982330441114},
 "short": {"backwards_tp": true,
           "delay_between_fills_minutes_close": 1366.3039722347423,
           "delay_between_fills_minutes_entry": 877.699022736164,
           "delay_weight_close": 51.97795400115561,
           "delay_weight_entry": 26.289335852509527,
           "ema_dist_close": 0.002057815310722368,
           "ema_dist_entry": -0.03666969489643718,
           "ema_span_0": 1189.4339389831146,
           "ema_span_1": 1236.3569354371555,
           "enabled": true,
           "markup_range": 0.0008006423664462353,
           "min_markup": 0.003685885542732154,
           "n_close_orders": 7,
           "qty_pct_close": 0.010000742934055963,
           "qty_pct_entry": 0.011375155335470117,
           "wallet_exposure_limit": 1,
           "we_multiplier_close": 0,
           "we_multiplier_entry": 48.054828835604646}}