{"config_name": "clock_0days",
 "long": {"backwards_tp": true,
          "delay_between_fills_minutes_close": 1314.247903571028,
          "delay_between_fills_minutes_entry": 756.5327419018398,
          "delay_weight_close": 19.70542187915013,
          "delay_weight_entry": 8.384322224965874,
          "ema_dist_close": -0.002743073962334186,
          "ema_dist_entry": 0.0011729250357169509,
          "ema_span_0": 1134.3030856989453,
          "ema_span_1": 374.2547700322892,
          "enabled": true,
          "markup_range": 0.00833439211682813,
          "min_markup": 0.00794186984362587,
          "n_close_orders": 16,
          "qty_pct_close": 0.010007305911911858,
          "qty_pct_entry": 0.010741877017260211,
          "wallet_exposure_limit": 1,
          "we_multiplier_close": 0,
          "we_multiplier_entry": 46.69026117232209},
 "short": {"backwards_tp": true,
           "delay_between_fills_minutes_close": 1186.908049581273,
           "delay_between_fills_minutes_entry": 59.74076689517965,
           "delay_weight_close": 25.279307079735386,
           "delay_weight_entry": 0.03610005714272519,
           "ema_dist_close": -0.001631463132074381,
           "ema_dist_entry": 0.0027795674082172943,
           "ema_span_0": 1193.7477154980545,
           "ema_span_1": 1189.3415874690265,
           "enabled": true,
           "markup_range": 0.0,
           "min_markup": 0.005992141460953038,
           "n_close_orders": 2,
           "qty_pct_close": 0.021849933068977704,
           "qty_pct_entry": 0.010131751468933482,
           "wallet_exposure_limit": 1,
           "we_multiplier_close": 0,
           "we_multiplier_entry": 25.001014448562444}}