{"config_name": "clock_0days",
 "long": {"backwards_tp": true,
          "delay_between_fills_minutes_close": 1247.6261460130497,
          "delay_between_fills_minutes_entry": 1354.7131015756122,
          "delay_weight_close": 43.4504532137288,
          "delay_weight_entry": 23.913479307773173,
          "ema_dist_close": 0.0017828065124768774,
          "ema_dist_entry": -0.0004806561604589754,
          "ema_span_0": 1054.5744716183358,
          "ema_span_1": 1390.5569703476021,
          "enabled": true,
          "markup_range": 0.007764707352678075,
          "min_markup": 0.009912803772390658,
          "n_close_orders": 6,
          "qty_pct_close": 0.01170887681178063,
          "qty_pct_entry": 0.01,
          "wallet_exposure_limit": 1,
          "we_multiplier_close": 0,
          "we_multiplier_entry": 8.539650139784118},
 "short": {"backwards_tp": true,
           "delay_between_fills_minutes_close": 833.0848576729929,
           "delay_between_fills_minutes_entry": 239.17513247725657,
           "delay_weight_close": 1.0585433165932296,
           "delay_weight_entry": 15.701756960939994,
           "ema_dist_close": 0.0016768443296472256,
           "ema_dist_entry": 0.0019883577707560034,
           "ema_span_0": 1123.1088331257201,
           "ema_span_1": 848.55623358652,
           "enabled": true,
           "markup_range": 0.0030477229422319865,
           "min_markup": 0.002129235855412888,
           "n_close_orders": 6,
           "qty_pct_close": 0.02458667390083907,
           "qty_pct_entry": 0.01077738268024867,
           "wallet_exposure_limit": 1,
           "we_multiplier_close": 0,
           "we_multiplier_entry": 48.237575293267106}}