{"config_name": "clock_0days",
 "long": {"backwards_tp": true,
          "delay_between_fills_minutes_close": 744.4810125148975,
          "delay_between_fills_minutes_entry": 1242.1629980036607,
          "delay_weight_close": 57.66456962562457,
          "delay_weight_entry": 11.206906608416924,
          "ema_dist_close": -0.007230395116467442,
          "ema_dist_entry": 0.0011836120673538904,
          "ema_span_0": 1192.3998575874548,
          "ema_span_1": 1374.9754848941254,
          "enabled": true,
          "markup_range": 0.05985693068870404,
          "min_markup": 0.00945209486873432,
          "n_close_orders": 11,
          "qty_pct_close": 0.010002690004590944,
          "qty_pct_entry": 0.010542268550820926,
          "wallet_exposure_limit": 1,
          "we_multiplier_close": 0,
          "we_multiplier_entry": 10.079680604127681},
 "short": {"backwards_tp": true,
           "delay_between_fills_minutes_close": 1440,
           "delay_between_fills_minutes_entry": 362.64099906152967,
           "delay_weight_close": 1.843195581117984,
           "delay_weight_entry": 7.401766460243269,
           "ema_dist_close": 0.003,
           "ema_dist_entry": -0.0017059768163516177,
           "ema_span_0": 1203.9067705248688,
           "ema_span_1": 770.537989167252,
           "enabled": true,
           "markup_range": 0.005932370991504523,
           "min_markup": 0.005091081987563444,
           "n_close_orders": 2,
           "qty_pct_close": 0.01,
           "qty_pct_entry": 0.01534260023849681,
           "wallet_exposure_limit": 1,
           "we_multiplier_close": 0,
           "we_multiplier_entry": 49.99826273667449}}