{"config_name": "clock_0days",
 "long": {"backwards_tp": true,
          "delay_between_fills_minutes_close": 339.9380193664034,
          "delay_between_fills_minutes_entry": 730.8681042203965,
          "delay_weight_close": 83.55745655127429,
          "delay_weight_entry": 13.353996562088929,
          "ema_dist_close": 0.0017689960927887477,
          "ema_dist_entry": 0.0026949674100731663,
          "ema_span_0": 1203.612653402212,
          "ema_span_1": 978.4219950254873,
          "enabled": true,
          "markup_range": 0.0026035454582995082,
          "min_markup": 0.008483235097305586,
          "n_close_orders": 2,
          "qty_pct_close": 0.026561697048210993,
          "qty_pct_entry": 0.03515215978944493,
          "wallet_exposure_limit": 1,
          "we_multiplier_close": 0,
          "we_multiplier_entry": 49.00117636599077},
 "short": {"backwards_tp": true,
           "delay_between_fills_minutes_close": 1439.8037222838452,
           "delay_between_fills_minutes_entry": 327.80358012958607,
           "delay_weight_close": 18.42997447755327,
           "delay_weight_entry": 46.76940467656919,
           "ema_dist_close": 0.00213985136997908,
           "ema_dist_entry": -0.021724334438032487,
           "ema_span_0": 191.51776170966482,
           "ema_span_1": 943.3356805188178,
           "enabled": true,
           "markup_range": 0.004467487375428127,
           "min_markup": 0.0016550621004090662,
           "n_close_orders": 13,
           "qty_pct_close": 0.012230216088259062,
           "qty_pct_entry": 0.01014443749636906,
           "wallet_exposure_limit": 1,
           "we_multiplier_close": 0,
           "we_multiplier_entry": 49.922297547496}}