{"config_name": "clock_0days",
 "long": {"backwards_tp": true,
          "delay_between_fills_minutes_close": 339.9380193664034,
          "delay_between_fills_minutes_entry": 730.8681042203965,
          "delay_weight_close": 83.55745655127429,
          "delay_weight_entry": 13.353996562088929,
          "ema_dist_close": 0.0017689960927887477,
          "ema_dist_entry": 0.0026949674100731663,
          "ema_span_0": 1203.612653402212,
          "ema_span_1": 978.4219950254873,
          "enabled": true,
          "markup_range": 0.0026035454582995082,
          "min_markup": 0.008483235097305586,
          "n_close_orders": 2,
          "qty_pct_close": 0.026561697048210993,
          "qty_pct_entry": 0.03515215978944493,
          "wallet_exposure_limit": 1,
          "we_multiplier_close": 0,
          "we_multiplier_entry": 49.00117636599077},
 "short": {"backwards_tp": true,
           "delay_between_fills_minutes_close": 1426.2460127086429,
           "delay_between_fills_minutes_entry": 1301.9677454251148,
           "delay_weight_close": 0.012220795799037539,
           "delay_weight_entry": 25.20019994016826,
           "ema_dist_close": -0.0016368670131262433,
           "ema_dist_entry": -0.0013336791157355073,
           "ema_span_0": 1067.3195696810958,
           "ema_span_1": 1403.2684971953186,
           "enabled": true,
           "markup_range": 0.05380055605505132,
           "min_markup": 0.00923556724271716,
           "n_close_orders": 2,
           "qty_pct_close": 0.04987462152548703,
           "qty_pct_entry": 0.011027050519535068,
           "wallet_exposure_limit": 1,
           "we_multiplier_close": 0,
           "we_multiplier_entry": 10.88357679726183}}