{"config_name": "clock_0days",
 "long": {"backwards_tp": true,
          "delay_between_fills_minutes_close": 1190.0273715308176,
          "delay_between_fills_minutes_entry": 711.494909795612,
          "delay_weight_close": 81.59442626991188,
          "delay_weight_entry": 9.473061740595735,
          "ema_dist_close": 0.0005869187996545617,
          "ema_dist_entry": 0.001045846077443509,
          "ema_span_0": 1126.183320412245,
          "ema_span_1": 964.5276091782608,
          "enabled": true,
          "markup_range": 0.058554872849972975,
          "min_markup": 0.004702770113676486,
          "n_close_orders": 7,
          "qty_pct_close": 0.03388856637344066,
          "qty_pct_entry": 0.016145941417022157,
          "wallet_exposure_limit": 1,
          "we_multiplier_close": 0,
          "we_multiplier_entry": 43.97115260900077},
 "short": {"backwards_tp": true,
           "delay_between_fills_minutes_close": 1010.0342115355276,
           "delay_between_fills_minutes_entry": 264.2260209697158,
           "delay_weight_close": 34.08677146819553,
           "delay_weight_entry": 6.184148010557483,
           "ema_dist_close": -0.004183381122459921,
           "ema_dist_entry": -0.011747822111547854,
           "ema_span_0": 1090.909379615847,
           "ema_span_1": 1092.9029645165308,
           "enabled": true,
           "markup_range": 0.0003290558822729028,
           "min_markup": 0.00890196387637511,
           "n_close_orders": 13,
           "qty_pct_close": 0.01618610326609813,
           "qty_pct_entry": 0.01579984934868841,
           "wallet_exposure_limit": 1,
           "we_multiplier_close": 0,
           "we_multiplier_entry": 33.46462357070327}}