{"config_name": "clock_0days",
 "long": {"backwards_tp": true,
          "delay_between_fills_minutes_close": 1439.6355759042592,
          "delay_between_fills_minutes_entry": 885.0761103076054,
          "delay_weight_close": 0.5735493549614912,
          "delay_weight_entry": 13.181646294679709,
          "ema_dist_close": 0.0029998539309889446,
          "ema_dist_entry": -0.0015638258734715354,
          "ema_span_0": 1188.0961324668651,
          "ema_span_1": 1130.7422210601246,
          "enabled": true,
          "markup_range": 0.008373913978111484,
          "min_markup": 0.006166432840553094,
          "n_close_orders": 5,
          "qty_pct_close": 0.012069007829170534,
          "qty_pct_entry": 0.010000012672901723,
          "wallet_exposure_limit": 1,
          "we_multiplier_close": 0,
          "we_multiplier_entry": 42.2006356297956},
 "short": {"backwards_tp": true,
           "delay_between_fills_minutes_close": 1204.4546701711274,
           "delay_between_fills_minutes_entry": 1128.1408534064008,
           "delay_weight_close": 16.678306635091506,
           "delay_weight_entry": 8.85516848053756,
           "ema_dist_close": -0.003818699394040435,
           "ema_dist_entry": -0.007529238148379888,
           "ema_span_0": 1316.8704868026111,
           "ema_span_1": 1048.413572357066,
           "enabled": true,
           "markup_range": 0.02711580065855055,
           "min_markup": 0.0037526765235939264,
           "n_close_orders": 5,
           "qty_pct_close": 0.011394630718400411,
           "qty_pct_entry": 0.012983194494298482,
           "wallet_exposure_limit": 1,
           "we_multiplier_close": 0,
           "we_multiplier_entry": 45.34142025772678}}