{"config_name": "clock_0days",
 "long": {"backwards_tp": true,
          "delay_between_fills_minutes_close": 1404.7159676756846,
          "delay_between_fills_minutes_entry": 747.5801809507312,
          "delay_weight_close": 78.86285659621852,
          "delay_weight_entry": 8.330985649214435,
          "ema_dist_close": 0.002980765210287476,
          "ema_dist_entry": -0.001713985505406783,
          "ema_span_0": 1250.9783247617538,
          "ema_span_1": 1432.0787676605144,
          "enabled": true,
          "markup_range": 0.054883694446307564,
          "min_markup": 0.009856167146947028,
          "n_close_orders": 8,
          "qty_pct_close": 0.014892572169187528,
          "qty_pct_entry": 0.010341012413964543,
          "wallet_exposure_limit": 1,
          "we_multiplier_close": 0,
          "we_multiplier_entry": 5.455348336908134},
 "short": {"backwards_tp": true,
           "delay_between_fills_minutes_close": 1438.4141447709878,
           "delay_between_fills_minutes_entry": 441.1073717945042,
           "delay_weight_close": 40.71042994495278,
           "delay_weight_entry": 13.888293268391225,
           "ema_dist_close": 0.0012506077015050012,
           "ema_dist_entry": -0.0009251862958045151,
           "ema_span_0": 916.5966734173559,
           "ema_span_1": 902.4689005607486,
           "enabled": true,
           "markup_range": 0.0011008246200862883,
           "min_markup": 0.007593015282927445,
           "n_close_orders": 3,
           "qty_pct_close": 0.012107510661348176,
           "qty_pct_entry": 0.010382178027008672,
           "wallet_exposure_limit": 1,
           "we_multiplier_close": 0,
           "we_multiplier_entry": 9.99891960197657}}