{"config_name": "clock_0days",
 "long": {"backwards_tp": true,
          "delay_between_fills_minutes_close": 982.1114384601992,
          "delay_between_fills_minutes_entry": 1217.8570757792088,
          "delay_weight_close": 27.35979816168313,
          "delay_weight_entry": 9.896339717571426,
          "ema_dist_close": 0.001852286567782835,
          "ema_dist_entry": -0.0063302454593886365,
          "ema_span_0": 1288.6178079055449,
          "ema_span_1": 458.99927260504467,
          "enabled": true,
          "markup_range": 0.059316436372411054,
          "min_markup": 0.007669512440158862,
          "n_close_orders": 15,
          "qty_pct_close": 0.0128413242116296,
          "qty_pct_entry": 0.01023561794315263,
          "wallet_exposure_limit": 1,
          "we_multiplier_close": 0,
          "we_multiplier_entry": 24.642606902901733},
 "short": {"backwards_tp": true,
           "delay_between_fills_minutes_close": 1106.1524957784725,
           "delay_between_fills_minutes_entry": 456.07881270653763,
           "delay_weight_close": 79.80859255787203,
           "delay_weight_entry": 5.072828881471656,
           "ema_dist_close": -0.003555471962947313,
           "ema_dist_entry": -0.005043831549968741,
           "ema_span_0": 1156.5763075310185,
           "ema_span_1": 840.3326395635395,
           "enabled": true,
           "markup_range": 0.0046671893371625205,
           "min_markup": 0.008359491944116003,
           "n_close_orders": 3,
           "qty_pct_close": 0.010101050051285069,
           "qty_pct_entry": 0.015664879747760697,
           "wallet_exposure_limit": 1,
           "we_multiplier_close": 0,
           "we_multiplier_entry": 49.99577359586544}}