{"config_name": "clock_0days",
 "long": {"backwards_tp": true,
          "delay_between_fills_minutes_close": 1131.0858137407836,
          "delay_between_fills_minutes_entry": 1141.2854355191805,
          "delay_weight_close": 47.7995714379334,
          "delay_weight_entry": 12.163422060214623,
          "ema_dist_close": 0.001726891713885992,
          "ema_dist_entry": -0.0002635970063542015,
          "ema_span_0": 841.9363889534885,
          "ema_span_1": 1069.3871257156488,
          "enabled": true,
          "markup_range": 0.03808971318459026,
          "min_markup": 0.003293868064893673,
          "n_close_orders": 8,
          "qty_pct_close": 0.011896034387144545,
          "qty_pct_entry": 0.012364918487516321,
          "wallet_exposure_limit": 1,
          "we_multiplier_close": 0,
          "we_multiplier_entry": 46.63999350504815},
 "short": {"backwards_tp": true,
           "delay_between_fills_minutes_close": 1102.6654433196436,
           "delay_between_fills_minutes_entry": 1143.7952643204183,
           "delay_weight_close": 48.15130465293994,
           "delay_weight_entry": 11.56702642969024,
           "ema_dist_close": 0.002768196307454373,
           "ema_dist_entry": 0.001686412301108074,
           "ema_span_0": 1255.5605774618436,
           "ema_span_1": 233.33261295639755,
           "enabled": true,
           "markup_range": 0.05994574414503867,
           "min_markup": 0.009634592822136252,
           "n_close_orders": 4,
           "qty_pct_close": 0.014241757796422692,
           "qty_pct_entry": 0.010026140673450945,
           "wallet_exposure_limit": 1,
           "we_multiplier_close": 0,
           "we_multiplier_entry": 34.73039256907796}}