{"config_name": "clock_0days",
 "long": {"backwards_tp": true,
          "delay_between_fills_minutes_close": 1131.204851733571,
          "delay_between_fills_minutes_entry": 1135.779637180378,
          "delay_weight_close": 47.85349920185897,
          "delay_weight_entry": 12.030954263829626,
          "ema_dist_close": 0.001731098062530846,
          "ema_dist_entry": -0.00033231698205597835,
          "ema_span_0": 800.4043914857048,
          "ema_span_1": 1061.2673852281587,
          "enabled": true,
          "markup_range": 0.03848941416393788,
          "min_markup": 0.0033013855060008506,
          "n_close_orders": 8,
          "qty_pct_close": 0.011906647068625485,
          "qty_pct_entry": 0.012358980222218046,
          "wallet_exposure_limit": 1,
          "we_multiplier_close": 0,
          "we_multiplier_entry": 46.70135867732929},
 "short": {"backwards_tp": true,
           "delay_between_fills_minutes_close": 1102.4268902287085,
           "delay_between_fills_minutes_entry": 1143.6782342115246,
           "delay_weight_close": 48.152335533992336,
           "delay_weight_entry": 11.56526535150033,
           "ema_dist_close": 0.002925928947629586,
           "ema_dist_entry": 0.001688382249233648,
           "ema_span_0": 1256.1913595716821,
           "ema_span_1": 234.34923083009457,
           "enabled": true,
           "markup_range": 0.059939712323572876,
           "min_markup": 0.009971534764545183,
           "n_close_orders": 4,
           "qty_pct_close": 0.01423231416458122,
           "qty_pct_entry": 0.010024815802867968,
           "wallet_exposure_limit": 1,
           "we_multiplier_close": 0,
           "we_multiplier_entry": 34.739393021935946}}