{"config_name": "clock_0days",
 "long": {"backwards_tp": true,
          "delay_between_fills_minutes_close": 1016.6629045472315,
          "delay_between_fills_minutes_entry": 1270.8202434059544,
          "delay_weight_close": 51.69804172780125,
          "delay_weight_entry": 7.502587313574915,
          "ema_dist_close": -0.006746329960301846,
          "ema_dist_entry": -0.0015600454763283207,
          "ema_span_0": 575.4080633190265,
          "ema_span_1": 1365.3385120217313,
          "enabled": true,
          "markup_range": 0.05666482791896981,
          "min_markup": 0.009388483354566778,
          "n_close_orders": 12,
          "qty_pct_close": 0.010057455452326232,
          "qty_pct_entry": 0.010821353641580544,
          "wallet_exposure_limit": 1,
          "we_multiplier_close": 0,
          "we_multiplier_entry": 49.97552626016154},
 "short": {"backwards_tp": true,
           "delay_between_fills_minutes_close": 1044.299515850433,
           "delay_between_fills_minutes_entry": 785.825602551224,
           "delay_weight_close": 57.813702203013236,
           "delay_weight_entry": 25.059215973127245,
           "ema_dist_close": 0.002613520802295475,
           "ema_dist_entry": -0.004821790048485822,
           "ema_span_0": 5.001519536755321,
           "ema_span_1": 946.1559469281274,
           "enabled": true,
           "markup_range": 0.005213390903377498,
           "min_markup": 0.0035250964142057592,
           "n_close_orders": 12,
           "qty_pct_close": 0.010042781433558839,
           "qty_pct_entry": 0.010720774065264716,
           "wallet_exposure_limit": 1,
           "we_multiplier_close": 0,
           "we_multiplier_entry": 43.091327689326654}}