{"config_name": "clock_0days",
 "long": {"backwards_tp": true,
          "delay_between_fills_minutes_close": 308.34550938086875,
          "delay_between_fills_minutes_entry": 992.8325989755132,
          "delay_weight_close": 51.9370050376494,
          "delay_weight_entry": 12.596152316071224,
          "ema_dist_close": 0.0013682423671277214,
          "ema_dist_entry": 0.0029948062071203127,
          "ema_span_0": 572.0615743403218,
          "ema_span_1": 1337.5733753300879,
          "enabled": true,
          "markup_range": 0.0591002177160067,
          "min_markup": 0.008343535530007861,
          "n_close_orders": 3,
          "qty_pct_close": 0.012501794404313314,
          "qty_pct_entry": 0.01637672650253166,
          "wallet_exposure_limit": 1,
          "we_multiplier_close": 0,
          "we_multiplier_entry": 32.58136822663436},
 "short": {"backwards_tp": true,
           "delay_between_fills_minutes_close": 1044.299515850433,
           "delay_between_fills_minutes_entry": 785.825602551224,
           "delay_weight_close": 57.813702203013236,
           "delay_weight_entry": 25.059215973127245,
           "ema_dist_close": 0.002613520802295475,
           "ema_dist_entry": -0.004821790048485822,
           "ema_span_0": 5.001519536755321,
           "ema_span_1": 946.1559469281274,
           "enabled": true,
           "markup_range": 0.005213390903377498,
           "min_markup": 0.0035250964142057592,
           "n_close_orders": 12,
           "qty_pct_close": 0.010042781433558839,
           "qty_pct_entry": 0.010720774065264716,
           "wallet_exposure_limit": 1,
           "we_multiplier_close": 0,
           "we_multiplier_entry": 43.091327689326654}}