{"config_name": "clock_0days",
 "long": {"backwards_tp": true,
          "delay_between_fills_minutes_close": 1317.591592327777,
          "delay_between_fills_minutes_entry": 1071.69858139155,
          "delay_weight_close": 95.75145488217994,
          "delay_weight_entry": 10.677772707461562,
          "ema_dist_close": 0.0025113730533239424,
          "ema_dist_entry": -0.0002561234607761504,
          "ema_span_0": 32.89460426774302,
          "ema_span_1": 1389.6914634374418,
          "enabled": true,
          "markup_range": 0.04209352442687081,
          "min_markup": 0.0040307219160839545,
          "n_close_orders": 2,
          "qty_pct_close": 0.01,
          "qty_pct_entry": 0.01068455374538823,
          "wallet_exposure_limit": 1,
          "we_multiplier_close": 0,
          "we_multiplier_entry": 10},
 "short": {"backwards_tp": true,
           "delay_between_fills_minutes_close": 1151.2725786705696,
           "delay_between_fills_minutes_entry": 1432.5918922967433,
           "delay_weight_close": 11.022693608393448,
           "delay_weight_entry": 14.839016724652891,
           "ema_dist_close": 0.001372637460468898,
           "ema_dist_entry": 0.0027645404826423885,
           "ema_span_0": 1348.563732319282,
           "ema_span_1": 541.1280889127311,
           "enabled": true,
           "markup_range": 0.022185663602024702,
           "min_markup": 0.009584419776066605,
           "n_close_orders": 14,
           "qty_pct_close": 0.010066138265541362,
           "qty_pct_entry": 0.010002330324521512,
           "wallet_exposure_limit": 1,
           "we_multiplier_close": 0,
           "we_multiplier_entry": 6.967567048842325}}