{"config_name": "clock_0days",
 "long": {"backwards_tp": true,
          "delay_between_fills_minutes_close": 1436.892386165355,
          "delay_between_fills_minutes_entry": 1056.7607277678278,
          "delay_weight_close": 61.92577769577431,
          "delay_weight_entry": 22.33568912695574,
          "ema_dist_close": 0.0014144636745898605,
          "ema_dist_entry": 0.0016874612039642406,
          "ema_span_0": 443.12693749654824,
          "ema_span_1": 558.726851928593,
          "enabled": true,
          "markup_range": 0.013333451799582629,
          "min_markup": 0.008760889598654958,
          "n_close_orders": 4,
          "qty_pct_close": 0.010309722139757548,
          "qty_pct_entry": 0.010027382062929337,
          "wallet_exposure_limit": 1,
          "we_multiplier_close": 0,
          "we_multiplier_entry": 21.730794315367106},
 "short": {"backwards_tp": true,
           "delay_between_fills_minutes_close": 901.5076567879579,
           "delay_between_fills_minutes_entry": 1131.2022532827618,
           "delay_weight_close": 55.515072132648655,
           "delay_weight_entry": 31.893636353995436,
           "ema_dist_close": -0.0051733300288347665,
           "ema_dist_entry": -0.0012095731474502747,
           "ema_span_0": 1365.9427972591172,
           "ema_span_1": 1147.4012750067955,
           "enabled": true,
           "markup_range": 0.055440390519553684,
           "min_markup": 0.009044600406361248,
           "n_close_orders": 13,
           "qty_pct_close": 0.03849439255207487,
           "qty_pct_entry": 0.01,
           "wallet_exposure_limit": 1,
           "we_multiplier_close": 0,
           "we_multiplier_entry": 42.38326616228164}}