{"config_name": "clock_0days",
 "long": {"backwards_tp": true,
          "delay_between_fills_minutes_close": 1193.6928757398614,
          "delay_between_fills_minutes_entry": 1292.1071092608831,
          "delay_weight_close": 51.10241134800901,
          "delay_weight_entry": 10.422684674498388,
          "ema_dist_close": -0.008468550520503762,
          "ema_dist_entry": -0.0008732906790591245,
          "ema_span_0": 539.3853897239002,
          "ema_span_1": 1081.0530360050282,
          "enabled": true,
          "markup_range": 0.058878261595520794,
          "min_markup": 0.009871141399658608,
          "n_close_orders": 10,
          "qty_pct_close": 0.011089060831768449,
          "qty_pct_entry": 0.011643727667976063,
          "wallet_exposure_limit": 1,
          "we_multiplier_close": 0,
          "we_multiplier_entry": 8.309220699157697},
 "short": {"backwards_tp": true,
           "delay_between_fills_minutes_close": 1271.2867396775025,
           "delay_between_fills_minutes_entry": 185.99851005072222,
           "delay_weight_close": 35.72907284372276,
           "delay_weight_entry": 14.673882645945039,
           "ema_dist_close": 0.0011613445555605946,
           "ema_dist_entry": -0.00936703788367831,
           "ema_span_0": 369.2075449990928,
           "ema_span_1": 470.48836434567414,
           "enabled": true,
           "markup_range": 0.00172280295791171,
           "min_markup": 0.0052495775719008445,
           "n_close_orders": 13,
           "qty_pct_close": 0.019974200364457424,
           "qty_pct_entry": 0.01543643979563336,
           "wallet_exposure_limit": 1,
           "we_multiplier_close": 0,
           "we_multiplier_entry": 43.369217008190134}}