{"config_name": "clock_0days",
 "long": {"backwards_tp": true,
          "delay_between_fills_minutes_close": 769.4619836732393,
          "delay_between_fills_minutes_entry": 544.5595903701939,
          "delay_weight_close": 95.07445844371298,
          "delay_weight_entry": 17.624346233092286,
          "ema_dist_close": 0.002116684136685326,
          "ema_dist_entry": -0.0024244057343740227,
          "ema_span_0": 822.5657122979112,
          "ema_span_1": 1201.1889977592696,
          "enabled": true,
          "markup_range": 0.03630277877554145,
          "min_markup": 0.009473211425957551,
          "n_close_orders": 13,
          "qty_pct_close": 0.012487784679931302,
          "qty_pct_entry": 0.012628409284236744,
          "wallet_exposure_limit": 1,
          "we_multiplier_close": 0,
          "we_multiplier_entry": 21.824529580365404},
 "short": {"backwards_tp": true,
           "delay_between_fills_minutes_close": 1438.0769107474218,
           "delay_between_fills_minutes_entry": 869.2534631608304,
           "delay_weight_close": 0.012767945708539208,
           "delay_weight_entry": 22.9978433439715,
           "ema_dist_close": 0.0029944711652107204,
           "ema_dist_entry": 0.0015357179207470056,
           "ema_span_0": 360.5695371185307,
           "ema_span_1": 1073.6522974972947,
           "enabled": true,
           "markup_range": 0.0036910887253282015,
           "min_markup": 0.005241011883401892,
           "n_close_orders": 9,
           "qty_pct_close": 0.01035811296108013,
           "qty_pct_entry": 0.023984963489771065,
           "wallet_exposure_limit": 1,
           "we_multiplier_close": 0,
           "we_multiplier_entry": 46.50255386738371}}