{"config_name": "clock_0days",
 "long": {"backwards_tp": true,
          "delay_between_fills_minutes_close": 1372.4943994149442,
          "delay_between_fills_minutes_entry": 915.7281768874293,
          "delay_weight_close": 82.3485253335867,
          "delay_weight_entry": 13.002990789409136,
          "ema_dist_close": -0.0024800597975805656,
          "ema_dist_entry": -0.0005163897463163937,
          "ema_span_0": 728.1689233129588,
          "ema_span_1": 1260.5714828763248,
          "enabled": true,
          "markup_range": 0.05841537443069621,
          "min_markup": 0.004498593522636097,
          "n_close_orders": 2,
          "qty_pct_close": 0.01,
          "qty_pct_entry": 0.010495963605498142,
          "wallet_exposure_limit": 1,
          "we_multiplier_close": 0,
          "we_multiplier_entry": 6.062295908923966},
 "short": {"backwards_tp": true,
           "delay_between_fills_minutes_close": 1188.5388034717066,
           "delay_between_fills_minutes_entry": 564.7431304295302,
           "delay_weight_close": 73.72682388188508,
           "delay_weight_entry": 9.030332966876738,
           "ema_dist_close": 0.0004649982638920925,
           "ema_dist_entry": -0.009884870798924781,
           "ema_span_0": 558.0545950250996,
           "ema_span_1": 872.3668589373002,
           "enabled": true,
           "markup_range": 0.01703499666759896,
           "min_markup": 0.0057454243309324644,
           "n_close_orders": 14,
           "qty_pct_close": 0.013402581359097861,
           "qty_pct_entry": 0.015264922555705784,
           "wallet_exposure_limit": 1,
           "we_multiplier_close": 0,
           "we_multiplier_entry": 26.000267610171793}}