{"config_name": "clock_0days",
 "long": {"backwards_tp": true,
          "delay_between_fills_minutes_close": 1180.0481078095363,
          "delay_between_fills_minutes_entry": 1158.6523360850267,
          "delay_weight_close": 7.604553658110747,
          "delay_weight_entry": 8.622864021901783,
          "ema_dist_close": -0.00150514095494208,
          "ema_dist_entry": -0.001821113340755755,
          "ema_span_0": 1339.331876102062,
          "ema_span_1": 1263.7802735710468,
          "enabled": true,
          "markup_range": 0.028262924932764028,
          "min_markup": 0.00646301080764169,
          "n_close_orders": 4,
          "qty_pct_close": 0.01133254977434379,
          "qty_pct_entry": 0.014183682481879092,
          "wallet_exposure_limit": 1,
          "we_multiplier_close": 0,
          "we_multiplier_entry": 9.824586513799584},
 "short": {"backwards_tp": true,
           "delay_between_fills_minutes_close": 1396.7178502765457,
           "delay_between_fills_minutes_entry": 574.3537408896536,
           "delay_weight_close": 79.80491949338992,
           "delay_weight_entry": 11.562035417347104,
           "ema_dist_close": -8.152786006796259e-05,
           "ema_dist_entry": -0.006999278647231068,
           "ema_span_0": 1391.1389085569626,
           "ema_span_1": 915.519171904557,
           "enabled": true,
           "markup_range": 0.0018840191727093577,
           "min_markup": 0.004188852247657481,
           "n_close_orders": 3,
           "qty_pct_close": 0.018508670460081623,
           "qty_pct_entry": 0.010483362142496691,
           "wallet_exposure_limit": 1,
           "we_multiplier_close": 0,
           "we_multiplier_entry": 7.630049911945353}}