{"config_name": "clock_0days",
 "long": {"backwards_tp": true,
          "delay_between_fills_minutes_close": 295.55551512293476,
          "delay_between_fills_minutes_entry": 1002.0724362858581,
          "delay_weight_close": 73.78800502915193,
          "delay_weight_entry": 24.81359432345707,
          "ema_dist_close": 0.002998850173690219,
          "ema_dist_entry": 0.0029900707906240606,
          "ema_span_0": 1194.4860765135618,
          "ema_span_1": 942.4918213402135,
          "enabled": true,
          "markup_range": 0.0033493832489665367,
          "min_markup": 0.009208253734315927,
          "n_close_orders": 7,
          "qty_pct_close": 0.03999221172682513,
          "qty_pct_entry": 0.01990931424299702,
          "wallet_exposure_limit": 1,
          "we_multiplier_close": 0,
          "we_multiplier_entry": 29.40730964531433},
 "short": {"backwards_tp": true,
           "delay_between_fills_minutes_close": 763.5675900024833,
           "delay_between_fills_minutes_entry": 336.84996844680137,
           "delay_weight_close": 4.172444629417019,
           "delay_weight_entry": 27.8970181184327,
           "ema_dist_close": 0.002012414010929426,
           "ema_dist_entry": -0.003881516841071233,
           "ema_span_0": 1372.6604059898161,
           "ema_span_1": 5.161901919134253,
           "enabled": true,
           "markup_range": 0.004525559065348018,
           "min_markup": 0.0035442968743519122,
           "n_close_orders": 5,
           "qty_pct_close": 0.010055680846827206,
           "qty_pct_entry": 0.01,
           "wallet_exposure_limit": 1,
           "we_multiplier_close": 0,
           "we_multiplier_entry": 7.588144695321444}}