{"config_name": "clock_0days",
 "long": {"backwards_tp": true,
          "delay_between_fills_minutes_close": 1254.3185368880913,
          "delay_between_fills_minutes_entry": 837.4057618397428,
          "delay_weight_close": 12.002156107154304,
          "delay_weight_entry": 15.983419463881797,
          "ema_dist_close": 0.002934753642313193,
          "ema_dist_entry": 0.0014839990846928477,
          "ema_span_0": 1046.7126603754068,
          "ema_span_1": 1387.3118038092148,
          "enabled": true,
          "markup_range": 0.008537842928700053,
          "min_markup": 0.006259756799476494,
          "n_close_orders": 2,
          "qty_pct_close": 0.01482439146216911,
          "qty_pct_entry": 0.013880334677533026,
          "wallet_exposure_limit": 1,
          "we_multiplier_close": 0,
          "we_multiplier_entry": 48.53906902102223},
 "short": {"backwards_tp": true,
           "delay_between_fills_minutes_close": 1209.3036804600613,
           "delay_between_fills_minutes_entry": 833.8179130869366,
           "delay_weight_close": 87.05710135909973,
           "delay_weight_entry": 20.453563100798753,
           "ema_dist_close": -0.0007670043568597384,
           "ema_dist_entry": -0.004568362996141598,
           "ema_span_0": 709.8339133688785,
           "ema_span_1": 1308.7822567038122,
           "enabled": true,
           "markup_range": 0.055131066425365624,
           "min_markup": 0.006641158011111413,
           "n_close_orders": 2,
           "qty_pct_close": 0.01624878330513155,
           "qty_pct_entry": 0.024913912075110057,
           "wallet_exposure_limit": 1,
           "we_multiplier_close": 0,
           "we_multiplier_entry": 20.68352514034606}}