{"config_name": "clock_0days",
 "long": {"backwards_tp": true,
          "delay_between_fills_minutes_close": 948.5924235803632,
          "delay_between_fills_minutes_entry": 445.94587967743337,
          "delay_weight_close": 0,
          "delay_weight_entry": 16.613111649909325,
          "ema_dist_close": -0.002793376805631089,
          "ema_dist_entry": -0.010619775516918327,
          "ema_span_0": 128.11865291264792,
          "ema_span_1": 1012.305368214816,
          "enabled": true,
          "markup_range": 0.0016971370730360946,
          "min_markup": 0.005082771231042523,
          "n_close_orders": 8,
          "qty_pct_close": 0.027176105505702205,
          "qty_pct_entry": 0.019631592394805254,
          "wallet_exposure_limit": 1,
          "we_multiplier_close": 0,
          "we_multiplier_entry": 46.120494434831706},
 "short": {"backwards_tp": true,
           "delay_between_fills_minutes_close": 1214.6804131104707,
           "delay_between_fills_minutes_entry": 834.7097896048284,
           "delay_weight_close": 87.03558642467877,
           "delay_weight_entry": 20.417228085355923,
           "ema_dist_close": -0.0008326452924697412,
           "ema_dist_entry": -0.004456913910283056,
           "ema_span_0": 703.903462148417,
           "ema_span_1": 1312.3953609505163,
           "enabled": true,
           "markup_range": 0.055019765065903586,
           "min_markup": 0.0064014373071812096,
           "n_close_orders": 2,
           "qty_pct_close": 0.016061673637921173,
           "qty_pct_entry": 0.024900158634375235,
           "wallet_exposure_limit": 1,
           "we_multiplier_close": 0,
           "we_multiplier_entry": 20.538639134248918}}