{"config_name": "clock_0days",
 "long": {"backwards_tp": true,
          "delay_between_fills_minutes_close": 1014.6666621187816,
          "delay_between_fills_minutes_entry": 830.7356293585204,
          "delay_weight_close": 59.65456372475734,
          "delay_weight_entry": 12.996514457960043,
          "ema_dist_close": 0.0024265084376465713,
          "ema_dist_entry": -0.006172690559696017,
          "ema_span_0": 993.1391453003579,
          "ema_span_1": 1295.8572880261877,
          "enabled": true,
          "markup_range": 0.04427765976689768,
          "min_markup": 0.00839296736251286,
          "n_close_orders": 4,
          "qty_pct_close": 0.014278085065318977,
          "qty_pct_entry": 0.010079432021904882,
          "wallet_exposure_limit": 1,
          "we_multiplier_close": 0,
          "we_multiplier_entry": 9.931109437156035},
 "short": {"backwards_tp": true,
           "delay_between_fills_minutes_close": 903.4577390484795,
           "delay_between_fills_minutes_entry": 91.31869679673099,
           "delay_weight_close": 61.0637713869559,
           "delay_weight_entry": 21.21444113263368,
           "ema_dist_close": 0.00287714922509502,
           "ema_dist_entry": -0.015841540747091768,
           "ema_span_0": 142.5433618055965,
           "ema_span_1": 436.1751528372657,
           "enabled": true,
           "markup_range": 0.0005145423300760727,
           "min_markup": 0.003659346019507608,
           "n_close_orders": 7,
           "qty_pct_close": 0.018959604054111,
           "qty_pct_entry": 0.014964702519543157,
           "wallet_exposure_limit": 1,
           "we_multiplier_close": 0,
           "we_multiplier_entry": 9.266575868243784}}