{"config_name": "clock_0days",
 "long": {"backwards_tp": true,
          "delay_between_fills_minutes_close": 766.3018715466401,
          "delay_between_fills_minutes_entry": 1097.6512853807874,
          "delay_weight_close": 62.29441403697084,
          "delay_weight_entry": 26.2953081479466,
          "ema_dist_close": -0.007362951274188356,
          "ema_dist_entry": -0.04132060691537761,
          "ema_span_0": 893.956023347693,
          "ema_span_1": 820.9524027268009,
          "enabled": true,
          "markup_range": 0.005175692503560464,
          "min_markup": 0.006932142397472679,
          "n_close_orders": 11,
          "qty_pct_close": 0.01646396858506009,
          "qty_pct_entry": 0.01335086888365399,
          "wallet_exposure_limit": 1,
          "we_multiplier_close": 0,
          "we_multiplier_entry": 20.84146532431182},
 "short": {"backwards_tp": true,
           "delay_between_fills_minutes_close": 1370.3395368462945,
           "delay_between_fills_minutes_entry": 464.72360460375097,
           "delay_weight_close": 27.836949255173046,
           "delay_weight_entry": 10.538903018346414,
           "ema_dist_close": -0.0013579101789730726,
           "ema_dist_entry": -0.013464875809875206,
           "ema_span_0": 1208.282067427354,
           "ema_span_1": 1096.5553820623143,
           "enabled": true,
           "markup_range": 0.006508815858749005,
           "min_markup": 0.007556938784113187,
           "n_close_orders": 5,
           "qty_pct_close": 0.011116220803081132,
           "qty_pct_entry": 0.01441335665010748,
           "wallet_exposure_limit": 1,
           "we_multiplier_close": 0,
           "we_multiplier_entry": 40.476747854158525}}