{"config_name": "clock_0days",
 "long": {"backwards_tp": true,
          "delay_between_fills_minutes_close": 1193.1425690213243,
          "delay_between_fills_minutes_entry": 658.50979936037,
          "delay_weight_close": 7.0532309908738675,
          "delay_weight_entry": 30.55950840576524,
          "ema_dist_close": -0.0017001688943576625,
          "ema_dist_entry": 0.001608539733110025,
          "ema_span_0": 42.35357966909958,
          "ema_span_1": 50.658010989717226,
          "enabled": true,
          "markup_range": 0.0030274385300191426,
          "min_markup": 0.008092190468061453,
          "n_close_orders": 13,
          "qty_pct_close": 0.015325521349766972,
          "qty_pct_entry": 0.014001119744455118,
          "wallet_exposure_limit": 1,
          "we_multiplier_close": 0,
          "we_multiplier_entry": 5.90078921683138},
 "short": {"backwards_tp": true,
           "delay_between_fills_minutes_close": 1348.1061415356871,
           "delay_between_fills_minutes_entry": 457.1834448205697,
           "delay_weight_close": 51.23671296008696,
           "delay_weight_entry": 10.742247314414094,
           "ema_dist_close": 0.0024100200215017124,
           "ema_dist_entry": -0.009803025118896535,
           "ema_span_0": 1362.0537037964243,
           "ema_span_1": 620.1588569258116,
           "enabled": true,
           "markup_range": 0.007309862068440085,
           "min_markup": 0.009476818944453411,
           "n_close_orders": 7,
           "qty_pct_close": 0.017099324105575044,
           "qty_pct_entry": 0.01352177797583301,
           "wallet_exposure_limit": 1,
           "we_multiplier_close": 0,
           "we_multiplier_entry": 45.719350723316104}}