{"config_name": "clock_0days",
 "long": {"backwards_tp": true,
          "delay_between_fills_minutes_close": 1186.5431969942304,
          "delay_between_fills_minutes_entry": 1217.1391029972751,
          "delay_weight_close": 8.477181480806856,
          "delay_weight_entry": 11.527570779628244,
          "ema_dist_close": 0.002124893361257764,
          "ema_dist_entry": -0.0015777540854004961,
          "ema_span_0": 1244.6029575219204,
          "ema_span_1": 1265.1119573009812,
          "enabled": true,
          "markup_range": 0.059985041554948736,
          "min_markup": 0.009824003828726547,
          "n_close_orders": 3,
          "qty_pct_close": 0.04603572948499628,
          "qty_pct_entry": 0.010000015174658898,
          "wallet_exposure_limit": 1,
          "we_multiplier_close": 0,
          "we_multiplier_entry": 19.601152897378817},
 "short": {"backwards_tp": true,
           "delay_between_fills_minutes_close": 1412.295287539748,
           "delay_between_fills_minutes_entry": 1047.2353291667882,
           "delay_weight_close": 39.28896919919422,
           "delay_weight_entry": 3.3334507658908543,
           "ema_dist_close": 0.002678510609963926,
           "ema_dist_entry": 0.0019159766341221923,
           "ema_span_0": 1226.049433092329,
           "ema_span_1": 1407.84421615113,
           "enabled": true,
           "markup_range": 0.011231363589640603,
           "min_markup": 0.005970324378700582,
           "n_close_orders": 7,
           "qty_pct_close": 0.01000141758231588,
           "qty_pct_entry": 0.021110660168367792,
           "wallet_exposure_limit": 1,
           "we_multiplier_close": 0,
           "we_multiplier_entry": 36.70956291569769}}