{"config_name": "clock_0days",
 "long": {"backwards_tp": true,
          "delay_between_fills_minutes_close": 1387.7251287489978,
          "delay_between_fills_minutes_entry": 1368.9417669244547,
          "delay_weight_close": 52.080559997541116,
          "delay_weight_entry": 14.35100158682418,
          "ema_dist_close": 0.0013851099716046455,
          "ema_dist_entry": -0.006535074873298663,
          "ema_span_0": 1303.5929483877521,
          "ema_span_1": 1083.6604834514114,
          "enabled": true,
          "markup_range": 0.05995219910985276,
          "min_markup": 0.006745378794126493,
          "n_close_orders": 8,
          "qty_pct_close": 0.01012232836336567,
          "qty_pct_entry": 0.01,
          "wallet_exposure_limit": 1,
          "we_multiplier_close": 0,
          "we_multiplier_entry": 14.198182066801985},
 "short": {"backwards_tp": true,
           "delay_between_fills_minutes_close": 926.8401824718923,
           "delay_between_fills_minutes_entry": 565.9102557972923,
           "delay_weight_close": 7.115927486106189,
           "delay_weight_entry": 5.886435124435912,
           "ema_dist_close": 0.002598127617680403,
           "ema_dist_entry": -0.004747067344375997,
           "ema_span_0": 1199.1173840814245,
           "ema_span_1": 1056.4427610127157,
           "enabled": true,
           "markup_range": 0.004073388569302741,
           "min_markup": 0.0023687164650121285,
           "n_close_orders": 14,
           "qty_pct_close": 0.021899763344203613,
           "qty_pct_entry": 0.016574597833629023,
           "wallet_exposure_limit": 1,
           "we_multiplier_close": 0,
           "we_multiplier_entry": 44.6205871831539}}