{"config_name": "clock_0days",
 "long": {"backwards_tp": true,
          "delay_between_fills_minutes_close": 839.1801799896591,
          "delay_between_fills_minutes_entry": 644.261028669426,
          "delay_weight_close": 58.34127596735245,
          "delay_weight_entry": 7.664243878066273,
          "ema_dist_close": 0.0002846716507897707,
          "ema_dist_entry": 0.002559137808281017,
          "ema_span_0": 1273.2870006819821,
          "ema_span_1": 815.7100077515217,
          "enabled": true,
          "markup_range": 0.05416952302916918,
          "min_markup": 0.006513797389018672,
          "n_close_orders": 11,
          "qty_pct_close": 0.014734855719935276,
          "qty_pct_entry": 0.010000179802596482,
          "wallet_exposure_limit": 1,
          "we_multiplier_close": 0,
          "we_multiplier_entry": 36.4809116933829},
 "short": {"backwards_tp": true,
           "delay_between_fills_minutes_close": 1230.656643855095,
           "delay_between_fills_minutes_entry": 782.8056664510294,
           "delay_weight_close": 78.07989747591833,
           "delay_weight_entry": 8.309990917221118,
           "ema_dist_close": 0.00280942380814027,
           "ema_dist_entry": -0.026794734338817888,
           "ema_span_0": 1373.190004694209,
           "ema_span_1": 279.02125940733515,
           "enabled": true,
           "markup_range": 0.003292640720548637,
           "min_markup": 0.009132300009798113,
           "n_close_orders": 2,
           "qty_pct_close": 0.01026966029595279,
           "qty_pct_entry": 0.01120347489116189,
           "wallet_exposure_limit": 1,
           "we_multiplier_close": 0,
           "we_multiplier_entry": 41.14973299326769}}