{"config_name": "clock_0days",
 "long": {"backwards_tp": true,
          "delay_between_fills_minutes_close": 779.6536453291249,
          "delay_between_fills_minutes_entry": 1214.798732179154,
          "delay_weight_close": 28.14781741347243,
          "delay_weight_entry": 16.16470641363938,
          "ema_dist_close": -0.0032429746111499957,
          "ema_dist_entry": -0.006282852707930733,
          "ema_span_0": 1222.8727708274653,
          "ema_span_1": 1303.9427372273854,
          "enabled": true,
          "markup_range": 0.059185801107474845,
          "min_markup": 0.008944422760875825,
          "n_close_orders": 9,
          "qty_pct_close": 0.016598324712223573,
          "qty_pct_entry": 0.010035975591842971,
          "wallet_exposure_limit": 1,
          "we_multiplier_close": 0,
          "we_multiplier_entry": 45.50122992716007},
 "short": {"backwards_tp": true,
           "delay_between_fills_minutes_close": 1412.295287539748,
           "delay_between_fills_minutes_entry": 1047.2353291667882,
           "delay_weight_close": 39.28896919919422,
           "delay_weight_entry": 3.3334507658908543,
           "ema_dist_close": 0.002678510609963926,
           "ema_dist_entry": 0.0019159766341221923,
           "ema_span_0": 1226.049433092329,
           "ema_span_1": 1407.84421615113,
           "enabled": true,
           "markup_range": 0.011231363589640603,
           "min_markup": 0.005970324378700582,
           "n_close_orders": 7,
           "qty_pct_close": 0.01000141758231588,
           "qty_pct_entry": 0.021110660168367792,
           "wallet_exposure_limit": 1,
           "we_multiplier_close": 0,
           "we_multiplier_entry": 36.70956291569769}}