{"config_name": "clock_0days",
 "long": {"backwards_tp": true,
          "delay_between_fills_minutes_close": 1246.453675439523,
          "delay_between_fills_minutes_entry": 1043.4026414875514,
          "delay_weight_close": 59.00638071467824,
          "delay_weight_entry": 12.783527392042384,
          "ema_dist_close": -0.001174471722058444,
          "ema_dist_entry": -0.0008280528023009111,
          "ema_span_0": 905.0803044663683,
          "ema_span_1": 1274.1281529111866,
          "enabled": true,
          "markup_range": 0.02939339511460445,
          "min_markup": 0.006431641992599841,
          "n_close_orders": 10,
          "qty_pct_close": 0.036761321855843444,
          "qty_pct_entry": 0.02461482313117535,
          "wallet_exposure_limit": 1,
          "we_multiplier_close": 0,
          "we_multiplier_entry": 9.99284196964666},
 "short": {"backwards_tp": true,
           "delay_between_fills_minutes_close": 852.2074633272662,
           "delay_between_fills_minutes_entry": 325.50145741631263,
           "delay_weight_close": 18.631976944547564,
           "delay_weight_entry": 29.830619775365292,
           "ema_dist_close": 0.002201878864055427,
           "ema_dist_entry": 0.0012225438770040859,
           "ema_span_0": 606.6869848391283,
           "ema_span_1": 5.116676371440883,
           "enabled": true,
           "markup_range": 0.002384385970263092,
           "min_markup": 0.004733621569366062,
           "n_close_orders": 9,
           "qty_pct_close": 0.019266859547764515,
           "qty_pct_entry": 0.011220249209691507,
           "wallet_exposure_limit": 1,
           "we_multiplier_close": 0,
           "we_multiplier_entry": 6.185953452138878}}