{"config_name": "clock_0days",
 "long": {"backwards_tp": true,
          "delay_between_fills_minutes_close": 1402.4649130698585,
          "delay_between_fills_minutes_entry": 1404.5143426748027,
          "delay_weight_close": 13.243701495196923,
          "delay_weight_entry": 40.5494800603547,
          "ema_dist_close": -0.004461606835502168,
          "ema_dist_entry": -0.0017888614745233111,
          "ema_span_0": 1216.1621639604534,
          "ema_span_1": 1227.877741407984,
          "enabled": true,
          "markup_range": 0.0061570093253987485,
          "min_markup": 0.0066511174451634346,
          "n_close_orders": 9,
          "qty_pct_close": 0.010855361885612702,
          "qty_pct_entry": 0.010104967012255285,
          "wallet_exposure_limit": 1,
          "we_multiplier_close": 0,
          "we_multiplier_entry": 45.39241268480666},
 "short": {"backwards_tp": true,
           "delay_between_fills_minutes_close": 1440,
           "delay_between_fills_minutes_entry": 218.23765274094657,
           "delay_weight_close": 4.117100029286175,
           "delay_weight_entry": 24.73813505382206,
           "ema_dist_close": -0.0050956743227290125,
           "ema_dist_entry": -0.006596456456318663,
           "ema_span_0": 430.8138299789277,
           "ema_span_1": 201.76615305479638,
           "enabled": true,
           "markup_range": 0.004035973473116341,
           "min_markup": 0.002866865357931114,
           "n_close_orders": 12,
           "qty_pct_close": 0.011003456318429417,
           "qty_pct_entry": 0.014859201542350512,
           "wallet_exposure_limit": 1,
           "we_multiplier_close": 0,
           "we_multiplier_entry": 18.305386227578495}}