{"config_name": "clock_0days",
 "long": {"backwards_tp": true,
          "delay_between_fills_minutes_close": 1415.1416788230397,
          "delay_between_fills_minutes_entry": 938.5237150965296,
          "delay_weight_close": 65.45859145747079,
          "delay_weight_entry": 23.501147308796845,
          "ema_dist_close": 0.002294784545222292,
          "ema_dist_entry": -0.01726675673804264,
          "ema_span_0": 1116.6335356072052,
          "ema_span_1": 432.3359477149649,
          "enabled": true,
          "markup_range": 0.005496920265647614,
          "min_markup": 0.001949399966416289,
          "n_close_orders": 14,
          "qty_pct_close": 0.01009248566703848,
          "qty_pct_entry": 0.012621898312096154,
          "wallet_exposure_limit": 1,
          "we_multiplier_close": 0,
          "we_multiplier_entry": 46.9665879449563},
 "short": {"backwards_tp": true,
           "delay_between_fills_minutes_close": 1214.6804131104707,
           "delay_between_fills_minutes_entry": 834.7097896048284,
           "delay_weight_close": 87.03558642467877,
           "delay_weight_entry": 20.417228085355923,
           "ema_dist_close": -0.0008326452924697412,
           "ema_dist_entry": -0.004456913910283056,
           "ema_span_0": 703.903462148417,
           "ema_span_1": 1312.3953609505163,
           "enabled": true,
           "markup_range": 0.055019765065903586,
           "min_markup": 0.0064014373071812096,
           "n_close_orders": 2,
           "qty_pct_close": 0.016061673637921173,
           "qty_pct_entry": 0.024900158634375235,
           "wallet_exposure_limit": 1,
           "we_multiplier_close": 0,
           "we_multiplier_entry": 20.538639134248918}}