{"config_name": "clock_0days",
 "long": {"backwards_tp": true,
          "delay_between_fills_minutes_close": 801.3457881993035,
          "delay_between_fills_minutes_entry": 1350.5186057404444,
          "delay_weight_close": 36.33324717553879,
          "delay_weight_entry": 12.050604072750989,
          "ema_dist_close": 0.0019194319823167144,
          "ema_dist_entry": -0.002049475835452583,
          "ema_span_0": 1324.650897484725,
          "ema_span_1": 1438.076473769553,
          "enabled": true,
          "markup_range": 0.05121666456691198,
          "min_markup": 0.008863263627100524,
          "n_close_orders": 15,
          "qty_pct_close": 0.017964522531185564,
          "qty_pct_entry": 0.012557610697352495,
          "wallet_exposure_limit": 1,
          "we_multiplier_close": 0,
          "we_multiplier_entry": 26.402540672616816},
 "short": {"backwards_tp": true,
           "delay_between_fills_minutes_close": 579.0584089823398,
           "delay_between_fills_minutes_entry": 145.0212073445239,
           "delay_weight_close": 1.2416917149082012,
           "delay_weight_entry": 7.39668391406919,
           "ema_dist_close": 0.0017116206400238764,
           "ema_dist_entry": -0.002179978516973531,
           "ema_span_0": 961.1702182995201,
           "ema_span_1": 475.3892139361597,
           "enabled": true,
           "markup_range": 0.006037238608939958,
           "min_markup": 0.004736209557509444,
           "n_close_orders": 2,
           "qty_pct_close": 0.010004790348140644,
           "qty_pct_entry": 0.010034202059488262,
           "wallet_exposure_limit": 1,
           "we_multiplier_close": 0,
           "we_multiplier_entry": 10.778312362747615}}