{"config_name": "clock_0days",
 "long": {"backwards_tp": true,
          "delay_between_fills_minutes_close": 889.6570684770882,
          "delay_between_fills_minutes_entry": 949.8684524371805,
          "delay_weight_close": 60.196386471595105,
          "delay_weight_entry": 10.156954362839604,
          "ema_dist_close": 0.0022416940540073947,
          "ema_dist_entry": -0.0009026687641129229,
          "ema_span_0": 937.4700105028668,
          "ema_span_1": 1439.1829358356267,
          "enabled": true,
          "markup_range": 0.05172736744359791,
          "min_markup": 0.007357589766707474,
          "n_close_orders": 15,
          "qty_pct_close": 0.012516553533768805,
          "qty_pct_entry": 0.010001931494448266,
          "wallet_exposure_limit": 1,
          "we_multiplier_close": 0,
          "we_multiplier_entry": 8.430935442991904},
 "short": {"backwards_tp": true,
           "delay_between_fills_minutes_close": 1370.0287420572067,
           "delay_between_fills_minutes_entry": 1275.4491178494188,
           "delay_weight_close": 39.69283231709805,
           "delay_weight_entry": 34.02636765589773,
           "ema_dist_close": -0.004713380264882618,
           "ema_dist_entry": 0.0010410345460773714,
           "ema_span_0": 156.0481654714335,
           "ema_span_1": 1346.0410160194367,
           "enabled": true,
           "markup_range": 6.070525549324779e-05,
           "min_markup": 0.0025076589991530657,
           "n_close_orders": 5,
           "qty_pct_close": 0.01474649720966588,
           "qty_pct_entry": 0.02131997285753128,
           "wallet_exposure_limit": 1,
           "we_multiplier_close": 0,
           "we_multiplier_entry": 7.703998430961954}}