{"config_name": "clock_0days",
 "long": {"backwards_tp": true,
          "delay_between_fills_minutes_close": 1181.0970928386196,
          "delay_between_fills_minutes_entry": 873.4401029243514,
          "delay_weight_close": 8.026239512558506,
          "delay_weight_entry": 14.993891417608344,
          "ema_dist_close": 0.0014469794610280629,
          "ema_dist_entry": -0.0005836366726527844,
          "ema_span_0": 1166.7659877298502,
          "ema_span_1": 939.9550887023798,
          "enabled": true,
          "markup_range": 0.0198254483271822,
          "min_markup": 0.0014048041439875282,
          "n_close_orders": 2,
          "qty_pct_close": 0.010135430007086846,
          "qty_pct_entry": 0.012335679890291168,
          "wallet_exposure_limit": 1,
          "we_multiplier_close": 0,
          "we_multiplier_entry": 9.835641590166915},
 "short": {"backwards_tp": true,
           "delay_between_fills_minutes_close": 1132.504506727316,
           "delay_between_fills_minutes_entry": 271.2949888174522,
           "delay_weight_close": 46.62959202464396,
           "delay_weight_entry": 21.225264319072384,
           "ema_dist_close": 0.0029502727657052244,
           "ema_dist_entry": -0.0011764144447320743,
           "ema_span_0": 1200.2056828957004,
           "ema_span_1": 952.5980600630442,
           "enabled": true,
           "markup_range": 0.0007213701100334605,
           "min_markup": 0.0021660492907288674,
           "n_close_orders": 9,
           "qty_pct_close": 0.012804451594978223,
           "qty_pct_entry": 0.011532829970650848,
           "wallet_exposure_limit": 1,
           "we_multiplier_close": 0,
           "we_multiplier_entry": 8.829187823095918}}