{"config_name": "clock_0days",
 "long": {"backwards_tp": true,
          "delay_between_fills_minutes_close": 966.08648156454,
          "delay_between_fills_minutes_entry": 796.1958189363064,
          "delay_weight_close": 56.824415487506705,
          "delay_weight_entry": 12.428140462446702,
          "ema_dist_close": 0.0015968384633986642,
          "ema_dist_entry": -0.0021447231506189534,
          "ema_span_0": 1189.5564785093122,
          "ema_span_1": 390.535153153525,
          "enabled": true,
          "markup_range": 0.05930386650166151,
          "min_markup": 0.009369095800849124,
          "n_close_orders": 7,
          "qty_pct_close": 0.011705583989109427,
          "qty_pct_entry": 0.010000007070349128,
          "wallet_exposure_limit": 1,
          "we_multiplier_close": 0,
          "we_multiplier_entry": 17.80256284880463},
 "short": {"backwards_tp": true,
           "delay_between_fills_minutes_close": 1301.303019330151,
           "delay_between_fills_minutes_entry": 479.69921896126925,
           "delay_weight_close": 55.542485173894526,
           "delay_weight_entry": 10.455778328348831,
           "ema_dist_close": -0.0055593658228460735,
           "ema_dist_entry": -0.004957492501179772,
           "ema_span_0": 962.8439764717685,
           "ema_span_1": 220.56918538852037,
           "enabled": true,
           "markup_range": 0.008148360129222623,
           "min_markup": 0.009574226602672445,
           "n_close_orders": 16,
           "qty_pct_close": 0.01,
           "qty_pct_entry": 0.014892672876347674,
           "wallet_exposure_limit": 1,
           "we_multiplier_close": 0,
           "we_multiplier_entry": 41.459793031921954}}