{"config_name": "clock_0days",
 "long": {"backwards_tp": true,
          "delay_between_fills_minutes_close": 1137.3194055699828,
          "delay_between_fills_minutes_entry": 1088.7528826652488,
          "delay_weight_close": 88.30469365373482,
          "delay_weight_entry": 14.951490633355576,
          "ema_dist_close": -0.004707694475614976,
          "ema_dist_entry": 0.002956100229462928,
          "ema_span_0": 983.7211644420803,
          "ema_span_1": 1288.9795232975994,
          "enabled": true,
          "markup_range": 0.05999186882805523,
          "min_markup": 0.009122532297901753,
          "n_close_orders": 13,
          "qty_pct_close": 0.010225849253167954,
          "qty_pct_entry": 0.011820324010258421,
          "wallet_exposure_limit": 1,
          "we_multiplier_close": 0,
          "we_multiplier_entry": 46.7178761688875},
 "short": {"backwards_tp": true,
           "delay_between_fills_minutes_close": 1216.3472762287788,
           "delay_between_fills_minutes_entry": 477.68103145635314,
           "delay_weight_close": 88.06441633285678,
           "delay_weight_entry": 19.532231101840797,
           "ema_dist_close": -0.0044207255379547315,
           "ema_dist_entry": -0.03473519804995916,
           "ema_span_0": 358.35525202848464,
           "ema_span_1": 995.8579752841731,
           "enabled": true,
           "markup_range": 0.0032224569909968894,
           "min_markup": 0.0022862532651185983,
           "n_close_orders": 12,
           "qty_pct_close": 0.010023869869803092,
           "qty_pct_entry": 0.020776981463996463,
           "wallet_exposure_limit": 1,
           "we_multiplier_close": 0,
           "we_multiplier_entry": 36.97434940203671}}