{"config_name": "clock_0days",
 "long": {"backwards_tp": true,
          "delay_between_fills_minutes_close": 1431.668799977708,
          "delay_between_fills_minutes_entry": 1172.3315749416672,
          "delay_weight_close": 92.1944147617939,
          "delay_weight_entry": 13.299163240177549,
          "ema_dist_close": -0.006110970900478899,
          "ema_dist_entry": -0.0012152310279488362,
          "ema_span_0": 1157.6584254309437,
          "ema_span_1": 1361.6542672502005,
          "enabled": true,
          "markup_range": 0.05738859691829519,
          "min_markup": 0.008099367828985241,
          "n_close_orders": 8,
          "qty_pct_close": 0.010192948712211278,
          "qty_pct_entry": 0.014842396473316357,
          "wallet_exposure_limit": 1,
          "we_multiplier_close": 0,
          "we_multiplier_entry": 7.776242256621882},
 "short": {"backwards_tp": true,
           "delay_between_fills_minutes_close": 1164.7087235339047,
           "delay_between_fills_minutes_entry": 300.69374510732354,
           "delay_weight_close": 52.06502301880436,
           "delay_weight_entry": 36.01605058517654,
           "ema_dist_close": 8.259372311939905e-05,
           "ema_dist_entry": -0.01975630463739775,
           "ema_span_0": 964.86749838601,
           "ema_span_1": 1053.8271666805751,
           "enabled": true,
           "markup_range": 0.0017393770784750954,
           "min_markup": 0.0024836763501848618,
           "n_close_orders": 9,
           "qty_pct_close": 0.010176864411502399,
           "qty_pct_entry": 0.012911151054359927,
           "wallet_exposure_limit": 1,
           "we_multiplier_close": 0,
           "we_multiplier_entry": 4.738487269062477}}