{"config_name": "clock_0days",
 "long": {"backwards_tp": true,
          "delay_between_fills_minutes_close": 1264.2899220669867,
          "delay_between_fills_minutes_entry": 720.0147764905921,
          "delay_weight_close": 98.3425658881456,
          "delay_weight_entry": 11.473510181825839,
          "ema_dist_close": 0.00032141033395131956,
          "ema_dist_entry": -0.006851733516050179,
          "ema_span_0": 350.87964321744,
          "ema_span_1": 1156.6514055599885,
          "enabled": true,
          "markup_range": 0.050203127759222616,
          "min_markup": 0.009594450494405986,
          "n_close_orders": 10,
          "qty_pct_close": 0.012978439346462428,
          "qty_pct_entry": 0.011547181316530116,
          "wallet_exposure_limit": 1,
          "we_multiplier_close": 0,
          "we_multiplier_entry": 19.68916371056841},
 "short": {"backwards_tp": true,
           "delay_between_fills_minutes_close": 1295.3762026814443,
           "delay_between_fills_minutes_entry": 338.5940070475378,
           "delay_weight_close": 62.161383818497605,
           "delay_weight_entry": 4.708073933379449,
           "ema_dist_close": 0.000909821481164888,
           "ema_dist_entry": -0.018020345461454566,
           "ema_span_0": 219.28481776639603,
           "ema_span_1": 1227.1452418574115,
           "enabled": true,
           "markup_range": 0.004456106029257466,
           "min_markup": 0.008250365264915701,
           "n_close_orders": 5,
           "qty_pct_close": 0.012014046099548866,
           "qty_pct_entry": 0.013447244172674783,
           "wallet_exposure_limit": 1,
           "we_multiplier_close": 0,
           "we_multiplier_entry": 42.31252818099995}}