{"config_name": "clock_0days",
 "long": {"backwards_tp": true,
          "delay_between_fills_minutes_close": 1193.190590129848,
          "delay_between_fills_minutes_entry": 1339.2665697715354,
          "delay_weight_close": 1.2302457250067613,
          "delay_weight_entry": 11.399247384233874,
          "ema_dist_close": -0.005179278376980927,
          "ema_dist_entry": -0.005141450651484262,
          "ema_span_0": 369.8072327552787,
          "ema_span_1": 1398.9193616889447,
          "enabled": true,
          "markup_range": 0.041901983240027856,
          "min_markup": 0.00999817832290518,
          "n_close_orders": 4,
          "qty_pct_close": 0.024582663793959295,
          "qty_pct_entry": 0.010199945724196023,
          "wallet_exposure_limit": 1,
          "we_multiplier_close": 0,
          "we_multiplier_entry": 39.75281535143274},
 "short": {"backwards_tp": true,
           "delay_between_fills_minutes_close": 1278.9116712061686,
           "delay_between_fills_minutes_entry": 273.99728689765993,
           "delay_weight_close": 45.960879362662475,
           "delay_weight_entry": 3.3106391883284516,
           "ema_dist_close": -0.0016747835535708454,
           "ema_dist_entry": -0.007352944649096215,
           "ema_span_0": 457.0172596160006,
           "ema_span_1": 1003.7622575651411,
           "enabled": true,
           "markup_range": 0.006206117846960465,
           "min_markup": 0.008428081227158378,
           "n_close_orders": 3,
           "qty_pct_close": 0.012845078163928943,
           "qty_pct_entry": 0.012026979012439739,
           "wallet_exposure_limit": 1,
           "we_multiplier_close": 0,
           "we_multiplier_entry": 42.14755357323136}}