{"config_name": "clock_0days",
 "long": {"backwards_tp": true,
          "delay_between_fills_minutes_close": 1283.4882543935753,
          "delay_between_fills_minutes_entry": 1282.4088245805738,
          "delay_weight_close": 54.34792163679577,
          "delay_weight_entry": 20.418515739638806,
          "ema_dist_close": 0.0029242067519374454,
          "ema_dist_entry": 0.0008165675084510879,
          "ema_span_0": 994.3367379926599,
          "ema_span_1": 728.3527546430134,
          "enabled": true,
          "markup_range": 0.005630467403920814,
          "min_markup": 0.009990225854072622,
          "n_close_orders": 6,
          "qty_pct_close": 0.01024891611858392,
          "qty_pct_entry": 0.010013352583831101,
          "wallet_exposure_limit": 1,
          "we_multiplier_close": 0,
          "we_multiplier_entry": 8.18888554382496},
 "short": {"backwards_tp": true,
           "delay_between_fills_minutes_close": 417.10032999409367,
           "delay_between_fills_minutes_entry": 483.89554164990125,
           "delay_weight_close": 30.386021284189134,
           "delay_weight_entry": 11.45213513909002,
           "ema_dist_close": 0.002359618163183817,
           "ema_dist_entry": -0.005401969069027971,
           "ema_span_0": 1358.040501374106,
           "ema_span_1": 698.1122943720719,
           "enabled": true,
           "markup_range": 0.02438499264430349,
           "min_markup": 0.002477898691579286,
           "n_close_orders": 10,
           "qty_pct_close": 0.014976947166622385,
           "qty_pct_entry": 0.01956247676084041,
           "wallet_exposure_limit": 1,
           "we_multiplier_close": 0,
           "we_multiplier_entry": 9.119483512668944}}