{"config_name": "clock_0days",
 "long": {"backwards_tp": true,
          "delay_between_fills_minutes_close": 1372.4943994149442,
          "delay_between_fills_minutes_entry": 915.7281768874293,
          "delay_weight_close": 82.3485253335867,
          "delay_weight_entry": 13.002990789409136,
          "ema_dist_close": -0.0024800597975805656,
          "ema_dist_entry": -0.0005163897463163937,
          "ema_span_0": 728.1689233129588,
          "ema_span_1": 1260.5714828763248,
          "enabled": true,
          "markup_range": 0.05841537443069621,
          "min_markup": 0.004498593522636097,
          "n_close_orders": 2,
          "qty_pct_close": 0.01,
          "qty_pct_entry": 0.010495963605498142,
          "wallet_exposure_limit": 1,
          "we_multiplier_close": 0,
          "we_multiplier_entry": 6.062295908923966},
 "short": {"backwards_tp": true,
           "delay_between_fills_minutes_close": 1397.4356234672036,
           "delay_between_fills_minutes_entry": 362.41778010921234,
           "delay_weight_close": 66.51221749266405,
           "delay_weight_entry": 29.874981172384672,
           "ema_dist_close": -0.0034891915231158514,
           "ema_dist_entry": -0.022241976669033294,
           "ema_span_0": 1252.3574904635905,
           "ema_span_1": 5.105766588824434,
           "enabled": true,
           "markup_range": 0.004414952041497922,
           "min_markup": 0.003504478660960904,
           "n_close_orders": 12,
           "qty_pct_close": 0.010735811745924443,
           "qty_pct_entry": 0.010786244736850524,
           "wallet_exposure_limit": 1,
           "we_multiplier_close": 0,
           "we_multiplier_entry": 34.73558531003513}}