{"config_name": "clock_0days",
 "long": {"backwards_tp": true,
          "delay_between_fills_minutes_close": 1406.3974540495417,
          "delay_between_fills_minutes_entry": 684.2948466120348,
          "delay_weight_close": 99.56621327792872,
          "delay_weight_entry": 9.018315659890717,
          "ema_dist_close": -0.005094137038280318,
          "ema_dist_entry": -0.005727574793557369,
          "ema_span_0": 34.72257223152276,
          "ema_span_1": 1312.5667990221527,
          "enabled": true,
          "markup_range": 0.03393494381008144,
          "min_markup": 0.006745378794126493,
          "n_close_orders": 15,
          "qty_pct_close": 0.010884734502046108,
          "qty_pct_entry": 0.01,
          "wallet_exposure_limit": 1,
          "we_multiplier_close": 0,
          "we_multiplier_entry": 7.236539060717869},
 "short": {"backwards_tp": true,
           "delay_between_fills_minutes_close": 1214.6804131104707,
           "delay_between_fills_minutes_entry": 834.7097896048284,
           "delay_weight_close": 87.03558642467877,
           "delay_weight_entry": 20.417228085355923,
           "ema_dist_close": -0.0008326452924697412,
           "ema_dist_entry": -0.004456913910283056,
           "ema_span_0": 703.903462148417,
           "ema_span_1": 1312.3953609505163,
           "enabled": true,
           "markup_range": 0.055019765065903586,
           "min_markup": 0.0064014373071812096,
           "n_close_orders": 2,
           "qty_pct_close": 0.016061673637921173,
           "qty_pct_entry": 0.024900158634375235,
           "wallet_exposure_limit": 1,
           "we_multiplier_close": 0,
           "we_multiplier_entry": 20.538639134248918}}