{"config_name": "clock_0days",
 "long": {"backwards_tp": true,
          "delay_between_fills_minutes_close": 966.08648156454,
          "delay_between_fills_minutes_entry": 796.1958189363064,
          "delay_weight_close": 56.824415487506705,
          "delay_weight_entry": 12.428140462446702,
          "ema_dist_close": 0.0015968384633986642,
          "ema_dist_entry": -0.0021447231506189534,
          "ema_span_0": 1189.5564785093122,
          "ema_span_1": 390.535153153525,
          "enabled": true,
          "markup_range": 0.05930386650166151,
          "min_markup": 0.009369095800849124,
          "n_close_orders": 7,
          "qty_pct_close": 0.011705583989109427,
          "qty_pct_entry": 0.010000007070349128,
          "wallet_exposure_limit": 1,
          "we_multiplier_close": 0,
          "we_multiplier_entry": 17.80256284880463},
 "short": {"backwards_tp": true,
           "delay_between_fills_minutes_close": 1367.8663225398805,
           "delay_between_fills_minutes_entry": 699.2552274465102,
           "delay_weight_close": 55.70129807181973,
           "delay_weight_entry": 2.9638738258643085,
           "ema_dist_close": 0.0009776099269683497,
           "ema_dist_entry": -0.009591842011187297,
           "ema_span_0": 1385.7780411548738,
           "ema_span_1": 120.02851628778701,
           "enabled": true,
           "markup_range": 0.0076406832269945955,
           "min_markup": 0.009975180521982567,
           "n_close_orders": 8,
           "qty_pct_close": 0.01,
           "qty_pct_entry": 0.01294531967484724,
           "wallet_exposure_limit": 1,
           "we_multiplier_close": 0,
           "we_multiplier_entry": 47.35160553976573}}