{"config_name": "clock_0days",
 "long": {"backwards_tp": true,
          "delay_between_fills_minutes_close": 801.3457881993035,
          "delay_between_fills_minutes_entry": 1350.5186057404444,
          "delay_weight_close": 36.33324717553879,
          "delay_weight_entry": 12.050604072750989,
          "ema_dist_close": 0.0019194319823167144,
          "ema_dist_entry": -0.002049475835452583,
          "ema_span_0": 1324.650897484725,
          "ema_span_1": 1438.076473769553,
          "enabled": true,
          "markup_range": 0.05121666456691198,
          "min_markup": 0.008863263627100524,
          "n_close_orders": 15,
          "qty_pct_close": 0.017964522531185564,
          "qty_pct_entry": 0.012557610697352495,
          "wallet_exposure_limit": 1,
          "we_multiplier_close": 0,
          "we_multiplier_entry": 26.402540672616816},
 "short": {"backwards_tp": true,
           "delay_between_fills_minutes_close": 1387.6947341043958,
           "delay_between_fills_minutes_entry": 698.1018171884307,
           "delay_weight_close": 55.561512834097975,
           "delay_weight_entry": 2.927227180170575,
           "ema_dist_close": 0.0011017636188067955,
           "ema_dist_entry": -0.009595625853882548,
           "ema_span_0": 1386.4660627147987,
           "ema_span_1": 102.49553073822958,
           "enabled": true,
           "markup_range": 0.0077757839496282516,
           "min_markup": 0.009973013135537738,
           "n_close_orders": 8,
           "qty_pct_close": 0.010042739791588753,
           "qty_pct_entry": 0.012894715886545517,
           "wallet_exposure_limit": 1,
           "we_multiplier_close": 0,
           "we_multiplier_entry": 47.217515856044955}}