{"config_name": "clock_0days",
 "long": {"backwards_tp": true,
          "delay_between_fills_minutes_close": 966.08648156454,
          "delay_between_fills_minutes_entry": 796.1958189363064,
          "delay_weight_close": 56.824415487506705,
          "delay_weight_entry": 12.428140462446702,
          "ema_dist_close": 0.0015968384633986642,
          "ema_dist_entry": -0.0021447231506189534,
          "ema_span_0": 1189.5564785093122,
          "ema_span_1": 390.535153153525,
          "enabled": true,
          "markup_range": 0.05930386650166151,
          "min_markup": 0.009369095800849124,
          "n_close_orders": 7,
          "qty_pct_close": 0.011705583989109427,
          "qty_pct_entry": 0.010000007070349128,
          "wallet_exposure_limit": 1,
          "we_multiplier_close": 0,
          "we_multiplier_entry": 17.80256284880463},
 "short": {"backwards_tp": true,
           "delay_between_fills_minutes_close": 1420.4359907413568,
           "delay_between_fills_minutes_entry": 813.0902320499961,
           "delay_weight_close": 73.35620410622826,
           "delay_weight_entry": 8.477940256538888,
           "ema_dist_close": -0.0011229109882759686,
           "ema_dist_entry": -0.012547512225421376,
           "ema_span_0": 594.8308980304884,
           "ema_span_1": 1228.019467166765,
           "enabled": true,
           "markup_range": 0.006672412052603252,
           "min_markup": 0.0074755754871653705,
           "n_close_orders": 15,
           "qty_pct_close": 0.011331530360969098,
           "qty_pct_entry": 0.019691293145196423,
           "wallet_exposure_limit": 1,
           "we_multiplier_close": 0,
           "we_multiplier_entry": 46.33344370781945}}