{"config_name": "clock_0days",
 "long": {"backwards_tp": true,
          "delay_between_fills_minutes_close": 1192.1404553964874,
          "delay_between_fills_minutes_entry": 791.1037635231085,
          "delay_weight_close": 48.218381112190315,
          "delay_weight_entry": 13.868387685640204,
          "ema_dist_close": 0.0023170909153975025,
          "ema_dist_entry": -0.0033549192251556077,
          "ema_span_0": 1428.2000594584051,
          "ema_span_1": 1017.5592176979353,
          "enabled": true,
          "markup_range": 0.04313039661653261,
          "min_markup": 0.00792529313634666,
          "n_close_orders": 13,
          "qty_pct_close": 0.030788111818365802,
          "qty_pct_entry": 0.013430945301825882,
          "wallet_exposure_limit": 1,
          "we_multiplier_close": 0,
          "we_multiplier_entry": 8.56746817431372},
 "short": {"backwards_tp": true,
           "delay_between_fills_minutes_close": 1123.6046724453147,
           "delay_between_fills_minutes_entry": 1007.8961745795849,
           "delay_weight_close": 54.302544923341415,
           "delay_weight_entry": 14.561869304632943,
           "ema_dist_close": 0.0028543215010157835,
           "ema_dist_entry": 0.0006475938775836436,
           "ema_span_0": 1367.2468919982805,
           "ema_span_1": 259.1595249455664,
           "enabled": true,
           "markup_range": 0.03585622421151245,
           "min_markup": 0.009931016147315366,
           "n_close_orders": 13,
           "qty_pct_close": 0.012360992940652588,
           "qty_pct_entry": 0.011136411681853352,
           "wallet_exposure_limit": 1,
           "we_multiplier_close": 0,
           "we_multiplier_entry": 8.919313098773648}}