{"config_name": "clock_0days",
 "long": {"backwards_tp": true,
          "delay_between_fills_minutes_close": 1389.7796191476998,
          "delay_between_fills_minutes_entry": 1426.3475600854192,
          "delay_weight_close": 24.11236503337965,
          "delay_weight_entry": 27.387760234824704,
          "ema_dist_close": -0.004783036661098915,
          "ema_dist_entry": -0.0009367136138739742,
          "ema_span_0": 1088.317524316767,
          "ema_span_1": 1259.7353524097152,
          "enabled": true,
          "markup_range": 0.010572624214850935,
          "min_markup": 0.007172117871849724,
          "n_close_orders": 5,
          "qty_pct_close": 0.046317890375279114,
          "qty_pct_entry": 0.01996030142826058,
          "wallet_exposure_limit": 1,
          "we_multiplier_close": 0,
          "we_multiplier_entry": 12.472608529852776},
 "short": {"backwards_tp": true,
           "delay_between_fills_minutes_close": 770.7531654636675,
           "delay_between_fills_minutes_entry": 1193.4299152332094,
           "delay_weight_close": 23.698085040018046,
           "delay_weight_entry": 17.550284945778113,
           "ema_dist_close": 0.002012916269846434,
           "ema_dist_entry": -0.015759346363981814,
           "ema_span_0": 882.0499311033377,
           "ema_span_1": 90.4454165503562,
           "enabled": true,
           "markup_range": 0.020987911292693718,
           "min_markup": 0.007866526911323687,
           "n_close_orders": 12,
           "qty_pct_close": 0.01079108589653615,
           "qty_pct_entry": 0.013254098083453288,
           "wallet_exposure_limit": 1,
           "we_multiplier_close": 0,
           "we_multiplier_entry": 34.30887816506409}}