{"config_name": "clock_0days",
 "long": {"backwards_tp": true,
          "delay_between_fills_minutes_close": 1391.0431603375505,
          "delay_between_fills_minutes_entry": 1426.5710624240005,
          "delay_weight_close": 24.265259351399582,
          "delay_weight_entry": 27.374479476594942,
          "ema_dist_close": -0.004801297757321593,
          "ema_dist_entry": -0.0009455284920989957,
          "ema_span_0": 1082.384862722595,
          "ema_span_1": 1260.01862040949,
          "enabled": true,
          "markup_range": 0.010621375274273587,
          "min_markup": 0.007121098705050282,
          "n_close_orders": 5,
          "qty_pct_close": 0.04660951575404383,
          "qty_pct_entry": 0.0199630254845551,
          "wallet_exposure_limit": 1,
          "we_multiplier_close": 0,
          "we_multiplier_entry": 12.462646861090507},
 "short": {"backwards_tp": true,
           "delay_between_fills_minutes_close": 636.0098526101663,
           "delay_between_fills_minutes_entry": 1058.9706415784242,
           "delay_weight_close": 0.06049777250373568,
           "delay_weight_entry": 22.90936412210096,
           "ema_dist_close": -0.0025050663827689366,
           "ema_dist_entry": -0.010920774498540911,
           "ema_span_0": 1050.1998244018857,
           "ema_span_1": 919.3619631688974,
           "enabled": true,
           "markup_range": 0.012892119661483369,
           "min_markup": 0.009784998103832288,
           "n_close_orders": 9,
           "qty_pct_close": 0.013541403235324979,
           "qty_pct_entry": 0.013505859493699585,
           "wallet_exposure_limit": 1,
           "we_multiplier_close": 0,
           "we_multiplier_entry": 20.788339097729246}}