{"config_name": "clock_0days",
 "long": {"backwards_tp": true,
          "delay_between_fills_minutes_close": 1182.9675194232736,
          "delay_between_fills_minutes_entry": 1007.1682620636734,
          "delay_weight_close": 89.87252105323053,
          "delay_weight_entry": 8.761528423864856,
          "ema_dist_close": 0.0019744920924290137,
          "ema_dist_entry": 0.001227027407331943,
          "ema_span_0": 1236.3547451221145,
          "ema_span_1": 910.3422794295219,
          "enabled": true,
          "markup_range": 0.008475686726893564,
          "min_markup": 0.007695340096036006,
          "n_close_orders": 3,
          "qty_pct_close": 0.010665723673662307,
          "qty_pct_entry": 0.014672410239745194,
          "wallet_exposure_limit": 1,
          "we_multiplier_close": 0,
          "we_multiplier_entry": 9.794050691780967},
 "short": {"backwards_tp": true,
           "delay_between_fills_minutes_close": 1364.2587732218208,
           "delay_between_fills_minutes_entry": 425.84037015267313,
           "delay_weight_close": 6.3775015565461795,
           "delay_weight_entry": 7.188384360444416,
           "ema_dist_close": 0.0004912029105375679,
           "ema_dist_entry": -0.0028814858912651446,
           "ema_span_0": 1298.8192103417834,
           "ema_span_1": 690.4848588072921,
           "enabled": true,
           "markup_range": 0.005609324244712735,
           "min_markup": 0.006610630726702749,
           "n_close_orders": 6,
           "qty_pct_close": 0.011262475636718951,
           "qty_pct_entry": 0.011465358373293532,
           "wallet_exposure_limit": 1,
           "we_multiplier_close": 0,
           "we_multiplier_entry": 9.362093152965102}}