{"config_name": "clock_0days",
 "long": {"backwards_tp": true,
          "delay_between_fills_minutes_close": 1197.268000231571,
          "delay_between_fills_minutes_entry": 1073.4974875142968,
          "delay_weight_close": 1.2308561287360629,
          "delay_weight_entry": 11.281286383825147,
          "ema_dist_close": -0.0004784065566439598,
          "ema_dist_entry": -0.0010697900065744436,
          "ema_span_0": 1439.0216650617167,
          "ema_span_1": 1312.5667990221527,
          "enabled": true,
          "markup_range": 0.019089165618750778,
          "min_markup": 0.006483016827764733,
          "n_close_orders": 4,
          "qty_pct_close": 0.010529673738567266,
          "qty_pct_entry": 0.010377294258689811,
          "wallet_exposure_limit": 1,
          "we_multiplier_close": 0,
          "we_multiplier_entry": 50},
 "short": {"backwards_tp": true,
           "delay_between_fills_minutes_close": 1197.1115552320246,
           "delay_between_fills_minutes_entry": 1033.3397396500156,
           "delay_weight_close": 0.5797704048627198,
           "delay_weight_entry": 9.783610494837463,
           "ema_dist_close": -0.0020442351514203274,
           "ema_dist_entry": -0.002147530840781547,
           "ema_span_0": 841.1735143333051,
           "ema_span_1": 660.8247747372732,
           "enabled": true,
           "markup_range": 0.012504433450859219,
           "min_markup": 0.008676579657034429,
           "n_close_orders": 10,
           "qty_pct_close": 0.018676090157928947,
           "qty_pct_entry": 0.029075865928173034,
           "wallet_exposure_limit": 1,
           "we_multiplier_close": 0,
           "we_multiplier_entry": 49.761860462186185}}