{"config_name": "clock_0days",
 "long": {"backwards_tp": true,
          "delay_between_fills_minutes_close": 1415.1416788230397,
          "delay_between_fills_minutes_entry": 938.5237150965296,
          "delay_weight_close": 65.45859145747079,
          "delay_weight_entry": 23.501147308796845,
          "ema_dist_close": 0.002294784545222292,
          "ema_dist_entry": -0.01726675673804264,
          "ema_span_0": 1116.6335356072052,
          "ema_span_1": 432.3359477149649,
          "enabled": true,
          "markup_range": 0.005496920265647614,
          "min_markup": 0.001949399966416289,
          "n_close_orders": 14,
          "qty_pct_close": 0.01009248566703848,
          "qty_pct_entry": 0.012621898312096154,
          "wallet_exposure_limit": 1,
          "we_multiplier_close": 0,
          "we_multiplier_entry": 46.9665879449563},
 "short": {"backwards_tp": true,
           "delay_between_fills_minutes_close": 1439.9985429335813,
           "delay_between_fills_minutes_entry": 443.28494824363173,
           "delay_weight_close": 0.16359912229089063,
           "delay_weight_entry": 13.240581743985038,
           "ema_dist_close": 0.0029757836023346887,
           "ema_dist_entry": 0.002999524430504396,
           "ema_span_0": 819.930804907152,
           "ema_span_1": 795.993672876129,
           "enabled": true,
           "markup_range": 0.0017534590868530306,
           "min_markup": 0.002575212146290758,
           "n_close_orders": 4,
           "qty_pct_close": 0.010010983642258086,
           "qty_pct_entry": 0.010978277873816018,
           "wallet_exposure_limit": 1,
           "we_multiplier_close": 0,
           "we_multiplier_entry": 48.262083355049924}}