{"config_name": "clock_0days",
 "long": {"backwards_tp": true,
          "delay_between_fills_minutes_close": 656.6451438497613,
          "delay_between_fills_minutes_entry": 1182.6784336883675,
          "delay_weight_close": 22.737866881001185,
          "delay_weight_entry": 12.907013340207968,
          "ema_dist_close": -0.005094137038280318,
          "ema_dist_entry": -0.0019822164775364507,
          "ema_span_0": 1004.7781648531026,
          "ema_span_1": 1125.8197622962653,
          "enabled": true,
          "markup_range": 0.03393494381008144,
          "min_markup": 0.009446578234594187,
          "n_close_orders": 6,
          "qty_pct_close": 0.010005631736168948,
          "qty_pct_entry": 0.011458314870681798,
          "wallet_exposure_limit": 1,
          "we_multiplier_close": 0,
          "we_multiplier_entry": 34.05856953201555},
 "short": {"backwards_tp": true,
           "delay_between_fills_minutes_close": 1214.6804131104707,
           "delay_between_fills_minutes_entry": 834.7097896048284,
           "delay_weight_close": 87.03558642467877,
           "delay_weight_entry": 20.417228085355923,
           "ema_dist_close": -0.0008326452924697412,
           "ema_dist_entry": -0.004456913910283056,
           "ema_span_0": 703.903462148417,
           "ema_span_1": 1312.3953609505163,
           "enabled": true,
           "markup_range": 0.055019765065903586,
           "min_markup": 0.0064014373071812096,
           "n_close_orders": 2,
           "qty_pct_close": 0.016061673637921173,
           "qty_pct_entry": 0.024900158634375235,
           "wallet_exposure_limit": 1,
           "we_multiplier_close": 0,
           "we_multiplier_entry": 20.538639134248918}}