{"config_name": "clock_0days",
 "long": {"backwards_tp": true,
          "delay_between_fills_minutes_close": 1088.583416750614,
          "delay_between_fills_minutes_entry": 792.4507659725243,
          "delay_weight_close": 65.42238389799536,
          "delay_weight_entry": 12.830346867656306,
          "ema_dist_close": -0.002119624854989983,
          "ema_dist_entry": 0.0015544721047252806,
          "ema_span_0": 1265.2522213657214,
          "ema_span_1": 1335.0483095828058,
          "enabled": true,
          "markup_range": 0.055356487943297776,
          "min_markup": 0.006326758630168559,
          "n_close_orders": 2,
          "qty_pct_close": 0.01490044281158096,
          "qty_pct_entry": 0.010079717350843617,
          "wallet_exposure_limit": 1,
          "we_multiplier_close": 0,
          "we_multiplier_entry": 6.810447565742179},
 "short": {"backwards_tp": true,
           "delay_between_fills_minutes_close": 700.6914231952267,
           "delay_between_fills_minutes_entry": 168.4056022550254,
           "delay_weight_close": 0.00048748681470073805,
           "delay_weight_entry": 1.055598418700892,
           "ema_dist_close": 0.0019240539063527047,
           "ema_dist_entry": -0.02209031120271672,
           "ema_span_0": 933.0151716854781,
           "ema_span_1": 829.2402000588095,
           "enabled": true,
           "markup_range": 0.0046784334134281355,
           "min_markup": 0.0027797765687566866,
           "n_close_orders": 14,
           "qty_pct_close": 0.010784047569105136,
           "qty_pct_entry": 0.010317467376184861,
           "wallet_exposure_limit": 1,
           "we_multiplier_close": 0,
           "we_multiplier_entry": 29.76050371532518}}