{"config_name": "clock_0days",
 "long": {"backwards_tp": true,
          "delay_between_fills_minutes_close": 982.1114384601992,
          "delay_between_fills_minutes_entry": 1217.8570757792088,
          "delay_weight_close": 27.35979816168313,
          "delay_weight_entry": 9.896339717571426,
          "ema_dist_close": 0.001852286567782835,
          "ema_dist_entry": -0.0063302454593886365,
          "ema_span_0": 1288.6178079055449,
          "ema_span_1": 458.99927260504467,
          "enabled": true,
          "markup_range": 0.059316436372411054,
          "min_markup": 0.007669512440158862,
          "n_close_orders": 15,
          "qty_pct_close": 0.0128413242116296,
          "qty_pct_entry": 0.01023561794315263,
          "wallet_exposure_limit": 1,
          "we_multiplier_close": 0,
          "we_multiplier_entry": 24.642606902901733},
 "short": {"backwards_tp": true,
           "delay_between_fills_minutes_close": 1326.4613304012246,
           "delay_between_fills_minutes_entry": 466.86355303444975,
           "delay_weight_close": 6.020165029029423,
           "delay_weight_entry": 28.014593712840874,
           "ema_dist_close": -0.009146603859303895,
           "ema_dist_entry": -0.007333634435798172,
           "ema_span_0": 1117.4763841771146,
           "ema_span_1": 181.64661047177708,
           "enabled": true,
           "markup_range": 0.01117707527462364,
           "min_markup": 0.006269700986127895,
           "n_close_orders": 11,
           "qty_pct_close": 0.012112685240584136,
           "qty_pct_entry": 0.010149372249928844,
           "wallet_exposure_limit": 1,
           "we_multiplier_close": 0,
           "we_multiplier_entry": 45.08317004201552}}