{"config_name": "clock_0days",
 "long": {"backwards_tp": true,
          "delay_between_fills_minutes_close": 851.1261624334139,
          "delay_between_fills_minutes_entry": 1271.0128898192,
          "delay_weight_close": 33.7539985353951,
          "delay_weight_entry": 10.414270094086978,
          "ema_dist_close": -0.009545457899965961,
          "ema_dist_entry": 0.002115365253008751,
          "ema_span_0": 1367.7750550512967,
          "ema_span_1": 1338.1133801935707,
          "enabled": true,
          "markup_range": 0.059990632069684545,
          "min_markup": 0.009602798977270031,
          "n_close_orders": 14,
          "qty_pct_close": 0.010279844709505229,
          "qty_pct_entry": 0.010829335252269996,
          "wallet_exposure_limit": 1,
          "we_multiplier_close": 0,
          "we_multiplier_entry": 10.084360042875474},
 "short": {"backwards_tp": true,
           "delay_between_fills_minutes_close": 1419.3676962697248,
           "delay_between_fills_minutes_entry": 312.63332002210075,
           "delay_weight_close": 4.20026481283658,
           "delay_weight_entry": 11.985960685813058,
           "ema_dist_close": 0.0020589355515788017,
           "ema_dist_entry": -0.0053094528673759776,
           "ema_span_0": 720.1562335588767,
           "ema_span_1": 928.1561920881004,
           "enabled": true,
           "markup_range": 0.00781294701678672,
           "min_markup": 0.003242161927052182,
           "n_close_orders": 3,
           "qty_pct_close": 0.01,
           "qty_pct_entry": 0.01002153714709753,
           "wallet_exposure_limit": 1,
           "we_multiplier_close": 0,
           "we_multiplier_entry": 18.006819860939437}}