{"config_name": "clock_0days",
 "long": {"backwards_tp": true,
          "delay_between_fills_minutes_close": 1439.5360124862,
          "delay_between_fills_minutes_entry": 859.1227070243172,
          "delay_weight_close": 29.556555395771973,
          "delay_weight_entry": 13.25201710002017,
          "ema_dist_close": 0.001733117204678289,
          "ema_dist_entry": 0.002232389049173993,
          "ema_span_0": 982.6152333352189,
          "ema_span_1": 789.3269555523823,
          "enabled": true,
          "markup_range": 0.0010562689965902708,
          "min_markup": 0.008030938912674498,
          "n_close_orders": 15,
          "qty_pct_close": 0.012665893826731929,
          "qty_pct_entry": 0.0127344177482051,
          "wallet_exposure_limit": 1,
          "we_multiplier_close": 0,
          "we_multiplier_entry": 6.890426202318031},
 "short": {"backwards_tp": true,
           "delay_between_fills_minutes_close": 1044.4439537906833,
           "delay_between_fills_minutes_entry": 284.9948072242528,
           "delay_weight_close": 85.83752226983684,
           "delay_weight_entry": 11.644392476918501,
           "ema_dist_close": 0.0014532398114953044,
           "ema_dist_entry": -0.012907490908855493,
           "ema_span_0": 1350.1084840401143,
           "ema_span_1": 1245.3609442867687,
           "enabled": true,
           "markup_range": 0.004792893120458578,
           "min_markup": 0.0038254230464410737,
           "n_close_orders": 9,
           "qty_pct_close": 0.01851960244535793,
           "qty_pct_entry": 0.015076926731944766,
           "wallet_exposure_limit": 1,
           "we_multiplier_close": 0,
           "we_multiplier_entry": 8.729020699832065}}