{"config_name": "clock_0days",
 "long": {"backwards_tp": true,
          "delay_between_fills_minutes_close": 946.0324511552675,
          "delay_between_fills_minutes_entry": 1234.7531871252527,
          "delay_weight_close": 23.81982993570577,
          "delay_weight_entry": 14.534173468152913,
          "ema_dist_close": -0.002186019491064776,
          "ema_dist_entry": -0.0014662713762488417,
          "ema_span_0": 1310.552922145013,
          "ema_span_1": 1073.6182035104493,
          "enabled": true,
          "markup_range": 0.028580063621697554,
          "min_markup": 0.008092299264809859,
          "n_close_orders": 4,
          "qty_pct_close": 0.011387301692636475,
          "qty_pct_entry": 0.012613543935737853,
          "wallet_exposure_limit": 1,
          "we_multiplier_close": 0,
          "we_multiplier_entry": 26.1708870851534},
 "short": {"backwards_tp": true,
           "delay_between_fills_minutes_close": 1044.299515850433,
           "delay_between_fills_minutes_entry": 785.825602551224,
           "delay_weight_close": 57.813702203013236,
           "delay_weight_entry": 25.059215973127245,
           "ema_dist_close": 0.002613520802295475,
           "ema_dist_entry": -0.004821790048485822,
           "ema_span_0": 5.001519536755321,
           "ema_span_1": 946.1559469281274,
           "enabled": true,
           "markup_range": 0.005213390903377498,
           "min_markup": 0.0035250964142057592,
           "n_close_orders": 12,
           "qty_pct_close": 0.010042781433558839,
           "qty_pct_entry": 0.010720774065264716,
           "wallet_exposure_limit": 1,
           "we_multiplier_close": 0,
           "we_multiplier_entry": 43.091327689326654}}