{"config_name": "clock_0days",
 "long": {"backwards_tp": true,
          "delay_between_fills_minutes_close": 952.7001101952578,
          "delay_between_fills_minutes_entry": 1199.430093676076,
          "delay_weight_close": 4.085911601297259,
          "delay_weight_entry": 10.97862123140131,
          "ema_dist_close": 0.0007916098192061761,
          "ema_dist_entry": 0.0012558169205408355,
          "ema_span_0": 1334.1580471865152,
          "ema_span_1": 881.3395852694684,
          "enabled": true,
          "markup_range": 0.04127502242805815,
          "min_markup": 0.00928082283279103,
          "n_close_orders": 8,
          "qty_pct_close": 0.02676481222984645,
          "qty_pct_entry": 0.01,
          "wallet_exposure_limit": 1,
          "we_multiplier_close": 0,
          "we_multiplier_entry": 47.88226183627663},
 "short": {"backwards_tp": true,
           "delay_between_fills_minutes_close": 763.5675900024833,
           "delay_between_fills_minutes_entry": 336.84996844680137,
           "delay_weight_close": 4.172444629417019,
           "delay_weight_entry": 27.8970181184327,
           "ema_dist_close": 0.002012414010929426,
           "ema_dist_entry": -0.003881516841071233,
           "ema_span_0": 1372.6604059898161,
           "ema_span_1": 5.161901919134253,
           "enabled": true,
           "markup_range": 0.004525559065348018,
           "min_markup": 0.0035442968743519122,
           "n_close_orders": 5,
           "qty_pct_close": 0.010055680846827206,
           "qty_pct_entry": 0.01,
           "wallet_exposure_limit": 1,
           "we_multiplier_close": 0,
           "we_multiplier_entry": 7.588144695321444}}