{"config_name": "clock_0days",
 "long": {"backwards_tp": true,
          "delay_between_fills_minutes_close": 1211.9271682590809,
          "delay_between_fills_minutes_entry": 1095.3269501133077,
          "delay_weight_close": 41.11770967367582,
          "delay_weight_entry": 13.950926398146946,
          "ema_dist_close": 0.0029552657403304683,
          "ema_dist_entry": -0.04024932299776792,
          "ema_span_0": 1416.1963484304154,
          "ema_span_1": 25.54144367676385,
          "enabled": true,
          "markup_range": 0.059872018942431465,
          "min_markup": 0.00807317862274566,
          "n_close_orders": 13,
          "qty_pct_close": 0.018691764804111076,
          "qty_pct_entry": 0.01,
          "wallet_exposure_limit": 1,
          "we_multiplier_close": 0,
          "we_multiplier_entry": 13.598245393894894},
 "short": {"backwards_tp": true,
           "delay_between_fills_minutes_close": 434.17532456020155,
           "delay_between_fills_minutes_entry": 844.8390080874593,
           "delay_weight_close": 6.54766048824612,
           "delay_weight_entry": 19.60708372614642,
           "ema_dist_close": 0.0006122537030016851,
           "ema_dist_entry": 0.0021590591445903797,
           "ema_span_0": 527.7604142026237,
           "ema_span_1": 1231.201378790551,
           "enabled": true,
           "markup_range": 0.04217838676013018,
           "min_markup": 0.009428548140937514,
           "n_close_orders": 12,
           "qty_pct_close": 0.023917246131970306,
           "qty_pct_entry": 0.01,
           "wallet_exposure_limit": 1,
           "we_multiplier_close": 0,
           "we_multiplier_entry": 43.785114908743076}}