{"config_name": "clock_0days",
 "long": {"backwards_tp": true,
          "delay_between_fills_minutes_close": 1439.9038312944454,
          "delay_between_fills_minutes_entry": 1358.2269218391982,
          "delay_weight_close": 19.36726999065258,
          "delay_weight_entry": 13.792473220354431,
          "ema_dist_close": 0.002995775390258391,
          "ema_dist_entry": -0.006157067078552275,
          "ema_span_0": 1380.551612249665,
          "ema_span_1": 1428.1158268201004,
          "enabled": true,
          "markup_range": 0.006617068187209175,
          "min_markup": 0.006892948989530765,
          "n_close_orders": 2,
          "qty_pct_close": 0.010101724252423288,
          "qty_pct_entry": 0.01017592289519369,
          "wallet_exposure_limit": 1,
          "we_multiplier_close": 0,
          "we_multiplier_entry": 49.999982330441114},
 "short": {"backwards_tp": true,
           "delay_between_fills_minutes_close": 1119.5565299618086,
           "delay_between_fills_minutes_entry": 530.8296051704276,
           "delay_weight_close": 14.658870857876673,
           "delay_weight_entry": 21.702090270019788,
           "ema_dist_close": 0.0004703054388804743,
           "ema_dist_entry": -0.0017742729420446178,
           "ema_span_0": 732.4802103146062,
           "ema_span_1": 1082.4122640841542,
           "enabled": true,
           "markup_range": 7.51963174887884e-06,
           "min_markup": 0.00581707039158619,
           "n_close_orders": 12,
           "qty_pct_close": 0.01608264721802408,
           "qty_pct_entry": 0.011039098959663903,
           "wallet_exposure_limit": 1,
           "we_multiplier_close": 0,
           "we_multiplier_entry": 49.64742290329854}}