{"config_name": "clock_0days",
 "long": {"backwards_tp": true,
          "delay_between_fills_minutes_close": 1439.9996307263943,
          "delay_between_fills_minutes_entry": 1356.3096839048605,
          "delay_weight_close": 19.82630462195396,
          "delay_weight_entry": 13.78422385124914,
          "ema_dist_close": 0.0006512868398342138,
          "ema_dist_entry": -0.005882335475745471,
          "ema_span_0": 1378.9252413534934,
          "ema_span_1": 1415.5021832599589,
          "enabled": true,
          "markup_range": 0.006589815056230229,
          "min_markup": 0.006910286400636286,
          "n_close_orders": 2,
          "qty_pct_close": 0.010097344655516368,
          "qty_pct_entry": 0.010168520311009246,
          "wallet_exposure_limit": 1,
          "we_multiplier_close": 0,
          "we_multiplier_entry": 49.99917137825818},
 "short": {"backwards_tp": true,
           "delay_between_fills_minutes_close": 1160.2973098516572,
           "delay_between_fills_minutes_entry": 526.862083113452,
           "delay_weight_close": 17.036577574619105,
           "delay_weight_entry": 22.10116590833479,
           "ema_dist_close": -3.446651532376068e-05,
           "ema_dist_entry": -0.00012952203825090068,
           "ema_span_0": 692.1721120275521,
           "ema_span_1": 1082.5295770581015,
           "enabled": true,
           "markup_range": 0.0,
           "min_markup": 0.0055825273312523705,
           "n_close_orders": 12,
           "qty_pct_close": 0.01641518785101752,
           "qty_pct_entry": 0.010993386618974922,
           "wallet_exposure_limit": 1,
           "we_multiplier_close": 0,
           "we_multiplier_entry": 49.962142319585595}}