{"config_name": "clock_0days",
 "long": {"backwards_tp": true,
          "delay_between_fills_minutes_close": 1167.7763485721239,
          "delay_between_fills_minutes_entry": 1070.5012635157057,
          "delay_weight_close": 64.47411839324123,
          "delay_weight_entry": 30.26921998384661,
          "ema_dist_close": -0.003709025351532321,
          "ema_dist_entry": 0.0018908163432512835,
          "ema_span_0": 829.8861035037357,
          "ema_span_1": 965.5048648942922,
          "enabled": true,
          "markup_range": 0.007026586156628394,
          "min_markup": 0.006112892899813559,
          "n_close_orders": 4,
          "qty_pct_close": 0.013140272142490517,
          "qty_pct_entry": 0.017138610711076877,
          "wallet_exposure_limit": 1,
          "we_multiplier_close": 0,
          "we_multiplier_entry": 20.646044922151553},
 "short": {"backwards_tp": true,
           "delay_between_fills_minutes_close": 1195.9010655167735,
           "delay_between_fills_minutes_entry": 914.8413201727267,
           "delay_weight_close": 64.84946999383591,
           "delay_weight_entry": 9.412513350497788,
           "ema_dist_close": -0.003820212369005769,
           "ema_dist_entry": -0.015489116350021526,
           "ema_span_0": 228.0585781422762,
           "ema_span_1": 1301.843330496509,
           "enabled": true,
           "markup_range": 0.02269539690219534,
           "min_markup": 0.0073741486985211295,
           "n_close_orders": 7,
           "qty_pct_close": 0.010037549015766785,
           "qty_pct_entry": 0.012507376781474561,
           "wallet_exposure_limit": 1,
           "we_multiplier_close": 0,
           "we_multiplier_entry": 34.81651950436099}}