{"config_name": "clock_0days",
 "long": {"backwards_tp": true,
          "delay_between_fills_minutes_close": 900.9015952475341,
          "delay_between_fills_minutes_entry": 436.26195703063695,
          "delay_weight_close": 0.4208833066023584,
          "delay_weight_entry": 7.520380575715492,
          "ema_dist_close": -0.003138639896461695,
          "ema_dist_entry": 0.0002601451990202081,
          "ema_span_0": 1229.6688648508634,
          "ema_span_1": 1131.424121686753,
          "enabled": true,
          "markup_range": 0.008611910101839787,
          "min_markup": 0.008040533950549407,
          "n_close_orders": 13,
          "qty_pct_close": 0.011679407784583566,
          "qty_pct_entry": 0.012419730983829348,
          "wallet_exposure_limit": 1,
          "we_multiplier_close": 0,
          "we_multiplier_entry": 23.95080762720841},
 "short": {"backwards_tp": true,
           "delay_between_fills_minutes_close": 729.1350138907183,
           "delay_between_fills_minutes_entry": 598.7898929680617,
           "delay_weight_close": 39.537725601653314,
           "delay_weight_entry": 14.44867498613962,
           "ema_dist_close": -0.0011354454788494216,
           "ema_dist_entry": -0.0012940755945746738,
           "ema_span_0": 1119.5058111512767,
           "ema_span_1": 1194.9717678809754,
           "enabled": true,
           "markup_range": 0.0416279400474618,
           "min_markup": 0.009601458167185216,
           "n_close_orders": 4,
           "qty_pct_close": 0.011922970112818086,
           "qty_pct_entry": 0.011684819395771219,
           "wallet_exposure_limit": 1,
           "we_multiplier_close": 0,
           "we_multiplier_entry": 29.417952931407}}