{"config_name": "clock_0days",
 "long": {"backwards_tp": true,
          "delay_between_fills_minutes_close": 1426.1516771828806,
          "delay_between_fills_minutes_entry": 1305.3714763368782,
          "delay_weight_close": 8.91441133275734,
          "delay_weight_entry": 15.627105192955671,
          "ema_dist_close": 0.0005328251613211165,
          "ema_dist_entry": 0.002974228378353759,
          "ema_span_0": 173.151058959988,
          "ema_span_1": 1227.586462693717,
          "enabled": true,
          "markup_range": 0.05749773284054359,
          "min_markup": 0.00959547967244143,
          "n_close_orders": 15,
          "qty_pct_close": 0.03606869041247751,
          "qty_pct_entry": 0.01016455121770557,
          "wallet_exposure_limit": 1,
          "we_multiplier_close": 0,
          "we_multiplier_entry": 23.128291226690923},
 "short": {"backwards_tp": true,
           "delay_between_fills_minutes_close": 1432.9334103489116,
           "delay_between_fills_minutes_entry": 625.2647989257891,
           "delay_weight_close": 0.14486084896857784,
           "delay_weight_entry": 10.614025103719225,
           "ema_dist_close": -0.0005803754088262122,
           "ema_dist_entry": -0.007038622426020813,
           "ema_span_0": 245.61643030200204,
           "ema_span_1": 313.4149973843491,
           "enabled": true,
           "markup_range": 0.0064283976786502816,
           "min_markup": 0.007086510492250265,
           "n_close_orders": 9,
           "qty_pct_close": 0.013958115932205745,
           "qty_pct_entry": 0.013910630403550898,
           "wallet_exposure_limit": 1,
           "we_multiplier_close": 0,
           "we_multiplier_entry": 40.39235496815764}}