{"config_name": "clock_0days",
 "long": {"backwards_tp": true,
          "delay_between_fills_minutes_close": 1301.4013007475369,
          "delay_between_fills_minutes_entry": 590.4570671148313,
          "delay_weight_close": 8.733034244999319,
          "delay_weight_entry": 28.239206835319052,
          "ema_dist_close": 0.002054564883820892,
          "ema_dist_entry": 0.0013572807772383195,
          "ema_span_0": 286.42659769694944,
          "ema_span_1": 899.7968555627447,
          "enabled": true,
          "markup_range": 0.0038380879750995445,
          "min_markup": 0.0033487252854815307,
          "n_close_orders": 14,
          "qty_pct_close": 0.02871158027782959,
          "qty_pct_entry": 0.022248656968013324,
          "wallet_exposure_limit": 1,
          "we_multiplier_close": 0,
          "we_multiplier_entry": 49.836136263422624},
 "short": {"backwards_tp": true,
           "delay_between_fills_minutes_close": 1434.2492659185266,
           "delay_between_fills_minutes_entry": 627.8920200330992,
           "delay_weight_close": 3.91305306793461,
           "delay_weight_entry": 10.473262413007424,
           "ema_dist_close": -3.259592390646135e-05,
           "ema_dist_entry": -0.007694695682825576,
           "ema_span_0": 246.241575457051,
           "ema_span_1": 315.07644857764376,
           "enabled": true,
           "markup_range": 0.0064214842471586485,
           "min_markup": 0.0070234960697073134,
           "n_close_orders": 9,
           "qty_pct_close": 0.014030970538306394,
           "qty_pct_entry": 0.014052624022010789,
           "wallet_exposure_limit": 1,
           "we_multiplier_close": 0,
           "we_multiplier_entry": 40.240090901886816}}