{"config_name": "clock_0days",
 "long": {"backwards_tp": true,
          "delay_between_fills_minutes_close": 851.1261624334139,
          "delay_between_fills_minutes_entry": 1271.0128898192,
          "delay_weight_close": 33.7539985353951,
          "delay_weight_entry": 10.414270094086978,
          "ema_dist_close": -0.009545457899965961,
          "ema_dist_entry": 0.002115365253008751,
          "ema_span_0": 1367.7750550512967,
          "ema_span_1": 1338.1133801935707,
          "enabled": true,
          "markup_range": 0.059990632069684545,
          "min_markup": 0.009602798977270031,
          "n_close_orders": 14,
          "qty_pct_close": 0.010279844709505229,
          "qty_pct_entry": 0.010829335252269996,
          "wallet_exposure_limit": 1,
          "we_multiplier_close": 0,
          "we_multiplier_entry": 10.084360042875474},
 "short": {"backwards_tp": true,
           "delay_between_fills_minutes_close": 1418.1853395319615,
           "delay_between_fills_minutes_entry": 505.02704637582883,
           "delay_weight_close": 11.91636586808022,
           "delay_weight_entry": 5.943828542763821,
           "ema_dist_close": 0.0003701467887769311,
           "ema_dist_entry": -0.004019062125416825,
           "ema_span_0": 1374.7015089376073,
           "ema_span_1": 1382.1761448167981,
           "enabled": true,
           "markup_range": 0.008739167783273279,
           "min_markup": 0.007283927178502984,
           "n_close_orders": 3,
           "qty_pct_close": 0.010044951193249123,
           "qty_pct_entry": 0.015558056453449135,
           "wallet_exposure_limit": 1,
           "we_multiplier_close": 0,
           "we_multiplier_entry": 43.00483183816011}}