{"config_name": "clock_0days",
 "long": {"backwards_tp": true,
          "delay_between_fills_minutes_close": 744.4810125148975,
          "delay_between_fills_minutes_entry": 1242.1629980036607,
          "delay_weight_close": 57.66456962562457,
          "delay_weight_entry": 11.206906608416924,
          "ema_dist_close": -0.007230395116467442,
          "ema_dist_entry": 0.0011836120673538904,
          "ema_span_0": 1192.3998575874548,
          "ema_span_1": 1374.9754848941254,
          "enabled": true,
          "markup_range": 0.05985693068870404,
          "min_markup": 0.00945209486873432,
          "n_close_orders": 11,
          "qty_pct_close": 0.010002690004590944,
          "qty_pct_entry": 0.010542268550820926,
          "wallet_exposure_limit": 1,
          "we_multiplier_close": 0,
          "we_multiplier_entry": 10.079680604127681},
 "short": {"backwards_tp": true,
           "delay_between_fills_minutes_close": 1418.288814622799,
           "delay_between_fills_minutes_entry": 505.0734075441379,
           "delay_weight_close": 11.869349083806261,
           "delay_weight_entry": 5.942625843648699,
           "ema_dist_close": 0.00036914505235652746,
           "ema_dist_entry": -0.004002585449369781,
           "ema_span_0": 1375.7111256869875,
           "ema_span_1": 1379.8553989479817,
           "enabled": true,
           "markup_range": 0.008758055892309713,
           "min_markup": 0.007265202514993668,
           "n_close_orders": 3,
           "qty_pct_close": 0.010044171160764406,
           "qty_pct_entry": 0.01551158000586426,
           "wallet_exposure_limit": 1,
           "we_multiplier_close": 0,
           "we_multiplier_entry": 42.98536267031256}}