{"config_name": "clock_0days",
 "long": {"backwards_tp": true,
          "delay_between_fills_minutes_close": 1370.330711456547,
          "delay_between_fills_minutes_entry": 1205.461514879456,
          "delay_weight_close": 50.393562227474185,
          "delay_weight_entry": 5.746696339402074,
          "ema_dist_close": 0.0028249499040441956,
          "ema_dist_entry": -0.005727574793557369,
          "ema_span_0": 311.5731620319031,
          "ema_span_1": 1363.209180445593,
          "enabled": true,
          "markup_range": 0.05898294252241398,
          "min_markup": 0.00900393943145341,
          "n_close_orders": 7,
          "qty_pct_close": 0.010573273457660879,
          "qty_pct_entry": 0.013286194391958047,
          "wallet_exposure_limit": 1,
          "we_multiplier_close": 0,
          "we_multiplier_entry": 10.16482557395951},
 "short": {"backwards_tp": true,
           "delay_between_fills_minutes_close": 1412.295287539748,
           "delay_between_fills_minutes_entry": 1047.2353291667882,
           "delay_weight_close": 39.28896919919422,
           "delay_weight_entry": 3.3334507658908543,
           "ema_dist_close": 0.002678510609963926,
           "ema_dist_entry": 0.0019159766341221923,
           "ema_span_0": 1226.049433092329,
           "ema_span_1": 1407.84421615113,
           "enabled": true,
           "markup_range": 0.011231363589640603,
           "min_markup": 0.005970324378700582,
           "n_close_orders": 7,
           "qty_pct_close": 0.01000141758231588,
           "qty_pct_entry": 0.021110660168367792,
           "wallet_exposure_limit": 1,
           "we_multiplier_close": 0,
           "we_multiplier_entry": 36.70956291569769}}