{"config_name": "clock_0days",
 "long": {"backwards_tp": true,
          "delay_between_fills_minutes_close": 1137.3194055699828,
          "delay_between_fills_minutes_entry": 1088.7528826652488,
          "delay_weight_close": 88.30469365373482,
          "delay_weight_entry": 14.951490633355576,
          "ema_dist_close": -0.004707694475614976,
          "ema_dist_entry": 0.002956100229462928,
          "ema_span_0": 983.7211644420803,
          "ema_span_1": 1288.9795232975994,
          "enabled": true,
          "markup_range": 0.05999186882805523,
          "min_markup": 0.009122532297901753,
          "n_close_orders": 13,
          "qty_pct_close": 0.010225849253167954,
          "qty_pct_entry": 0.011820324010258421,
          "wallet_exposure_limit": 1,
          "we_multiplier_close": 0,
          "we_multiplier_entry": 46.7178761688875},
 "short": {"backwards_tp": true,
           "delay_between_fills_minutes_close": 1309.33645848481,
           "delay_between_fills_minutes_entry": 292.5082714824546,
           "delay_weight_close": 85.20708079347605,
           "delay_weight_entry": 7.268990156120841,
           "ema_dist_close": -0.009272972447208738,
           "ema_dist_entry": -0.012530656329730818,
           "ema_span_0": 352.15599562308836,
           "ema_span_1": 840.3403346408348,
           "enabled": true,
           "markup_range": 0.0033520665675332243,
           "min_markup": 0.005594786211745724,
           "n_close_orders": 3,
           "qty_pct_close": 0.010028514568880854,
           "qty_pct_entry": 0.012299678337613511,
           "wallet_exposure_limit": 1,
           "we_multiplier_close": 0,
           "we_multiplier_entry": 45.92200517746132}}