{"config_name": "clock_0days",
 "long": {"backwards_tp": true,
          "delay_between_fills_minutes_close": 1203.4611181572768,
          "delay_between_fills_minutes_entry": 1265.794247342226,
          "delay_weight_close": 57.83783859617172,
          "delay_weight_entry": 12.499722800741255,
          "ema_dist_close": -0.0005024491267574696,
          "ema_dist_entry": -0.027340186975463802,
          "ema_span_0": 452.468690047275,
          "ema_span_1": 1198.7397140746277,
          "enabled": true,
          "markup_range": 0.043056168258799585,
          "min_markup": 0.009938065969980503,
          "n_close_orders": 11,
          "qty_pct_close": 0.010048868385421263,
          "qty_pct_entry": 0.01,
          "wallet_exposure_limit": 1,
          "we_multiplier_close": 0,
          "we_multiplier_entry": 9.823099979339839},
 "short": {"backwards_tp": true,
           "delay_between_fills_minutes_close": 903.4577390484795,
           "delay_between_fills_minutes_entry": 91.31869679673099,
           "delay_weight_close": 61.0637713869559,
           "delay_weight_entry": 21.21444113263368,
           "ema_dist_close": 0.00287714922509502,
           "ema_dist_entry": -0.015841540747091768,
           "ema_span_0": 142.5433618055965,
           "ema_span_1": 436.1751528372657,
           "enabled": true,
           "markup_range": 0.0005145423300760727,
           "min_markup": 0.003659346019507608,
           "n_close_orders": 7,
           "qty_pct_close": 0.018959604054111,
           "qty_pct_entry": 0.014964702519543157,
           "wallet_exposure_limit": 1,
           "we_multiplier_close": 0,
           "we_multiplier_entry": 9.266575868243784}}