{"config_name": "clock_0days",
 "long": {"backwards_tp": true,
          "delay_between_fills_minutes_close": 1373.2725817066453,
          "delay_between_fills_minutes_entry": 569.7493733065807,
          "delay_weight_close": 90.35184523809806,
          "delay_weight_entry": 10.371271085540615,
          "ema_dist_close": 0.0026699853139973808,
          "ema_dist_entry": 0.0006858269637528678,
          "ema_span_0": 872.9806171019176,
          "ema_span_1": 870.7583480903252,
          "enabled": true,
          "markup_range": 0.01848533576653506,
          "min_markup": 0.009802964997115846,
          "n_close_orders": 12,
          "qty_pct_close": 0.010629208189091492,
          "qty_pct_entry": 0.010294718523339484,
          "wallet_exposure_limit": 1,
          "we_multiplier_close": 0,
          "we_multiplier_entry": 26.74089606001299},
 "short": {"backwards_tp": true,
           "delay_between_fills_minutes_close": 378.9695069806188,
           "delay_between_fills_minutes_entry": 336.9774642676796,
           "delay_weight_close": 75.50438935618814,
           "delay_weight_entry": 2.9728025399804854,
           "ema_dist_close": 0.0028395015507380393,
           "ema_dist_entry": -0.0001583660343275829,
           "ema_span_0": 1370.05375447131,
           "ema_span_1": 88.52808463184316,
           "enabled": true,
           "markup_range": 0.05172753519180264,
           "min_markup": 0.009683835755756945,
           "n_close_orders": 7,
           "qty_pct_close": 0.010190966080316747,
           "qty_pct_entry": 0.010246267418705936,
           "wallet_exposure_limit": 1,
           "we_multiplier_close": 0,
           "we_multiplier_entry": 44.54609558755943}}