{"config_name": "clock_0days",
 "long": {"backwards_tp": true,
          "delay_between_fills_minutes_close": 1436.892386165355,
          "delay_between_fills_minutes_entry": 1056.7607277678278,
          "delay_weight_close": 61.92577769577431,
          "delay_weight_entry": 22.33568912695574,
          "ema_dist_close": 0.0014144636745898605,
          "ema_dist_entry": 0.0016874612039642406,
          "ema_span_0": 443.12693749654824,
          "ema_span_1": 558.726851928593,
          "enabled": true,
          "markup_range": 0.013333451799582629,
          "min_markup": 0.008760889598654958,
          "n_close_orders": 4,
          "qty_pct_close": 0.010309722139757548,
          "qty_pct_entry": 0.010027382062929337,
          "wallet_exposure_limit": 1,
          "we_multiplier_close": 0,
          "we_multiplier_entry": 21.730794315367106},
 "short": {"backwards_tp": true,
           "delay_between_fills_minutes_close": 1416.43184061744,
           "delay_between_fills_minutes_entry": 1295.7109338254324,
           "delay_weight_close": 15.206754455619496,
           "delay_weight_entry": 9.449758313968402,
           "ema_dist_close": 0.000825372950422615,
           "ema_dist_entry": -0.01228633112058592,
           "ema_span_0": 1312.8759340711392,
           "ema_span_1": 683.2631426350719,
           "enabled": true,
           "markup_range": 0.028024157654192278,
           "min_markup": 0.006725809645670081,
           "n_close_orders": 9,
           "qty_pct_close": 0.010081906273981148,
           "qty_pct_entry": 0.01133318013541956,
           "wallet_exposure_limit": 1,
           "we_multiplier_close": 0,
           "we_multiplier_entry": 48.909428156875954}}