{"config_name": "clock_0days",
 "long": {"backwards_tp": true,
          "delay_between_fills_minutes_close": 1439.9253554801228,
          "delay_between_fills_minutes_entry": 1058.1749897165043,
          "delay_weight_close": 62.56008714884833,
          "delay_weight_entry": 22.33430850058896,
          "ema_dist_close": 0.0012528752523259616,
          "ema_dist_entry": 0.0017359631913770853,
          "ema_span_0": 443.0377165531001,
          "ema_span_1": 558.4915425317798,
          "enabled": true,
          "markup_range": 0.01325921045686843,
          "min_markup": 0.00878862946097054,
          "n_close_orders": 4,
          "qty_pct_close": 0.010261148033075925,
          "qty_pct_entry": 0.010002782557238686,
          "wallet_exposure_limit": 1,
          "we_multiplier_close": 0,
          "we_multiplier_entry": 21.71520253414462},
 "short": {"backwards_tp": true,
           "delay_between_fills_minutes_close": 1379.5447151240091,
           "delay_between_fills_minutes_entry": 1305.9479354231535,
           "delay_weight_close": 15.915405433539586,
           "delay_weight_entry": 9.44627797651369,
           "ema_dist_close": 0.0008493760569919213,
           "ema_dist_entry": -0.01212730839701626,
           "ema_span_0": 1312.002615653343,
           "ema_span_1": 744.4901910174958,
           "enabled": true,
           "markup_range": 0.025834019512573244,
           "min_markup": 0.006682369335563048,
           "n_close_orders": 9,
           "qty_pct_close": 0.010074652591539094,
           "qty_pct_entry": 0.01180431264101569,
           "wallet_exposure_limit": 1,
           "we_multiplier_close": 0,
           "we_multiplier_entry": 48.5880467648708}}