{"config_name": "clock_0days",
 "long": {"backwards_tp": true,
          "delay_between_fills_minutes_close": 665.3680002531862,
          "delay_between_fills_minutes_entry": 803.0768674061874,
          "delay_weight_close": 0.06738008843672376,
          "delay_weight_entry": 10.581766436512678,
          "ema_dist_close": 0.0029960396686027403,
          "ema_dist_entry": -0.006731307826226412,
          "ema_span_0": 1344.1013623078077,
          "ema_span_1": 495.6643375725563,
          "enabled": true,
          "markup_range": 0.004974727650062353,
          "min_markup": 0.005931764963768757,
          "n_close_orders": 3,
          "qty_pct_close": 0.015931393085724124,
          "qty_pct_entry": 0.015956488549683907,
          "wallet_exposure_limit": 1,
          "we_multiplier_close": 0,
          "we_multiplier_entry": 39.978163585747566},
 "short": {"backwards_tp": true,
           "delay_between_fills_minutes_close": 1423.4640974438394,
           "delay_between_fills_minutes_entry": 350.2982219969693,
           "delay_weight_close": 33.22001804027791,
           "delay_weight_entry": 12.750181860977499,
           "ema_dist_close": 0.0012302952439329237,
           "ema_dist_entry": -0.012651463107320994,
           "ema_span_0": 374.4775335470185,
           "ema_span_1": 650.5032235190827,
           "enabled": true,
           "markup_range": 0.001290201281146244,
           "min_markup": 0.006393286755262519,
           "n_close_orders": 4,
           "qty_pct_close": 0.012654175522877037,
           "qty_pct_entry": 0.01958935532278478,
           "wallet_exposure_limit": 1,
           "we_multiplier_close": 0,
           "we_multiplier_entry": 12.64253829066923}}