{"config_name": "clock_0days",
 "long": {"backwards_tp": true,
          "delay_between_fills_minutes_close": 1219.5997365955889,
          "delay_between_fills_minutes_entry": 805.3683601373691,
          "delay_weight_close": 23.04821245846567,
          "delay_weight_entry": 18.632402693804657,
          "ema_dist_close": 0.002788246037967969,
          "ema_dist_entry": -0.003875463138687093,
          "ema_span_0": 575.3524306157072,
          "ema_span_1": 773.5056361359033,
          "enabled": true,
          "markup_range": 0.007056192364564423,
          "min_markup": 0.008604438811445323,
          "n_close_orders": 2,
          "qty_pct_close": 0.010951029178726401,
          "qty_pct_entry": 0.017375292499264127,
          "wallet_exposure_limit": 1,
          "we_multiplier_close": 0,
          "we_multiplier_entry": 41.73140464860785},
 "short": {"backwards_tp": true,
           "delay_between_fills_minutes_close": 434.17532456020155,
           "delay_between_fills_minutes_entry": 844.8390080874593,
           "delay_weight_close": 6.54766048824612,
           "delay_weight_entry": 19.60708372614642,
           "ema_dist_close": 0.0006122537030016851,
           "ema_dist_entry": 0.0021590591445903797,
           "ema_span_0": 527.7604142026237,
           "ema_span_1": 1231.201378790551,
           "enabled": true,
           "markup_range": 0.04217838676013018,
           "min_markup": 0.009428548140937514,
           "n_close_orders": 12,
           "qty_pct_close": 0.023917246131970306,
           "qty_pct_entry": 0.01,
           "wallet_exposure_limit": 1,
           "we_multiplier_close": 0,
           "we_multiplier_entry": 43.785114908743076}}