{"config_name": "clock_0days",
 "long": {"backwards_tp": true,
          "delay_between_fills_minutes_close": 1102.532710777919,
          "delay_between_fills_minutes_entry": 574.6937848713518,
          "delay_weight_close": 77.88538986199619,
          "delay_weight_entry": 10.396534637131998,
          "ema_dist_close": 0.0022765520877612677,
          "ema_dist_entry": -0.007135131089036308,
          "ema_span_0": 808.9890522303118,
          "ema_span_1": 781.48970952326,
          "enabled": true,
          "markup_range": 0.047379227792259025,
          "min_markup": 0.009106537571075742,
          "n_close_orders": 8,
          "qty_pct_close": 0.0291755226839536,
          "qty_pct_entry": 0.016570828884378216,
          "wallet_exposure_limit": 1,
          "we_multiplier_close": 0,
          "we_multiplier_entry": 27.860710179904668},
 "short": {"backwards_tp": true,
           "delay_between_fills_minutes_close": 1195.6349010470192,
           "delay_between_fills_minutes_entry": 1028.0226219294163,
           "delay_weight_close": 0.4479308762505563,
           "delay_weight_entry": 9.408810943425152,
           "ema_dist_close": -0.0017343169838513078,
           "ema_dist_entry": -0.00207684670398043,
           "ema_span_0": 845.4835836383445,
           "ema_span_1": 661.5236147697718,
           "enabled": true,
           "markup_range": 0.013659957402464763,
           "min_markup": 0.008728025534855728,
           "n_close_orders": 10,
           "qty_pct_close": 0.018773382692647674,
           "qty_pct_entry": 0.02891768010922691,
           "wallet_exposure_limit": 1,
           "we_multiplier_close": 0,
           "we_multiplier_entry": 49.61425939556739}}