{"config_name": "clock_0days",
 "long": {"backwards_tp": true,
          "delay_between_fills_minutes_close": 1144.8339657258755,
          "delay_between_fills_minutes_entry": 891.4788712105387,
          "delay_weight_close": 5.4809425813516315,
          "delay_weight_entry": 11.58920722892928,
          "ema_dist_close": 0.0019639993868800177,
          "ema_dist_entry": -0.0007257395086024544,
          "ema_span_0": 1187.4204451756896,
          "ema_span_1": 763.4232758378089,
          "enabled": true,
          "markup_range": 0.054783689970365215,
          "min_markup": 0.008829482630767964,
          "n_close_orders": 4,
          "qty_pct_close": 0.046453895676820026,
          "qty_pct_entry": 0.010006508807464292,
          "wallet_exposure_limit": 1,
          "we_multiplier_close": 0,
          "we_multiplier_entry": 9.201441326354832},
 "short": {"backwards_tp": true,
           "delay_between_fills_minutes_close": 1182.7573638896351,
           "delay_between_fills_minutes_entry": 362.3313538303902,
           "delay_weight_close": 21.23308296215357,
           "delay_weight_entry": 5.477689454769026,
           "ema_dist_close": 0.0011526715229510792,
           "ema_dist_entry": -0.0008373151339031716,
           "ema_span_0": 396.5447869133196,
           "ema_span_1": 574.9036700815492,
           "enabled": true,
           "markup_range": 0.0002783986561550665,
           "min_markup": 0.0063869285445374725,
           "n_close_orders": 4,
           "qty_pct_close": 0.010286170485719684,
           "qty_pct_entry": 0.01055798481390355,
           "wallet_exposure_limit": 1,
           "we_multiplier_close": 0,
           "we_multiplier_entry": 9.965974351733472}}