{"config_name": "clock_0days",
 "long": {"backwards_tp": true,
          "delay_between_fills_minutes_close": 1186.5431969942304,
          "delay_between_fills_minutes_entry": 1217.1391029972751,
          "delay_weight_close": 8.477181480806856,
          "delay_weight_entry": 11.527570779628244,
          "ema_dist_close": 0.002124893361257764,
          "ema_dist_entry": -0.0015777540854004961,
          "ema_span_0": 1244.6029575219204,
          "ema_span_1": 1265.1119573009812,
          "enabled": true,
          "markup_range": 0.059985041554948736,
          "min_markup": 0.009824003828726547,
          "n_close_orders": 3,
          "qty_pct_close": 0.04603572948499628,
          "qty_pct_entry": 0.010000015174658898,
          "wallet_exposure_limit": 1,
          "we_multiplier_close": 0,
          "we_multiplier_entry": 19.601152897378817},
 "short": {"backwards_tp": true,
           "delay_between_fills_minutes_close": 1414.8806081116916,
           "delay_between_fills_minutes_entry": 663.0315219306096,
           "delay_weight_close": 3.143339062915379,
           "delay_weight_entry": 7.112935148297081,
           "ema_dist_close": 0.0019625694009568736,
           "ema_dist_entry": 0.0008513008244474496,
           "ema_span_0": 1150.5841317556876,
           "ema_span_1": 1263.6903544314657,
           "enabled": true,
           "markup_range": 0.012051799347237083,
           "min_markup": 0.00672600948395433,
           "n_close_orders": 9,
           "qty_pct_close": 0.01105564343877192,
           "qty_pct_entry": 0.023409252469695118,
           "wallet_exposure_limit": 1,
           "we_multiplier_close": 0,
           "we_multiplier_entry": 49.995174171043395}}