{"config_name": "clock_0days",
 "long": {"backwards_tp": true,
          "delay_between_fills_minutes_close": 1159.6651095583823,
          "delay_between_fills_minutes_entry": 669.3273843198737,
          "delay_weight_close": 26.87885264820224,
          "delay_weight_entry": 23.28200126189329,
          "ema_dist_close": 0.0024951449298176117,
          "ema_dist_entry": 0.0013846413932976519,
          "ema_span_0": 1160.6799197799883,
          "ema_span_1": 346.3574850865747,
          "enabled": true,
          "markup_range": 0.00350040584470492,
          "min_markup": 0.00751110388761178,
          "n_close_orders": 2,
          "qty_pct_close": 0.024771885837058544,
          "qty_pct_entry": 0.020374668254080814,
          "wallet_exposure_limit": 1,
          "we_multiplier_close": 0,
          "we_multiplier_entry": 32.613437927102765},
 "short": {"backwards_tp": true,
           "delay_between_fills_minutes_close": 566.728048226077,
           "delay_between_fills_minutes_entry": 98.60896944334999,
           "delay_weight_close": 0.0012662552903666487,
           "delay_weight_entry": 10.46322317873434,
           "ema_dist_close": 0.003,
           "ema_dist_entry": -0.008628095599072209,
           "ema_span_0": 226.33627318454913,
           "ema_span_1": 225.73496090568048,
           "enabled": true,
           "markup_range": 0.0026059276449264266,
           "min_markup": 0.0040488502429980484,
           "n_close_orders": 2,
           "qty_pct_close": 0.010878416974961412,
           "qty_pct_entry": 0.010011407123709742,
           "wallet_exposure_limit": 1,
           "we_multiplier_close": 0,
           "we_multiplier_entry": 23.220265927651216}}