{"config_name": "clock_0days",
 "long": {"backwards_tp": true,
          "delay_between_fills_minutes_close": 1365.046479667853,
          "delay_between_fills_minutes_entry": 1293.434737008544,
          "delay_weight_close": 73.29722305697162,
          "delay_weight_entry": 13.326778735326585,
          "ema_dist_close": 0.0025882133180687716,
          "ema_dist_entry": -0.0027224076324272382,
          "ema_span_0": 17.506183423994493,
          "ema_span_1": 1283.3000647072704,
          "enabled": true,
          "markup_range": 0.05774273705359317,
          "min_markup": 0.009485446459066146,
          "n_close_orders": 15,
          "qty_pct_close": 0.011193045618335461,
          "qty_pct_entry": 0.013219121950708295,
          "wallet_exposure_limit": 1,
          "we_multiplier_close": 0,
          "we_multiplier_entry": 5.369119323575973},
 "short": {"backwards_tp": true,
           "delay_between_fills_minutes_close": 1101.288587233145,
           "delay_between_fills_minutes_entry": 940.9376233342456,
           "delay_weight_close": 77.65457203804546,
           "delay_weight_entry": 13.591401374361316,
           "ema_dist_close": 0.002316045776734576,
           "ema_dist_entry": -0.0020343002454001335,
           "ema_span_0": 1280.4058027609178,
           "ema_span_1": 363.72378256013627,
           "enabled": true,
           "markup_range": 0.031919726409956745,
           "min_markup": 0.006734706274259174,
           "n_close_orders": 5,
           "qty_pct_close": 0.023623705160511134,
           "qty_pct_entry": 0.018654301569041208,
           "wallet_exposure_limit": 1,
           "we_multiplier_close": 0,
           "we_multiplier_entry": 48.62153955927332}}