{"config_name": "clock_0days",
 "long": {"backwards_tp": true,
          "delay_between_fills_minutes_close": 1254.7357799530266,
          "delay_between_fills_minutes_entry": 1130.2856381216482,
          "delay_weight_close": 45.23408899147888,
          "delay_weight_entry": 11.177077949419791,
          "ema_dist_close": 0.0027348980202713444,
          "ema_dist_entry": -0.04895942306700758,
          "ema_span_0": 23.606546868528177,
          "ema_span_1": 1345.6052991413037,
          "enabled": true,
          "markup_range": 0.05280974508516258,
          "min_markup": 0.009509922187515908,
          "n_close_orders": 11,
          "qty_pct_close": 0.021414876564825,
          "qty_pct_entry": 0.01,
          "wallet_exposure_limit": 1,
          "we_multiplier_close": 0,
          "we_multiplier_entry": 29.69304359314071},
 "short": {"backwards_tp": true,
           "delay_between_fills_minutes_close": 1295.1140316978913,
           "delay_between_fills_minutes_entry": 722.8939727330927,
           "delay_weight_close": 56.82370025196661,
           "delay_weight_entry": 9.257791869051784,
           "ema_dist_close": -0.007373392125224754,
           "ema_dist_entry": -0.008375507302133087,
           "ema_span_0": 1326.6963428146223,
           "ema_span_1": 868.5170173675886,
           "enabled": true,
           "markup_range": 0.049017895341310305,
           "min_markup": 0.006865319781961213,
           "n_close_orders": 5,
           "qty_pct_close": 0.01568356820581512,
           "qty_pct_entry": 0.015190103137526903,
           "wallet_exposure_limit": 1,
           "we_multiplier_close": 0,
           "we_multiplier_entry": 25.1409964782557}}