{"config_name": "clock_0days",
 "long": {"backwards_tp": true,
          "delay_between_fills_minutes_close": 1203.861220286326,
          "delay_between_fills_minutes_entry": 499.7157824628817,
          "delay_weight_close": 66.18706584128218,
          "delay_weight_entry": 9.573996168477693,
          "ema_dist_close": 0.0016398685438080468,
          "ema_dist_entry": -0.04995555038004375,
          "ema_span_0": 626.2917610271998,
          "ema_span_1": 1167.5811587184053,
          "enabled": true,
          "markup_range": 0.022605213945978638,
          "min_markup": 0.00599831939283211,
          "n_close_orders": 5,
          "qty_pct_close": 0.021005755201978067,
          "qty_pct_entry": 0.010013244919589423,
          "wallet_exposure_limit": 1,
          "we_multiplier_close": 0,
          "we_multiplier_entry": 22.976373836505598},
 "short": {"backwards_tp": true,
           "delay_between_fills_minutes_close": 1188.5388034717066,
           "delay_between_fills_minutes_entry": 564.7431304295302,
           "delay_weight_close": 73.72682388188508,
           "delay_weight_entry": 9.030332966876738,
           "ema_dist_close": 0.0004649982638920925,
           "ema_dist_entry": -0.009884870798924781,
           "ema_span_0": 558.0545950250996,
           "ema_span_1": 872.3668589373002,
           "enabled": true,
           "markup_range": 0.01703499666759896,
           "min_markup": 0.0057454243309324644,
           "n_close_orders": 14,
           "qty_pct_close": 0.013402581359097861,
           "qty_pct_entry": 0.015264922555705784,
           "wallet_exposure_limit": 1,
           "we_multiplier_close": 0,
           "we_multiplier_entry": 26.000267610171793}}