{"config_name": "clock_0days",
 "long": {"backwards_tp": true,
          "delay_between_fills_minutes_close": 813.1710008076656,
          "delay_between_fills_minutes_entry": 977.6229927132322,
          "delay_weight_close": 0.004667652369655633,
          "delay_weight_entry": 9.395078689581327,
          "ema_dist_close": -0.0045990529774563695,
          "ema_dist_entry": 0.002981874877788522,
          "ema_span_0": 1313.3138466454357,
          "ema_span_1": 1160.5615321378627,
          "enabled": true,
          "markup_range": 0.030942547188390804,
          "min_markup": 0.00945922609421852,
          "n_close_orders": 8,
          "qty_pct_close": 0.010000570762521584,
          "qty_pct_entry": 0.010464698333989917,
          "wallet_exposure_limit": 1,
          "we_multiplier_close": 0,
          "we_multiplier_entry": 50},
 "short": {"backwards_tp": true,
           "delay_between_fills_minutes_close": 1379.5447151240091,
           "delay_between_fills_minutes_entry": 1305.9479354231535,
           "delay_weight_close": 15.915405433539586,
           "delay_weight_entry": 9.44627797651369,
           "ema_dist_close": 0.0008493760569919213,
           "ema_dist_entry": -0.01212730839701626,
           "ema_span_0": 1312.002615653343,
           "ema_span_1": 744.4901910174958,
           "enabled": true,
           "markup_range": 0.025834019512573244,
           "min_markup": 0.006682369335563048,
           "n_close_orders": 9,
           "qty_pct_close": 0.010074652591539094,
           "qty_pct_entry": 0.01180431264101569,
           "wallet_exposure_limit": 1,
           "we_multiplier_close": 0,
           "we_multiplier_entry": 48.5880467648708}}