{"config_name": "clock_0days",
 "long": {"backwards_tp": true,
          "delay_between_fills_minutes_close": 1293.2949514567902,
          "delay_between_fills_minutes_entry": 812.5631553046901,
          "delay_weight_close": 76.35971118516652,
          "delay_weight_entry": 23.498200422079446,
          "ema_dist_close": 0.0029019811758497186,
          "ema_dist_entry": -0.010141539128529602,
          "ema_span_0": 397.1260459433863,
          "ema_span_1": 1131.4753399035055,
          "enabled": true,
          "markup_range": 0.008036835746562195,
          "min_markup": 0.0062175018176349505,
          "n_close_orders": 4,
          "qty_pct_close": 0.012960455548697822,
          "qty_pct_entry": 0.013119283704811939,
          "wallet_exposure_limit": 1,
          "we_multiplier_close": 0,
          "we_multiplier_entry": 48.7897418250017},
 "short": {"backwards_tp": true,
           "delay_between_fills_minutes_close": 1321.0850892252276,
           "delay_between_fills_minutes_entry": 723.9137207892292,
           "delay_weight_close": 6.778064078180142,
           "delay_weight_entry": 10.988406439954002,
           "ema_dist_close": 0.0020250142472599186,
           "ema_dist_entry": -0.008850336077802242,
           "ema_span_0": 21.8964908679896,
           "ema_span_1": 1414.102114250467,
           "enabled": true,
           "markup_range": 0.008603799997873966,
           "min_markup": 0.007196036124784902,
           "n_close_orders": 3,
           "qty_pct_close": 0.01029743652757103,
           "qty_pct_entry": 0.01199485269099403,
           "wallet_exposure_limit": 1,
           "we_multiplier_close": 0,
           "we_multiplier_entry": 6.439175524821858}}