{"config_name": "clock_0days",
 "long": {"backwards_tp": true,
          "delay_between_fills_minutes_close": 1366.321098540098,
          "delay_between_fills_minutes_entry": 636.6337648428845,
          "delay_weight_close": 57.90623687779367,
          "delay_weight_entry": 28.138124492837324,
          "ema_dist_close": -0.006841493013846575,
          "ema_dist_entry": -0.003633649145628234,
          "ema_span_0": 695.6854576945196,
          "ema_span_1": 1300.4606286630358,
          "enabled": true,
          "markup_range": 0.007890613476048948,
          "min_markup": 0.004840723163864273,
          "n_close_orders": 2,
          "qty_pct_close": 0.010035626410775442,
          "qty_pct_entry": 0.010027664660164281,
          "wallet_exposure_limit": 1,
          "we_multiplier_close": 0,
          "we_multiplier_entry": 32.053343943918165},
 "short": {"backwards_tp": true,
           "delay_between_fills_minutes_close": 1367.8663225398805,
           "delay_between_fills_minutes_entry": 699.2552274465102,
           "delay_weight_close": 55.70129807181973,
           "delay_weight_entry": 2.9638738258643085,
           "ema_dist_close": 0.0009776099269683497,
           "ema_dist_entry": -0.009591842011187297,
           "ema_span_0": 1385.7780411548738,
           "ema_span_1": 120.02851628778701,
           "enabled": true,
           "markup_range": 0.0076406832269945955,
           "min_markup": 0.009975180521982567,
           "n_close_orders": 8,
           "qty_pct_close": 0.01,
           "qty_pct_entry": 0.01294531967484724,
           "wallet_exposure_limit": 1,
           "we_multiplier_close": 0,
           "we_multiplier_entry": 47.35160553976573}}