{"config_name": "clock_0days",
 "long": {"backwards_tp": true,
          "delay_between_fills_minutes_close": 1003.3889581069147,
          "delay_between_fills_minutes_entry": 1380.7693155535935,
          "delay_weight_close": 47.84376204405854,
          "delay_weight_entry": 14.583242695867465,
          "ema_dist_close": -0.004844551023371233,
          "ema_dist_entry": -0.0003197635436775899,
          "ema_span_0": 1255.4901326657778,
          "ema_span_1": 1160.1499913634602,
          "enabled": true,
          "markup_range": 0.05912789091483531,
          "min_markup": 0.00938448893036117,
          "n_close_orders": 11,
          "qty_pct_close": 0.013310663853359727,
          "qty_pct_entry": 0.01,
          "wallet_exposure_limit": 1,
          "we_multiplier_close": 0,
          "we_multiplier_entry": 26.091390593841737},
 "short": {"backwards_tp": true,
           "delay_between_fills_minutes_close": 1152.7312826867956,
           "delay_between_fills_minutes_entry": 210.87866876694983,
           "delay_weight_close": 85.09806952312518,
           "delay_weight_entry": 18.434214216926843,
           "ema_dist_close": -0.004113782509645251,
           "ema_dist_entry": -0.006660760018831201,
           "ema_span_0": 498.8192196953636,
           "ema_span_1": 1267.442753649392,
           "enabled": true,
           "markup_range": 0.00432501425372252,
           "min_markup": 0.004491271493565847,
           "n_close_orders": 5,
           "qty_pct_close": 0.011160874812992034,
           "qty_pct_entry": 0.012556422850453589,
           "wallet_exposure_limit": 1,
           "we_multiplier_close": 0,
           "we_multiplier_entry": 47.85284570392885}}