{"config_name": "clock_0days",
 "long": {"backwards_tp": true,
          "delay_between_fills_minutes_close": 1157.227476071195,
          "delay_between_fills_minutes_entry": 977.8389047949383,
          "delay_weight_close": 60.66086193293825,
          "delay_weight_entry": 13.441564364498683,
          "ema_dist_close": -0.003990224558507403,
          "ema_dist_entry": -0.0036163985940773115,
          "ema_span_0": 1406.2710088954543,
          "ema_span_1": 1375.554234498203,
          "enabled": true,
          "markup_range": 0.05215326301593328,
          "min_markup": 0.008564274573875189,
          "n_close_orders": 9,
          "qty_pct_close": 0.014231114762714322,
          "qty_pct_entry": 0.010089693496653951,
          "wallet_exposure_limit": 1,
          "we_multiplier_close": 0,
          "we_multiplier_entry": 25.264685699357464},
 "short": {"backwards_tp": true,
           "delay_between_fills_minutes_close": 1404.438461698076,
           "delay_between_fills_minutes_entry": 518.2197298141022,
           "delay_weight_close": 33.13744585731118,
           "delay_weight_entry": 14.610525150176242,
           "ema_dist_close": 0.0024549091780419613,
           "ema_dist_entry": 5.120102437422563e-05,
           "ema_span_0": 1020.4481241665924,
           "ema_span_1": 1392.8826532146775,
           "enabled": true,
           "markup_range": 0.0055021797541749485,
           "min_markup": 0.006696941347794871,
           "n_close_orders": 12,
           "qty_pct_close": 0.010008133885505208,
           "qty_pct_entry": 0.019017355141433396,
           "wallet_exposure_limit": 1,
           "we_multiplier_close": 0,
           "we_multiplier_entry": 40.48543442255429}}