{"config_name": "clock_0days",
 "long": {"backwards_tp": true,
          "delay_between_fills_minutes_close": 1172.1327543666607,
          "delay_between_fills_minutes_entry": 1372.9755441108782,
          "delay_weight_close": 99.96427707559889,
          "delay_weight_entry": 20.202274657649646,
          "ema_dist_close": -0.009152028177640634,
          "ema_dist_entry": 0.002917064698620786,
          "ema_span_0": 415.219517221667,
          "ema_span_1": 1216.9287588862765,
          "enabled": true,
          "markup_range": 0.04056592458267555,
          "min_markup": 0.007027365997794305,
          "n_close_orders": 11,
          "qty_pct_close": 0.02823934231808025,
          "qty_pct_entry": 0.011689935053645356,
          "wallet_exposure_limit": 1,
          "we_multiplier_close": 0,
          "we_multiplier_entry": 49.99982774553881},
 "short": {"backwards_tp": true,
           "delay_between_fills_minutes_close": 1440,
           "delay_between_fills_minutes_entry": 362.64099906152967,
           "delay_weight_close": 1.843195581117984,
           "delay_weight_entry": 7.401766460243269,
           "ema_dist_close": 0.003,
           "ema_dist_entry": -0.0017059768163516177,
           "ema_span_0": 1203.9067705248688,
           "ema_span_1": 770.537989167252,
           "enabled": true,
           "markup_range": 0.005932370991504523,
           "min_markup": 0.005091081987563444,
           "n_close_orders": 2,
           "qty_pct_close": 0.01,
           "qty_pct_entry": 0.01534260023849681,
           "wallet_exposure_limit": 1,
           "we_multiplier_close": 0,
           "we_multiplier_entry": 49.99826273667449}}