{"config_name": "clock_0days",
 "long": {"backwards_tp": true,
          "delay_between_fills_minutes_close": 361.51810864078584,
          "delay_between_fills_minutes_entry": 729.3386832259418,
          "delay_weight_close": 81.93955778924344,
          "delay_weight_entry": 13.386289646712045,
          "ema_dist_close": 0.0017119051935297206,
          "ema_dist_entry": 0.002710638146687863,
          "ema_span_0": 1191.381126889249,
          "ema_span_1": 965.172658632495,
          "enabled": true,
          "markup_range": 0.002604080946984898,
          "min_markup": 0.008473099146410581,
          "n_close_orders": 2,
          "qty_pct_close": 0.0255828727564025,
          "qty_pct_entry": 0.03515558285770933,
          "wallet_exposure_limit": 1,
          "we_multiplier_close": 0,
          "we_multiplier_entry": 48.94576484655632},
 "short": {"backwards_tp": true,
           "delay_between_fills_minutes_close": 1321.0850892252276,
           "delay_between_fills_minutes_entry": 723.9137207892292,
           "delay_weight_close": 6.778064078180142,
           "delay_weight_entry": 10.988406439954002,
           "ema_dist_close": 0.0020250142472599186,
           "ema_dist_entry": -0.008850336077802242,
           "ema_span_0": 21.8964908679896,
           "ema_span_1": 1414.102114250467,
           "enabled": true,
           "markup_range": 0.008603799997873966,
           "min_markup": 0.007196036124784902,
           "n_close_orders": 3,
           "qty_pct_close": 0.01029743652757103,
           "qty_pct_entry": 0.01199485269099403,
           "wallet_exposure_limit": 1,
           "we_multiplier_close": 0,
           "we_multiplier_entry": 6.439175524821858}}