{"config_name": "clock_0days",
 "long": {"backwards_tp": true,
          "delay_between_fills_minutes_close": 945.6295755258033,
          "delay_between_fills_minutes_entry": 1129.3036024850337,
          "delay_weight_close": 49.428798145227546,
          "delay_weight_entry": 23.244316646980483,
          "ema_dist_close": 0.001639520327615728,
          "ema_dist_entry": -0.0014840288276448815,
          "ema_span_0": 1436.8600255462013,
          "ema_span_1": 513.6808484133488,
          "enabled": true,
          "markup_range": 0.0003920027644607531,
          "min_markup": 0.004511865898676224,
          "n_close_orders": 14,
          "qty_pct_close": 0.018725398018618583,
          "qty_pct_entry": 0.023096401118212994,
          "wallet_exposure_limit": 1,
          "we_multiplier_close": 0,
          "we_multiplier_entry": 9.778662774848787},
 "short": {"backwards_tp": true,
           "delay_between_fills_minutes_close": 1166.2682193834287,
           "delay_between_fills_minutes_entry": 924.9693928996616,
           "delay_weight_close": 9.012005130044658,
           "delay_weight_entry": 10.014226918020972,
           "ema_dist_close": 0.001300366690463992,
           "ema_dist_entry": -0.009524111902725823,
           "ema_span_0": 104.16865859365394,
           "ema_span_1": 1237.9800285975011,
           "enabled": true,
           "markup_range": 0.0006152167094315753,
           "min_markup": 0.0046416221852974135,
           "n_close_orders": 3,
           "qty_pct_close": 0.010030416069800579,
           "qty_pct_entry": 0.012447396919236986,
           "wallet_exposure_limit": 1,
           "we_multiplier_close": 0,
           "we_multiplier_entry": 7.0201405801931305}}