{"config_name": "clock_0days",
 "long": {"backwards_tp": true,
          "delay_between_fills_minutes_close": 1188.0710539137312,
          "delay_between_fills_minutes_entry": 1342.012115966861,
          "delay_weight_close": 0.9087274495366522,
          "delay_weight_entry": 11.47095079946854,
          "ema_dist_close": -0.005179843032700449,
          "ema_dist_entry": -0.00492561507015492,
          "ema_span_0": 372.35420550671495,
          "ema_span_1": 1397.3402519607769,
          "enabled": true,
          "markup_range": 0.041833040462485954,
          "min_markup": 0.009838251801906674,
          "n_close_orders": 4,
          "qty_pct_close": 0.024536213051887797,
          "qty_pct_entry": 0.010194813108889719,
          "wallet_exposure_limit": 1,
          "we_multiplier_close": 0,
          "we_multiplier_entry": 39.78773506030617},
 "short": {"backwards_tp": true,
           "delay_between_fills_minutes_close": 1186.908049581273,
           "delay_between_fills_minutes_entry": 59.74076689517965,
           "delay_weight_close": 25.279307079735386,
           "delay_weight_entry": 0.03610005714272519,
           "ema_dist_close": -0.001631463132074381,
           "ema_dist_entry": 0.0027795674082172943,
           "ema_span_0": 1193.7477154980545,
           "ema_span_1": 1189.3415874690265,
           "enabled": true,
           "markup_range": 0.0,
           "min_markup": 0.005992141460953038,
           "n_close_orders": 2,
           "qty_pct_close": 0.021849933068977704,
           "qty_pct_entry": 0.010131751468933482,
           "wallet_exposure_limit": 1,
           "we_multiplier_close": 0,
           "we_multiplier_entry": 25.001014448562444}}