{"config_name": "clock_0days",
 "long": {"backwards_tp": true,
          "delay_between_fills_minutes_close": 1438.063846218405,
          "delay_between_fills_minutes_entry": 445.7677638229376,
          "delay_weight_close": 43.1100581338372,
          "delay_weight_entry": 6.549904084902322,
          "ema_dist_close": -0.0010414001955763854,
          "ema_dist_entry": 0.0018164204178684844,
          "ema_span_0": 441.7484316796892,
          "ema_span_1": 1261.8110358374045,
          "enabled": true,
          "markup_range": 0.0007451951296627601,
          "min_markup": 0.0073301840421219075,
          "n_close_orders": 12,
          "qty_pct_close": 0.011730318329115672,
          "qty_pct_entry": 0.01,
          "wallet_exposure_limit": 1,
          "we_multiplier_close": 0,
          "we_multiplier_entry": 6.9242458298509},
 "short": {"backwards_tp": true,
           "delay_between_fills_minutes_close": 1234.673747322861,
           "delay_between_fills_minutes_entry": 450.3320759541588,
           "delay_weight_close": 89.72929052818215,
           "delay_weight_entry": 5.530872827596521,
           "ema_dist_close": 0.0029849338942576392,
           "ema_dist_entry": -0.0046667785406218605,
           "ema_span_0": 1230.5343974102257,
           "ema_span_1": 138.50649282769893,
           "enabled": true,
           "markup_range": 0.0018223777416682115,
           "min_markup": 0.006845533289662035,
           "n_close_orders": 11,
           "qty_pct_close": 0.010070021088801619,
           "qty_pct_entry": 0.01189538278267353,
           "wallet_exposure_limit": 1,
           "we_multiplier_close": 0,
           "we_multiplier_entry": 9.915451290253765}}