{"config_name": "clock_0days",
 "long": {"backwards_tp": true,
          "delay_between_fills_minutes_close": 1193.6928757398614,
          "delay_between_fills_minutes_entry": 1292.1071092608831,
          "delay_weight_close": 51.10241134800901,
          "delay_weight_entry": 10.422684674498388,
          "ema_dist_close": -0.008468550520503762,
          "ema_dist_entry": -0.0008732906790591245,
          "ema_span_0": 539.3853897239002,
          "ema_span_1": 1081.0530360050282,
          "enabled": true,
          "markup_range": 0.058878261595520794,
          "min_markup": 0.009871141399658608,
          "n_close_orders": 10,
          "qty_pct_close": 0.011089060831768449,
          "qty_pct_entry": 0.011643727667976063,
          "wallet_exposure_limit": 1,
          "we_multiplier_close": 0,
          "we_multiplier_entry": 8.309220699157697},
 "short": {"backwards_tp": true,
           "delay_between_fills_minutes_close": 1230.183804080341,
           "delay_between_fills_minutes_entry": 856.231422014711,
           "delay_weight_close": 77.61135444747464,
           "delay_weight_entry": 8.377021925245762,
           "ema_dist_close": 0.0028538894051970175,
           "ema_dist_entry": -0.03128727996102496,
           "ema_span_0": 1400.7081496556054,
           "ema_span_1": 275.4705410474334,
           "enabled": true,
           "markup_range": 0.001711506393338193,
           "min_markup": 0.009063782050319925,
           "n_close_orders": 2,
           "qty_pct_close": 0.010144440890874636,
           "qty_pct_entry": 0.011037967647793502,
           "wallet_exposure_limit": 1,
           "we_multiplier_close": 0,
           "we_multiplier_entry": 41.07965940008806}}