{"config_name": "clock_0days",
 "long": {"backwards_tp": true,
          "delay_between_fills_minutes_close": 982.1114384601992,
          "delay_between_fills_minutes_entry": 1217.8570757792088,
          "delay_weight_close": 27.35979816168313,
          "delay_weight_entry": 9.896339717571426,
          "ema_dist_close": 0.001852286567782835,
          "ema_dist_entry": -0.0063302454593886365,
          "ema_span_0": 1288.6178079055449,
          "ema_span_1": 458.99927260504467,
          "enabled": true,
          "markup_range": 0.059316436372411054,
          "min_markup": 0.007669512440158862,
          "n_close_orders": 15,
          "qty_pct_close": 0.0128413242116296,
          "qty_pct_entry": 0.01023561794315263,
          "wallet_exposure_limit": 1,
          "we_multiplier_close": 0,
          "we_multiplier_entry": 24.642606902901733},
 "short": {"backwards_tp": true,
           "delay_between_fills_minutes_close": 927.5536393402995,
           "delay_between_fills_minutes_entry": 76.65521428223664,
           "delay_weight_close": 4.0912562091058975,
           "delay_weight_entry": 0.4026069516881707,
           "ema_dist_close": 0.0027286292890744213,
           "ema_dist_entry": -0.0024395190240046735,
           "ema_span_0": 1029.0821444294024,
           "ema_span_1": 1110.6017165946846,
           "enabled": true,
           "markup_range": 0.0037852668244971474,
           "min_markup": 0.0022884136867671575,
           "n_close_orders": 6,
           "qty_pct_close": 0.012226923140416623,
           "qty_pct_entry": 0.010209693427915594,
           "wallet_exposure_limit": 1,
           "we_multiplier_close": 0,
           "we_multiplier_entry": 30.520846381647537}}