{"config_name": "clock_0days",
 "long": {"backwards_tp": true,
          "delay_between_fills_minutes_close": 1431.668799977708,
          "delay_between_fills_minutes_entry": 1172.3315749416672,
          "delay_weight_close": 92.1944147617939,
          "delay_weight_entry": 13.299163240177549,
          "ema_dist_close": -0.006110970900478899,
          "ema_dist_entry": -0.0012152310279488362,
          "ema_span_0": 1157.6584254309437,
          "ema_span_1": 1361.6542672502005,
          "enabled": true,
          "markup_range": 0.05738859691829519,
          "min_markup": 0.008099367828985241,
          "n_close_orders": 8,
          "qty_pct_close": 0.010192948712211278,
          "qty_pct_entry": 0.014842396473316357,
          "wallet_exposure_limit": 1,
          "we_multiplier_close": 0,
          "we_multiplier_entry": 7.776242256621882},
 "short": {"backwards_tp": true,
           "delay_between_fills_minutes_close": 831.146596366015,
           "delay_between_fills_minutes_entry": 1101.442842050689,
           "delay_weight_close": 46.81646996699058,
           "delay_weight_entry": 27.09728812060358,
           "ema_dist_close": -0.003021768424445727,
           "ema_dist_entry": 0.0006496651783955774,
           "ema_span_0": 1336.167476771332,
           "ema_span_1": 437.0912439221482,
           "enabled": true,
           "markup_range": 0.05089375344061327,
           "min_markup": 0.004449612303087392,
           "n_close_orders": 9,
           "qty_pct_close": 0.0103635691138784,
           "qty_pct_entry": 0.010043999119711851,
           "wallet_exposure_limit": 1,
           "we_multiplier_close": 0,
           "we_multiplier_entry": 9.855109710575533}}