{"config_name": "clock_0days",
 "long": {"backwards_tp": true,
          "delay_between_fills_minutes_close": 1197.268000231571,
          "delay_between_fills_minutes_entry": 1073.4974875142968,
          "delay_weight_close": 1.2308561287360629,
          "delay_weight_entry": 11.281286383825147,
          "ema_dist_close": -0.0004784065566439598,
          "ema_dist_entry": -0.0010697900065744436,
          "ema_span_0": 1439.0216650617167,
          "ema_span_1": 1312.5667990221527,
          "enabled": true,
          "markup_range": 0.019089165618750778,
          "min_markup": 0.006483016827764733,
          "n_close_orders": 4,
          "qty_pct_close": 0.010529673738567266,
          "qty_pct_entry": 0.010377294258689811,
          "wallet_exposure_limit": 1,
          "we_multiplier_close": 0,
          "we_multiplier_entry": 50},
 "short": {"backwards_tp": true,
           "delay_between_fills_minutes_close": 1244.208032934712,
           "delay_between_fills_minutes_entry": 291.37631532692063,
           "delay_weight_close": 0.5332347020377187,
           "delay_weight_entry": 35.28572265040823,
           "ema_dist_close": 0.0029833280503946736,
           "ema_dist_entry": -0.016364546519555972,
           "ema_span_0": 1126.6013172706737,
           "ema_span_1": 1151.2916518957898,
           "enabled": true,
           "markup_range": 0.003188719538592488,
           "min_markup": 0.0016803836309737424,
           "n_close_orders": 4,
           "qty_pct_close": 0.011366066845799494,
           "qty_pct_entry": 0.010000042175164833,
           "wallet_exposure_limit": 1,
           "we_multiplier_close": 0,
           "we_multiplier_entry": 33.12928491568566}}