{"config_name": "clock_0days",
 "long": {"backwards_tp": true,
          "delay_between_fills_minutes_close": 1190.0273715308176,
          "delay_between_fills_minutes_entry": 711.494909795612,
          "delay_weight_close": 81.59442626991188,
          "delay_weight_entry": 9.473061740595735,
          "ema_dist_close": 0.0005869187996545617,
          "ema_dist_entry": 0.001045846077443509,
          "ema_span_0": 1126.183320412245,
          "ema_span_1": 964.5276091782608,
          "enabled": true,
          "markup_range": 0.058554872849972975,
          "min_markup": 0.004702770113676486,
          "n_close_orders": 7,
          "qty_pct_close": 0.03388856637344066,
          "qty_pct_entry": 0.016145941417022157,
          "wallet_exposure_limit": 1,
          "we_multiplier_close": 0,
          "we_multiplier_entry": 43.97115260900077},
 "short": {"backwards_tp": true,
           "delay_between_fills_minutes_close": 1403.6470300997244,
           "delay_between_fills_minutes_entry": 553.3983162919372,
           "delay_weight_close": 27.709607620684167,
           "delay_weight_entry": 9.469848052561215,
           "ema_dist_close": 0.0029988000042291975,
           "ema_dist_entry": -0.011465950482309265,
           "ema_span_0": 701.5690294300441,
           "ema_span_1": 1439.8873965376818,
           "enabled": true,
           "markup_range": 0.050755916462128056,
           "min_markup": 0.006911595659900277,
           "n_close_orders": 3,
           "qty_pct_close": 0.025223174820301907,
           "qty_pct_entry": 0.010000069821422366,
           "wallet_exposure_limit": 1,
           "we_multiplier_close": 0,
           "we_multiplier_entry": 28.094888664355306}}