{"config_name": "clock_0days",
 "long": {"backwards_tp": true,
          "delay_between_fills_minutes_close": 953.3879466752447,
          "delay_between_fills_minutes_entry": 1223.2609745170255,
          "delay_weight_close": 24.932543610212225,
          "delay_weight_entry": 7.7517516302293386,
          "ema_dist_close": -0.005604819578855546,
          "ema_dist_entry": 0.0027016474318047943,
          "ema_span_0": 1403.4994185671644,
          "ema_span_1": 1174.8285426340685,
          "enabled": true,
          "markup_range": 0.05461172263464395,
          "min_markup": 0.009925746412544338,
          "n_close_orders": 14,
          "qty_pct_close": 0.01001242890918053,
          "qty_pct_entry": 0.010526243512046592,
          "wallet_exposure_limit": 1,
          "we_multiplier_close": 0,
          "we_multiplier_entry": 26.716555947693667},
 "short": {"backwards_tp": true,
           "delay_between_fills_minutes_close": 895.6031973957427,
           "delay_between_fills_minutes_entry": 168.063602875883,
           "delay_weight_close": 2.887614049592572,
           "delay_weight_entry": 0.995993667935513,
           "ema_dist_close": 0.001696204179579773,
           "ema_dist_entry": -0.02094138365062557,
           "ema_span_0": 944.0286580248105,
           "ema_span_1": 842.802889092976,
           "enabled": true,
           "markup_range": 0.005075737176087575,
           "min_markup": 0.0029404127331084714,
           "n_close_orders": 14,
           "qty_pct_close": 0.010317935594492539,
           "qty_pct_entry": 0.010818400920152769,
           "wallet_exposure_limit": 1,
           "we_multiplier_close": 0,
           "we_multiplier_entry": 32.7243350972109}}