{"config_name": "clock_0days",
 "long": {"backwards_tp": true,
          "delay_between_fills_minutes_close": 1090.1021468795047,
          "delay_between_fills_minutes_entry": 1271.5041965362163,
          "delay_weight_close": 29.091290635073527,
          "delay_weight_entry": 9.794184733473815,
          "ema_dist_close": -0.005265480923403937,
          "ema_dist_entry": -0.00568391530728528,
          "ema_span_0": 1355.0672716571885,
          "ema_span_1": 498.7352009245486,
          "enabled": true,
          "markup_range": 0.05866312295194966,
          "min_markup": 0.008028768059245581,
          "n_close_orders": 12,
          "qty_pct_close": 0.010949740695588382,
          "qty_pct_entry": 0.011624069114727315,
          "wallet_exposure_limit": 1,
          "we_multiplier_close": 0,
          "we_multiplier_entry": 5.760287598121854},
 "short": {"backwards_tp": true,
           "delay_between_fills_minutes_close": 1314.578145412391,
           "delay_between_fills_minutes_entry": 100.28723787428561,
           "delay_weight_close": 78.14571859493338,
           "delay_weight_entry": 2.7716252876689538,
           "ema_dist_close": 0.0007729457957130902,
           "ema_dist_entry": 0.0016966902883107766,
           "ema_span_0": 1125.276945974064,
           "ema_span_1": 1127.349961319618,
           "enabled": true,
           "markup_range": 0.0006493513539585139,
           "min_markup": 0.005664696465398646,
           "n_close_orders": 8,
           "qty_pct_close": 0.010859581141978205,
           "qty_pct_entry": 0.01,
           "wallet_exposure_limit": 1,
           "we_multiplier_close": 0,
           "we_multiplier_entry": 5.76473341355905}}