{"config_name": "clock_0days",
 "long": {"backwards_tp": true,
          "delay_between_fills_minutes_close": 1082.3784312759485,
          "delay_between_fills_minutes_entry": 1152.9818485502278,
          "delay_weight_close": 52.485209615127346,
          "delay_weight_entry": 13.10557506790253,
          "ema_dist_close": 0.002535988847112949,
          "ema_dist_entry": 0.0029997905105054617,
          "ema_span_0": 34.72257223152276,
          "ema_span_1": 1250.6964955061185,
          "enabled": true,
          "markup_range": 0.03926657699053889,
          "min_markup": 0.009375537462549493,
          "n_close_orders": 6,
          "qty_pct_close": 0.011003703047308976,
          "qty_pct_entry": 0.01189344755513509,
          "wallet_exposure_limit": 1,
          "we_multiplier_close": 0,
          "we_multiplier_entry": 17.554578686185888},
 "short": {"backwards_tp": true,
           "delay_between_fills_minutes_close": 1309.33645848481,
           "delay_between_fills_minutes_entry": 292.5082714824546,
           "delay_weight_close": 85.20708079347605,
           "delay_weight_entry": 7.268990156120841,
           "ema_dist_close": -0.009272972447208738,
           "ema_dist_entry": -0.012530656329730818,
           "ema_span_0": 352.15599562308836,
           "ema_span_1": 840.3403346408348,
           "enabled": true,
           "markup_range": 0.0033520665675332243,
           "min_markup": 0.005594786211745724,
           "n_close_orders": 3,
           "qty_pct_close": 0.010028514568880854,
           "qty_pct_entry": 0.012299678337613511,
           "wallet_exposure_limit": 1,
           "we_multiplier_close": 0,
           "we_multiplier_entry": 45.92200517746132}}