{"config_name": "clock_0days",
 "long": {"backwards_tp": true,
          "delay_between_fills_minutes_close": 1231.1135225921125,
          "delay_between_fills_minutes_entry": 1245.9933234935468,
          "delay_weight_close": 51.10860085832518,
          "delay_weight_entry": 10.249204681845477,
          "ema_dist_close": -0.008398034951875006,
          "ema_dist_entry": -0.0008022406743282484,
          "ema_span_0": 540.2399514628768,
          "ema_span_1": 1130.691172767897,
          "enabled": true,
          "markup_range": 0.05939620556469505,
          "min_markup": 0.0098687526642422,
          "n_close_orders": 10,
          "qty_pct_close": 0.011044434979374955,
          "qty_pct_entry": 0.011625971321085142,
          "wallet_exposure_limit": 1,
          "we_multiplier_close": 0,
          "we_multiplier_entry": 8.181629965877347},
 "short": {"backwards_tp": true,
           "delay_between_fills_minutes_close": 1433.1602017729838,
           "delay_between_fills_minutes_entry": 1062.0697492866318,
           "delay_weight_close": 25.812913567250153,
           "delay_weight_entry": 7.723769031967619,
           "ema_dist_close": -0.0006526515229991158,
           "ema_dist_entry": -0.002906549878703389,
           "ema_span_0": 1233.3349272852545,
           "ema_span_1": 759.7594583468402,
           "enabled": true,
           "markup_range": 0.05745863979281857,
           "min_markup": 0.009927131815354609,
           "n_close_orders": 3,
           "qty_pct_close": 0.023816369359895947,
           "qty_pct_entry": 0.010006045221346875,
           "wallet_exposure_limit": 1,
           "we_multiplier_close": 0,
           "we_multiplier_entry": 44.17307611873914}}