{"config_name": "clock_0days",
 "long": {"backwards_tp": true,
          "delay_between_fills_minutes_close": 952.7001101952578,
          "delay_between_fills_minutes_entry": 1199.430093676076,
          "delay_weight_close": 4.085911601297259,
          "delay_weight_entry": 10.97862123140131,
          "ema_dist_close": 0.0007916098192061761,
          "ema_dist_entry": 0.0012558169205408355,
          "ema_span_0": 1334.1580471865152,
          "ema_span_1": 881.3395852694684,
          "enabled": true,
          "markup_range": 0.04127502242805815,
          "min_markup": 0.00928082283279103,
          "n_close_orders": 8,
          "qty_pct_close": 0.02676481222984645,
          "qty_pct_entry": 0.01,
          "wallet_exposure_limit": 1,
          "we_multiplier_close": 0,
          "we_multiplier_entry": 47.88226183627663},
 "short": {"backwards_tp": true,
           "delay_between_fills_minutes_close": 1357.2785125540347,
           "delay_between_fills_minutes_entry": 1177.4786437509272,
           "delay_weight_close": 12.502894804895066,
           "delay_weight_entry": 30.739050081177147,
           "ema_dist_close": -0.0014146219975519976,
           "ema_dist_entry": -0.003803966019739172,
           "ema_span_0": 890.3765095613105,
           "ema_span_1": 1259.8317550428683,
           "enabled": true,
           "markup_range": 0.01248969565454208,
           "min_markup": 0.009985272958071655,
           "n_close_orders": 12,
           "qty_pct_close": 0.014908166345384607,
           "qty_pct_entry": 0.011530649504319942,
           "wallet_exposure_limit": 1,
           "we_multiplier_close": 0,
           "we_multiplier_entry": 47.943844864527904}}