{"config_name": "clock_0days",
 "long": {"backwards_tp": true,
          "delay_between_fills_minutes_close": 1283.4591567628113,
          "delay_between_fills_minutes_entry": 847.3109094024388,
          "delay_weight_close": 86.7018425814027,
          "delay_weight_entry": 9.202275996516597,
          "ema_dist_close": 0.001476526444402524,
          "ema_dist_entry": -0.011085874949114493,
          "ema_span_0": 1037.287459168743,
          "ema_span_1": 833.8803170014027,
          "enabled": true,
          "markup_range": 0.05291181517152272,
          "min_markup": 0.0010745438344220344,
          "n_close_orders": 2,
          "qty_pct_close": 0.010378997269844847,
          "qty_pct_entry": 0.012389144143921827,
          "wallet_exposure_limit": 1,
          "we_multiplier_close": 0,
          "we_multiplier_entry": 44.19997879451239},
 "short": {"backwards_tp": true,
           "delay_between_fills_minutes_close": 1363.0016361019966,
           "delay_between_fills_minutes_entry": 1235.2899997332424,
           "delay_weight_close": 54.455512306587714,
           "delay_weight_entry": 17.364312169662973,
           "ema_dist_close": 0.0029987754468503817,
           "ema_dist_entry": -0.004092425393016123,
           "ema_span_0": 21.340514779566984,
           "ema_span_1": 1003.7073183223773,
           "enabled": true,
           "markup_range": 0.014174601672917621,
           "min_markup": 0.008181892665205713,
           "n_close_orders": 4,
           "qty_pct_close": 0.010201652774253018,
           "qty_pct_entry": 0.015023064343410681,
           "wallet_exposure_limit": 1,
           "we_multiplier_close": 0,
           "we_multiplier_entry": 9.959537257387307}}