{"config_name": "clock_0days",
 "long": {"backwards_tp": true,
          "delay_between_fills_minutes_close": 1372.4943994149442,
          "delay_between_fills_minutes_entry": 915.7281768874293,
          "delay_weight_close": 82.3485253335867,
          "delay_weight_entry": 13.002990789409136,
          "ema_dist_close": -0.0024800597975805656,
          "ema_dist_entry": -0.0005163897463163937,
          "ema_span_0": 728.1689233129588,
          "ema_span_1": 1260.5714828763248,
          "enabled": true,
          "markup_range": 0.05841537443069621,
          "min_markup": 0.004498593522636097,
          "n_close_orders": 2,
          "qty_pct_close": 0.01,
          "qty_pct_entry": 0.010495963605498142,
          "wallet_exposure_limit": 1,
          "we_multiplier_close": 0,
          "we_multiplier_entry": 6.062295908923966},
 "short": {"backwards_tp": true,
           "delay_between_fills_minutes_close": 1357.0655233560587,
           "delay_between_fills_minutes_entry": 332.96008448463857,
           "delay_weight_close": 77.86852920348063,
           "delay_weight_entry": 6.3676466673365155,
           "ema_dist_close": -0.009194594454980479,
           "ema_dist_entry": -0.012369053054976481,
           "ema_span_0": 402.81318384463515,
           "ema_span_1": 1137.9212894522004,
           "enabled": true,
           "markup_range": 0.0021617747285637835,
           "min_markup": 0.006448558106702591,
           "n_close_orders": 2,
           "qty_pct_close": 0.010000246807232266,
           "qty_pct_entry": 0.013654074278562063,
           "wallet_exposure_limit": 1,
           "we_multiplier_close": 0,
           "we_multiplier_entry": 48.86393142761051}}