{"config_name": "clock_0days",
 "long": {"backwards_tp": true,
          "delay_between_fills_minutes_close": 1269.8367325234808,
          "delay_between_fills_minutes_entry": 1105.903729251217,
          "delay_weight_close": 55.725700482365575,
          "delay_weight_entry": 26.38600762557348,
          "ema_dist_close": -0.003743895028907957,
          "ema_dist_entry": 0.0024480646266899432,
          "ema_span_0": 120.85844996822826,
          "ema_span_1": 306.13491220307975,
          "enabled": true,
          "markup_range": 0.005273869193235313,
          "min_markup": 0.004155007095818262,
          "n_close_orders": 3,
          "qty_pct_close": 0.013679210288273605,
          "qty_pct_entry": 0.01589075641417831,
          "wallet_exposure_limit": 1,
          "we_multiplier_close": 0,
          "we_multiplier_entry": 29.156476235314813},
 "short": {"backwards_tp": true,
           "delay_between_fills_minutes_close": 918.7305717978827,
           "delay_between_fills_minutes_entry": 565.632424239714,
           "delay_weight_close": 6.931817728326191,
           "delay_weight_entry": 5.8695820048845615,
           "ema_dist_close": 0.0026447860369612193,
           "ema_dist_entry": -0.005372488566863115,
           "ema_span_0": 1204.6749410925725,
           "ema_span_1": 1061.783483762992,
           "enabled": true,
           "markup_range": 0.0041303332600758375,
           "min_markup": 0.002367598305607927,
           "n_close_orders": 14,
           "qty_pct_close": 0.02066606946164962,
           "qty_pct_entry": 0.01662155754682676,
           "wallet_exposure_limit": 1,
           "we_multiplier_close": 0,
           "we_multiplier_entry": 44.96816937109922}}