{"config_name": "clock_0days",
 "long": {"backwards_tp": true,
          "delay_between_fills_minutes_close": 1184.3615944910123,
          "delay_between_fills_minutes_entry": 1316.6598694856843,
          "delay_weight_close": 22.216220423949164,
          "delay_weight_entry": 14.865104379084425,
          "ema_dist_close": 0.0012823448749537177,
          "ema_dist_entry": 0.002502092258008941,
          "ema_span_0": 954.9415062627131,
          "ema_span_1": 457.9176932314965,
          "enabled": true,
          "markup_range": 0.05537256221278992,
          "min_markup": 0.008997769337391387,
          "n_close_orders": 12,
          "qty_pct_close": 0.04205694962398605,
          "qty_pct_entry": 0.01,
          "wallet_exposure_limit": 1,
          "we_multiplier_close": 0,
          "we_multiplier_entry": 34.54322583474827},
 "short": {"backwards_tp": true,
           "delay_between_fills_minutes_close": 1357.2785125540347,
           "delay_between_fills_minutes_entry": 1177.4786437509272,
           "delay_weight_close": 12.502894804895066,
           "delay_weight_entry": 30.739050081177147,
           "ema_dist_close": -0.0014146219975519976,
           "ema_dist_entry": -0.003803966019739172,
           "ema_span_0": 890.3765095613105,
           "ema_span_1": 1259.8317550428683,
           "enabled": true,
           "markup_range": 0.01248969565454208,
           "min_markup": 0.009985272958071655,
           "n_close_orders": 12,
           "qty_pct_close": 0.014908166345384607,
           "qty_pct_entry": 0.011530649504319942,
           "wallet_exposure_limit": 1,
           "we_multiplier_close": 0,
           "we_multiplier_entry": 47.943844864527904}}