{"config_name": "clock_0days",
 "long": {"backwards_tp": true,
          "delay_between_fills_minutes_close": 1190.0273715308176,
          "delay_between_fills_minutes_entry": 711.494909795612,
          "delay_weight_close": 81.59442626991188,
          "delay_weight_entry": 9.473061740595735,
          "ema_dist_close": 0.0005869187996545617,
          "ema_dist_entry": 0.001045846077443509,
          "ema_span_0": 1126.183320412245,
          "ema_span_1": 964.5276091782608,
          "enabled": true,
          "markup_range": 0.058554872849972975,
          "min_markup": 0.004702770113676486,
          "n_close_orders": 7,
          "qty_pct_close": 0.03388856637344066,
          "qty_pct_entry": 0.016145941417022157,
          "wallet_exposure_limit": 1,
          "we_multiplier_close": 0,
          "we_multiplier_entry": 43.97115260900077},
 "short": {"backwards_tp": true,
           "delay_between_fills_minutes_close": 1440,
           "delay_between_fills_minutes_entry": 1308.5220909328875,
           "delay_weight_close": 7.2302374976073756,
           "delay_weight_entry": 12.29868158011695,
           "ema_dist_close": 0.0018766267838593324,
           "ema_dist_entry": 0.0013349688374325863,
           "ema_span_0": 1133.9612451062221,
           "ema_span_1": 239.12082987222777,
           "enabled": true,
           "markup_range": 0.039856360997248264,
           "min_markup": 0.00832093702381125,
           "n_close_orders": 13,
           "qty_pct_close": 0.02121900202037217,
           "qty_pct_entry": 0.010029083013311686,
           "wallet_exposure_limit": 1,
           "we_multiplier_close": 0,
           "we_multiplier_entry": 22.735609553565293}}