{"config_name": "clock_0days",
 "long": {"backwards_tp": true,
          "delay_between_fills_minutes_close": 1258.1139308011736,
          "delay_between_fills_minutes_entry": 693.0349062007738,
          "delay_weight_close": 82.13677590880553,
          "delay_weight_entry": 14.982332433571083,
          "ema_dist_close": 0.0029218958840272116,
          "ema_dist_entry": -0.012090266789590905,
          "ema_span_0": 463.8076290026756,
          "ema_span_1": 778.3462829804885,
          "enabled": true,
          "markup_range": 0.012077560953074254,
          "min_markup": 0.0010390027324572286,
          "n_close_orders": 10,
          "qty_pct_close": 0.013782254798379665,
          "qty_pct_entry": 0.01569845142922474,
          "wallet_exposure_limit": 1,
          "we_multiplier_close": 0,
          "we_multiplier_entry": 40.28321631880821},
 "short": {"backwards_tp": true,
           "delay_between_fills_minutes_close": 936.2106592919471,
           "delay_between_fills_minutes_entry": 119.78136082881281,
           "delay_weight_close": 82.28134909058998,
           "delay_weight_entry": 30.729076509781514,
           "ema_dist_close": -0.0023693449729841392,
           "ema_dist_entry": 0.003,
           "ema_span_0": 684.1302138413905,
           "ema_span_1": 845.4753009111467,
           "enabled": true,
           "markup_range": 0.002291152236149825,
           "min_markup": 0.0025826797890563776,
           "n_close_orders": 9,
           "qty_pct_close": 0.014650743305058889,
           "qty_pct_entry": 0.013000446785912613,
           "wallet_exposure_limit": 1,
           "we_multiplier_close": 0,
           "we_multiplier_entry": 42.29385948125307}}