{"config_name": "clock_0days",
 "long": {"backwards_tp": true,
          "delay_between_fills_minutes_close": 1369.6443190773643,
          "delay_between_fills_minutes_entry": 841.0510351166638,
          "delay_weight_close": 97.68972488394888,
          "delay_weight_entry": 14.95762283738466,
          "ema_dist_close": -7.273441480622939e-06,
          "ema_dist_entry": -0.02520730619834346,
          "ema_span_0": 1171.3065189950746,
          "ema_span_1": 891.372028010379,
          "enabled": true,
          "markup_range": 0.003899180080999572,
          "min_markup": 0.007743633756932846,
          "n_close_orders": 10,
          "qty_pct_close": 0.01371079708567695,
          "qty_pct_entry": 0.016619498277895783,
          "wallet_exposure_limit": 1,
          "we_multiplier_close": 0,
          "we_multiplier_entry": 25.760782600443314},
 "short": {"backwards_tp": true,
           "delay_between_fills_minutes_close": 928.0008556033357,
           "delay_between_fills_minutes_entry": 119.74789377891614,
           "delay_weight_close": 82.20260361057997,
           "delay_weight_entry": 30.637718040325787,
           "ema_dist_close": -0.002368750562245673,
           "ema_dist_entry": 0.003,
           "ema_span_0": 683.7824306416165,
           "ema_span_1": 842.996949685458,
           "enabled": true,
           "markup_range": 0.0022685780788570726,
           "min_markup": 0.0026031659080431083,
           "n_close_orders": 9,
           "qty_pct_close": 0.013440329422139248,
           "qty_pct_entry": 0.01300152360719368,
           "wallet_exposure_limit": 1,
           "we_multiplier_close": 0,
           "we_multiplier_entry": 42.291487141212684}}