{"config_name": "clock_0days",
 "long": {"backwards_tp": true,
          "delay_between_fills_minutes_close": 1386.034959694264,
          "delay_between_fills_minutes_entry": 1368.9245451811485,
          "delay_weight_close": 52.07438978822763,
          "delay_weight_entry": 14.353355332575303,
          "ema_dist_close": 0.0013865795669801837,
          "ema_dist_entry": -0.00653435743725839,
          "ema_span_0": 1303.728636657968,
          "ema_span_1": 1083.5700694403556,
          "enabled": true,
          "markup_range": 0.05995211228861413,
          "min_markup": 0.006744941256124304,
          "n_close_orders": 8,
          "qty_pct_close": 0.010120934229523804,
          "qty_pct_entry": 0.01,
          "wallet_exposure_limit": 1,
          "we_multiplier_close": 0,
          "we_multiplier_entry": 14.201576482211884},
 "short": {"backwards_tp": true,
           "delay_between_fills_minutes_close": 807.9986779393959,
           "delay_between_fills_minutes_entry": 191.25276417485608,
           "delay_weight_close": 32.37890385824016,
           "delay_weight_entry": 19.91781435871835,
           "ema_dist_close": 0.0014904618083960467,
           "ema_dist_entry": -0.008831122254590368,
           "ema_span_0": 1284.6033031888903,
           "ema_span_1": 317.75480720099023,
           "enabled": true,
           "markup_range": 0.0060640923882785205,
           "min_markup": 0.004871638747736082,
           "n_close_orders": 6,
           "qty_pct_close": 0.012027878951591906,
           "qty_pct_entry": 0.012632264731592045,
           "wallet_exposure_limit": 1,
           "we_multiplier_close": 0,
           "we_multiplier_entry": 17.478069473953948}}