{"config_name": "clock_0days",
 "long": {"backwards_tp": true,
          "delay_between_fills_minutes_close": 630.487520760646,
          "delay_between_fills_minutes_entry": 365.49022281491085,
          "delay_weight_close": 56.79741507573542,
          "delay_weight_entry": 71.11577403621492,
          "ema_dist_close": -0.005642039708268928,
          "ema_dist_entry": -0.0001838835859573453,
          "ema_span_0": 1240.9897058441943,
          "ema_span_1": 1304.812024879166,
          "enabled": true,
          "markup_range": 0.003097828847169607,
          "min_markup": 0.0013774198376102775,
          "n_close_orders": 6,
          "qty_pct_close": 0.012258157297317163,
          "qty_pct_entry": 0.01,
          "wallet_exposure_limit": 1,
          "we_multiplier_close": 0,
          "we_multiplier_entry": 38.13867899956029},
 "short": {"backwards_tp": true,
           "delay_between_fills_minutes_close": 1244.208032934712,
           "delay_between_fills_minutes_entry": 291.37631532692063,
           "delay_weight_close": 0.5332347020377187,
           "delay_weight_entry": 35.28572265040823,
           "ema_dist_close": 0.0029833280503946736,
           "ema_dist_entry": -0.016364546519555972,
           "ema_span_0": 1126.6013172706737,
           "ema_span_1": 1151.2916518957898,
           "enabled": true,
           "markup_range": 0.003188719538592488,
           "min_markup": 0.0016803836309737424,
           "n_close_orders": 4,
           "qty_pct_close": 0.011366066845799494,
           "qty_pct_entry": 0.010000042175164833,
           "wallet_exposure_limit": 1,
           "we_multiplier_close": 0,
           "we_multiplier_entry": 33.12928491568566}}