{"config_name": "clock_0days",
 "long": {"backwards_tp": true,
          "delay_between_fills_minutes_close": 1188.0710539137312,
          "delay_between_fills_minutes_entry": 1342.012115966861,
          "delay_weight_close": 0.9087274495366522,
          "delay_weight_entry": 11.47095079946854,
          "ema_dist_close": -0.005179843032700449,
          "ema_dist_entry": -0.00492561507015492,
          "ema_span_0": 372.35420550671495,
          "ema_span_1": 1397.3402519607769,
          "enabled": true,
          "markup_range": 0.041833040462485954,
          "min_markup": 0.009838251801906674,
          "n_close_orders": 4,
          "qty_pct_close": 0.024536213051887797,
          "qty_pct_entry": 0.010194813108889719,
          "wallet_exposure_limit": 1,
          "we_multiplier_close": 0,
          "we_multiplier_entry": 39.78773506030617},
 "short": {"backwards_tp": true,
           "delay_between_fills_minutes_close": 1337.2871388655751,
           "delay_between_fills_minutes_entry": 271.4662179059983,
           "delay_weight_close": 76.98216565686008,
           "delay_weight_entry": 8.939715626689782,
           "ema_dist_close": -0.006080600507463103,
           "ema_dist_entry": -0.0003158451525181873,
           "ema_span_0": 1395.5265154079043,
           "ema_span_1": 1416.0129707967699,
           "enabled": true,
           "markup_range": 0.04321151987008324,
           "min_markup": 0.009322248258125871,
           "n_close_orders": 16,
           "qty_pct_close": 0.03396657329770534,
           "qty_pct_entry": 0.011070104192630166,
           "wallet_exposure_limit": 1,
           "we_multiplier_close": 0,
           "we_multiplier_entry": 37.38159650883701}}