{"config_name": "clock_0days",
 "long": {"backwards_tp": true,
          "delay_between_fills_minutes_close": 1013.6556446866676,
          "delay_between_fills_minutes_entry": 1229.5627009493573,
          "delay_weight_close": 7.691433939208178,
          "delay_weight_entry": 12.411067676945622,
          "ema_dist_close": -0.0050419833070748914,
          "ema_dist_entry": -0.014153233650744827,
          "ema_span_0": 544.7634186204002,
          "ema_span_1": 1375.3233788175166,
          "enabled": true,
          "markup_range": 0.04852565958059424,
          "min_markup": 0.009222670732232471,
          "n_close_orders": 8,
          "qty_pct_close": 0.023931971215108764,
          "qty_pct_entry": 0.010499875693731325,
          "wallet_exposure_limit": 1,
          "we_multiplier_close": 0,
          "we_multiplier_entry": 8.826494852634767},
 "short": {"backwards_tp": true,
           "delay_between_fills_minutes_close": 865.5767058037161,
           "delay_between_fills_minutes_entry": 623.505580582898,
           "delay_weight_close": 72.77213379158796,
           "delay_weight_entry": 13.768099031341677,
           "ema_dist_close": -0.0005115188655945352,
           "ema_dist_entry": -0.00046516004195135667,
           "ema_span_0": 913.6304517414763,
           "ema_span_1": 1058.9216820979677,
           "enabled": true,
           "markup_range": 0.01549903792013474,
           "min_markup": 0.00888148578140243,
           "n_close_orders": 10,
           "qty_pct_close": 0.026008643320479384,
           "qty_pct_entry": 0.01965479447816872,
           "wallet_exposure_limit": 1,
           "we_multiplier_close": 0,
           "we_multiplier_entry": 9.733412544264802}}