{"config_name": "recursive_grid_0days",
 "logging_level": 0,
 "long": {"auto_unstuck_delay_minutes": 0,
          "auto_unstuck_ema_dist": 0,
          "auto_unstuck_qty_pct": 0,
          "auto_unstuck_wallet_exposure_threshold": 0.0,
          "backwards_tp": true,
          "ddown_factor": 2.0893381708256036,
          "ema_span_0": 423.2525124611598,
          "ema_span_1": 467.7125480222745,
          "enabled": true,
          "initial_eprice_ema_dist": -0.0021285169296756034,
          "initial_qty_pct": 0.007192977027009017,
          "markup_range": 0.00032187207779936847,
          "min_markup": 0.009369980741778446,
          "n_close_orders": 4,
          "rentry_pprice_dist": 0.023950111316024474,
          "rentry_pprice_dist_wallet_exposure_weighting": 4.272152081166061,
          "wallet_exposure_limit": 1},
 "short": {"auto_unstuck_delay_minutes": 0,
           "auto_unstuck_ema_dist": 0,
           "auto_unstuck_qty_pct": 0,
           "auto_unstuck_wallet_exposure_threshold": 0.0,
           "backwards_tp": true,
           "ddown_factor": 0.5076176852487743,
           "ema_span_0": 870.6903870465236,
           "ema_span_1": 640.0505371453597,
           "enabled": true,
           "initial_eprice_ema_dist": -0.004625045279078337,
           "initial_qty_pct": 0.006217026443758472,
           "markup_range": 0.0013545152613237054,
           "min_markup": 0.005295220636714294,
           "n_close_orders": 13,
           "rentry_pprice_dist": 0.020319585917755578,
           "rentry_pprice_dist_wallet_exposure_weighting": 1.9495540973434329,
           "wallet_exposure_limit": 1}}