{"config_name": "recursive_grid_0days",
 "logging_level": 0,
 "long": {"auto_unstuck_delay_minutes": 0,
          "auto_unstuck_ema_dist": 0,
          "auto_unstuck_qty_pct": 0,
          "auto_unstuck_wallet_exposure_threshold": 0.0,
          "backwards_tp": true,
          "ddown_factor": 1.646307020688455,
          "ema_span_0": 1423.1980958540796,
          "ema_span_1": 1225.1281020292502,
          "enabled": true,
          "initial_eprice_ema_dist": 0.002663925243375033,
          "initial_qty_pct": 0.010765952920995287,
          "markup_range": 0.0027146205909083882,
          "min_markup": 0.004152269942094344,
          "n_close_orders": 2,
          "rentry_pprice_dist": 0.04327698022883827,
          "rentry_pprice_dist_wallet_exposure_weighting": 0.7739990041167528,
          "wallet_exposure_limit": 1},
 "short": {"auto_unstuck_delay_minutes": 0,
           "auto_unstuck_ema_dist": 0,
           "auto_unstuck_qty_pct": 0,
           "auto_unstuck_wallet_exposure_threshold": 0.0,
           "backwards_tp": true,
           "ddown_factor": 1.148152593539759,
           "ema_span_0": 718.846226023948,
           "ema_span_1": 1002.9663942794539,
           "enabled": true,
           "initial_eprice_ema_dist": 0.0019186938752824973,
           "initial_qty_pct": 0.010184220128854395,
           "markup_range": 0.009131535314237214,
           "min_markup": 0.009053243742168114,
           "n_close_orders": 10,
           "rentry_pprice_dist": 0.033327900962443154,
           "rentry_pprice_dist_wallet_exposure_weighting": 4.566914240307952,
           "wallet_exposure_limit": 1}}