{"config_name": "recursive_grid_0days",
 "logging_level": 0,
 "long": {"auto_unstuck_delay_minutes": 0,
          "auto_unstuck_ema_dist": 0,
          "auto_unstuck_qty_pct": 0,
          "auto_unstuck_wallet_exposure_threshold": 0.0,
          "backwards_tp": true,
          "ddown_factor": 1.6019934952984558,
          "ema_span_0": 678.9097998235497,
          "ema_span_1": 463.1156853848917,
          "enabled": true,
          "initial_eprice_ema_dist": 0.0005177663471187619,
          "initial_qty_pct": 0.009311615707788988,
          "markup_range": 0.004335328811402389,
          "min_markup": 0.007890441163626,
          "n_close_orders": 13,
          "rentry_pprice_dist": 0.02926411082808768,
          "rentry_pprice_dist_wallet_exposure_weighting": 4.023729122646496,
          "wallet_exposure_limit": 1},
 "short": {"auto_unstuck_delay_minutes": 0,
           "auto_unstuck_ema_dist": 0,
           "auto_unstuck_qty_pct": 0,
           "auto_unstuck_wallet_exposure_threshold": 0.0,
           "backwards_tp": true,
           "ddown_factor": 0.1105073869896178,
           "ema_span_0": 1250.3096754885082,
           "ema_span_1": 1117.8907420263963,
           "enabled": true,
           "initial_eprice_ema_dist": 0.001111914375976428,
           "initial_qty_pct": 0.016291874393275237,
           "markup_range": 0.002579838798743366,
           "min_markup": 0.0018266870916982395,
           "n_close_orders": 3,
           "rentry_pprice_dist": 0.04082408657248748,
           "rentry_pprice_dist_wallet_exposure_weighting": 6.998348230714642,
           "wallet_exposure_limit": 1}}