{"config_name": "recursive_grid_0days",
 "logging_level": 0,
 "long": {"auto_unstuck_delay_minutes": 0,
          "auto_unstuck_ema_dist": 0,
          "auto_unstuck_qty_pct": 0,
          "auto_unstuck_wallet_exposure_threshold": 0.0,
          "backwards_tp": true,
          "ddown_factor": 2.6921253886815695,
          "ema_span_0": 428.88845472586047,
          "ema_span_1": 1033.2911537732355,
          "enabled": true,
          "initial_eprice_ema_dist": 0.0029998259863056997,
          "initial_qty_pct": 0.007231577146814722,
          "markup_range": 0.002385642534751642,
          "min_markup": 0.005016345350053768,
          "n_close_orders": 2,
          "rentry_pprice_dist": 0.02511992574003009,
          "rentry_pprice_dist_wallet_exposure_weighting": 4.425112144475232,
          "wallet_exposure_limit": 1},
 "short": {"auto_unstuck_delay_minutes": 0,
           "auto_unstuck_ema_dist": 0,
           "auto_unstuck_qty_pct": 0,
           "auto_unstuck_wallet_exposure_threshold": 0.0,
           "backwards_tp": true,
           "ddown_factor": 0.21503899551100683,
           "ema_span_0": 934.8841562338228,
           "ema_span_1": 865.9335468099871,
           "enabled": true,
           "initial_eprice_ema_dist": 0.002893791627772019,
           "initial_qty_pct": 0.01999968462993707,
           "markup_range": 0.001319917425168107,
           "min_markup": 0.008171179515138025,
           "n_close_orders": 9,
           "rentry_pprice_dist": 0.03745476313808271,
           "rentry_pprice_dist_wallet_exposure_weighting": 6.708130319957774,
           "wallet_exposure_limit": 1}}