{"config_name": "recursive_grid_0days",
 "logging_level": 0,
 "long": {"auto_unstuck_delay_minutes": 0,
          "auto_unstuck_ema_dist": 0,
          "auto_unstuck_qty_pct": 0,
          "auto_unstuck_wallet_exposure_threshold": 0.0,
          "backwards_tp": true,
          "ddown_factor": 0.136980516315344,
          "ema_span_0": 990.5411928116741,
          "ema_span_1": 1107.7590226770542,
          "enabled": true,
          "initial_eprice_ema_dist": -0.00673973466369681,
          "initial_qty_pct": 0.006748739638866885,
          "markup_range": 0.001916299903031851,
          "min_markup": 0.005651226545313381,
          "n_close_orders": 14,
          "rentry_pprice_dist": 0.019491943571174564,
          "rentry_pprice_dist_wallet_exposure_weighting": 2.2047101396037654,
          "wallet_exposure_limit": 1},
 "short": {"auto_unstuck_delay_minutes": 0,
           "auto_unstuck_ema_dist": 0,
           "auto_unstuck_qty_pct": 0,
           "auto_unstuck_wallet_exposure_threshold": 0.0,
           "backwards_tp": true,
           "ddown_factor": 1.5749969457700788,
           "ema_span_0": 569.413304156137,
           "ema_span_1": 490.5430557314239,
           "enabled": true,
           "initial_eprice_ema_dist": -0.0086863081186085,
           "initial_qty_pct": 0.0087043398163937,
           "markup_range": 0.005588308732260884,
           "min_markup": 0.005238778285633801,
           "n_close_orders": 2,
           "rentry_pprice_dist": 0.0243385509821733,
           "rentry_pprice_dist_wallet_exposure_weighting": 6.451868010973641,
           "wallet_exposure_limit": 1}}