{"config_name": "recursive_grid_0days",
 "logging_level": 0,
 "long": {"auto_unstuck_delay_minutes": 0,
          "auto_unstuck_ema_dist": 0,
          "auto_unstuck_qty_pct": 0,
          "auto_unstuck_wallet_exposure_threshold": 0.0,
          "backwards_tp": true,
          "ddown_factor": 2.2791730013407125,
          "ema_span_0": 1440,
          "ema_span_1": 1151.845426045236,
          "enabled": true,
          "initial_eprice_ema_dist": 0.003,
          "initial_qty_pct": 0.012244128067282329,
          "markup_range": 0.0,
          "min_markup": 0.005328664460470563,
          "n_close_orders": 10,
          "rentry_pprice_dist": 0.05999840353941138,
          "rentry_pprice_dist_wallet_exposure_weighting": 0.2599355820864121,
          "wallet_exposure_limit": 1},
 "short": {"auto_unstuck_delay_minutes": 0,
           "auto_unstuck_ema_dist": 0,
           "auto_unstuck_qty_pct": 0,
           "auto_unstuck_wallet_exposure_threshold": 0.0,
           "backwards_tp": true,
           "ddown_factor": 2.052180361108739,
           "ema_span_0": 719.7656041119219,
           "ema_span_1": 644.8425670640547,
           "enabled": true,
           "initial_eprice_ema_dist": -0.002104711309228333,
           "initial_qty_pct": 0.011612793523550054,
           "markup_range": 0.0043723822905415086,
           "min_markup": 0.0029351019036752903,
           "n_close_orders": 14,
           "rentry_pprice_dist": 0.03358304551048789,
           "rentry_pprice_dist_wallet_exposure_weighting": 6.413553056597358,
           "wallet_exposure_limit": 1}}