{"config_name": "recursive_grid_0days",
 "logging_level": 0,
 "long": {"auto_unstuck_delay_minutes": 0,
          "auto_unstuck_ema_dist": 0,
          "auto_unstuck_qty_pct": 0,
          "auto_unstuck_wallet_exposure_threshold": 0.0,
          "backwards_tp": true,
          "ddown_factor": 0.7679269390842515,
          "ema_span_0": 1130.1225477813007,
          "ema_span_1": 1062.4032711158673,
          "enabled": true,
          "initial_eprice_ema_dist": 0.0020869072124994653,
          "initial_qty_pct": 0.012804570969302046,
          "markup_range": 0.0024832454376030226,
          "min_markup": 0.007769140200503243,
          "n_close_orders": 5,
          "rentry_pprice_dist": 0.03639950610827401,
          "rentry_pprice_dist_wallet_exposure_weighting": 1.128684984761031,
          "wallet_exposure_limit": 1},
 "short": {"auto_unstuck_delay_minutes": 0,
           "auto_unstuck_ema_dist": 0,
           "auto_unstuck_qty_pct": 0,
           "auto_unstuck_wallet_exposure_threshold": 0.0,
           "backwards_tp": true,
           "ddown_factor": 1.610856090780812,
           "ema_span_0": 539.9866490557295,
           "ema_span_1": 1431.1569663839805,
           "enabled": true,
           "initial_eprice_ema_dist": 0.0029995566815200587,
           "initial_qty_pct": 0.008277303001950773,
           "markup_range": 0.0006668861872378242,
           "min_markup": 0.0012368622521173385,
           "n_close_orders": 7,
           "rentry_pprice_dist": 0.05427730809800425,
           "rentry_pprice_dist_wallet_exposure_weighting": 0.5056001328822984,
           "wallet_exposure_limit": 1}}