{"config_name": "recursive_grid_0days",
 "logging_level": 0,
 "long": {"auto_unstuck_delay_minutes": 0,
          "auto_unstuck_ema_dist": 0,
          "auto_unstuck_qty_pct": 0,
          "auto_unstuck_wallet_exposure_threshold": 0.0,
          "backwards_tp": true,
          "ddown_factor": 1.7260120721409893,
          "ema_span_0": 844.5235638813543,
          "ema_span_1": 1260.2251208991493,
          "enabled": true,
          "initial_eprice_ema_dist": 0.0007578100315185884,
          "initial_qty_pct": 0.007336733125390599,
          "markup_range": 0.0005638406014725544,
          "min_markup": 0.0030014683598070385,
          "n_close_orders": 8,
          "rentry_pprice_dist": 0.033733723632238484,
          "rentry_pprice_dist_wallet_exposure_weighting": 4.84625996632964,
          "wallet_exposure_limit": 1},
 "short": {"auto_unstuck_delay_minutes": 0,
           "auto_unstuck_ema_dist": 0,
           "auto_unstuck_qty_pct": 0,
           "auto_unstuck_wallet_exposure_threshold": 0.0,
           "backwards_tp": true,
           "ddown_factor": 2.4236511580951428,
           "ema_span_0": 1049.9936047089307,
           "ema_span_1": 1088.1971569560926,
           "enabled": true,
           "initial_eprice_ema_dist": 4.3574669982065276e-05,
           "initial_qty_pct": 0.006646618675812683,
           "markup_range": 0.004027356225552387,
           "min_markup": 0.007462882106544517,
           "n_close_orders": 9,
           "rentry_pprice_dist": 0.05873801738264467,
           "rentry_pprice_dist_wallet_exposure_weighting": 6.636628458177651,
           "wallet_exposure_limit": 1}}