{"config_name": "recursive_grid_0days",
 "logging_level": 0,
 "long": {"auto_unstuck_delay_minutes": 0,
          "auto_unstuck_ema_dist": 0,
          "auto_unstuck_qty_pct": 0,
          "auto_unstuck_wallet_exposure_threshold": 0.0,
          "backwards_tp": true,
          "ddown_factor": 1.676060959901111,
          "ema_span_0": 1142.1265796149928,
          "ema_span_1": 1371.4409147256022,
          "enabled": true,
          "initial_eprice_ema_dist": -0.002653295645807994,
          "initial_qty_pct": 0.005312279960658424,
          "markup_range": 0.002618427243223781,
          "min_markup": 0.0050054003114357384,
          "n_close_orders": 7,
          "rentry_pprice_dist": 0.04147565692951239,
          "rentry_pprice_dist_wallet_exposure_weighting": 1.8328916683991203,
          "wallet_exposure_limit": 1},
 "short": {"auto_unstuck_delay_minutes": 0,
           "auto_unstuck_ema_dist": 0,
           "auto_unstuck_qty_pct": 0,
           "auto_unstuck_wallet_exposure_threshold": 0.0,
           "backwards_tp": true,
           "ddown_factor": 0.8741278108041662,
           "ema_span_0": 1411.5918112301072,
           "ema_span_1": 1385.9454732861827,
           "enabled": true,
           "initial_eprice_ema_dist": -0.002503140639748339,
           "initial_qty_pct": 0.01883823925267609,
           "markup_range": 0.009522886262125657,
           "min_markup": 0.009712583170884345,
           "n_close_orders": 2,
           "rentry_pprice_dist": 0.0393030548178727,
           "rentry_pprice_dist_wallet_exposure_weighting": 3.627870519229719,
           "wallet_exposure_limit": 1}}