{"config_name": "recursive_grid_0days",
 "logging_level": 0,
 "long": {"auto_unstuck_delay_minutes": 0,
          "auto_unstuck_ema_dist": 0,
          "auto_unstuck_qty_pct": 0,
          "auto_unstuck_wallet_exposure_threshold": 0.0,
          "backwards_tp": true,
          "ddown_factor": 2.9996724841694338,
          "ema_span_0": 1084.514304704522,
          "ema_span_1": 571.35296522545,
          "enabled": true,
          "initial_eprice_ema_dist": 0.0010319922302847217,
          "initial_qty_pct": 0.005980956343839258,
          "markup_range": 0.0007776721396590289,
          "min_markup": 0.0046353666441713275,
          "n_close_orders": 16,
          "rentry_pprice_dist": 0.033623239800445376,
          "rentry_pprice_dist_wallet_exposure_weighting": 3.9396747078877694,
          "wallet_exposure_limit": 1},
 "short": {"auto_unstuck_delay_minutes": 0,
           "auto_unstuck_ema_dist": 0,
           "auto_unstuck_qty_pct": 0,
           "auto_unstuck_wallet_exposure_threshold": 0.0,
           "backwards_tp": true,
           "ddown_factor": 1.2639480518548225,
           "ema_span_0": 903.125069785816,
           "ema_span_1": 962.265128144106,
           "enabled": true,
           "initial_eprice_ema_dist": 0.0029821337732177707,
           "initial_qty_pct": 0.006858392409496179,
           "markup_range": 0.0030580237794616567,
           "min_markup": 0.003273807502943524,
           "n_close_orders": 6,
           "rentry_pprice_dist": 0.017228082945758956,
           "rentry_pprice_dist_wallet_exposure_weighting": 5.528520907488279,
           "wallet_exposure_limit": 1}}