{"config_name": "recursive_grid_0days",
 "logging_level": 0,
 "long": {"auto_unstuck_delay_minutes": 0,
          "auto_unstuck_ema_dist": 0,
          "auto_unstuck_qty_pct": 0,
          "auto_unstuck_wallet_exposure_threshold": 0.0,
          "backwards_tp": true,
          "ddown_factor": 2.2284632352730624,
          "ema_span_0": 556.2010616615385,
          "ema_span_1": 1120.020181745354,
          "enabled": true,
          "initial_eprice_ema_dist": -0.007346733458364801,
          "initial_qty_pct": 0.0051429371976374465,
          "markup_range": 0.0001590923335555786,
          "min_markup": 0.00403327902351465,
          "n_close_orders": 3,
          "rentry_pprice_dist": 0.036871671209259105,
          "rentry_pprice_dist_wallet_exposure_weighting": 1.1540649334781368,
          "wallet_exposure_limit": 1},
 "short": {"auto_unstuck_delay_minutes": 0,
           "auto_unstuck_ema_dist": 0,
           "auto_unstuck_qty_pct": 0,
           "auto_unstuck_wallet_exposure_threshold": 0.0,
           "backwards_tp": true,
           "ddown_factor": 0.45872714536469883,
           "ema_span_0": 1306.5081012283274,
           "ema_span_1": 1202.2511867831736,
           "enabled": true,
           "initial_eprice_ema_dist": 0.0005384538726071715,
           "initial_qty_pct": 0.009205385962457284,
           "markup_range": 0.0036582574552174113,
           "min_markup": 0.00893359558538709,
           "n_close_orders": 3,
           "rentry_pprice_dist": 0.04911966005847171,
           "rentry_pprice_dist_wallet_exposure_weighting": 6.650049340787937,
           "wallet_exposure_limit": 1}}