{"config_name": "recursive_grid_0days",
 "logging_level": 0,
 "long": {"auto_unstuck_delay_minutes": 0,
          "auto_unstuck_ema_dist": 0,
          "auto_unstuck_qty_pct": 0,
          "auto_unstuck_wallet_exposure_threshold": 0.0,
          "backwards_tp": true,
          "ddown_factor": 2.2215641547177434,
          "ema_span_0": 1087.9072038258594,
          "ema_span_1": 1140.438225615017,
          "enabled": true,
          "initial_eprice_ema_dist": -0.0014029101835263183,
          "initial_qty_pct": 0.005924463719350489,
          "markup_range": 0.008540767292953524,
          "min_markup": 0.003337288791547102,
          "n_close_orders": 2,
          "rentry_pprice_dist": 0.02896761893160794,
          "rentry_pprice_dist_wallet_exposure_weighting": 6.280742441164259,
          "wallet_exposure_limit": 1},
 "short": {"auto_unstuck_delay_minutes": 0,
           "auto_unstuck_ema_dist": 0,
           "auto_unstuck_qty_pct": 0,
           "auto_unstuck_wallet_exposure_threshold": 0.0,
           "backwards_tp": true,
           "ddown_factor": 1.8211421939725285,
           "ema_span_0": 1303.1868593440668,
           "ema_span_1": 1300.560221224229,
           "enabled": true,
           "initial_eprice_ema_dist": -0.003025944363882385,
           "initial_qty_pct": 0.01052188161383535,
           "markup_range": 0.00022019827043791502,
           "min_markup": 0.005794018367592737,
           "n_close_orders": 11,
           "rentry_pprice_dist": 0.02444537894625305,
           "rentry_pprice_dist_wallet_exposure_weighting": 1.2603764927526173,
           "wallet_exposure_limit": 1}}