{"config_name": "recursive_grid_0days",
 "logging_level": 0,
 "long": {"auto_unstuck_delay_minutes": 0,
          "auto_unstuck_ema_dist": 0,
          "auto_unstuck_qty_pct": 0,
          "auto_unstuck_wallet_exposure_threshold": 0.0,
          "backwards_tp": true,
          "ddown_factor": 1.5455565204847541,
          "ema_span_0": 1430.6585544365232,
          "ema_span_1": 1088.464730375871,
          "enabled": true,
          "initial_eprice_ema_dist": -0.009839263529756526,
          "initial_qty_pct": 0.006543969093954288,
          "markup_range": 0.0036075282516898227,
          "min_markup": 0.0018064789080091516,
          "n_close_orders": 8,
          "rentry_pprice_dist": 0.032913818782383766,
          "rentry_pprice_dist_wallet_exposure_weighting": 5.690938077702247,
          "wallet_exposure_limit": 1},
 "short": {"auto_unstuck_delay_minutes": 0,
           "auto_unstuck_ema_dist": 0,
           "auto_unstuck_qty_pct": 0,
           "auto_unstuck_wallet_exposure_threshold": 0.0,
           "backwards_tp": true,
           "ddown_factor": 2.08134519177421,
           "ema_span_0": 1020.5761618620035,
           "ema_span_1": 1058.5720342008337,
           "enabled": true,
           "initial_eprice_ema_dist": -0.006620400627402651,
           "initial_qty_pct": 0.013289036143707592,
           "markup_range": 0.0018016967116465093,
           "min_markup": 0.002422351359748749,
           "n_close_orders": 8,
           "rentry_pprice_dist": 0.03771110246081984,
           "rentry_pprice_dist_wallet_exposure_weighting": 6.3800846058266005,
           "wallet_exposure_limit": 1}}