{"config_name": "recursive_grid_0days",
 "logging_level": 0,
 "long": {"auto_unstuck_delay_minutes": 0,
          "auto_unstuck_ema_dist": 0,
          "auto_unstuck_qty_pct": 0,
          "auto_unstuck_wallet_exposure_threshold": 0.0,
          "backwards_tp": true,
          "ddown_factor": 2.776827267252834,
          "ema_span_0": 582.64089583745,
          "ema_span_1": 572.9881294650091,
          "enabled": true,
          "initial_eprice_ema_dist": 0.0015792436525577163,
          "initial_qty_pct": 0.019996086764343935,
          "markup_range": 0.0037951647247050774,
          "min_markup": 0.002437041463455835,
          "n_close_orders": 7,
          "rentry_pprice_dist": 0.036964553885101545,
          "rentry_pprice_dist_wallet_exposure_weighting": 2.9366436030918455,
          "wallet_exposure_limit": 1},
 "short": {"auto_unstuck_delay_minutes": 0,
           "auto_unstuck_ema_dist": 0,
           "auto_unstuck_qty_pct": 0,
           "auto_unstuck_wallet_exposure_threshold": 0.0,
           "backwards_tp": true,
           "ddown_factor": 2.3162230554628027,
           "ema_span_0": 1006.6449792943191,
           "ema_span_1": 1317.1001098796871,
           "enabled": true,
           "initial_eprice_ema_dist": 0.0007867671897053359,
           "initial_qty_pct": 0.011802408826969217,
           "markup_range": 0.0016714313566046455,
           "min_markup": 0.0028228232914522455,
           "n_close_orders": 11,
           "rentry_pprice_dist": 0.037794796132685105,
           "rentry_pprice_dist_wallet_exposure_weighting": 1.2303229895494494,
           "wallet_exposure_limit": 1}}