{"config_name": "recursive_grid_0days",
 "logging_level": 0,
 "long": {"auto_unstuck_delay_minutes": 0,
          "auto_unstuck_ema_dist": 0,
          "auto_unstuck_qty_pct": 0,
          "auto_unstuck_wallet_exposure_threshold": 0.0,
          "backwards_tp": true,
          "ddown_factor": 1.0206588914585735,
          "ema_span_0": 1157.1068280298107,
          "ema_span_1": 766.4229120044222,
          "enabled": true,
          "initial_eprice_ema_dist": -0.003372014009289939,
          "initial_qty_pct": 0.0055136547261046545,
          "markup_range": 0.0016286315760876556,
          "min_markup": 0.001692642120768909,
          "n_close_orders": 7,
          "rentry_pprice_dist": 0.01662249757307718,
          "rentry_pprice_dist_wallet_exposure_weighting": 2.986489225762747,
          "wallet_exposure_limit": 1},
 "short": {"auto_unstuck_delay_minutes": 0,
           "auto_unstuck_ema_dist": 0,
           "auto_unstuck_qty_pct": 0,
           "auto_unstuck_wallet_exposure_threshold": 0.0,
           "backwards_tp": true,
           "ddown_factor": 0.5076176852487743,
           "ema_span_0": 870.6903870465236,
           "ema_span_1": 640.0505371453597,
           "enabled": true,
           "initial_eprice_ema_dist": -0.004625045279078337,
           "initial_qty_pct": 0.006217026443758472,
           "markup_range": 0.0013545152613237054,
           "min_markup": 0.005295220636714294,
           "n_close_orders": 13,
           "rentry_pprice_dist": 0.020319585917755578,
           "rentry_pprice_dist_wallet_exposure_weighting": 1.9495540973434329,
           "wallet_exposure_limit": 1}}