{"config_name": "recursive_grid_0days",
 "logging_level": 0,
 "long": {"auto_unstuck_delay_minutes": 0,
          "auto_unstuck_ema_dist": 0,
          "auto_unstuck_qty_pct": 0,
          "auto_unstuck_wallet_exposure_threshold": 0.0,
          "backwards_tp": true,
          "ddown_factor": 0.8076787436856205,
          "ema_span_0": 1182.203486204544,
          "ema_span_1": 1203.5570829086312,
          "enabled": true,
          "initial_eprice_ema_dist": -0.00016700942377517153,
          "initial_qty_pct": 0.01352991960398559,
          "markup_range": 0.0016984333503885197,
          "min_markup": 0.003884676353394629,
          "n_close_orders": 2,
          "rentry_pprice_dist": 0.02178089968016631,
          "rentry_pprice_dist_wallet_exposure_weighting": 1.7682195172151058,
          "wallet_exposure_limit": 1},
 "short": {"auto_unstuck_delay_minutes": 0,
           "auto_unstuck_ema_dist": 0,
           "auto_unstuck_qty_pct": 0,
           "auto_unstuck_wallet_exposure_threshold": 0.0,
           "backwards_tp": true,
           "ddown_factor": 2.824010889354615,
           "ema_span_0": 668.4791978282874,
           "ema_span_1": 1100.6743726560933,
           "enabled": true,
           "initial_eprice_ema_dist": 0.003,
           "initial_qty_pct": 0.011802408826969217,
           "markup_range": 0.00017041521132076496,
           "min_markup": 0.0015067320644080204,
           "n_close_orders": 5,
           "rentry_pprice_dist": 0.025352022876576147,
           "rentry_pprice_dist_wallet_exposure_weighting": 4.485829797874352,
           "wallet_exposure_limit": 1}}