{"config_name": "recursive_grid_0days",
 "logging_level": 0,
 "long": {"auto_unstuck_delay_minutes": 0,
          "auto_unstuck_ema_dist": 0,
          "auto_unstuck_qty_pct": 0,
          "auto_unstuck_wallet_exposure_threshold": 0.0,
          "backwards_tp": true,
          "ddown_factor": 1.7260120721409893,
          "ema_span_0": 844.5235638813543,
          "ema_span_1": 1260.2251208991493,
          "enabled": true,
          "initial_eprice_ema_dist": 0.0007578100315185884,
          "initial_qty_pct": 0.007336733125390599,
          "markup_range": 0.0005638406014725544,
          "min_markup": 0.0030014683598070385,
          "n_close_orders": 8,
          "rentry_pprice_dist": 0.033733723632238484,
          "rentry_pprice_dist_wallet_exposure_weighting": 4.84625996632964,
          "wallet_exposure_limit": 1},
 "short": {"auto_unstuck_delay_minutes": 0,
           "auto_unstuck_ema_dist": 0,
           "auto_unstuck_qty_pct": 0,
           "auto_unstuck_wallet_exposure_threshold": 0.0,
           "backwards_tp": true,
           "ddown_factor": 1.096635291091908,
           "ema_span_0": 1330.039406339461,
           "ema_span_1": 1238.3522796278537,
           "enabled": true,
           "initial_eprice_ema_dist": -0.004816681183131951,
           "initial_qty_pct": 0.008181177347843736,
           "markup_range": 0.008722281771169226,
           "min_markup": 0.0028555643229245162,
           "n_close_orders": 7,
           "rentry_pprice_dist": 0.03791001394129892,
           "rentry_pprice_dist_wallet_exposure_weighting": 6.2927756107330035,
           "wallet_exposure_limit": 1}}