{"config_name": "recursive_grid_0days",
 "logging_level": 0,
 "long": {"auto_unstuck_delay_minutes": 0,
          "auto_unstuck_ema_dist": 0,
          "auto_unstuck_qty_pct": 0,
          "auto_unstuck_wallet_exposure_threshold": 0.0,
          "backwards_tp": true,
          "ddown_factor": 1.5455565204847541,
          "ema_span_0": 1430.6585544365232,
          "ema_span_1": 1088.464730375871,
          "enabled": true,
          "initial_eprice_ema_dist": -0.009839263529756526,
          "initial_qty_pct": 0.006543969093954288,
          "markup_range": 0.0036075282516898227,
          "min_markup": 0.0018064789080091516,
          "n_close_orders": 8,
          "rentry_pprice_dist": 0.032913818782383766,
          "rentry_pprice_dist_wallet_exposure_weighting": 5.690938077702247,
          "wallet_exposure_limit": 1},
 "short": {"auto_unstuck_delay_minutes": 0,
           "auto_unstuck_ema_dist": 0,
           "auto_unstuck_qty_pct": 0,
           "auto_unstuck_wallet_exposure_threshold": 0.0,
           "backwards_tp": true,
           "ddown_factor": 0.8437584945040348,
           "ema_span_0": 1273.6349655577148,
           "ema_span_1": 1181.8898550188335,
           "enabled": true,
           "initial_eprice_ema_dist": -0.009747003765253446,
           "initial_qty_pct": 0.006962801615292772,
           "markup_range": 0.01,
           "min_markup": 0.00602261672775095,
           "n_close_orders": 5,
           "rentry_pprice_dist": 0.030999759412613823,
           "rentry_pprice_dist_wallet_exposure_weighting": 2.812715957773782,
           "wallet_exposure_limit": 1}}