{"config_name": "recursive_grid_0days",
 "logging_level": 0,
 "long": {"auto_unstuck_delay_minutes": 0,
          "auto_unstuck_ema_dist": 0,
          "auto_unstuck_qty_pct": 0,
          "auto_unstuck_wallet_exposure_threshold": 0.0,
          "backwards_tp": true,
          "ddown_factor": 0.5159536084738751,
          "ema_span_0": 1248.6062558084398,
          "ema_span_1": 1044.0148033861185,
          "enabled": true,
          "initial_eprice_ema_dist": 0.000720250692351039,
          "initial_qty_pct": 0.01670396209967201,
          "markup_range": 0.004738122012700479,
          "min_markup": 0.006488744252296942,
          "n_close_orders": 10,
          "rentry_pprice_dist": 0.03196413882850113,
          "rentry_pprice_dist_wallet_exposure_weighting": 2.5777126246016717,
          "wallet_exposure_limit": 1},
 "short": {"auto_unstuck_delay_minutes": 0,
           "auto_unstuck_ema_dist": 0,
           "auto_unstuck_qty_pct": 0,
           "auto_unstuck_wallet_exposure_threshold": 0.0,
           "backwards_tp": true,
           "ddown_factor": 0.6713752782418424,
           "ema_span_0": 1355.2100163765492,
           "ema_span_1": 1199.092388636365,
           "enabled": true,
           "initial_eprice_ema_dist": -0.0016007357030213105,
           "initial_qty_pct": 0.019641513229499256,
           "markup_range": 0.007321683830100227,
           "min_markup": 0.00571785456177138,
           "n_close_orders": 2,
           "rentry_pprice_dist": 0.047627271229400504,
           "rentry_pprice_dist_wallet_exposure_weighting": 5.402091909658555,
           "wallet_exposure_limit": 1}}