{"config_name": "recursive_grid_0days",
 "logging_level": 0,
 "long": {"auto_unstuck_delay_minutes": 0,
          "auto_unstuck_ema_dist": 0,
          "auto_unstuck_qty_pct": 0,
          "auto_unstuck_wallet_exposure_threshold": 0.0,
          "backwards_tp": true,
          "ddown_factor": 0.7127996619834288,
          "ema_span_0": 624.1921898696093,
          "ema_span_1": 662.6420983003411,
          "enabled": true,
          "initial_eprice_ema_dist": -0.007004287940934794,
          "initial_qty_pct": 0.007771324959590781,
          "markup_range": 0.004414780245155629,
          "min_markup": 0.0025427254021188604,
          "n_close_orders": 5,
          "rentry_pprice_dist": 0.03695639965767077,
          "rentry_pprice_dist_wallet_exposure_weighting": 4.302084187858983,
          "wallet_exposure_limit": 1},
 "short": {"auto_unstuck_delay_minutes": 0,
           "auto_unstuck_ema_dist": 0,
           "auto_unstuck_qty_pct": 0,
           "auto_unstuck_wallet_exposure_threshold": 0.0,
           "backwards_tp": true,
           "ddown_factor": 0.17911301368367666,
           "ema_span_0": 472.36359939979036,
           "ema_span_1": 440.493227032012,
           "enabled": true,
           "initial_eprice_ema_dist": 0.0028508066991732813,
           "initial_qty_pct": 0.005547251606617143,
           "markup_range": 0.0043578328491762535,
           "min_markup": 0.0035540580662173343,
           "n_close_orders": 7,
           "rentry_pprice_dist": 0.025847324151267174,
           "rentry_pprice_dist_wallet_exposure_weighting": 0.0,
           "wallet_exposure_limit": 1}}