{"config_name": "recursive_grid_0days",
 "logging_level": 0,
 "long": {"auto_unstuck_delay_minutes": 0,
          "auto_unstuck_ema_dist": 0,
          "auto_unstuck_qty_pct": 0,
          "auto_unstuck_wallet_exposure_threshold": 0.0,
          "backwards_tp": true,
          "ddown_factor": 1.2675254505635634,
          "ema_span_0": 937.234224651408,
          "ema_span_1": 984.1054024346106,
          "enabled": true,
          "initial_eprice_ema_dist": -0.002006977787441694,
          "initial_qty_pct": 0.010522513059221323,
          "markup_range": 0.003248379214762474,
          "min_markup": 0.0042195941629218255,
          "n_close_orders": 8,
          "rentry_pprice_dist": 0.030846633862084784,
          "rentry_pprice_dist_wallet_exposure_weighting": 3.916579972313764,
          "wallet_exposure_limit": 1},
 "short": {"auto_unstuck_delay_minutes": 0,
           "auto_unstuck_ema_dist": 0,
           "auto_unstuck_qty_pct": 0,
           "auto_unstuck_wallet_exposure_threshold": 0.0,
           "backwards_tp": true,
           "ddown_factor": 2.7368799153028465,
           "ema_span_0": 1048.4996709948368,
           "ema_span_1": 670.330384517062,
           "enabled": true,
           "initial_eprice_ema_dist": 0.00012138366376879923,
           "initial_qty_pct": 0.005308685006948045,
           "markup_range": 0.003311655037900485,
           "min_markup": 0.003414277136486953,
           "n_close_orders": 9,
           "rentry_pprice_dist": 0.03159832382727077,
           "rentry_pprice_dist_wallet_exposure_weighting": 2.785535772956099,
           "wallet_exposure_limit": 1}}