{"config_name": "recursive_grid_0days",
 "logging_level": 0,
 "long": {"auto_unstuck_delay_minutes": 0,
          "auto_unstuck_ema_dist": 0,
          "auto_unstuck_qty_pct": 0,
          "auto_unstuck_wallet_exposure_threshold": 0.0,
          "backwards_tp": true,
          "ddown_factor": 0.18020294944274384,
          "ema_span_0": 534.6116953850265,
          "ema_span_1": 525.8301793868686,
          "enabled": true,
          "initial_eprice_ema_dist": -0.005663220098220674,
          "initial_qty_pct": 0.013948777121950211,
          "markup_range": 0.0033845180014539285,
          "min_markup": 0.003731929953161556,
          "n_close_orders": 2,
          "rentry_pprice_dist": 0.01698573632894032,
          "rentry_pprice_dist_wallet_exposure_weighting": 4.424060357992101,
          "wallet_exposure_limit": 1},
 "short": {"auto_unstuck_delay_minutes": 0,
           "auto_unstuck_ema_dist": 0,
           "auto_unstuck_qty_pct": 0,
           "auto_unstuck_wallet_exposure_threshold": 0.0,
           "backwards_tp": true,
           "ddown_factor": 0.17911301368367666,
           "ema_span_0": 472.36359939979036,
           "ema_span_1": 440.493227032012,
           "enabled": true,
           "initial_eprice_ema_dist": 0.0028508066991732813,
           "initial_qty_pct": 0.005547251606617143,
           "markup_range": 0.0043578328491762535,
           "min_markup": 0.0035540580662173343,
           "n_close_orders": 7,
           "rentry_pprice_dist": 0.025847324151267174,
           "rentry_pprice_dist_wallet_exposure_weighting": 0.0,
           "wallet_exposure_limit": 1}}