{"config_name": "recursive_grid_0days",
 "logging_level": 0,
 "long": {"auto_unstuck_delay_minutes": 0,
          "auto_unstuck_ema_dist": 0,
          "auto_unstuck_qty_pct": 0,
          "auto_unstuck_wallet_exposure_threshold": 0.0,
          "backwards_tp": true,
          "ddown_factor": 0.3902536565887466,
          "ema_span_0": 1413.758103390561,
          "ema_span_1": 1440,
          "enabled": true,
          "initial_eprice_ema_dist": 0.0029718095367438106,
          "initial_qty_pct": 0.00733301014026606,
          "markup_range": 0.0028126361750736846,
          "min_markup": 0.006713557450929027,
          "n_close_orders": 16,
          "rentry_pprice_dist": 0.033797679014433375,
          "rentry_pprice_dist_wallet_exposure_weighting": 5.140885806331698,
          "wallet_exposure_limit": 1},
 "short": {"auto_unstuck_delay_minutes": 0,
           "auto_unstuck_ema_dist": 0,
           "auto_unstuck_qty_pct": 0,
           "auto_unstuck_wallet_exposure_threshold": 0.0,
           "backwards_tp": true,
           "ddown_factor": 2.591031865103336,
           "ema_span_0": 1171.417972958852,
           "ema_span_1": 671.8361884528392,
           "enabled": true,
           "initial_eprice_ema_dist": -0.0022457328241958455,
           "initial_qty_pct": 0.006013986477967111,
           "markup_range": 0.004189023137734779,
           "min_markup": 0.0029581715145716053,
           "n_close_orders": 3,
           "rentry_pprice_dist": 0.039654821590001124,
           "rentry_pprice_dist_wallet_exposure_weighting": 0.9516044899172178,
           "wallet_exposure_limit": 1}}