{"config_name": "recursive_grid_0days",
 "logging_level": 0,
 "long": {"auto_unstuck_delay_minutes": 0,
          "auto_unstuck_ema_dist": 0,
          "auto_unstuck_qty_pct": 0,
          "auto_unstuck_wallet_exposure_threshold": 0.0,
          "backwards_tp": true,
          "ddown_factor": 2.358669773895032,
          "ema_span_0": 824.9976971890451,
          "ema_span_1": 930.553975809324,
          "enabled": true,
          "initial_eprice_ema_dist": 0.0008772929611175167,
          "initial_qty_pct": 0.010098024882728825,
          "markup_range": 0.0033314215649593503,
          "min_markup": 0.0022334620178643904,
          "n_close_orders": 5,
          "rentry_pprice_dist": 0.023927116028807597,
          "rentry_pprice_dist_wallet_exposure_weighting": 3.59589806138571,
          "wallet_exposure_limit": 1},
 "short": {"auto_unstuck_delay_minutes": 0,
           "auto_unstuck_ema_dist": 0,
           "auto_unstuck_qty_pct": 0,
           "auto_unstuck_wallet_exposure_threshold": 0.0,
           "backwards_tp": true,
           "ddown_factor": 2.5249902301868143,
           "ema_span_0": 958.5070799549975,
           "ema_span_1": 743.5333870615893,
           "enabled": true,
           "initial_eprice_ema_dist": -0.006281911393073577,
           "initial_qty_pct": 0.011169022828019435,
           "markup_range": 0.005133698576591956,
           "min_markup": 0.005317820714653464,
           "n_close_orders": 7,
           "rentry_pprice_dist": 0.03852695242597729,
           "rentry_pprice_dist_wallet_exposure_weighting": 2.980742847113021,
           "wallet_exposure_limit": 1}}