{"config_name": "recursive_grid_0days",
 "logging_level": 0,
 "long": {"auto_unstuck_delay_minutes": 0,
          "auto_unstuck_ema_dist": 0,
          "auto_unstuck_qty_pct": 0,
          "auto_unstuck_wallet_exposure_threshold": 0.0,
          "backwards_tp": true,
          "ddown_factor": 0.5736012243397192,
          "ema_span_0": 936.4509605375098,
          "ema_span_1": 515.46339509369,
          "enabled": true,
          "initial_eprice_ema_dist": -0.005766953639830126,
          "initial_qty_pct": 0.011651074822625207,
          "markup_range": 0.002499848221779468,
          "min_markup": 0.0039851633154411445,
          "n_close_orders": 7,
          "rentry_pprice_dist": 0.01814538796714788,
          "rentry_pprice_dist_wallet_exposure_weighting": 6.122788736297527,
          "wallet_exposure_limit": 1},
 "short": {"auto_unstuck_delay_minutes": 0,
           "auto_unstuck_ema_dist": 0,
           "auto_unstuck_qty_pct": 0,
           "auto_unstuck_wallet_exposure_threshold": 0.0,
           "backwards_tp": true,
           "ddown_factor": 2.3162230554628027,
           "ema_span_0": 1432.826356668545,
           "ema_span_1": 1238.4057039147253,
           "enabled": true,
           "initial_eprice_ema_dist": 0.0026755133801165225,
           "initial_qty_pct": 0.014658253612383836,
           "markup_range": 0.0010885238054421421,
           "min_markup": 0.004495882108561903,
           "n_close_orders": 15,
           "rentry_pprice_dist": 0.04793287551338852,
           "rentry_pprice_dist_wallet_exposure_weighting": 3.1078975919350875,
           "wallet_exposure_limit": 1}}