{"config_name": "recursive_grid_0days",
 "logging_level": 0,
 "long": {"auto_unstuck_delay_minutes": 0,
          "auto_unstuck_ema_dist": 0,
          "auto_unstuck_qty_pct": 0,
          "auto_unstuck_wallet_exposure_threshold": 0.0,
          "backwards_tp": true,
          "ddown_factor": 0.3902536565887466,
          "ema_span_0": 1413.758103390561,
          "ema_span_1": 1440,
          "enabled": true,
          "initial_eprice_ema_dist": 0.0029718095367438106,
          "initial_qty_pct": 0.00733301014026606,
          "markup_range": 0.0028126361750736846,
          "min_markup": 0.006713557450929027,
          "n_close_orders": 16,
          "rentry_pprice_dist": 0.033797679014433375,
          "rentry_pprice_dist_wallet_exposure_weighting": 5.140885806331698,
          "wallet_exposure_limit": 1},
 "short": {"auto_unstuck_delay_minutes": 0,
           "auto_unstuck_ema_dist": 0,
           "auto_unstuck_qty_pct": 0,
           "auto_unstuck_wallet_exposure_threshold": 0.0,
           "backwards_tp": true,
           "ddown_factor": 2.942676089272254,
           "ema_span_0": 1221.1673012685583,
           "ema_span_1": 1106.6075785388434,
           "enabled": true,
           "initial_eprice_ema_dist": -0.0017605548748617988,
           "initial_qty_pct": 0.005496329078201383,
           "markup_range": 0.007959869824874228,
           "min_markup": 0.0020854311731210193,
           "n_close_orders": 6,
           "rentry_pprice_dist": 0.03839972302764517,
           "rentry_pprice_dist_wallet_exposure_weighting": 1.7327213772260364,
           "wallet_exposure_limit": 1}}