{"config_name": "recursive_grid_0days",
 "logging_level": 0,
 "long": {"auto_unstuck_delay_minutes": 0,
          "auto_unstuck_ema_dist": 0,
          "auto_unstuck_qty_pct": 0,
          "auto_unstuck_wallet_exposure_threshold": 0.0,
          "backwards_tp": true,
          "ddown_factor": 2.4803126646518443,
          "ema_span_0": 937.3011481463654,
          "ema_span_1": 932.8628347101318,
          "enabled": true,
          "initial_eprice_ema_dist": 0.0010873859680090425,
          "initial_qty_pct": 0.007371323786733308,
          "markup_range": 0.004306124744372809,
          "min_markup": 0.004816535208804068,
          "n_close_orders": 15,
          "rentry_pprice_dist": 0.042379241269059745,
          "rentry_pprice_dist_wallet_exposure_weighting": 4.535300009631807,
          "wallet_exposure_limit": 1},
 "short": {"auto_unstuck_delay_minutes": 0,
           "auto_unstuck_ema_dist": 0,
           "auto_unstuck_qty_pct": 0,
           "auto_unstuck_wallet_exposure_threshold": 0.0,
           "backwards_tp": true,
           "ddown_factor": 0.3040205374107681,
           "ema_span_0": 912.16896751595,
           "ema_span_1": 419.06712671709045,
           "enabled": true,
           "initial_eprice_ema_dist": -0.008646889552202958,
           "initial_qty_pct": 0.01804890119755682,
           "markup_range": 0.0026120754661110215,
           "min_markup": 0.006113818592774805,
           "n_close_orders": 6,
           "rentry_pprice_dist": 0.019504086053601134,
           "rentry_pprice_dist_wallet_exposure_weighting": 5.246192592311134,
           "wallet_exposure_limit": 1}}