{"config_name": "recursive_grid_0days",
 "logging_level": 0,
 "long": {"auto_unstuck_delay_minutes": 0,
          "auto_unstuck_ema_dist": 0,
          "auto_unstuck_qty_pct": 0,
          "auto_unstuck_wallet_exposure_threshold": 0.0,
          "backwards_tp": true,
          "ddown_factor": 1.3742873046166713,
          "ema_span_0": 687.8751576667844,
          "ema_span_1": 679.6496846227416,
          "enabled": true,
          "initial_eprice_ema_dist": -0.005588059547579131,
          "initial_qty_pct": 0.0182603820725986,
          "markup_range": 0.004929879387417621,
          "min_markup": 0.0074990367897317,
          "n_close_orders": 16,
          "rentry_pprice_dist": 0.046269461206447655,
          "rentry_pprice_dist_wallet_exposure_weighting": 0.09578929224806976,
          "wallet_exposure_limit": 1},
 "short": {"auto_unstuck_delay_minutes": 0,
           "auto_unstuck_ema_dist": 0,
           "auto_unstuck_qty_pct": 0,
           "auto_unstuck_wallet_exposure_threshold": 0.0,
           "backwards_tp": true,
           "ddown_factor": 2.2786973858222805,
           "ema_span_0": 1000.4465971902919,
           "ema_span_1": 719.1892457727339,
           "enabled": true,
           "initial_eprice_ema_dist": -0.0038440126795189146,
           "initial_qty_pct": 0.009013348131738912,
           "markup_range": 0.004037628610652699,
           "min_markup": 0.00936671082180018,
           "n_close_orders": 6,
           "rentry_pprice_dist": 0.03484864995313628,
           "rentry_pprice_dist_wallet_exposure_weighting": 3.0433055323287936,
           "wallet_exposure_limit": 1}}