{"config_name": "recursive_grid_0days",
 "logging_level": 0,
 "long": {"auto_unstuck_delay_minutes": 0,
          "auto_unstuck_ema_dist": 0,
          "auto_unstuck_qty_pct": 0,
          "auto_unstuck_wallet_exposure_threshold": 0.0,
          "backwards_tp": true,
          "ddown_factor": 2.776827267252834,
          "ema_span_0": 582.64089583745,
          "ema_span_1": 572.9881294650091,
          "enabled": true,
          "initial_eprice_ema_dist": 0.0015792436525577163,
          "initial_qty_pct": 0.019996086764343935,
          "markup_range": 0.0037951647247050774,
          "min_markup": 0.002437041463455835,
          "n_close_orders": 7,
          "rentry_pprice_dist": 0.036964553885101545,
          "rentry_pprice_dist_wallet_exposure_weighting": 2.9366436030918455,
          "wallet_exposure_limit": 1},
 "short": {"auto_unstuck_delay_minutes": 0,
           "auto_unstuck_ema_dist": 0,
           "auto_unstuck_qty_pct": 0,
           "auto_unstuck_wallet_exposure_threshold": 0.0,
           "backwards_tp": true,
           "ddown_factor": 2.2786973858222805,
           "ema_span_0": 1000.4465971902919,
           "ema_span_1": 719.1892457727339,
           "enabled": true,
           "initial_eprice_ema_dist": -0.0038440126795189146,
           "initial_qty_pct": 0.009013348131738912,
           "markup_range": 0.004037628610652699,
           "min_markup": 0.00936671082180018,
           "n_close_orders": 6,
           "rentry_pprice_dist": 0.03484864995313628,
           "rentry_pprice_dist_wallet_exposure_weighting": 3.0433055323287936,
           "wallet_exposure_limit": 1}}