{"config_name": "recursive_grid_0days",
 "logging_level": 0,
 "long": {"auto_unstuck_delay_minutes": 0,
          "auto_unstuck_ema_dist": 0,
          "auto_unstuck_qty_pct": 0,
          "auto_unstuck_wallet_exposure_threshold": 0.0,
          "backwards_tp": true,
          "ddown_factor": 2.80346161864623,
          "ema_span_0": 1400.426590976837,
          "ema_span_1": 1371.869756308232,
          "enabled": true,
          "initial_eprice_ema_dist": 0.0015705069750494116,
          "initial_qty_pct": 0.011094456957032806,
          "markup_range": 0.004206416047286285,
          "min_markup": 0.0014417816779113979,
          "n_close_orders": 12,
          "rentry_pprice_dist": 0.043372126622844655,
          "rentry_pprice_dist_wallet_exposure_weighting": 0.16160709670108891,
          "wallet_exposure_limit": 1},
 "short": {"auto_unstuck_delay_minutes": 0,
           "auto_unstuck_ema_dist": 0,
           "auto_unstuck_qty_pct": 0,
           "auto_unstuck_wallet_exposure_threshold": 0.0,
           "backwards_tp": true,
           "ddown_factor": 1.4200893628080442,
           "ema_span_0": 799.3704053820314,
           "ema_span_1": 1165.4616255219564,
           "enabled": true,
           "initial_eprice_ema_dist": -0.002827678815854807,
           "initial_qty_pct": 0.00610923567956114,
           "markup_range": 0.003926183421531431,
           "min_markup": 0.007743487319480742,
           "n_close_orders": 7,
           "rentry_pprice_dist": 0.022464265001072528,
           "rentry_pprice_dist_wallet_exposure_weighting": 2.5868242581972276,
           "wallet_exposure_limit": 1}}