{"config_name": "recursive_grid_0days",
 "logging_level": 0,
 "long": {"auto_unstuck_delay_minutes": 0,
          "auto_unstuck_ema_dist": 0,
          "auto_unstuck_qty_pct": 0,
          "auto_unstuck_wallet_exposure_threshold": 0.0,
          "backwards_tp": true,
          "ddown_factor": 1.4699016146930428,
          "ema_span_0": 1304.3541053146641,
          "ema_span_1": 1415.0365114101714,
          "enabled": true,
          "initial_eprice_ema_dist": -0.0062494308971328605,
          "initial_qty_pct": 0.019972223351105427,
          "markup_range": 0.004344292972737513,
          "min_markup": 0.002522285542455863,
          "n_close_orders": 12,
          "rentry_pprice_dist": 0.028591802756668123,
          "rentry_pprice_dist_wallet_exposure_weighting": 0.22299898571140442,
          "wallet_exposure_limit": 1},
 "short": {"auto_unstuck_delay_minutes": 0,
           "auto_unstuck_ema_dist": 0,
           "auto_unstuck_qty_pct": 0,
           "auto_unstuck_wallet_exposure_threshold": 0.0,
           "backwards_tp": true,
           "ddown_factor": 0.8325568952629749,
           "ema_span_0": 1377.689410593319,
           "ema_span_1": 1316.2051503163382,
           "enabled": true,
           "initial_eprice_ema_dist": -0.005560952637674887,
           "initial_qty_pct": 0.014698512476153969,
           "markup_range": 0.004226909604066897,
           "min_markup": 0.0034635209215393725,
           "n_close_orders": 2,
           "rentry_pprice_dist": 0.02432055906712496,
           "rentry_pprice_dist_wallet_exposure_weighting": 0.4038140851965804,
           "wallet_exposure_limit": 1}}