{"config_name": "recursive_grid_0days",
 "logging_level": 0,
 "long": {"auto_unstuck_delay_minutes": 0,
          "auto_unstuck_ema_dist": 0,
          "auto_unstuck_qty_pct": 0,
          "auto_unstuck_wallet_exposure_threshold": 0.0,
          "backwards_tp": true,
          "ddown_factor": 0.3696353021127098,
          "ema_span_0": 884.8620295800949,
          "ema_span_1": 907.8030309435865,
          "enabled": true,
          "initial_eprice_ema_dist": -0.009357326292329592,
          "initial_qty_pct": 0.006090726860156613,
          "markup_range": 0.006820788717921815,
          "min_markup": 0.004462139610751622,
          "n_close_orders": 2,
          "rentry_pprice_dist": 0.029023852731919406,
          "rentry_pprice_dist_wallet_exposure_weighting": 5.577823307420172,
          "wallet_exposure_limit": 1},
 "short": {"auto_unstuck_delay_minutes": 0,
           "auto_unstuck_ema_dist": 0,
           "auto_unstuck_qty_pct": 0,
           "auto_unstuck_wallet_exposure_threshold": 0.0,
           "backwards_tp": true,
           "ddown_factor": 2.097453704851325,
           "ema_span_0": 1065.8473469345968,
           "ema_span_1": 982.6339606825976,
           "enabled": true,
           "initial_eprice_ema_dist": -0.006194086040184968,
           "initial_qty_pct": 0.011394980264621457,
           "markup_range": 0.008725184791758933,
           "min_markup": 0.006095402574335019,
           "n_close_orders": 12,
           "rentry_pprice_dist": 0.027406539583654514,
           "rentry_pprice_dist_wallet_exposure_weighting": 6.43718278961336,
           "wallet_exposure_limit": 1}}