{"config_name": "recursive_grid_0days",
 "logging_level": 0,
 "long": {"auto_unstuck_delay_minutes": 0,
          "auto_unstuck_ema_dist": 0,
          "auto_unstuck_qty_pct": 0,
          "auto_unstuck_wallet_exposure_threshold": 0.0,
          "backwards_tp": true,
          "ddown_factor": 1.646307020688455,
          "ema_span_0": 1423.1980958540796,
          "ema_span_1": 1225.1281020292502,
          "enabled": true,
          "initial_eprice_ema_dist": 0.002663925243375033,
          "initial_qty_pct": 0.010765952920995287,
          "markup_range": 0.0027146205909083882,
          "min_markup": 0.004152269942094344,
          "n_close_orders": 2,
          "rentry_pprice_dist": 0.04327698022883827,
          "rentry_pprice_dist_wallet_exposure_weighting": 0.7739990041167528,
          "wallet_exposure_limit": 1},
 "short": {"auto_unstuck_delay_minutes": 0,
           "auto_unstuck_ema_dist": 0,
           "auto_unstuck_qty_pct": 0,
           "auto_unstuck_wallet_exposure_threshold": 0.0,
           "backwards_tp": true,
           "ddown_factor": 0.21802688270759651,
           "ema_span_0": 1248.0959322741535,
           "ema_span_1": 1430.0841680407277,
           "enabled": true,
           "initial_eprice_ema_dist": 0.002716516856667494,
           "initial_qty_pct": 0.019998020321061447,
           "markup_range": 0.006120150586732654,
           "min_markup": 0.006415359529401238,
           "n_close_orders": 14,
           "rentry_pprice_dist": 0.039072266328704204,
           "rentry_pprice_dist_wallet_exposure_weighting": 6.7669715349237025,
           "wallet_exposure_limit": 1}}