{"config_name": "recursive_grid_0days",
 "logging_level": 0,
 "long": {"auto_unstuck_delay_minutes": 0,
          "auto_unstuck_ema_dist": 0,
          "auto_unstuck_qty_pct": 0,
          "auto_unstuck_wallet_exposure_threshold": 0.0,
          "backwards_tp": true,
          "ddown_factor": 1.7958746893344937,
          "ema_span_0": 605.006745014809,
          "ema_span_1": 661.5441390767999,
          "enabled": true,
          "initial_eprice_ema_dist": 0.0017885261913816685,
          "initial_qty_pct": 0.01842632385954889,
          "markup_range": 0.0034607225183080847,
          "min_markup": 0.003488079372623931,
          "n_close_orders": 6,
          "rentry_pprice_dist": 0.044262979096669125,
          "rentry_pprice_dist_wallet_exposure_weighting": 4.007554922706948,
          "wallet_exposure_limit": 1},
 "short": {"auto_unstuck_delay_minutes": 0,
           "auto_unstuck_ema_dist": 0,
           "auto_unstuck_qty_pct": 0,
           "auto_unstuck_wallet_exposure_threshold": 0.0,
           "backwards_tp": true,
           "ddown_factor": 1.5590482888791055,
           "ema_span_0": 538.1218079970611,
           "ema_span_1": 1094.3248929582285,
           "enabled": true,
           "initial_eprice_ema_dist": 0.00013780156130994856,
           "initial_qty_pct": 0.009301461556690956,
           "markup_range": 0.00012061326048546869,
           "min_markup": 0.0028697069440414657,
           "n_close_orders": 12,
           "rentry_pprice_dist": 0.021668125415918248,
           "rentry_pprice_dist_wallet_exposure_weighting": 2.261304953987642,
           "wallet_exposure_limit": 1}}