{"config_name": "recursive_grid_0days",
 "logging_level": 0,
 "long": {"auto_unstuck_delay_minutes": 0,
          "auto_unstuck_ema_dist": 0,
          "auto_unstuck_qty_pct": 0,
          "auto_unstuck_wallet_exposure_threshold": 0.0,
          "backwards_tp": true,
          "ddown_factor": 2.247885911615898,
          "ema_span_0": 701.0732650974925,
          "ema_span_1": 807.528616151842,
          "enabled": true,
          "initial_eprice_ema_dist": -0.00593504535989968,
          "initial_qty_pct": 0.008871061261948114,
          "markup_range": 0.003804641519225573,
          "min_markup": 0.005656748541260267,
          "n_close_orders": 4,
          "rentry_pprice_dist": 0.0305329129680727,
          "rentry_pprice_dist_wallet_exposure_weighting": 0.6173753962108104,
          "wallet_exposure_limit": 1},
 "short": {"auto_unstuck_delay_minutes": 0,
           "auto_unstuck_ema_dist": 0,
           "auto_unstuck_qty_pct": 0,
           "auto_unstuck_wallet_exposure_threshold": 0.0,
           "backwards_tp": true,
           "ddown_factor": 2.5802620479775373,
           "ema_span_0": 641.5256644301991,
           "ema_span_1": 1191.2519399932598,
           "enabled": true,
           "initial_eprice_ema_dist": -0.00010522291907465574,
           "initial_qty_pct": 0.009000594413824106,
           "markup_range": 0.001147909553877573,
           "min_markup": 0.0031605703292547256,
           "n_close_orders": 9,
           "rentry_pprice_dist": 0.015596258311251951,
           "rentry_pprice_dist_wallet_exposure_weighting": 4.134639178461365,
           "wallet_exposure_limit": 1}}