{"config_name": "recursive_grid_0days",
 "logging_level": 0,
 "long": {"auto_unstuck_delay_minutes": 0,
          "auto_unstuck_ema_dist": 0,
          "auto_unstuck_qty_pct": 0,
          "auto_unstuck_wallet_exposure_threshold": 0.0,
          "backwards_tp": true,
          "ddown_factor": 0.5159536084738751,
          "ema_span_0": 1248.6062558084398,
          "ema_span_1": 1044.0148033861185,
          "enabled": true,
          "initial_eprice_ema_dist": 0.000720250692351039,
          "initial_qty_pct": 0.01670396209967201,
          "markup_range": 0.004738122012700479,
          "min_markup": 0.006488744252296942,
          "n_close_orders": 10,
          "rentry_pprice_dist": 0.03196413882850113,
          "rentry_pprice_dist_wallet_exposure_weighting": 2.5777126246016717,
          "wallet_exposure_limit": 1},
 "short": {"auto_unstuck_delay_minutes": 0,
           "auto_unstuck_ema_dist": 0,
           "auto_unstuck_qty_pct": 0,
           "auto_unstuck_wallet_exposure_threshold": 0.0,
           "backwards_tp": true,
           "ddown_factor": 2.121555953228244,
           "ema_span_0": 1439.457992466098,
           "ema_span_1": 1439.6523229556547,
           "enabled": true,
           "initial_eprice_ema_dist": -0.0003286366121919378,
           "initial_qty_pct": 0.01926522821319415,
           "markup_range": 0.0020372345703510114,
           "min_markup": 0.006544138409826038,
           "n_close_orders": 11,
           "rentry_pprice_dist": 0.04721831982661486,
           "rentry_pprice_dist_wallet_exposure_weighting": 3.9376346759541607,
           "wallet_exposure_limit": 1}}