{"config_name": "recursive_grid_0days",
 "logging_level": 0,
 "long": {"auto_unstuck_delay_minutes": 0,
          "auto_unstuck_ema_dist": 0,
          "auto_unstuck_qty_pct": 0,
          "auto_unstuck_wallet_exposure_threshold": 0.0,
          "backwards_tp": true,
          "ddown_factor": 0.7409890132729299,
          "ema_span_0": 933.3517084796568,
          "ema_span_1": 1316.1556632456777,
          "enabled": true,
          "initial_eprice_ema_dist": -0.007046324243020972,
          "initial_qty_pct": 0.018569206389279204,
          "markup_range": 0.006506925288972851,
          "min_markup": 0.004237688935460271,
          "n_close_orders": 8,
          "rentry_pprice_dist": 0.0482561544881107,
          "rentry_pprice_dist_wallet_exposure_weighting": 0.4530256318298753,
          "wallet_exposure_limit": 1},
 "short": {"auto_unstuck_delay_minutes": 0,
           "auto_unstuck_ema_dist": 0,
           "auto_unstuck_qty_pct": 0,
           "auto_unstuck_wallet_exposure_threshold": 0.0,
           "backwards_tp": true,
           "ddown_factor": 2.9126648396493593,
           "ema_span_0": 532.6543816447255,
           "ema_span_1": 1324.4767592034896,
           "enabled": true,
           "initial_eprice_ema_dist": -0.006909694986161618,
           "initial_qty_pct": 0.014251120939408127,
           "markup_range": 0.007099304520738205,
           "min_markup": 0.004995881172485221,
           "n_close_orders": 6,
           "rentry_pprice_dist": 0.04547906956252059,
           "rentry_pprice_dist_wallet_exposure_weighting": 1.1080147355026637,
           "wallet_exposure_limit": 1}}