{"config_name": "recursive_grid_0days",
 "logging_level": 0,
 "long": {"auto_unstuck_delay_minutes": 0,
          "auto_unstuck_ema_dist": 0,
          "auto_unstuck_qty_pct": 0,
          "auto_unstuck_wallet_exposure_threshold": 0.0,
          "backwards_tp": true,
          "ddown_factor": 1.7260120721409893,
          "ema_span_0": 844.5235638813543,
          "ema_span_1": 1260.2251208991493,
          "enabled": true,
          "initial_eprice_ema_dist": 0.0007578100315185884,
          "initial_qty_pct": 0.007336733125390599,
          "markup_range": 0.0005638406014725544,
          "min_markup": 0.0030014683598070385,
          "n_close_orders": 8,
          "rentry_pprice_dist": 0.033733723632238484,
          "rentry_pprice_dist_wallet_exposure_weighting": 4.84625996632964,
          "wallet_exposure_limit": 1},
 "short": {"auto_unstuck_delay_minutes": 0,
           "auto_unstuck_ema_dist": 0,
           "auto_unstuck_qty_pct": 0,
           "auto_unstuck_wallet_exposure_threshold": 0.0,
           "backwards_tp": true,
           "ddown_factor": 2.9369121462422005,
           "ema_span_0": 1440,
           "ema_span_1": 1376.5256726361233,
           "enabled": true,
           "initial_eprice_ema_dist": -0.002784127828183163,
           "initial_qty_pct": 0.013916927508297325,
           "markup_range": 0.0015546850195966365,
           "min_markup": 0.0028228232914522455,
           "n_close_orders": 8,
           "rentry_pprice_dist": 0.025062668478451598,
           "rentry_pprice_dist_wallet_exposure_weighting": 2.628424800050207,
           "wallet_exposure_limit": 1}}