{"config_name": "recursive_grid_0days",
 "logging_level": 0,
 "long": {"auto_unstuck_delay_minutes": 0,
          "auto_unstuck_ema_dist": 0,
          "auto_unstuck_qty_pct": 0,
          "auto_unstuck_wallet_exposure_threshold": 0.0,
          "backwards_tp": true,
          "ddown_factor": 0.3902536565887466,
          "ema_span_0": 1413.758103390561,
          "ema_span_1": 1440,
          "enabled": true,
          "initial_eprice_ema_dist": 0.0029718095367438106,
          "initial_qty_pct": 0.00733301014026606,
          "markup_range": 0.0028126361750736846,
          "min_markup": 0.006713557450929027,
          "n_close_orders": 16,
          "rentry_pprice_dist": 0.033797679014433375,
          "rentry_pprice_dist_wallet_exposure_weighting": 5.140885806331698,
          "wallet_exposure_limit": 1},
 "short": {"auto_unstuck_delay_minutes": 0,
           "auto_unstuck_ema_dist": 0,
           "auto_unstuck_qty_pct": 0,
           "auto_unstuck_wallet_exposure_threshold": 0.0,
           "backwards_tp": true,
           "ddown_factor": 2.6078087195928683,
           "ema_span_0": 882.3592202038312,
           "ema_span_1": 1408.91815843651,
           "enabled": true,
           "initial_eprice_ema_dist": 0.0028746071453775836,
           "initial_qty_pct": 0.02,
           "markup_range": 0.0031255383459655446,
           "min_markup": 0.005382035068085265,
           "n_close_orders": 9,
           "rentry_pprice_dist": 0.03895265137790888,
           "rentry_pprice_dist_wallet_exposure_weighting": 1.9476924290466413,
           "wallet_exposure_limit": 1}}