{"config_name": "recursive_grid_0days",
 "logging_level": 0,
 "long": {"auto_unstuck_delay_minutes": 0,
          "auto_unstuck_ema_dist": 0,
          "auto_unstuck_qty_pct": 0,
          "auto_unstuck_wallet_exposure_threshold": 0.0,
          "backwards_tp": true,
          "ddown_factor": 0.10000000596553002,
          "ema_span_0": 929.9812114760467,
          "ema_span_1": 941.0347791612975,
          "enabled": true,
          "initial_eprice_ema_dist": -0.003991486046804449,
          "initial_qty_pct": 0.0062838948398916605,
          "markup_range": 0.0053377597436320345,
          "min_markup": 0.004808631305477758,
          "n_close_orders": 2,
          "rentry_pprice_dist": 0.039485103117888054,
          "rentry_pprice_dist_wallet_exposure_weighting": 0.1364660075707736,
          "wallet_exposure_limit": 1},
 "short": {"auto_unstuck_delay_minutes": 0,
           "auto_unstuck_ema_dist": 0,
           "auto_unstuck_qty_pct": 0,
           "auto_unstuck_wallet_exposure_threshold": 0.0,
           "backwards_tp": true,
           "ddown_factor": 0.966687567910197,
           "ema_span_0": 749.5134019064611,
           "ema_span_1": 1281.3144943534287,
           "enabled": true,
           "initial_eprice_ema_dist": -0.0006423620829190632,
           "initial_qty_pct": 0.015283484013860052,
           "markup_range": 0.003132569119602187,
           "min_markup": 0.005636599354075086,
           "n_close_orders": 10,
           "rentry_pprice_dist": 0.05375814293426339,
           "rentry_pprice_dist_wallet_exposure_weighting": 5.64933016568611,
           "wallet_exposure_limit": 1}}