{"config_name": "recursive_grid_0days",
 "logging_level": 0,
 "long": {"auto_unstuck_delay_minutes": 0,
          "auto_unstuck_ema_dist": 0,
          "auto_unstuck_qty_pct": 0,
          "auto_unstuck_wallet_exposure_threshold": 0.0,
          "backwards_tp": true,
          "ddown_factor": 2.265810440709435,
          "ema_span_0": 1085.3696013266187,
          "ema_span_1": 518.4247284767371,
          "enabled": true,
          "initial_eprice_ema_dist": 2.895367759278453e-05,
          "initial_qty_pct": 0.006104361831184341,
          "markup_range": 0.008478248683968456,
          "min_markup": 0.0062734922300736054,
          "n_close_orders": 3,
          "rentry_pprice_dist": 0.03659103166206909,
          "rentry_pprice_dist_wallet_exposure_weighting": 5.398449998661578,
          "wallet_exposure_limit": 1},
 "short": {"auto_unstuck_delay_minutes": 0,
           "auto_unstuck_ema_dist": 0,
           "auto_unstuck_qty_pct": 0,
           "auto_unstuck_wallet_exposure_threshold": 0.0,
           "backwards_tp": true,
           "ddown_factor": 1.5749969457700788,
           "ema_span_0": 569.413304156137,
           "ema_span_1": 490.5430557314239,
           "enabled": true,
           "initial_eprice_ema_dist": -0.0086863081186085,
           "initial_qty_pct": 0.0087043398163937,
           "markup_range": 0.005588308732260884,
           "min_markup": 0.005238778285633801,
           "n_close_orders": 2,
           "rentry_pprice_dist": 0.0243385509821733,
           "rentry_pprice_dist_wallet_exposure_weighting": 6.451868010973641,
           "wallet_exposure_limit": 1}}