{"config_name": "recursive_grid_0days",
 "logging_level": 0,
 "long": {"auto_unstuck_delay_minutes": 0,
          "auto_unstuck_ema_dist": 0,
          "auto_unstuck_qty_pct": 0,
          "auto_unstuck_wallet_exposure_threshold": 0.0,
          "backwards_tp": true,
          "ddown_factor": 1.3982867742207514,
          "ema_span_0": 699.63745669592,
          "ema_span_1": 712.6294877003463,
          "enabled": true,
          "initial_eprice_ema_dist": 0.0016716655918121463,
          "initial_qty_pct": 0.0069995912789837435,
          "markup_range": 0.0006315586964646242,
          "min_markup": 0.004128066449384683,
          "n_close_orders": 5,
          "rentry_pprice_dist": 0.019701876789393825,
          "rentry_pprice_dist_wallet_exposure_weighting": 3.2017690791294244,
          "wallet_exposure_limit": 1},
 "short": {"auto_unstuck_delay_minutes": 0,
           "auto_unstuck_ema_dist": 0,
           "auto_unstuck_qty_pct": 0,
           "auto_unstuck_wallet_exposure_threshold": 0.0,
           "backwards_tp": true,
           "ddown_factor": 2.821842083201646,
           "ema_span_0": 1313.4081490917101,
           "ema_span_1": 1422.1583834116334,
           "enabled": true,
           "initial_eprice_ema_dist": 0.0026182031948798466,
           "initial_qty_pct": 0.006214937579486585,
           "markup_range": 0.0016575243438060577,
           "min_markup": 0.002239082626467314,
           "n_close_orders": 9,
           "rentry_pprice_dist": 0.02403722961792485,
           "rentry_pprice_dist_wallet_exposure_weighting": 3.284773717844006,
           "wallet_exposure_limit": 1}}