{"config_name": "recursive_grid_0days",
 "logging_level": 0,
 "long": {"auto_unstuck_delay_minutes": 0,
          "auto_unstuck_ema_dist": 0,
          "auto_unstuck_qty_pct": 0,
          "auto_unstuck_wallet_exposure_threshold": 0.0,
          "backwards_tp": true,
          "ddown_factor": 0.364849119702204,
          "ema_span_0": 865.7984570675294,
          "ema_span_1": 725.7281024686835,
          "enabled": true,
          "initial_eprice_ema_dist": 0.0029413539231069727,
          "initial_qty_pct": 0.008986222705890308,
          "markup_range": 0.00813327997846001,
          "min_markup": 0.007010564949875995,
          "n_close_orders": 4,
          "rentry_pprice_dist": 0.037672124082526355,
          "rentry_pprice_dist_wallet_exposure_weighting": 4.1794409586499315,
          "wallet_exposure_limit": 1},
 "short": {"auto_unstuck_delay_minutes": 0,
           "auto_unstuck_ema_dist": 0,
           "auto_unstuck_qty_pct": 0,
           "auto_unstuck_wallet_exposure_threshold": 0.0,
           "backwards_tp": true,
           "ddown_factor": 1.337218641941045,
           "ema_span_0": 1394.0595360103011,
           "ema_span_1": 1209.904791055211,
           "enabled": true,
           "initial_eprice_ema_dist": -0.0020670190574686915,
           "initial_qty_pct": 0.01463807095251366,
           "markup_range": 0.007272680089655267,
           "min_markup": 0.006039483470154668,
           "n_close_orders": 3,
           "rentry_pprice_dist": 0.028533484009548606,
           "rentry_pprice_dist_wallet_exposure_weighting": 6.256314642408412,
           "wallet_exposure_limit": 1}}