{"config_name": "recursive_grid_0days",
 "logging_level": 0,
 "long": {"auto_unstuck_delay_minutes": 0,
          "auto_unstuck_ema_dist": 0,
          "auto_unstuck_qty_pct": 0,
          "auto_unstuck_wallet_exposure_threshold": 0.0,
          "backwards_tp": true,
          "ddown_factor": 1.898083850242024,
          "ema_span_0": 1426.285590876822,
          "ema_span_1": 1424.335791465121,
          "enabled": true,
          "initial_eprice_ema_dist": 0.003,
          "initial_qty_pct": 0.01968097261972087,
          "markup_range": 0.0035071222518446776,
          "min_markup": 0.005533845048715687,
          "n_close_orders": 4,
          "rentry_pprice_dist": 0.03385601367703975,
          "rentry_pprice_dist_wallet_exposure_weighting": 3.73109080433956,
          "wallet_exposure_limit": 1},
 "short": {"auto_unstuck_delay_minutes": 0,
           "auto_unstuck_ema_dist": 0,
           "auto_unstuck_qty_pct": 0,
           "auto_unstuck_wallet_exposure_threshold": 0.0,
           "backwards_tp": true,
           "ddown_factor": 2.7368799153028465,
           "ema_span_0": 1048.4996709948368,
           "ema_span_1": 670.330384517062,
           "enabled": true,
           "initial_eprice_ema_dist": 0.00012138366376879923,
           "initial_qty_pct": 0.005308685006948045,
           "markup_range": 0.003311655037900485,
           "min_markup": 0.003414277136486953,
           "n_close_orders": 9,
           "rentry_pprice_dist": 0.03159832382727077,
           "rentry_pprice_dist_wallet_exposure_weighting": 2.785535772956099,
           "wallet_exposure_limit": 1}}