{"config_name": "recursive_grid_0days",
 "logging_level": 0,
 "long": {"auto_unstuck_delay_minutes": 0,
          "auto_unstuck_ema_dist": 0,
          "auto_unstuck_qty_pct": 0,
          "auto_unstuck_wallet_exposure_threshold": 0.0,
          "backwards_tp": true,
          "ddown_factor": 1.5793620725516269,
          "ema_span_0": 1261.7539266767174,
          "ema_span_1": 1262.397064741276,
          "enabled": true,
          "initial_eprice_ema_dist": 0.002347774982749378,
          "initial_qty_pct": 0.008151352750144504,
          "markup_range": 0.0002860501145161098,
          "min_markup": 0.003815907544379429,
          "n_close_orders": 4,
          "rentry_pprice_dist": 0.021711269576136914,
          "rentry_pprice_dist_wallet_exposure_weighting": 0.732735687577732,
          "wallet_exposure_limit": 1},
 "short": {"auto_unstuck_delay_minutes": 0,
           "auto_unstuck_ema_dist": 0,
           "auto_unstuck_qty_pct": 0,
           "auto_unstuck_wallet_exposure_threshold": 0.0,
           "backwards_tp": true,
           "ddown_factor": 0.8325568952629749,
           "ema_span_0": 1377.689410593319,
           "ema_span_1": 1316.2051503163382,
           "enabled": true,
           "initial_eprice_ema_dist": -0.005560952637674887,
           "initial_qty_pct": 0.014698512476153969,
           "markup_range": 0.004226909604066897,
           "min_markup": 0.0034635209215393725,
           "n_close_orders": 2,
           "rentry_pprice_dist": 0.02432055906712496,
           "rentry_pprice_dist_wallet_exposure_weighting": 0.4038140851965804,
           "wallet_exposure_limit": 1}}