{"config_name": "recursive_grid_0days",
 "logging_level": 0,
 "long": {"auto_unstuck_delay_minutes": 0,
          "auto_unstuck_ema_dist": 0,
          "auto_unstuck_qty_pct": 0,
          "auto_unstuck_wallet_exposure_threshold": 0.0,
          "backwards_tp": true,
          "ddown_factor": 0.1000253088461639,
          "ema_span_0": 1097.8744732697232,
          "ema_span_1": 406.91457583186894,
          "enabled": true,
          "initial_eprice_ema_dist": -0.0027409371987949004,
          "initial_qty_pct": 0.018805446219805615,
          "markup_range": 0.002479346622921817,
          "min_markup": 0.006656628235282698,
          "n_close_orders": 4,
          "rentry_pprice_dist": 0.02831082617853845,
          "rentry_pprice_dist_wallet_exposure_weighting": 2.7368907040172634,
          "wallet_exposure_limit": 1},
 "short": {"auto_unstuck_delay_minutes": 0,
           "auto_unstuck_ema_dist": 0,
           "auto_unstuck_qty_pct": 0,
           "auto_unstuck_wallet_exposure_threshold": 0.0,
           "backwards_tp": true,
           "ddown_factor": 1.610856090780812,
           "ema_span_0": 539.9866490557295,
           "ema_span_1": 1431.1569663839805,
           "enabled": true,
           "initial_eprice_ema_dist": 0.0029995566815200587,
           "initial_qty_pct": 0.008277303001950773,
           "markup_range": 0.0006668861872378242,
           "min_markup": 0.0012368622521173385,
           "n_close_orders": 7,
           "rentry_pprice_dist": 0.05427730809800425,
           "rentry_pprice_dist_wallet_exposure_weighting": 0.5056001328822984,
           "wallet_exposure_limit": 1}}