{"config_name": "recursive_grid_0days",
 "logging_level": 0,
 "long": {"auto_unstuck_delay_minutes": 0,
          "auto_unstuck_ema_dist": 0,
          "auto_unstuck_qty_pct": 0,
          "auto_unstuck_wallet_exposure_threshold": 0.0,
          "backwards_tp": true,
          "ddown_factor": 2.358669773895032,
          "ema_span_0": 824.9976971890451,
          "ema_span_1": 930.553975809324,
          "enabled": true,
          "initial_eprice_ema_dist": 0.0008772929611175167,
          "initial_qty_pct": 0.010098024882728825,
          "markup_range": 0.0033314215649593503,
          "min_markup": 0.0022334620178643904,
          "n_close_orders": 5,
          "rentry_pprice_dist": 0.023927116028807597,
          "rentry_pprice_dist_wallet_exposure_weighting": 3.59589806138571,
          "wallet_exposure_limit": 1},
 "short": {"auto_unstuck_delay_minutes": 0,
           "auto_unstuck_ema_dist": 0.0,
           "auto_unstuck_qty_pct": 0,
           "auto_unstuck_wallet_exposure_threshold": 0.0,
           "backwards_tp": true,
           "ddown_factor": 1.7669071183869411,
           "ema_span_0": 1432.826356668545,
           "ema_span_1": 726.4420281977382,
           "enabled": true,
           "initial_eprice_ema_dist": -0.0082460794355585,
           "initial_qty_pct": 0.006217026443758472,
           "markup_range": 0.001319917425168107,
           "min_markup": 0.009785870250428595,
           "n_close_orders": 6,
           "rentry_pprice_dist": 0.019504086053601134,
           "rentry_pprice_dist_wallet_exposure_weighting": 1.2303229895494494,
           "wallet_exposure_limit": 1}}