{"config_name": "recursive_grid_0days",
 "logging_level": 0,
 "long": {"auto_unstuck_delay_minutes": 0,
          "auto_unstuck_ema_dist": 0,
          "auto_unstuck_qty_pct": 0,
          "auto_unstuck_wallet_exposure_threshold": 0.0,
          "backwards_tp": true,
          "ddown_factor": 1.1678459732677178,
          "ema_span_0": 440.0348164817951,
          "ema_span_1": 483.59860064472315,
          "enabled": true,
          "initial_eprice_ema_dist": -0.005882691407516068,
          "initial_qty_pct": 0.008147025337749022,
          "markup_range": 0.001769074259013543,
          "min_markup": 0.003095219845299725,
          "n_close_orders": 3,
          "rentry_pprice_dist": 0.01961392361623543,
          "rentry_pprice_dist_wallet_exposure_weighting": 0.5194424975644029,
          "wallet_exposure_limit": 1},
 "short": {"auto_unstuck_delay_minutes": 0,
           "auto_unstuck_ema_dist": 0,
           "auto_unstuck_qty_pct": 0,
           "auto_unstuck_wallet_exposure_threshold": 0.0,
           "backwards_tp": true,
           "ddown_factor": 2.861289071126022,
           "ema_span_0": 570.7424324540953,
           "ema_span_1": 514.244786685066,
           "enabled": true,
           "initial_eprice_ema_dist": 0.0027352875636505046,
           "initial_qty_pct": 0.011236281116613855,
           "markup_range": 0.0016714313566046455,
           "min_markup": 0.0033659905626506796,
           "n_close_orders": 9,
           "rentry_pprice_dist": 0.032471982235901774,
           "rentry_pprice_dist_wallet_exposure_weighting": 1.878714040563697,
           "wallet_exposure_limit": 1}}