{"config_name": "recursive_grid_0days",
 "logging_level": 0,
 "long": {"auto_unstuck_delay_minutes": 0,
          "auto_unstuck_ema_dist": 0,
          "auto_unstuck_qty_pct": 0,
          "auto_unstuck_wallet_exposure_threshold": 0.0,
          "backwards_tp": true,
          "ddown_factor": 2.265810440709435,
          "ema_span_0": 1085.3696013266187,
          "ema_span_1": 518.4247284767371,
          "enabled": true,
          "initial_eprice_ema_dist": 2.895367759278453e-05,
          "initial_qty_pct": 0.006104361831184341,
          "markup_range": 0.008478248683968456,
          "min_markup": 0.0062734922300736054,
          "n_close_orders": 3,
          "rentry_pprice_dist": 0.03659103166206909,
          "rentry_pprice_dist_wallet_exposure_weighting": 5.398449998661578,
          "wallet_exposure_limit": 1},
 "short": {"auto_unstuck_delay_minutes": 0,
           "auto_unstuck_ema_dist": 0,
           "auto_unstuck_qty_pct": 0,
           "auto_unstuck_wallet_exposure_threshold": 0.0,
           "backwards_tp": true,
           "ddown_factor": 2.097453704851325,
           "ema_span_0": 1065.8473469345968,
           "ema_span_1": 982.6339606825976,
           "enabled": true,
           "initial_eprice_ema_dist": -0.006194086040184968,
           "initial_qty_pct": 0.011394980264621457,
           "markup_range": 0.008725184791758933,
           "min_markup": 0.006095402574335019,
           "n_close_orders": 12,
           "rentry_pprice_dist": 0.027406539583654514,
           "rentry_pprice_dist_wallet_exposure_weighting": 6.43718278961336,
           "wallet_exposure_limit": 1}}