{"config_name": "recursive_grid_0days",
 "logging_level": 0,
 "long": {"auto_unstuck_delay_minutes": 0,
          "auto_unstuck_ema_dist": 0,
          "auto_unstuck_qty_pct": 0,
          "auto_unstuck_wallet_exposure_threshold": 0.0,
          "backwards_tp": true,
          "ddown_factor": 2.610165935155785,
          "ema_span_0": 1142.1064045986368,
          "ema_span_1": 1046.1824616964843,
          "enabled": true,
          "initial_eprice_ema_dist": -0.0087146472041154,
          "initial_qty_pct": 0.006722876596456217,
          "markup_range": 0.0016596428805405415,
          "min_markup": 0.004243394576994393,
          "n_close_orders": 9,
          "rentry_pprice_dist": 0.02946794502109941,
          "rentry_pprice_dist_wallet_exposure_weighting": 3.4609491502559733,
          "wallet_exposure_limit": 1},
 "short": {"auto_unstuck_delay_minutes": 0,
           "auto_unstuck_ema_dist": 0,
           "auto_unstuck_qty_pct": 0,
           "auto_unstuck_wallet_exposure_threshold": 0.0,
           "backwards_tp": true,
           "ddown_factor": 2.779356882142794,
           "ema_span_0": 432.8920563946013,
           "ema_span_1": 553.3975386186394,
           "enabled": true,
           "initial_eprice_ema_dist": 0.0028955471894754714,
           "initial_qty_pct": 0.007435368857356807,
           "markup_range": 0.002328279603077911,
           "min_markup": 0.003274948204353881,
           "n_close_orders": 4,
           "rentry_pprice_dist": 0.03424249361224487,
           "rentry_pprice_dist_wallet_exposure_weighting": 0.9373501606766115,
           "wallet_exposure_limit": 1}}