{"config_name": "recursive_grid_0days",
 "logging_level": 0,
 "long": {"auto_unstuck_delay_minutes": 0,
          "auto_unstuck_ema_dist": 0,
          "auto_unstuck_qty_pct": 0,
          "auto_unstuck_wallet_exposure_threshold": 0.0,
          "backwards_tp": true,
          "ddown_factor": 0.136980516315344,
          "ema_span_0": 990.5411928116741,
          "ema_span_1": 1107.7590226770542,
          "enabled": true,
          "initial_eprice_ema_dist": -0.00673973466369681,
          "initial_qty_pct": 0.006748739638866885,
          "markup_range": 0.001916299903031851,
          "min_markup": 0.005651226545313381,
          "n_close_orders": 14,
          "rentry_pprice_dist": 0.019491943571174564,
          "rentry_pprice_dist_wallet_exposure_weighting": 2.2047101396037654,
          "wallet_exposure_limit": 1},
 "short": {"auto_unstuck_delay_minutes": 0,
           "auto_unstuck_ema_dist": 0,
           "auto_unstuck_qty_pct": 0,
           "auto_unstuck_wallet_exposure_threshold": 0.0,
           "backwards_tp": true,
           "ddown_factor": 1.9826312181062014,
           "ema_span_0": 1045.6818420316492,
           "ema_span_1": 400.66376106469426,
           "enabled": true,
           "initial_eprice_ema_dist": 0.000611561133512006,
           "initial_qty_pct": 0.00886604144127456,
           "markup_range": 0.0016175100336028598,
           "min_markup": 0.004039972569513785,
           "n_close_orders": 8,
           "rentry_pprice_dist": 0.05849581987864839,
           "rentry_pprice_dist_wallet_exposure_weighting": 0.26784678832760955,
           "wallet_exposure_limit": 1}}