{"config_name": "recursive_grid_0days",
 "logging_level": 0,
 "long": {"auto_unstuck_delay_minutes": 0,
          "auto_unstuck_ema_dist": 0,
          "auto_unstuck_qty_pct": 0,
          "auto_unstuck_wallet_exposure_threshold": 0.0,
          "backwards_tp": true,
          "ddown_factor": 2.358669773895032,
          "ema_span_0": 824.9976971890451,
          "ema_span_1": 930.553975809324,
          "enabled": true,
          "initial_eprice_ema_dist": 0.0008772929611175167,
          "initial_qty_pct": 0.010098024882728825,
          "markup_range": 0.0033314215649593503,
          "min_markup": 0.0022334620178643904,
          "n_close_orders": 5,
          "rentry_pprice_dist": 0.023927116028807597,
          "rentry_pprice_dist_wallet_exposure_weighting": 3.59589806138571,
          "wallet_exposure_limit": 1},
 "short": {"auto_unstuck_delay_minutes": 0,
           "auto_unstuck_ema_dist": 0,
           "auto_unstuck_qty_pct": 0,
           "auto_unstuck_wallet_exposure_threshold": 0.0,
           "backwards_tp": true,
           "ddown_factor": 2.9711732120666596,
           "ema_span_0": 1158.384361819394,
           "ema_span_1": 756.1945540715554,
           "enabled": true,
           "initial_eprice_ema_dist": 0.0025187410545642677,
           "initial_qty_pct": 0.02,
           "markup_range": 0.0010757350976541833,
           "min_markup": 0.0038768359427695668,
           "n_close_orders": 10,
           "rentry_pprice_dist": 0.06,
           "rentry_pprice_dist_wallet_exposure_weighting": 0.0,
           "wallet_exposure_limit": 1}}