{"config_name": "recursive_grid_0days",
 "logging_level": 0,
 "long": {"auto_unstuck_delay_minutes": 0,
          "auto_unstuck_ema_dist": 0,
          "auto_unstuck_qty_pct": 0,
          "auto_unstuck_wallet_exposure_threshold": 0.0,
          "backwards_tp": true,
          "ddown_factor": 1.8995817502423,
          "ema_span_0": 1237.8880961773652,
          "ema_span_1": 812.1219392700096,
          "enabled": true,
          "initial_eprice_ema_dist": -0.0022851216640175347,
          "initial_qty_pct": 0.018649171518923535,
          "markup_range": 0.005405965672746347,
          "min_markup": 0.0010000034600744193,
          "n_close_orders": 7,
          "rentry_pprice_dist": 0.027704339401110323,
          "rentry_pprice_dist_wallet_exposure_weighting": 4.300026757434236,
          "wallet_exposure_limit": 1},
 "short": {"auto_unstuck_delay_minutes": 0,
           "auto_unstuck_ema_dist": 0,
           "auto_unstuck_qty_pct": 0,
           "auto_unstuck_wallet_exposure_threshold": 0.0,
           "backwards_tp": true,
           "ddown_factor": 1.4200893628080442,
           "ema_span_0": 799.3704053820314,
           "ema_span_1": 1165.4616255219564,
           "enabled": true,
           "initial_eprice_ema_dist": -0.002827678815854807,
           "initial_qty_pct": 0.00610923567956114,
           "markup_range": 0.003926183421531431,
           "min_markup": 0.007743487319480742,
           "n_close_orders": 7,
           "rentry_pprice_dist": 0.022464265001072528,
           "rentry_pprice_dist_wallet_exposure_weighting": 2.5868242581972276,
           "wallet_exposure_limit": 1}}