{"config_name": "recursive_grid_0days",
 "logging_level": 0,
 "long": {"auto_unstuck_delay_minutes": 0,
          "auto_unstuck_ema_dist": 0,
          "auto_unstuck_qty_pct": 0,
          "auto_unstuck_wallet_exposure_threshold": 0.0,
          "backwards_tp": true,
          "ddown_factor": 2.2791730013407125,
          "ema_span_0": 1440,
          "ema_span_1": 1151.845426045236,
          "enabled": true,
          "initial_eprice_ema_dist": 0.003,
          "initial_qty_pct": 0.012244128067282329,
          "markup_range": 0.0,
          "min_markup": 0.005328664460470563,
          "n_close_orders": 10,
          "rentry_pprice_dist": 0.05999840353941138,
          "rentry_pprice_dist_wallet_exposure_weighting": 0.2599355820864121,
          "wallet_exposure_limit": 1},
 "short": {"auto_unstuck_delay_minutes": 0,
           "auto_unstuck_ema_dist": 0,
           "auto_unstuck_qty_pct": 0,
           "auto_unstuck_wallet_exposure_threshold": 0.0,
           "backwards_tp": true,
           "ddown_factor": 1.854728803404313,
           "ema_span_0": 1286.2138292586749,
           "ema_span_1": 1270.5292205700775,
           "enabled": true,
           "initial_eprice_ema_dist": 0.0004641870208457502,
           "initial_qty_pct": 0.006178095363903385,
           "markup_range": 0.005418218857423945,
           "min_markup": 0.003264672876335151,
           "n_close_orders": 7,
           "rentry_pprice_dist": 0.04693753992334264,
           "rentry_pprice_dist_wallet_exposure_weighting": 1.2390352014431105,
           "wallet_exposure_limit": 1}}