{"config_name": "recursive_grid_0days",
 "logging_level": 0,
 "long": {"auto_unstuck_delay_minutes": 0,
          "auto_unstuck_ema_dist": 0,
          "auto_unstuck_qty_pct": 0,
          "auto_unstuck_wallet_exposure_threshold": 0.0,
          "backwards_tp": true,
          "ddown_factor": 0.6850516916385354,
          "ema_span_0": 426.12185415017063,
          "ema_span_1": 496.26050416975323,
          "enabled": true,
          "initial_eprice_ema_dist": -0.001927759450286079,
          "initial_qty_pct": 0.00522237375491126,
          "markup_range": 0.0002740301299901382,
          "min_markup": 0.0018052120025589962,
          "n_close_orders": 9,
          "rentry_pprice_dist": 0.010638872767800392,
          "rentry_pprice_dist_wallet_exposure_weighting": 1.8083721509060042,
          "wallet_exposure_limit": 1},
 "short": {"auto_unstuck_delay_minutes": 0,
           "auto_unstuck_ema_dist": 0,
           "auto_unstuck_qty_pct": 0,
           "auto_unstuck_wallet_exposure_threshold": 0.0,
           "backwards_tp": true,
           "ddown_factor": 2.097453704851325,
           "ema_span_0": 1065.8473469345968,
           "ema_span_1": 982.6339606825976,
           "enabled": true,
           "initial_eprice_ema_dist": -0.006194086040184968,
           "initial_qty_pct": 0.011394980264621457,
           "markup_range": 0.008725184791758933,
           "min_markup": 0.006095402574335019,
           "n_close_orders": 12,
           "rentry_pprice_dist": 0.027406539583654514,
           "rentry_pprice_dist_wallet_exposure_weighting": 6.43718278961336,
           "wallet_exposure_limit": 1}}