{"config_name": "recursive_grid_0days",
 "logging_level": 0,
 "long": {"auto_unstuck_delay_minutes": 0,
          "auto_unstuck_ema_dist": 0,
          "auto_unstuck_qty_pct": 0,
          "auto_unstuck_wallet_exposure_threshold": 0.0,
          "backwards_tp": true,
          "ddown_factor": 0.7409890132729299,
          "ema_span_0": 933.3517084796568,
          "ema_span_1": 1316.1556632456777,
          "enabled": true,
          "initial_eprice_ema_dist": -0.007046324243020972,
          "initial_qty_pct": 0.018569206389279204,
          "markup_range": 0.006506925288972851,
          "min_markup": 0.004237688935460271,
          "n_close_orders": 8,
          "rentry_pprice_dist": 0.0482561544881107,
          "rentry_pprice_dist_wallet_exposure_weighting": 0.4530256318298753,
          "wallet_exposure_limit": 1},
 "short": {"auto_unstuck_delay_minutes": 0,
           "auto_unstuck_ema_dist": 0,
           "auto_unstuck_qty_pct": 0,
           "auto_unstuck_wallet_exposure_threshold": 0.0,
           "backwards_tp": true,
           "ddown_factor": 1.3008588940623578,
           "ema_span_0": 998.2554231929834,
           "ema_span_1": 737.7192983875165,
           "enabled": true,
           "initial_eprice_ema_dist": -0.003485218297292396,
           "initial_qty_pct": 0.0069166482881956775,
           "markup_range": 0.0013395008321940777,
           "min_markup": 0.0012358848120434763,
           "n_close_orders": 5,
           "rentry_pprice_dist": 0.018242430046099913,
           "rentry_pprice_dist_wallet_exposure_weighting": 1.2636389516424043,
           "wallet_exposure_limit": 1}}