{"config_name": "recursive_grid_0days",
 "logging_level": 0,
 "long": {"auto_unstuck_delay_minutes": 0,
          "auto_unstuck_ema_dist": 0,
          "auto_unstuck_qty_pct": 0,
          "auto_unstuck_wallet_exposure_threshold": 0.0,
          "backwards_tp": true,
          "ddown_factor": 1.69477399614593,
          "ema_span_0": 1433.4632473474794,
          "ema_span_1": 620.7265149034098,
          "enabled": true,
          "initial_eprice_ema_dist": 0.002999785245586115,
          "initial_qty_pct": 0.005481849096515688,
          "markup_range": 0.0010998158449765268,
          "min_markup": 0.0036006586206092186,
          "n_close_orders": 4,
          "rentry_pprice_dist": 0.027066507512961233,
          "rentry_pprice_dist_wallet_exposure_weighting": 2.7090014923887336,
          "wallet_exposure_limit": 1},
 "short": {"auto_unstuck_delay_minutes": 0,
           "auto_unstuck_ema_dist": 0,
           "auto_unstuck_qty_pct": 0,
           "auto_unstuck_wallet_exposure_threshold": 0.0,
           "backwards_tp": true,
           "ddown_factor": 2.1848255912377725,
           "ema_span_0": 520.9353554628135,
           "ema_span_1": 694.5172262857495,
           "enabled": true,
           "initial_eprice_ema_dist": 0.00037902074120364066,
           "initial_qty_pct": 0.010549661074555973,
           "markup_range": 0.001782638318971055,
           "min_markup": 0.007137527338246274,
           "n_close_orders": 14,
           "rentry_pprice_dist": 0.026089758081906847,
           "rentry_pprice_dist_wallet_exposure_weighting": 0.16248557520856585,
           "wallet_exposure_limit": 1}}