{"config_name": "recursive_grid_0days",
 "logging_level": 0,
 "long": {"auto_unstuck_delay_minutes": 0,
          "auto_unstuck_ema_dist": 0,
          "auto_unstuck_qty_pct": 0,
          "auto_unstuck_wallet_exposure_threshold": 0.0,
          "backwards_tp": true,
          "ddown_factor": 1.4375045306819496,
          "ema_span_0": 579.088748896372,
          "ema_span_1": 845.6030651852784,
          "enabled": true,
          "initial_eprice_ema_dist": -0.008300880009457315,
          "initial_qty_pct": 0.007172098575906339,
          "markup_range": 0.00619244285449038,
          "min_markup": 0.0056401077464158225,
          "n_close_orders": 11,
          "rentry_pprice_dist": 0.0295363730037309,
          "rentry_pprice_dist_wallet_exposure_weighting": 2.8071183798456727,
          "wallet_exposure_limit": 1},
 "short": {"auto_unstuck_delay_minutes": 0,
           "auto_unstuck_ema_dist": 0,
           "auto_unstuck_qty_pct": 0,
           "auto_unstuck_wallet_exposure_threshold": 0.0,
           "backwards_tp": true,
           "ddown_factor": 1.610856090780812,
           "ema_span_0": 539.9866490557295,
           "ema_span_1": 1431.1569663839805,
           "enabled": true,
           "initial_eprice_ema_dist": 0.0029995566815200587,
           "initial_qty_pct": 0.008277303001950773,
           "markup_range": 0.0006668861872378242,
           "min_markup": 0.0012368622521173385,
           "n_close_orders": 7,
           "rentry_pprice_dist": 0.05427730809800425,
           "rentry_pprice_dist_wallet_exposure_weighting": 0.5056001328822984,
           "wallet_exposure_limit": 1}}