{"config_name": "recursive_grid_0days",
 "logging_level": 0,
 "long": {"auto_unstuck_delay_minutes": 0,
          "auto_unstuck_ema_dist": 0,
          "auto_unstuck_qty_pct": 0,
          "auto_unstuck_wallet_exposure_threshold": 0.0,
          "backwards_tp": true,
          "ddown_factor": 1.0206588914585735,
          "ema_span_0": 1157.1068280298107,
          "ema_span_1": 766.4229120044222,
          "enabled": true,
          "initial_eprice_ema_dist": -0.003372014009289939,
          "initial_qty_pct": 0.0055136547261046545,
          "markup_range": 0.0016286315760876556,
          "min_markup": 0.001692642120768909,
          "n_close_orders": 7,
          "rentry_pprice_dist": 0.01662249757307718,
          "rentry_pprice_dist_wallet_exposure_weighting": 2.986489225762747,
          "wallet_exposure_limit": 1},
 "short": {"auto_unstuck_delay_minutes": 0,
           "auto_unstuck_ema_dist": 0,
           "auto_unstuck_qty_pct": 0,
           "auto_unstuck_wallet_exposure_threshold": 0.0,
           "backwards_tp": true,
           "ddown_factor": 0.4218581185565595,
           "ema_span_0": 1151.3764723962074,
           "ema_span_1": 1315.8348812259678,
           "enabled": true,
           "initial_eprice_ema_dist": 0.002651361285933056,
           "initial_qty_pct": 0.019690763441432196,
           "markup_range": 0.009988950418110019,
           "min_markup": 0.007226252431477672,
           "n_close_orders": 5,
           "rentry_pprice_dist": 0.03742071901440953,
           "rentry_pprice_dist_wallet_exposure_weighting": 3.860530226766854,
           "wallet_exposure_limit": 1}}