{"config_name": "recursive_grid_0days",
 "logging_level": 0,
 "long": {"auto_unstuck_delay_minutes": 0,
          "auto_unstuck_ema_dist": 0,
          "auto_unstuck_qty_pct": 0,
          "auto_unstuck_wallet_exposure_threshold": 0.0,
          "backwards_tp": true,
          "ddown_factor": 2.0699137037365083,
          "ema_span_0": 707.3998946868745,
          "ema_span_1": 909.8291190737051,
          "enabled": true,
          "initial_eprice_ema_dist": 0.0012282328103092842,
          "initial_qty_pct": 0.005372550973128566,
          "markup_range": 0.0027784771637604996,
          "min_markup": 0.005948378795421501,
          "n_close_orders": 10,
          "rentry_pprice_dist": 0.038418487014343826,
          "rentry_pprice_dist_wallet_exposure_weighting": 1.1638252515529026,
          "wallet_exposure_limit": 1},
 "short": {"auto_unstuck_delay_minutes": 0,
           "auto_unstuck_ema_dist": 0,
           "auto_unstuck_qty_pct": 0,
           "auto_unstuck_wallet_exposure_threshold": 0.0,
           "backwards_tp": true,
           "ddown_factor": 1.9318224769096846,
           "ema_span_0": 1127.1394896912764,
           "ema_span_1": 771.0503661829033,
           "enabled": true,
           "initial_eprice_ema_dist": -0.0064136943095479525,
           "initial_qty_pct": 0.01697083145435416,
           "markup_range": 0.0005781134225258528,
           "min_markup": 0.0030729391401989326,
           "n_close_orders": 7,
           "rentry_pprice_dist": 0.026897960172828837,
           "rentry_pprice_dist_wallet_exposure_weighting": 4.4258726562539525,
           "wallet_exposure_limit": 1}}