{"config_name": "recursive_grid_0days",
 "logging_level": 0,
 "long": {"auto_unstuck_delay_minutes": 0,
          "auto_unstuck_ema_dist": 0,
          "auto_unstuck_qty_pct": 0,
          "auto_unstuck_wallet_exposure_threshold": 0.0,
          "backwards_tp": true,
          "ddown_factor": 1.9830335735947862,
          "ema_span_0": 1402.4653684321079,
          "ema_span_1": 1130.784332453944,
          "enabled": true,
          "initial_eprice_ema_dist": 0.002966503970567933,
          "initial_qty_pct": 0.0108532582956604,
          "markup_range": 0.00169908661442748,
          "min_markup": 0.007016048141528827,
          "n_close_orders": 3,
          "rentry_pprice_dist": 0.03053657768745245,
          "rentry_pprice_dist_wallet_exposure_weighting": 4.73228428959673,
          "wallet_exposure_limit": 1},
 "short": {"auto_unstuck_delay_minutes": 0,
           "auto_unstuck_ema_dist": 0,
           "auto_unstuck_qty_pct": 0,
           "auto_unstuck_wallet_exposure_threshold": 0.0,
           "backwards_tp": true,
           "ddown_factor": 0.46075229801589734,
           "ema_span_0": 835.823381575181,
           "ema_span_1": 448.12863625667836,
           "enabled": true,
           "initial_eprice_ema_dist": 0.0014594353815143143,
           "initial_qty_pct": 0.01069170668471708,
           "markup_range": 0.007838757209989538,
           "min_markup": 0.00994117916640931,
           "n_close_orders": 5,
           "rentry_pprice_dist": 0.035868319356559916,
           "rentry_pprice_dist_wallet_exposure_weighting": 4.287826588430675,
           "wallet_exposure_limit": 1}}