{"config_name": "recursive_grid_0days",
 "logging_level": 0,
 "long": {"auto_unstuck_delay_minutes": 0,
          "auto_unstuck_ema_dist": 0,
          "auto_unstuck_qty_pct": 0,
          "auto_unstuck_wallet_exposure_threshold": 0.0,
          "backwards_tp": true,
          "ddown_factor": 0.3100807399509733,
          "ema_span_0": 513.5490097314743,
          "ema_span_1": 733.9381006599374,
          "enabled": true,
          "initial_eprice_ema_dist": -0.00688693139135385,
          "initial_qty_pct": 0.008303784357975463,
          "markup_range": 0.011374975925963213,
          "min_markup": 0.008314838627241316,
          "n_close_orders": 10,
          "rentry_pprice_dist": 0.05222180157189911,
          "rentry_pprice_dist_wallet_exposure_weighting": 0.46350203321275335,
          "wallet_exposure_limit": 1},
 "short": {"auto_unstuck_delay_minutes": 0,
           "auto_unstuck_ema_dist": 0,
           "auto_unstuck_qty_pct": 0,
           "auto_unstuck_wallet_exposure_threshold": 0.0,
           "backwards_tp": true,
           "ddown_factor": 0.5127191074644122,
           "ema_span_0": 1209.0752348602116,
           "ema_span_1": 1245.936047074045,
           "enabled": true,
           "initial_eprice_ema_dist": -0.00783831177808704,
           "initial_qty_pct": 0.007646228817315402,
           "markup_range": 0.005292446878475193,
           "min_markup": 0.003756369238441901,
           "n_close_orders": 5,
           "rentry_pprice_dist": 0.03361823663661565,
           "rentry_pprice_dist_wallet_exposure_weighting": 0.16049418705746993,
           "wallet_exposure_limit": 1}}