{"config_name": "recursive_grid_0days",
 "logging_level": 0,
 "long": {"auto_unstuck_delay_minutes": 0,
          "auto_unstuck_ema_dist": 0,
          "auto_unstuck_qty_pct": 0,
          "auto_unstuck_wallet_exposure_threshold": 0.0,
          "backwards_tp": true,
          "ddown_factor": 0.9835196748626635,
          "ema_span_0": 850.1218813498359,
          "ema_span_1": 575.1470609094193,
          "enabled": true,
          "initial_eprice_ema_dist": 0.003,
          "initial_qty_pct": 0.019016975628777785,
          "markup_range": 0.006360067572732123,
          "min_markup": 0.006238392512025082,
          "n_close_orders": 11,
          "rentry_pprice_dist": 0.03902524439820568,
          "rentry_pprice_dist_wallet_exposure_weighting": 2.6574576308701303,
          "wallet_exposure_limit": 1},
 "short": {"auto_unstuck_delay_minutes": 0,
           "auto_unstuck_ema_dist": 0,
           "auto_unstuck_qty_pct": 0,
           "auto_unstuck_wallet_exposure_threshold": 0.0,
           "backwards_tp": true,
           "ddown_factor": 1.184583982179656,
           "ema_span_0": 609.2059106712003,
           "ema_span_1": 1035.9339038412597,
           "enabled": true,
           "initial_eprice_ema_dist": -0.000460772865694403,
           "initial_qty_pct": 0.005111532123228903,
           "markup_range": 0.005300685769543917,
           "min_markup": 0.007228483290157517,
           "n_close_orders": 3,
           "rentry_pprice_dist": 0.024515932877781435,
           "rentry_pprice_dist_wallet_exposure_weighting": 0.22969875704421283,
           "wallet_exposure_limit": 1}}