{"config_name": "recursive_grid_0days",
 "logging_level": 0,
 "long": {"auto_unstuck_delay_minutes": 0,
          "auto_unstuck_ema_dist": 0,
          "auto_unstuck_qty_pct": 0,
          "auto_unstuck_wallet_exposure_threshold": 0.0,
          "backwards_tp": true,
          "ddown_factor": 0.10037304056961531,
          "ema_span_0": 994.6762990473986,
          "ema_span_1": 1103.8806034579907,
          "enabled": true,
          "initial_eprice_ema_dist": -0.0064877309346694344,
          "initial_qty_pct": 0.006721573023020864,
          "markup_range": 0.0019259664387609118,
          "min_markup": 0.005373303199029612,
          "n_close_orders": 14,
          "rentry_pprice_dist": 0.01979535022729973,
          "rentry_pprice_dist_wallet_exposure_weighting": 2.202675127245405,
          "wallet_exposure_limit": 1},
 "short": {"auto_unstuck_delay_minutes": 0,
           "auto_unstuck_ema_dist": 0,
           "auto_unstuck_qty_pct": 0,
           "auto_unstuck_wallet_exposure_threshold": 0.0,
           "backwards_tp": true,
           "ddown_factor": 1.3610810877333834,
           "ema_span_0": 1387.859631016273,
           "ema_span_1": 830.0336606892711,
           "enabled": true,
           "initial_eprice_ema_dist": -4.7693696982364265e-05,
           "initial_qty_pct": 0.01409087864308198,
           "markup_range": 0.008065203688859808,
           "min_markup": 0.003815556092409007,
           "n_close_orders": 4,
           "rentry_pprice_dist": 0.02435442439173191,
           "rentry_pprice_dist_wallet_exposure_weighting": 5.853916217735233,
           "wallet_exposure_limit": 1}}