{"config_name": "recursive_grid_0days",
 "logging_level": 0,
 "long": {"auto_unstuck_delay_minutes": 0,
          "auto_unstuck_ema_dist": 0,
          "auto_unstuck_qty_pct": 0,
          "auto_unstuck_wallet_exposure_threshold": 0.0,
          "backwards_tp": true,
          "ddown_factor": 0.6380116486373719,
          "ema_span_0": 1424.2213775539014,
          "ema_span_1": 1351.4121474681021,
          "enabled": true,
          "initial_eprice_ema_dist": 0.003,
          "initial_qty_pct": 0.014553993472746253,
          "markup_range": 0.0008564865870384841,
          "min_markup": 0.0021797102702710313,
          "n_close_orders": 3,
          "rentry_pprice_dist": 0.042148413734165,
          "rentry_pprice_dist_wallet_exposure_weighting": 3.580644243358244,
          "wallet_exposure_limit": 1},
 "short": {"auto_unstuck_delay_minutes": 0,
           "auto_unstuck_ema_dist": 0,
           "auto_unstuck_qty_pct": 0,
           "auto_unstuck_wallet_exposure_threshold": 0.0,
           "backwards_tp": true,
           "ddown_factor": 0.5175173400174441,
           "ema_span_0": 1346.8620707182067,
           "ema_span_1": 1413.6166000222142,
           "enabled": true,
           "initial_eprice_ema_dist": -0.0012471916758468632,
           "initial_qty_pct": 0.016144452241425997,
           "markup_range": 0.009647473693768836,
           "min_markup": 0.0064697757890325525,
           "n_close_orders": 2,
           "rentry_pprice_dist": 0.03363288173928292,
           "rentry_pprice_dist_wallet_exposure_weighting": 6.789260700375377,
           "wallet_exposure_limit": 1}}