{"config_name": "recursive_grid_0days",
 "logging_level": 0,
 "long": {"auto_unstuck_delay_minutes": 0,
          "auto_unstuck_ema_dist": 0,
          "auto_unstuck_qty_pct": 0,
          "auto_unstuck_wallet_exposure_threshold": 0.0,
          "backwards_tp": true,
          "ddown_factor": 0.9910548357487567,
          "ema_span_0": 1372.1029988069888,
          "ema_span_1": 877.0909130988211,
          "enabled": true,
          "initial_eprice_ema_dist": -1.6541115850042524e-05,
          "initial_qty_pct": 0.011652375349125723,
          "markup_range": 0.0010581556564322023,
          "min_markup": 0.0029223694848432603,
          "n_close_orders": 12,
          "rentry_pprice_dist": 0.02992948423627017,
          "rentry_pprice_dist_wallet_exposure_weighting": 5.820869047512101,
          "wallet_exposure_limit": 1},
 "short": {"auto_unstuck_delay_minutes": 0,
           "auto_unstuck_ema_dist": 0,
           "auto_unstuck_qty_pct": 0,
           "auto_unstuck_wallet_exposure_threshold": 0.0,
           "backwards_tp": true,
           "ddown_factor": 0.6406423489951535,
           "ema_span_0": 406.10188589554815,
           "ema_span_1": 746.0127447763379,
           "enabled": true,
           "initial_eprice_ema_dist": 0.0011041073278541418,
           "initial_qty_pct": 0.014123591268732038,
           "markup_range": 0.004559095048760113,
           "min_markup": 0.007174625147721825,
           "n_close_orders": 5,
           "rentry_pprice_dist": 0.0366606198447229,
           "rentry_pprice_dist_wallet_exposure_weighting": 8.260126649790951,
           "wallet_exposure_limit": 1}}