{"config_name": "recursive_grid_0days",
 "logging_level": 0,
 "long": {"auto_unstuck_delay_minutes": 0,
          "auto_unstuck_ema_dist": 0,
          "auto_unstuck_qty_pct": 0,
          "auto_unstuck_wallet_exposure_threshold": 0.0,
          "backwards_tp": true,
          "ddown_factor": 1.1076557094684094,
          "ema_span_0": 1292.3950982720557,
          "ema_span_1": 1303.7317851295784,
          "enabled": true,
          "initial_eprice_ema_dist": 0.003,
          "initial_qty_pct": 0.010106393546435541,
          "markup_range": 0.0013758356909457474,
          "min_markup": 0.003938501371448148,
          "n_close_orders": 4,
          "rentry_pprice_dist": 0.029858901316643576,
          "rentry_pprice_dist_wallet_exposure_weighting": 1.9607394449103155,
          "wallet_exposure_limit": 1},
 "short": {"auto_unstuck_delay_minutes": 0,
           "auto_unstuck_ema_dist": 0,
           "auto_unstuck_qty_pct": 0,
           "auto_unstuck_wallet_exposure_threshold": 0.0,
           "backwards_tp": true,
           "ddown_factor": 1.9620860718857802,
           "ema_span_0": 791.3031842348479,
           "ema_span_1": 1387.1962962780071,
           "enabled": true,
           "initial_eprice_ema_dist": 0.0029710000304895273,
           "initial_qty_pct": 0.005584090472977711,
           "markup_range": 0.00011421390958197202,
           "min_markup": 0.0017914627562805843,
           "n_close_orders": 9,
           "rentry_pprice_dist": 0.05360531489608533,
           "rentry_pprice_dist_wallet_exposure_weighting": 7.8830810004983505,
           "wallet_exposure_limit": 1}}