{"config_name": "recursive_grid_0days",
 "logging_level": 0,
 "long": {"auto_unstuck_delay_minutes": 0,
          "auto_unstuck_ema_dist": 0,
          "auto_unstuck_qty_pct": 0,
          "auto_unstuck_wallet_exposure_threshold": 0.0,
          "backwards_tp": true,
          "ddown_factor": 0.20443456141807378,
          "ema_span_0": 1143.7590608148823,
          "ema_span_1": 505.9599590814514,
          "enabled": true,
          "initial_eprice_ema_dist": -0.005136515186398207,
          "initial_qty_pct": 0.015849222061658383,
          "markup_range": 0.001174404553658167,
          "min_markup": 0.00794335339529394,
          "n_close_orders": 6,
          "rentry_pprice_dist": 0.024182428093108357,
          "rentry_pprice_dist_wallet_exposure_weighting": 0.8585615928827853,
          "wallet_exposure_limit": 1},
 "short": {"auto_unstuck_delay_minutes": 0,
           "auto_unstuck_ema_dist": 0,
           "auto_unstuck_qty_pct": 0,
           "auto_unstuck_wallet_exposure_threshold": 0.0,
           "backwards_tp": true,
           "ddown_factor": 0.9370170670316159,
           "ema_span_0": 961.9644106354748,
           "ema_span_1": 942.1770080408999,
           "enabled": true,
           "initial_eprice_ema_dist": -0.009555012496613655,
           "initial_qty_pct": 0.014120898357379112,
           "markup_range": 0.001973625116494333,
           "min_markup": 0.002751196941795774,
           "n_close_orders": 9,
           "rentry_pprice_dist": 0.025497189266256784,
           "rentry_pprice_dist_wallet_exposure_weighting": 5.47493115845817,
           "wallet_exposure_limit": 1}}