{"config_name": "recursive_grid_0days",
 "logging_level": 0,
 "long": {"auto_unstuck_delay_minutes": 0,
          "auto_unstuck_ema_dist": 0,
          "auto_unstuck_qty_pct": 0,
          "auto_unstuck_wallet_exposure_threshold": 0.0,
          "backwards_tp": true,
          "ddown_factor": 1.3424248226444024,
          "ema_span_0": 1131.6414829955768,
          "ema_span_1": 1137.7868339695306,
          "enabled": true,
          "initial_eprice_ema_dist": -0.0003383789949880434,
          "initial_qty_pct": 0.005,
          "markup_range": 0.0014265648440583618,
          "min_markup": 0.0054097356387039055,
          "n_close_orders": 11,
          "rentry_pprice_dist": 0.0370937141221393,
          "rentry_pprice_dist_wallet_exposure_weighting": 2.1534063329544186,
          "wallet_exposure_limit": 1},
 "short": {"auto_unstuck_delay_minutes": 0,
           "auto_unstuck_ema_dist": 0,
           "auto_unstuck_qty_pct": 0,
           "auto_unstuck_wallet_exposure_threshold": 0.0,
           "backwards_tp": true,
           "ddown_factor": 1.7555034910699492,
           "ema_span_0": 1009.6385573743898,
           "ema_span_1": 846.1094788838165,
           "enabled": true,
           "initial_eprice_ema_dist": 0.002542522061527669,
           "initial_qty_pct": 0.011076620407965625,
           "markup_range": 0.001958452879409268,
           "min_markup": 0.0030131044712630637,
           "n_close_orders": 12,
           "rentry_pprice_dist": 0.043021534105652355,
           "rentry_pprice_dist_wallet_exposure_weighting": 4.561426879559992,
           "wallet_exposure_limit": 1}}