{"config_name": "recursive_grid_0days",
 "logging_level": 0,
 "long": {"auto_unstuck_delay_minutes": 0,
          "auto_unstuck_ema_dist": 0,
          "auto_unstuck_qty_pct": 0,
          "auto_unstuck_wallet_exposure_threshold": 0.0,
          "backwards_tp": true,
          "ddown_factor": 1.6171096195489716,
          "ema_span_0": 1440,
          "ema_span_1": 1013.2405026276444,
          "enabled": true,
          "initial_eprice_ema_dist": -0.000899262565851091,
          "initial_qty_pct": 0.006110808513615911,
          "markup_range": 0.0009147783462165784,
          "min_markup": 0.0011141231482822372,
          "n_close_orders": 12,
          "rentry_pprice_dist": 0.03590399957769143,
          "rentry_pprice_dist_wallet_exposure_weighting": 7.076815297324709,
          "wallet_exposure_limit": 1},
 "short": {"auto_unstuck_delay_minutes": 0,
           "auto_unstuck_ema_dist": 0,
           "auto_unstuck_qty_pct": 0,
           "auto_unstuck_wallet_exposure_threshold": 0.0,
           "backwards_tp": true,
           "ddown_factor": 2.9440504563496455,
           "ema_span_0": 670.9984492428504,
           "ema_span_1": 1382.5326523555161,
           "enabled": true,
           "initial_eprice_ema_dist": 0.0029664815346501497,
           "initial_qty_pct": 0.007147325770208928,
           "markup_range": 0.00011612873974285131,
           "min_markup": 0.0028322952399753762,
           "n_close_orders": 5,
           "rentry_pprice_dist": 0.04953091217010036,
           "rentry_pprice_dist_wallet_exposure_weighting": 1.1494709499633642,
           "wallet_exposure_limit": 1}}