{"config_name": "recursive_grid_0days",
 "logging_level": 0,
 "long": {"auto_unstuck_delay_minutes": 0,
          "auto_unstuck_ema_dist": 0,
          "auto_unstuck_qty_pct": 0,
          "auto_unstuck_wallet_exposure_threshold": 0.0,
          "backwards_tp": true,
          "ddown_factor": 0.25343745137797186,
          "ema_span_0": 1209.799889267291,
          "ema_span_1": 561.3024485228449,
          "enabled": true,
          "initial_eprice_ema_dist": -0.000868597903903903,
          "initial_qty_pct": 0.006379959950152951,
          "markup_range": 0.013174477175909452,
          "min_markup": 0.004977617778157702,
          "n_close_orders": 11,
          "rentry_pprice_dist": 0.038213259567223795,
          "rentry_pprice_dist_wallet_exposure_weighting": 3.5024703156381913,
          "wallet_exposure_limit": 1},
 "short": {"auto_unstuck_delay_minutes": 0,
           "auto_unstuck_ema_dist": 0,
           "auto_unstuck_qty_pct": 0,
           "auto_unstuck_wallet_exposure_threshold": 0.0,
           "backwards_tp": true,
           "ddown_factor": 2.666189398387334,
           "ema_span_0": 1397.2030043493123,
           "ema_span_1": 652.6121110356738,
           "enabled": true,
           "initial_eprice_ema_dist": 0.003,
           "initial_qty_pct": 0.006577521522179626,
           "markup_range": 0.0,
           "min_markup": 0.0012964423359111445,
           "n_close_orders": 5,
           "rentry_pprice_dist": 0.05497456083805744,
           "rentry_pprice_dist_wallet_exposure_weighting": 9.732103537067127,
           "wallet_exposure_limit": 1}}