{"config_name": "recursive_grid_0days",
 "logging_level": 0,
 "long": {"auto_unstuck_delay_minutes": 0,
          "auto_unstuck_ema_dist": 0,
          "auto_unstuck_qty_pct": 0,
          "auto_unstuck_wallet_exposure_threshold": 0.0,
          "backwards_tp": true,
          "ddown_factor": 0.448881720988132,
          "ema_span_0": 786.4973354385297,
          "ema_span_1": 568.5907714177035,
          "enabled": true,
          "initial_eprice_ema_dist": -0.007948850853725877,
          "initial_qty_pct": 0.015241779725150294,
          "markup_range": 0.004527416939159713,
          "min_markup": 0.0031450463066079047,
          "n_close_orders": 9,
          "rentry_pprice_dist": 0.021619623432236366,
          "rentry_pprice_dist_wallet_exposure_weighting": 2.7363085512083494,
          "wallet_exposure_limit": 1},
 "short": {"auto_unstuck_delay_minutes": 0,
           "auto_unstuck_ema_dist": 0,
           "auto_unstuck_qty_pct": 0,
           "auto_unstuck_wallet_exposure_threshold": 0.0,
           "backwards_tp": true,
           "ddown_factor": 1.864045853133412,
           "ema_span_0": 850.269782175087,
           "ema_span_1": 693.1878556254624,
           "enabled": true,
           "initial_eprice_ema_dist": 0.002759120465704269,
           "initial_qty_pct": 0.014813459024708205,
           "markup_range": 0.0018033789229788691,
           "min_markup": 0.0032956003090641715,
           "n_close_orders": 12,
           "rentry_pprice_dist": 0.014880835978972554,
           "rentry_pprice_dist_wallet_exposure_weighting": 7.507156909652987,
           "wallet_exposure_limit": 1}}