{"config_name": "recursive_grid_0days",
 "logging_level": 0,
 "long": {"auto_unstuck_delay_minutes": 0,
          "auto_unstuck_ema_dist": 0,
          "auto_unstuck_qty_pct": 0,
          "auto_unstuck_wallet_exposure_threshold": 0.0,
          "backwards_tp": true,
          "ddown_factor": 0.10019471182940975,
          "ema_span_0": 467.50495335874245,
          "ema_span_1": 501.072027143022,
          "enabled": true,
          "initial_eprice_ema_dist": 0.0027875175110054786,
          "initial_qty_pct": 0.013263121329687525,
          "markup_range": 0.003308486630147833,
          "min_markup": 0.005932159347895808,
          "n_close_orders": 3,
          "rentry_pprice_dist": 0.04602199135656369,
          "rentry_pprice_dist_wallet_exposure_weighting": 0.00047978102658506215,
          "wallet_exposure_limit": 1},
 "short": {"auto_unstuck_delay_minutes": 0,
           "auto_unstuck_ema_dist": 0,
           "auto_unstuck_qty_pct": 0,
           "auto_unstuck_wallet_exposure_threshold": 0.0,
           "backwards_tp": true,
           "ddown_factor": 0.21348478501226764,
           "ema_span_0": 578.6053110911937,
           "ema_span_1": 536.3687046086876,
           "enabled": true,
           "initial_eprice_ema_dist": 0.0019114755355438492,
           "initial_qty_pct": 0.008086298731652026,
           "markup_range": 0.005795173062738924,
           "min_markup": 0.0099925547949804,
           "n_close_orders": 11,
           "rentry_pprice_dist": 0.02896875662863217,
           "rentry_pprice_dist_wallet_exposure_weighting": 4.8234525007833575,
           "wallet_exposure_limit": 1}}