{"config_name": "recursive_grid_0days",
 "logging_level": 0,
 "long": {"auto_unstuck_delay_minutes": 0,
          "auto_unstuck_ema_dist": 0,
          "auto_unstuck_qty_pct": 0,
          "auto_unstuck_wallet_exposure_threshold": 0.0,
          "backwards_tp": true,
          "ddown_factor": 2.66657615106925,
          "ema_span_0": 400,
          "ema_span_1": 612.5008810265405,
          "enabled": true,
          "initial_eprice_ema_dist": 0.003,
          "initial_qty_pct": 0.010565388433706784,
          "markup_range": 0.003956688754641532,
          "min_markup": 0.0010088108264537318,
          "n_close_orders": 12,
          "rentry_pprice_dist": 0.04083060314602456,
          "rentry_pprice_dist_wallet_exposure_weighting": 1.2864124271191457,
          "wallet_exposure_limit": 1},
 "short": {"auto_unstuck_delay_minutes": 0,
           "auto_unstuck_ema_dist": 0,
           "auto_unstuck_qty_pct": 0,
           "auto_unstuck_wallet_exposure_threshold": 0.0,
           "backwards_tp": true,
           "ddown_factor": 1.0401834470763212,
           "ema_span_0": 668.3243217465639,
           "ema_span_1": 471.55981714672646,
           "enabled": true,
           "initial_eprice_ema_dist": 0.002462550599710681,
           "initial_qty_pct": 0.013241687755352895,
           "markup_range": 0.004692154635557773,
           "min_markup": 0.0031629465714315174,
           "n_close_orders": 11,
           "rentry_pprice_dist": 0.024921007690813107,
           "rentry_pprice_dist_wallet_exposure_weighting": 2.523415804189766,
           "wallet_exposure_limit": 1}}