{"config_name": "recursive_grid_0days",
 "logging_level": 0,
 "long": {"auto_unstuck_delay_minutes": 0,
          "auto_unstuck_ema_dist": 0,
          "auto_unstuck_qty_pct": 0,
          "auto_unstuck_wallet_exposure_threshold": 0.0,
          "backwards_tp": true,
          "ddown_factor": 1.7548758837650864,
          "ema_span_0": 1191.9312652010371,
          "ema_span_1": 1355.0679887715685,
          "enabled": true,
          "initial_eprice_ema_dist": 0.000943229176790928,
          "initial_qty_pct": 0.00992020481729889,
          "markup_range": 0.003709573741304125,
          "min_markup": 0.001454596543327943,
          "n_close_orders": 3,
          "rentry_pprice_dist": 0.025806478096145762,
          "rentry_pprice_dist_wallet_exposure_weighting": 1.5764646147703523,
          "wallet_exposure_limit": 1},
 "short": {"auto_unstuck_delay_minutes": 0,
           "auto_unstuck_ema_dist": 0,
           "auto_unstuck_qty_pct": 0,
           "auto_unstuck_wallet_exposure_threshold": 0.0,
           "backwards_tp": true,
           "ddown_factor": 2.7465097299671224,
           "ema_span_0": 1229.4937379669102,
           "ema_span_1": 1339.649707108857,
           "enabled": true,
           "initial_eprice_ema_dist": -0.006967989062541248,
           "initial_qty_pct": 0.006706950324019554,
           "markup_range": 0.0008049961427947836,
           "min_markup": 0.009760061711514244,
           "n_close_orders": 13,
           "rentry_pprice_dist": 0.04125837059356699,
           "rentry_pprice_dist_wallet_exposure_weighting": 7.373845083350206,
           "wallet_exposure_limit": 1}}