{"config_name": "recursive_grid_0days",
 "logging_level": 0,
 "long": {"auto_unstuck_delay_minutes": 0,
          "auto_unstuck_ema_dist": 0,
          "auto_unstuck_qty_pct": 0,
          "auto_unstuck_wallet_exposure_threshold": 0.0,
          "backwards_tp": true,
          "ddown_factor": 2.5980421145344694,
          "ema_span_0": 1012.1361978101593,
          "ema_span_1": 1369.7247598662195,
          "enabled": true,
          "initial_eprice_ema_dist": -0.0007152561960186003,
          "initial_qty_pct": 0.005746446568450588,
          "markup_range": 0.0034168661522610464,
          "min_markup": 0.00491659365917792,
          "n_close_orders": 15,
          "rentry_pprice_dist": 0.04617673818903448,
          "rentry_pprice_dist_wallet_exposure_weighting": 3.366260302660422,
          "wallet_exposure_limit": 1},
 "short": {"auto_unstuck_delay_minutes": 0,
           "auto_unstuck_ema_dist": 0,
           "auto_unstuck_qty_pct": 0,
           "auto_unstuck_wallet_exposure_threshold": 0.0,
           "backwards_tp": true,
           "ddown_factor": 1.25212684674431,
           "ema_span_0": 1236.0061866226306,
           "ema_span_1": 1120.9424351551172,
           "enabled": true,
           "initial_eprice_ema_dist": -0.008266509548968737,
           "initial_qty_pct": 0.016548551367792173,
           "markup_range": 0.013242923680041872,
           "min_markup": 0.003848859172032385,
           "n_close_orders": 4,
           "rentry_pprice_dist": 0.034307040140498894,
           "rentry_pprice_dist_wallet_exposure_weighting": 7.4110207686999106,
           "wallet_exposure_limit": 1}}