{"config_name": "recursive_grid_0days",
 "logging_level": 0,
 "long": {"auto_unstuck_delay_minutes": 0,
          "auto_unstuck_ema_dist": 0,
          "auto_unstuck_qty_pct": 0,
          "auto_unstuck_wallet_exposure_threshold": 0.0,
          "backwards_tp": true,
          "ddown_factor": 0.2123640902652209,
          "ema_span_0": 1158.1532192768093,
          "ema_span_1": 1154.8445098354118,
          "enabled": true,
          "initial_eprice_ema_dist": 0.002839192348048143,
          "initial_qty_pct": 0.011535440930123758,
          "markup_range": 0.00543726700112656,
          "min_markup": 0.006558120826201822,
          "n_close_orders": 10,
          "rentry_pprice_dist": 0.03179493347307616,
          "rentry_pprice_dist_wallet_exposure_weighting": 1.9932136879771867,
          "wallet_exposure_limit": 1},
 "short": {"auto_unstuck_delay_minutes": 0,
           "auto_unstuck_ema_dist": 0,
           "auto_unstuck_qty_pct": 0,
           "auto_unstuck_wallet_exposure_threshold": 0.0,
           "backwards_tp": true,
           "ddown_factor": 0.9520515728727079,
           "ema_span_0": 1263.5212779280173,
           "ema_span_1": 1098.9502091806548,
           "enabled": true,
           "initial_eprice_ema_dist": -0.004279294579022789,
           "initial_qty_pct": 0.007263072834903574,
           "markup_range": 0.006647861629591746,
           "min_markup": 0.008594742656350072,
           "n_close_orders": 7,
           "rentry_pprice_dist": 0.035566556492932534,
           "rentry_pprice_dist_wallet_exposure_weighting": 0.35619012006838746,
           "wallet_exposure_limit": 1}}