{"config_name": "recursive_grid_0days",
 "logging_level": 0,
 "long": {"auto_unstuck_delay_minutes": 0,
          "auto_unstuck_ema_dist": 0,
          "auto_unstuck_qty_pct": 0,
          "auto_unstuck_wallet_exposure_threshold": 0.0,
          "backwards_tp": true,
          "ddown_factor": 0.1163429764822047,
          "ema_span_0": 778.3852876266045,
          "ema_span_1": 500.489378562041,
          "enabled": true,
          "initial_eprice_ema_dist": 9.633186356697778e-05,
          "initial_qty_pct": 0.011345875019089045,
          "markup_range": 0.00934743383066865,
          "min_markup": 0.004405957869048295,
          "n_close_orders": 8,
          "rentry_pprice_dist": 0.024405305943534922,
          "rentry_pprice_dist_wallet_exposure_weighting": 4.326177773898883,
          "wallet_exposure_limit": 1},
 "short": {"auto_unstuck_delay_minutes": 0,
           "auto_unstuck_ema_dist": 0,
           "auto_unstuck_qty_pct": 0,
           "auto_unstuck_wallet_exposure_threshold": 0.0,
           "backwards_tp": true,
           "ddown_factor": 0.10010264283071404,
           "ema_span_0": 1074.7107635989628,
           "ema_span_1": 824.4020377981421,
           "enabled": true,
           "initial_eprice_ema_dist": 0.002997278810551917,
           "initial_qty_pct": 0.019997349195799628,
           "markup_range": 0.004116237409615031,
           "min_markup": 0.006676342857971211,
           "n_close_orders": 9,
           "rentry_pprice_dist": 0.029872158206496465,
           "rentry_pprice_dist_wallet_exposure_weighting": 8.605189052077773,
           "wallet_exposure_limit": 1}}