{"config_name": "recursive_grid_0days",
 "logging_level": 0,
 "long": {"auto_unstuck_delay_minutes": 0,
          "auto_unstuck_ema_dist": 0,
          "auto_unstuck_qty_pct": 0,
          "auto_unstuck_wallet_exposure_threshold": 0.0,
          "backwards_tp": true,
          "ddown_factor": 0.7699240067980163,
          "ema_span_0": 1399.5192074426031,
          "ema_span_1": 1420.9695075495474,
          "enabled": true,
          "initial_eprice_ema_dist": -0.007310588680386751,
          "initial_qty_pct": 0.012457695647946911,
          "markup_range": 0.006067027399306634,
          "min_markup": 0.006667350293802354,
          "n_close_orders": 8,
          "rentry_pprice_dist": 0.023847212007258676,
          "rentry_pprice_dist_wallet_exposure_weighting": 3.138274720778858,
          "wallet_exposure_limit": 1},
 "short": {"auto_unstuck_delay_minutes": 0,
           "auto_unstuck_ema_dist": 0,
           "auto_unstuck_qty_pct": 0,
           "auto_unstuck_wallet_exposure_threshold": 0.0,
           "backwards_tp": true,
           "ddown_factor": 1.9096882693184065,
           "ema_span_0": 725.4853256941044,
           "ema_span_1": 1165.6555990547017,
           "enabled": true,
           "initial_eprice_ema_dist": 0.0021667958892405484,
           "initial_qty_pct": 0.006613662603725277,
           "markup_range": 4.069142357194305e-05,
           "min_markup": 0.0019250821320548582,
           "n_close_orders": 11,
           "rentry_pprice_dist": 0.048696259243225466,
           "rentry_pprice_dist_wallet_exposure_weighting": 5.34175213638984,
           "wallet_exposure_limit": 1}}