{"config_name": "recursive_grid_0days",
 "logging_level": 0,
 "long": {"auto_unstuck_delay_minutes": 0,
          "auto_unstuck_ema_dist": 0,
          "auto_unstuck_qty_pct": 0,
          "auto_unstuck_wallet_exposure_threshold": 0.0,
          "backwards_tp": true,
          "ddown_factor": 2.2323714453801804,
          "ema_span_0": 698.5601327526128,
          "ema_span_1": 807.5052716319987,
          "enabled": true,
          "initial_eprice_ema_dist": -0.005921499420700241,
          "initial_qty_pct": 0.008690960875837135,
          "markup_range": 0.003807973674971341,
          "min_markup": 0.005656962160368147,
          "n_close_orders": 4,
          "rentry_pprice_dist": 0.030531166319683525,
          "rentry_pprice_dist_wallet_exposure_weighting": 0.6165552896209899,
          "wallet_exposure_limit": 1},
 "short": {"auto_unstuck_delay_minutes": 0,
           "auto_unstuck_ema_dist": 0,
           "auto_unstuck_qty_pct": 0,
           "auto_unstuck_wallet_exposure_threshold": 0.0,
           "backwards_tp": true,
           "ddown_factor": 1.2013871609225149,
           "ema_span_0": 1255.2480349430573,
           "ema_span_1": 838.8453517765862,
           "enabled": true,
           "initial_eprice_ema_dist": 0.002980140322476089,
           "initial_qty_pct": 0.008627201932267185,
           "markup_range": 0.001138146991559723,
           "min_markup": 0.0019619594653723436,
           "n_close_orders": 16,
           "rentry_pprice_dist": 0.024891004401750596,
           "rentry_pprice_dist_wallet_exposure_weighting": 0.0060136291080017295,
           "wallet_exposure_limit": 1}}