{"config_name": "recursive_grid_0days",
 "logging_level": 0,
 "long": {"auto_unstuck_delay_minutes": 0,
          "auto_unstuck_ema_dist": 0,
          "auto_unstuck_qty_pct": 0,
          "auto_unstuck_wallet_exposure_threshold": 0.0,
          "backwards_tp": true,
          "ddown_factor": 0.1250357338796583,
          "ema_span_0": 911.5048657824906,
          "ema_span_1": 587.2273804955296,
          "enabled": true,
          "initial_eprice_ema_dist": -0.004104164415518372,
          "initial_qty_pct": 0.016982593936354522,
          "markup_range": 0.008340070303466113,
          "min_markup": 0.0054927358606795115,
          "n_close_orders": 9,
          "rentry_pprice_dist": 0.0397798872003406,
          "rentry_pprice_dist_wallet_exposure_weighting": 2.7574987830169673,
          "wallet_exposure_limit": 1},
 "short": {"auto_unstuck_delay_minutes": 0,
           "auto_unstuck_ema_dist": 0,
           "auto_unstuck_qty_pct": 0,
           "auto_unstuck_wallet_exposure_threshold": 0.0,
           "backwards_tp": true,
           "ddown_factor": 1.1893802155685924,
           "ema_span_0": 1085.875848372504,
           "ema_span_1": 1200.9004549641293,
           "enabled": true,
           "initial_eprice_ema_dist": 0.001991757534165369,
           "initial_qty_pct": 0.009083868220501551,
           "markup_range": 0.00987106976996741,
           "min_markup": 0.009109781288387365,
           "n_close_orders": 6,
           "rentry_pprice_dist": 0.03282024165889593,
           "rentry_pprice_dist_wallet_exposure_weighting": 4.755959728970233,
           "wallet_exposure_limit": 1}}