{"config_name": "recursive_grid_0days",
 "logging_level": 0,
 "long": {"auto_unstuck_delay_minutes": 0,
          "auto_unstuck_ema_dist": 0,
          "auto_unstuck_qty_pct": 0,
          "auto_unstuck_wallet_exposure_threshold": 0.0,
          "backwards_tp": true,
          "ddown_factor": 0.1009479218223154,
          "ema_span_0": 775.1685551980484,
          "ema_span_1": 528.9675670138131,
          "enabled": true,
          "initial_eprice_ema_dist": 0.00043057007109410686,
          "initial_qty_pct": 0.018514796619851812,
          "markup_range": 0.003921708543970103,
          "min_markup": 0.004075767305459166,
          "n_close_orders": 14,
          "rentry_pprice_dist": 0.038139867505577615,
          "rentry_pprice_dist_wallet_exposure_weighting": 2.2085578689971372,
          "wallet_exposure_limit": 1},
 "short": {"auto_unstuck_delay_minutes": 0,
           "auto_unstuck_ema_dist": 0,
           "auto_unstuck_qty_pct": 0,
           "auto_unstuck_wallet_exposure_threshold": 0.0,
           "backwards_tp": true,
           "ddown_factor": 2.745806692145818,
           "ema_span_0": 426.72466691284706,
           "ema_span_1": 1367.5283526604446,
           "enabled": true,
           "initial_eprice_ema_dist": 0.0005735627604568854,
           "initial_qty_pct": 0.01627599590305295,
           "markup_range": 0.0012752233899955897,
           "min_markup": 0.005271373719247575,
           "n_close_orders": 9,
           "rentry_pprice_dist": 0.03348638998123191,
           "rentry_pprice_dist_wallet_exposure_weighting": 1.0725518675298595,
           "wallet_exposure_limit": 1}}