{"config_name": "recursive_grid_0days",
 "logging_level": 0,
 "long": {"auto_unstuck_delay_minutes": 0,
          "auto_unstuck_ema_dist": 0,
          "auto_unstuck_qty_pct": 0,
          "auto_unstuck_wallet_exposure_threshold": 0.0,
          "backwards_tp": true,
          "ddown_factor": 1.601946257307737,
          "ema_span_0": 679.2060560720818,
          "ema_span_1": 462.907807880856,
          "enabled": true,
          "initial_eprice_ema_dist": 0.0005106757826778502,
          "initial_qty_pct": 0.009306173562107653,
          "markup_range": 0.00422384028121732,
          "min_markup": 0.007869925407053923,
          "n_close_orders": 13,
          "rentry_pprice_dist": 0.029257341464954713,
          "rentry_pprice_dist_wallet_exposure_weighting": 4.027294408035432,
          "wallet_exposure_limit": 1},
 "short": {"auto_unstuck_delay_minutes": 0,
           "auto_unstuck_ema_dist": 0,
           "auto_unstuck_qty_pct": 0,
           "auto_unstuck_wallet_exposure_threshold": 0.0,
           "backwards_tp": true,
           "ddown_factor": 0.11775816832083302,
           "ema_span_0": 1310.9515544137532,
           "ema_span_1": 1287.881124977336,
           "enabled": true,
           "initial_eprice_ema_dist": 0.0009637295842831199,
           "initial_qty_pct": 0.015645387482417377,
           "markup_range": 0.002121231901763195,
           "min_markup": 0.002279287340507164,
           "n_close_orders": 4,
           "rentry_pprice_dist": 0.040914696573318816,
           "rentry_pprice_dist_wallet_exposure_weighting": 6.973796802342527,
           "wallet_exposure_limit": 1}}