{"config_name": "recursive_grid_0days",
 "logging_level": 0,
 "long": {"auto_unstuck_delay_minutes": 0,
          "auto_unstuck_ema_dist": 0,
          "auto_unstuck_qty_pct": 0,
          "auto_unstuck_wallet_exposure_threshold": 0.0,
          "backwards_tp": true,
          "ddown_factor": 1.784155833749645,
          "ema_span_0": 1175.0408031157326,
          "ema_span_1": 1353.9049932298228,
          "enabled": true,
          "initial_eprice_ema_dist": 0.0009505367688301806,
          "initial_qty_pct": 0.009909758490419867,
          "markup_range": 0.0037141490034148404,
          "min_markup": 0.0014754374933976838,
          "n_close_orders": 3,
          "rentry_pprice_dist": 0.02565383672658946,
          "rentry_pprice_dist_wallet_exposure_weighting": 1.565745514963549,
          "wallet_exposure_limit": 1},
 "short": {"auto_unstuck_delay_minutes": 0,
           "auto_unstuck_ema_dist": 0,
           "auto_unstuck_qty_pct": 0,
           "auto_unstuck_wallet_exposure_threshold": 0.0,
           "backwards_tp": true,
           "ddown_factor": 0.21322450139030596,
           "ema_span_0": 935.4856894610932,
           "ema_span_1": 866.5374841520046,
           "enabled": true,
           "initial_eprice_ema_dist": 0.0028889026763033107,
           "initial_qty_pct": 0.01999661977533198,
           "markup_range": 0.0013243611086657127,
           "min_markup": 0.008166844437197807,
           "n_close_orders": 9,
           "rentry_pprice_dist": 0.03760828815663454,
           "rentry_pprice_dist_wallet_exposure_weighting": 6.710328817287049,
           "wallet_exposure_limit": 1}}