{"config_name": "recursive_grid_0days",
 "logging_level": 0,
 "long": {"auto_unstuck_delay_minutes": 0,
          "auto_unstuck_ema_dist": 0,
          "auto_unstuck_qty_pct": 0,
          "auto_unstuck_wallet_exposure_threshold": 0.0,
          "backwards_tp": true,
          "ddown_factor": 2.7750106431223234,
          "ema_span_0": 581.3553790546858,
          "ema_span_1": 575.2479198694201,
          "enabled": true,
          "initial_eprice_ema_dist": 0.0015903059196145772,
          "initial_qty_pct": 0.019874281867488037,
          "markup_range": 0.003827735451067156,
          "min_markup": 0.0024326133652013016,
          "n_close_orders": 7,
          "rentry_pprice_dist": 0.03701020627167878,
          "rentry_pprice_dist_wallet_exposure_weighting": 2.9432556882239647,
          "wallet_exposure_limit": 1},
 "short": {"auto_unstuck_delay_minutes": 0,
           "auto_unstuck_ema_dist": 0,
           "auto_unstuck_qty_pct": 0,
           "auto_unstuck_wallet_exposure_threshold": 0.0,
           "backwards_tp": true,
           "ddown_factor": 1.235696752780167,
           "ema_span_0": 1427.8029367041474,
           "ema_span_1": 989.1351223190757,
           "enabled": true,
           "initial_eprice_ema_dist": -0.005340211910044059,
           "initial_qty_pct": 0.007313025292972939,
           "markup_range": 0.008901672553121827,
           "min_markup": 0.005422684763450301,
           "n_close_orders": 6,
           "rentry_pprice_dist": 0.024494558832972968,
           "rentry_pprice_dist_wallet_exposure_weighting": 0.5310977910024807,
           "wallet_exposure_limit": 1}}