{"config_name": "recursive_grid_0days",
 "logging_level": 0,
 "long": {"auto_unstuck_delay_minutes": 0,
          "auto_unstuck_ema_dist": 0,
          "auto_unstuck_qty_pct": 0,
          "auto_unstuck_wallet_exposure_threshold": 0.0,
          "backwards_tp": true,
          "ddown_factor": 0.7529370582417454,
          "ema_span_0": 843.0302491673476,
          "ema_span_1": 747.7597975149588,
          "enabled": true,
          "initial_eprice_ema_dist": -0.006138376643075234,
          "initial_qty_pct": 0.016314106646707474,
          "markup_range": 0.007602330927603089,
          "min_markup": 0.005900460452676445,
          "n_close_orders": 4,
          "rentry_pprice_dist": 0.0270737968535868,
          "rentry_pprice_dist_wallet_exposure_weighting": 4.553911293989479,
          "wallet_exposure_limit": 1},
 "short": {"auto_unstuck_delay_minutes": 0,
           "auto_unstuck_ema_dist": 0,
           "auto_unstuck_qty_pct": 0,
           "auto_unstuck_wallet_exposure_threshold": 0.0,
           "backwards_tp": true,
           "ddown_factor": 1.689912164924663,
           "ema_span_0": 1411.0253303053623,
           "ema_span_1": 1369.8977373730422,
           "enabled": true,
           "initial_eprice_ema_dist": -0.0011674841584428332,
           "initial_qty_pct": 0.013767221949558803,
           "markup_range": 0.006710534306328603,
           "min_markup": 0.00936155727203136,
           "n_close_orders": 3,
           "rentry_pprice_dist": 0.036017277502864375,
           "rentry_pprice_dist_wallet_exposure_weighting": 6.075846254622623,
           "wallet_exposure_limit": 1}}