{"config_name": "recursive_grid_0days",
 "logging_level": 0,
 "long": {"auto_unstuck_delay_minutes": 0,
          "auto_unstuck_ema_dist": 0,
          "auto_unstuck_qty_pct": 0,
          "auto_unstuck_wallet_exposure_threshold": 0.0,
          "backwards_tp": true,
          "ddown_factor": 1.008411151222328,
          "ema_span_0": 931.9099417876482,
          "ema_span_1": 1146.649158467737,
          "enabled": true,
          "initial_eprice_ema_dist": -0.002367571903723875,
          "initial_qty_pct": 0.01154784289355355,
          "markup_range": 0.0017249108387440762,
          "min_markup": 0.006021751363220017,
          "n_close_orders": 11,
          "rentry_pprice_dist": 0.03691671195992522,
          "rentry_pprice_dist_wallet_exposure_weighting": 2.5481971136523165,
          "wallet_exposure_limit": 1},
 "short": {"auto_unstuck_delay_minutes": 0,
           "auto_unstuck_ema_dist": 0,
           "auto_unstuck_qty_pct": 0,
           "auto_unstuck_wallet_exposure_threshold": 0.0,
           "backwards_tp": true,
           "ddown_factor": 0.11775816832083302,
           "ema_span_0": 1310.9515544137532,
           "ema_span_1": 1287.881124977336,
           "enabled": true,
           "initial_eprice_ema_dist": 0.0009637295842831199,
           "initial_qty_pct": 0.015645387482417377,
           "markup_range": 0.002121231901763195,
           "min_markup": 0.002279287340507164,
           "n_close_orders": 4,
           "rentry_pprice_dist": 0.040914696573318816,
           "rentry_pprice_dist_wallet_exposure_weighting": 6.973796802342527,
           "wallet_exposure_limit": 1}}