{"config_name": "recursive_grid_0days",
 "logging_level": 0,
 "long": {"auto_unstuck_delay_minutes": 0,
          "auto_unstuck_ema_dist": 0,
          "auto_unstuck_qty_pct": 0,
          "auto_unstuck_wallet_exposure_threshold": 0.0,
          "backwards_tp": true,
          "ddown_factor": 0.8523939577450942,
          "ema_span_0": 826.8069540020092,
          "ema_span_1": 973.2985551893474,
          "enabled": true,
          "initial_eprice_ema_dist": -0.0007635613112937079,
          "initial_qty_pct": 0.009517117110908333,
          "markup_range": 0.0028107382694230903,
          "min_markup": 0.005045101342684657,
          "n_close_orders": 5,
          "rentry_pprice_dist": 0.03333036126012268,
          "rentry_pprice_dist_wallet_exposure_weighting": 3.1747509145484787,
          "wallet_exposure_limit": 1},
 "short": {"auto_unstuck_delay_minutes": 0,
           "auto_unstuck_ema_dist": 0,
           "auto_unstuck_qty_pct": 0,
           "auto_unstuck_wallet_exposure_threshold": 0.0,
           "backwards_tp": true,
           "ddown_factor": 1.6106139474445618,
           "ema_span_0": 540.0123965694439,
           "ema_span_1": 1431.1516061766247,
           "enabled": true,
           "initial_eprice_ema_dist": 0.002999545897493819,
           "initial_qty_pct": 0.008277220657571102,
           "markup_range": 0.0006673627185602962,
           "min_markup": 0.0012378932717199344,
           "n_close_orders": 7,
           "rentry_pprice_dist": 0.054289228939704684,
           "rentry_pprice_dist_wallet_exposure_weighting": 0.49971742053853463,
           "wallet_exposure_limit": 1}}