{"config_name": "recursive_grid_0days",
 "logging_level": 0,
 "long": {"auto_unstuck_delay_minutes": 0,
          "auto_unstuck_ema_dist": 0,
          "auto_unstuck_qty_pct": 0,
          "auto_unstuck_wallet_exposure_threshold": 0.0,
          "backwards_tp": true,
          "ddown_factor": 0.2680467937977629,
          "ema_span_0": 439.16684320630895,
          "ema_span_1": 502.9076983755037,
          "enabled": true,
          "initial_eprice_ema_dist": -0.0028053611011727,
          "initial_qty_pct": 0.01587853856036197,
          "markup_range": 0.0061264398228227015,
          "min_markup": 0.006070149269617435,
          "n_close_orders": 5,
          "rentry_pprice_dist": 0.04711784373529613,
          "rentry_pprice_dist_wallet_exposure_weighting": 0.4020212493256846,
          "wallet_exposure_limit": 1},
 "short": {"auto_unstuck_delay_minutes": 0,
           "auto_unstuck_ema_dist": 0,
           "auto_unstuck_qty_pct": 0,
           "auto_unstuck_wallet_exposure_threshold": 0.0,
           "backwards_tp": true,
           "ddown_factor": 2.67991752235889,
           "ema_span_0": 593.929812914102,
           "ema_span_1": 741.4842600483224,
           "enabled": true,
           "initial_eprice_ema_dist": 0.0013744438601003997,
           "initial_qty_pct": 0.02,
           "markup_range": 0.0034667360150093685,
           "min_markup": 0.004006731664747872,
           "n_close_orders": 10,
           "rentry_pprice_dist": 0.055419236773849995,
           "rentry_pprice_dist_wallet_exposure_weighting": 4.439286521103501,
           "wallet_exposure_limit": 1}}