{"config_name": "recursive_grid_0days",
 "logging_level": 0,
 "long": {"auto_unstuck_delay_minutes": 0,
          "auto_unstuck_ema_dist": 0,
          "auto_unstuck_qty_pct": 0,
          "auto_unstuck_wallet_exposure_threshold": 0.0,
          "backwards_tp": true,
          "ddown_factor": 1.3826507776606123,
          "ema_span_0": 963.2540003407426,
          "ema_span_1": 802.1996503062062,
          "enabled": true,
          "initial_eprice_ema_dist": -0.0019788354643194145,
          "initial_qty_pct": 0.007581971059035189,
          "markup_range": 0.00329364775953301,
          "min_markup": 0.007908431827070904,
          "n_close_orders": 4,
          "rentry_pprice_dist": 0.03778390386772886,
          "rentry_pprice_dist_wallet_exposure_weighting": 2.4983616684476435,
          "wallet_exposure_limit": 1},
 "short": {"auto_unstuck_delay_minutes": 0,
           "auto_unstuck_ema_dist": 0,
           "auto_unstuck_qty_pct": 0,
           "auto_unstuck_wallet_exposure_threshold": 0.0,
           "backwards_tp": true,
           "ddown_factor": 1.9096882693184065,
           "ema_span_0": 725.4853256941044,
           "ema_span_1": 1165.6555990547017,
           "enabled": true,
           "initial_eprice_ema_dist": 0.0021667958892405484,
           "initial_qty_pct": 0.006613662603725277,
           "markup_range": 4.069142357194305e-05,
           "min_markup": 0.0019250821320548582,
           "n_close_orders": 11,
           "rentry_pprice_dist": 0.048696259243225466,
           "rentry_pprice_dist_wallet_exposure_weighting": 5.34175213638984,
           "wallet_exposure_limit": 1}}