{"config_name": "recursive_grid_0days",
 "logging_level": 0,
 "long": {"auto_unstuck_delay_minutes": 0,
          "auto_unstuck_ema_dist": 0,
          "auto_unstuck_qty_pct": 0,
          "auto_unstuck_wallet_exposure_threshold": 0.0,
          "backwards_tp": true,
          "ddown_factor": 1.1063426644375278,
          "ema_span_0": 1187.2572789141848,
          "ema_span_1": 1061.1734951051355,
          "enabled": true,
          "initial_eprice_ema_dist": 7.281380161706847e-05,
          "initial_qty_pct": 0.018555881105089257,
          "markup_range": 0.0018346820007118449,
          "min_markup": 0.0022505217723157887,
          "n_close_orders": 6,
          "rentry_pprice_dist": 0.0474345378567378,
          "rentry_pprice_dist_wallet_exposure_weighting": 0.2977721641622809,
          "wallet_exposure_limit": 1},
 "short": {"auto_unstuck_delay_minutes": 0,
           "auto_unstuck_ema_dist": 0,
           "auto_unstuck_qty_pct": 0,
           "auto_unstuck_wallet_exposure_threshold": 0.0,
           "backwards_tp": true,
           "ddown_factor": 0.45715312207423775,
           "ema_span_0": 1314.4276667704594,
           "ema_span_1": 1203.5027271369152,
           "enabled": true,
           "initial_eprice_ema_dist": 0.0005321104698602545,
           "initial_qty_pct": 0.009132237663235463,
           "markup_range": 0.0036636444859870078,
           "min_markup": 0.008611154869308827,
           "n_close_orders": 3,
           "rentry_pprice_dist": 0.04907939979814107,
           "rentry_pprice_dist_wallet_exposure_weighting": 6.648595895886412,
           "wallet_exposure_limit": 1}}