{"config_name": "recursive_grid_0days",
 "logging_level": 0,
 "long": {"auto_unstuck_delay_minutes": 0,
          "auto_unstuck_ema_dist": 0,
          "auto_unstuck_qty_pct": 0,
          "auto_unstuck_wallet_exposure_threshold": 0.0,
          "backwards_tp": true,
          "ddown_factor": 1.0206242766548868,
          "ema_span_0": 917.3708939136229,
          "ema_span_1": 1321.1310185893055,
          "enabled": true,
          "initial_eprice_ema_dist": -0.004079844677879833,
          "initial_qty_pct": 0.010808465659587214,
          "markup_range": 0.0008065455976179746,
          "min_markup": 0.001266492092352165,
          "n_close_orders": 10,
          "rentry_pprice_dist": 0.01854559140707636,
          "rentry_pprice_dist_wallet_exposure_weighting": 1.9172077445733564,
          "wallet_exposure_limit": 1},
 "short": {"auto_unstuck_delay_minutes": 0,
           "auto_unstuck_ema_dist": 0,
           "auto_unstuck_qty_pct": 0,
           "auto_unstuck_wallet_exposure_threshold": 0.0,
           "backwards_tp": true,
           "ddown_factor": 2.4291645634432717,
           "ema_span_0": 1133.5466412287071,
           "ema_span_1": 1091.6201077631574,
           "enabled": true,
           "initial_eprice_ema_dist": -0.0040822628446483405,
           "initial_qty_pct": 0.006548952994104304,
           "markup_range": 0.002380396714429824,
           "min_markup": 0.001101245697118944,
           "n_close_orders": 13,
           "rentry_pprice_dist": 0.02378873694425675,
           "rentry_pprice_dist_wallet_exposure_weighting": 4.607633155394581,
           "wallet_exposure_limit": 1}}