{"config_name": "recursive_grid_0days",
 "logging_level": 0,
 "long": {"auto_unstuck_delay_minutes": 0,
          "auto_unstuck_ema_dist": 0,
          "auto_unstuck_qty_pct": 0,
          "auto_unstuck_wallet_exposure_threshold": 0.0,
          "backwards_tp": true,
          "ddown_factor": 2.6935416815638322,
          "ema_span_0": 1166.9336687903944,
          "ema_span_1": 1409.5845104450193,
          "enabled": true,
          "initial_eprice_ema_dist": 0.0019810800158855334,
          "initial_qty_pct": 0.016530773112349937,
          "markup_range": 0.00133965557458907,
          "min_markup": 0.0020967223833583603,
          "n_close_orders": 15,
          "rentry_pprice_dist": 0.022303289640880568,
          "rentry_pprice_dist_wallet_exposure_weighting": 3.5942690515355142,
          "wallet_exposure_limit": 1},
 "short": {"auto_unstuck_delay_minutes": 0,
           "auto_unstuck_ema_dist": 0,
           "auto_unstuck_qty_pct": 0,
           "auto_unstuck_wallet_exposure_threshold": 0.0,
           "backwards_tp": true,
           "ddown_factor": 2.7084211309851294,
           "ema_span_0": 1336.8263316648622,
           "ema_span_1": 1220.6279028887634,
           "enabled": true,
           "initial_eprice_ema_dist": 0.002999123295498026,
           "initial_qty_pct": 0.006864779772121913,
           "markup_range": 0.0017360139301640148,
           "min_markup": 0.0021724431727941636,
           "n_close_orders": 6,
           "rentry_pprice_dist": 0.02344395737092809,
           "rentry_pprice_dist_wallet_exposure_weighting": 4.001473849346777,
           "wallet_exposure_limit": 1}}