{"config_name": "recursive_grid_0days",
 "logging_level": 0,
 "long": {"auto_unstuck_delay_minutes": 0,
          "auto_unstuck_ema_dist": 0,
          "auto_unstuck_qty_pct": 0,
          "auto_unstuck_wallet_exposure_threshold": 0.0,
          "backwards_tp": true,
          "ddown_factor": 1.032776664775772,
          "ema_span_0": 602.33034596505,
          "ema_span_1": 592.9054544845752,
          "enabled": true,
          "initial_eprice_ema_dist": -0.006686331686418298,
          "initial_qty_pct": 0.019326850484717484,
          "markup_range": 0.003465884369896487,
          "min_markup": 0.004260650451596385,
          "n_close_orders": 2,
          "rentry_pprice_dist": 0.02454199009973456,
          "rentry_pprice_dist_wallet_exposure_weighting": 3.6236545139944023,
          "wallet_exposure_limit": 1},
 "short": {"auto_unstuck_delay_minutes": 0,
           "auto_unstuck_ema_dist": 0,
           "auto_unstuck_qty_pct": 0,
           "auto_unstuck_wallet_exposure_threshold": 0.0,
           "backwards_tp": true,
           "ddown_factor": 0.7460868823246048,
           "ema_span_0": 512.4732120181827,
           "ema_span_1": 568.655079654436,
           "enabled": true,
           "initial_eprice_ema_dist": -0.006390691286739958,
           "initial_qty_pct": 0.011006508307210925,
           "markup_range": 0.004667511789597811,
           "min_markup": 0.004183648550354828,
           "n_close_orders": 8,
           "rentry_pprice_dist": 0.026035667751698716,
           "rentry_pprice_dist_wallet_exposure_weighting": 0.23782093280234554,
           "wallet_exposure_limit": 1}}