{"config_name": "recursive_grid_0days",
 "logging_level": 0,
 "long": {"auto_unstuck_delay_minutes": 0,
          "auto_unstuck_ema_dist": 0,
          "auto_unstuck_qty_pct": 0,
          "auto_unstuck_wallet_exposure_threshold": 0.0,
          "backwards_tp": true,
          "ddown_factor": 2.9892011135965713,
          "ema_span_0": 875.956183867657,
          "ema_span_1": 872.3335331755394,
          "enabled": true,
          "initial_eprice_ema_dist": -0.007800837596464441,
          "initial_qty_pct": 0.005662169890086724,
          "markup_range": 0.0026706470618728232,
          "min_markup": 0.008263373176973749,
          "n_close_orders": 15,
          "rentry_pprice_dist": 0.05852655500879667,
          "rentry_pprice_dist_wallet_exposure_weighting": 2.930748730854311,
          "wallet_exposure_limit": 1},
 "short": {"auto_unstuck_delay_minutes": 0,
           "auto_unstuck_ema_dist": 0,
           "auto_unstuck_qty_pct": 0,
           "auto_unstuck_wallet_exposure_threshold": 0.0,
           "backwards_tp": true,
           "ddown_factor": 0.30859245318156914,
           "ema_span_0": 1434.1719183383814,
           "ema_span_1": 1252.7984725489864,
           "enabled": true,
           "initial_eprice_ema_dist": -8.987206251674337e-05,
           "initial_qty_pct": 0.01940354513912137,
           "markup_range": 0.007847236339380413,
           "min_markup": 0.009899139198730787,
           "n_close_orders": 2,
           "rentry_pprice_dist": 0.03828146935395971,
           "rentry_pprice_dist_wallet_exposure_weighting": 4.687127692407285,
           "wallet_exposure_limit": 1}}