{"config_name": "recursive_grid_0days",
 "logging_level": 0,
 "long": {"auto_unstuck_delay_minutes": 0,
          "auto_unstuck_ema_dist": 0,
          "auto_unstuck_qty_pct": 0,
          "auto_unstuck_wallet_exposure_threshold": 0.0,
          "backwards_tp": true,
          "ddown_factor": 1.6970682211002261,
          "ema_span_0": 824.6294228638478,
          "ema_span_1": 665.6060379779635,
          "enabled": true,
          "initial_eprice_ema_dist": 0.0029958630061544538,
          "initial_qty_pct": 0.007763454128866125,
          "markup_range": 0.0035434379382813432,
          "min_markup": 0.0036254490685249997,
          "n_close_orders": 6,
          "rentry_pprice_dist": 0.03190242925450784,
          "rentry_pprice_dist_wallet_exposure_weighting": 3.272443014834707,
          "wallet_exposure_limit": 1},
 "short": {"auto_unstuck_delay_minutes": 0,
           "auto_unstuck_ema_dist": 0,
           "auto_unstuck_qty_pct": 0,
           "auto_unstuck_wallet_exposure_threshold": 0.0,
           "backwards_tp": true,
           "ddown_factor": 1.040644160398579,
           "ema_span_0": 1115.3112271179605,
           "ema_span_1": 592.7646321548445,
           "enabled": true,
           "initial_eprice_ema_dist": -0.002300909049115994,
           "initial_qty_pct": 0.0069369262029872975,
           "markup_range": 0.007227420925775015,
           "min_markup": 0.004564193433975704,
           "n_close_orders": 2,
           "rentry_pprice_dist": 0.026816797408983375,
           "rentry_pprice_dist_wallet_exposure_weighting": 4.005882486829598,
           "wallet_exposure_limit": 1}}