{"config_name": "recursive_grid_0days",
 "logging_level": 0,
 "long": {"auto_unstuck_delay_minutes": 0,
          "auto_unstuck_ema_dist": 0,
          "auto_unstuck_qty_pct": 0,
          "auto_unstuck_wallet_exposure_threshold": 0.0,
          "backwards_tp": true,
          "ddown_factor": 0.2256919206736003,
          "ema_span_0": 1101.5036131447491,
          "ema_span_1": 462.7274875789373,
          "enabled": true,
          "initial_eprice_ema_dist": -0.0034303471516296093,
          "initial_qty_pct": 0.016574094562677267,
          "markup_range": 0.005653899702441475,
          "min_markup": 0.007474268355254473,
          "n_close_orders": 6,
          "rentry_pprice_dist": 0.03531314859729816,
          "rentry_pprice_dist_wallet_exposure_weighting": 1.3733321988478504,
          "wallet_exposure_limit": 1},
 "short": {"auto_unstuck_delay_minutes": 0,
           "auto_unstuck_ema_dist": 0,
           "auto_unstuck_qty_pct": 0,
           "auto_unstuck_wallet_exposure_threshold": 0.0,
           "backwards_tp": true,
           "ddown_factor": 0.9273198163927014,
           "ema_span_0": 851.5056353333787,
           "ema_span_1": 1318.331522256712,
           "enabled": true,
           "initial_eprice_ema_dist": -0.008568952195744677,
           "initial_qty_pct": 0.005466290393975134,
           "markup_range": 0.009236640075707844,
           "min_markup": 0.002816493298217054,
           "n_close_orders": 4,
           "rentry_pprice_dist": 0.02321118772775666,
           "rentry_pprice_dist_wallet_exposure_weighting": 1.5023140467224514,
           "wallet_exposure_limit": 1}}