{"config_name": "recursive_grid_0days",
 "logging_level": 0,
 "long": {"auto_unstuck_delay_minutes": 0,
          "auto_unstuck_ema_dist": 0,
          "auto_unstuck_qty_pct": 0,
          "auto_unstuck_wallet_exposure_threshold": 0.0,
          "backwards_tp": true,
          "ddown_factor": 0.4508673797138316,
          "ema_span_0": 995.9623499439299,
          "ema_span_1": 746.3830247953897,
          "enabled": true,
          "initial_eprice_ema_dist": -0.008071301081133964,
          "initial_qty_pct": 0.005369471436440499,
          "markup_range": 0.001110867402070223,
          "min_markup": 0.00520649031408648,
          "n_close_orders": 10,
          "rentry_pprice_dist": 0.029825605900795853,
          "rentry_pprice_dist_wallet_exposure_weighting": 3.1402535652882007,
          "wallet_exposure_limit": 1},
 "short": {"auto_unstuck_delay_minutes": 0,
           "auto_unstuck_ema_dist": 0,
           "auto_unstuck_qty_pct": 0,
           "auto_unstuck_wallet_exposure_threshold": 0.0,
           "backwards_tp": true,
           "ddown_factor": 2.824010889354615,
           "ema_span_0": 668.4791978282874,
           "ema_span_1": 1100.6743726560933,
           "enabled": true,
           "initial_eprice_ema_dist": 0.003,
           "initial_qty_pct": 0.011802408826969217,
           "markup_range": 0.00017041521132076496,
           "min_markup": 0.0015067320644080204,
           "n_close_orders": 5,
           "rentry_pprice_dist": 0.025352022876576147,
           "rentry_pprice_dist_wallet_exposure_weighting": 4.485829797874352,
           "wallet_exposure_limit": 1}}