{"config_name": "recursive_grid_0days",
 "logging_level": 0,
 "long": {"auto_unstuck_delay_minutes": 0,
          "auto_unstuck_ema_dist": 0,
          "auto_unstuck_qty_pct": 0,
          "auto_unstuck_wallet_exposure_threshold": 0.0,
          "backwards_tp": true,
          "ddown_factor": 1.2010616448819738,
          "ema_span_0": 1005.1193880193073,
          "ema_span_1": 1008.9638222422772,
          "enabled": true,
          "initial_eprice_ema_dist": 0.0011606633834450241,
          "initial_qty_pct": 0.009050074422133242,
          "markup_range": 0.00286659378694708,
          "min_markup": 0.00623357434342159,
          "n_close_orders": 14,
          "rentry_pprice_dist": 0.03651194456788559,
          "rentry_pprice_dist_wallet_exposure_weighting": 3.005283889703562,
          "wallet_exposure_limit": 1},
 "short": {"auto_unstuck_delay_minutes": 0,
           "auto_unstuck_ema_dist": 0,
           "auto_unstuck_qty_pct": 0,
           "auto_unstuck_wallet_exposure_threshold": 0.0,
           "backwards_tp": true,
           "ddown_factor": 0.4134524017929821,
           "ema_span_0": 1288.4049057202112,
           "ema_span_1": 1204.3718689311431,
           "enabled": true,
           "initial_eprice_ema_dist": 0.002508519022970903,
           "initial_qty_pct": 0.01123758228201798,
           "markup_range": 0.007466158559757927,
           "min_markup": 0.008036794650605956,
           "n_close_orders": 5,
           "rentry_pprice_dist": 0.036614349358860085,
           "rentry_pprice_dist_wallet_exposure_weighting": 6.298902173303999,
           "wallet_exposure_limit": 1}}