{"config_name": "recursive_grid_0days",
 "logging_level": 0,
 "long": {"auto_unstuck_delay_minutes": 0,
          "auto_unstuck_ema_dist": 0,
          "auto_unstuck_qty_pct": 0,
          "auto_unstuck_wallet_exposure_threshold": 0.0,
          "backwards_tp": true,
          "ddown_factor": 2.7703656550559126,
          "ema_span_0": 631.796410292257,
          "ema_span_1": 830.2213135974577,
          "enabled": true,
          "initial_eprice_ema_dist": -0.002108133869984519,
          "initial_qty_pct": 0.00631500988633688,
          "markup_range": 0.002660005198908099,
          "min_markup": 0.005606326790926641,
          "n_close_orders": 10,
          "rentry_pprice_dist": 0.032466668674912706,
          "rentry_pprice_dist_wallet_exposure_weighting": 0.3632733100757943,
          "wallet_exposure_limit": 1},
 "short": {"auto_unstuck_delay_minutes": 0,
           "auto_unstuck_ema_dist": 0,
           "auto_unstuck_qty_pct": 0,
           "auto_unstuck_wallet_exposure_threshold": 0.0,
           "backwards_tp": true,
           "ddown_factor": 1.583598248930733,
           "ema_span_0": 1380.3902693645273,
           "ema_span_1": 1418.3556558860644,
           "enabled": true,
           "initial_eprice_ema_dist": -0.005954492545243663,
           "initial_qty_pct": 0.009298732693751139,
           "markup_range": 0.0012905227590980413,
           "min_markup": 0.002585064633818879,
           "n_close_orders": 6,
           "rentry_pprice_dist": 0.030576670595112147,
           "rentry_pprice_dist_wallet_exposure_weighting": 0.5961465384180216,
           "wallet_exposure_limit": 1}}