{"config_name": "recursive_grid_0days",
 "logging_level": 0,
 "long": {"auto_unstuck_delay_minutes": 0,
          "auto_unstuck_ema_dist": 0,
          "auto_unstuck_qty_pct": 0,
          "auto_unstuck_wallet_exposure_threshold": 0.0,
          "backwards_tp": true,
          "ddown_factor": 1.1477638754662738,
          "ema_span_0": 943.7698327047028,
          "ema_span_1": 1106.0268127828774,
          "enabled": true,
          "initial_eprice_ema_dist": 0.002881633916898216,
          "initial_qty_pct": 0.006800648495335363,
          "markup_range": 0.0034752918993589633,
          "min_markup": 0.004544571527601139,
          "n_close_orders": 14,
          "rentry_pprice_dist": 0.038117055791025894,
          "rentry_pprice_dist_wallet_exposure_weighting": 1.3280318697494606,
          "wallet_exposure_limit": 1},
 "short": {"auto_unstuck_delay_minutes": 0,
           "auto_unstuck_ema_dist": 0,
           "auto_unstuck_qty_pct": 0,
           "auto_unstuck_wallet_exposure_threshold": 0.0,
           "backwards_tp": true,
           "ddown_factor": 1.2253439900997174,
           "ema_span_0": 754.8739704066925,
           "ema_span_1": 647.9499108699124,
           "enabled": true,
           "initial_eprice_ema_dist": -0.006936539085744455,
           "initial_qty_pct": 0.008491630936171812,
           "markup_range": 0.003449702657984847,
           "min_markup": 0.005711673779085416,
           "n_close_orders": 4,
           "rentry_pprice_dist": 0.036607367603404994,
           "rentry_pprice_dist_wallet_exposure_weighting": 1.1276734827837807,
           "wallet_exposure_limit": 1}}