{"config_name": "recursive_grid_0days",
 "logging_level": 0,
 "long": {"auto_unstuck_delay_minutes": 0,
          "auto_unstuck_ema_dist": 0,
          "auto_unstuck_qty_pct": 0,
          "auto_unstuck_wallet_exposure_threshold": 0.0,
          "backwards_tp": true,
          "ddown_factor": 1.4648345909245368,
          "ema_span_0": 731.1641654759205,
          "ema_span_1": 1401.2055600660842,
          "enabled": true,
          "initial_eprice_ema_dist": -0.006024315917198597,
          "initial_qty_pct": 0.006445356817094231,
          "markup_range": 0.004859395636862858,
          "min_markup": 0.005488801258318786,
          "n_close_orders": 2,
          "rentry_pprice_dist": 0.02995818318839077,
          "rentry_pprice_dist_wallet_exposure_weighting": 4.999159961134586,
          "wallet_exposure_limit": 1},
 "short": {"auto_unstuck_delay_minutes": 0,
           "auto_unstuck_ema_dist": 0,
           "auto_unstuck_qty_pct": 0,
           "auto_unstuck_wallet_exposure_threshold": 0.0,
           "backwards_tp": true,
           "ddown_factor": 1.3406645847400225,
           "ema_span_0": 1101.907341153422,
           "ema_span_1": 891.0252453593743,
           "enabled": true,
           "initial_eprice_ema_dist": 0.002062236282977762,
           "initial_qty_pct": 0.0068616831944981515,
           "markup_range": 0.003370050939301824,
           "min_markup": 0.0036505146264338736,
           "n_close_orders": 12,
           "rentry_pprice_dist": 0.029400067384880813,
           "rentry_pprice_dist_wallet_exposure_weighting": 3.5745779907915507,
           "wallet_exposure_limit": 1}}