{"config_name": "recursive_grid_0days",
 "logging_level": 0,
 "long": {"auto_unstuck_delay_minutes": 0,
          "auto_unstuck_ema_dist": 0,
          "auto_unstuck_qty_pct": 0,
          "auto_unstuck_wallet_exposure_threshold": 0.0,
          "backwards_tp": true,
          "ddown_factor": 1.7426010315647622,
          "ema_span_0": 1149.3313432663253,
          "ema_span_1": 1234.22271717947,
          "enabled": true,
          "initial_eprice_ema_dist": -0.007959777153196337,
          "initial_qty_pct": 0.008593620102350272,
          "markup_range": 0.0034039984148603974,
          "min_markup": 0.0018784806611675136,
          "n_close_orders": 12,
          "rentry_pprice_dist": 0.033140922439607194,
          "rentry_pprice_dist_wallet_exposure_weighting": 4.40930534509353,
          "wallet_exposure_limit": 1},
 "short": {"auto_unstuck_delay_minutes": 0,
           "auto_unstuck_ema_dist": 0,
           "auto_unstuck_qty_pct": 0,
           "auto_unstuck_wallet_exposure_threshold": 0.0,
           "backwards_tp": true,
           "ddown_factor": 0.2416241523139757,
           "ema_span_0": 1018.3704551777645,
           "ema_span_1": 810.0438671816446,
           "enabled": true,
           "initial_eprice_ema_dist": -0.00868247899434076,
           "initial_qty_pct": 0.018701297125973907,
           "markup_range": 0.002893755666155936,
           "min_markup": 0.0055259173917061085,
           "n_close_orders": 13,
           "rentry_pprice_dist": 0.019457936794410175,
           "rentry_pprice_dist_wallet_exposure_weighting": 5.853050663062912,
           "wallet_exposure_limit": 1}}