{"config_name": "recursive_grid_0days",
 "logging_level": 0,
 "long": {"auto_unstuck_delay_minutes": 0,
          "auto_unstuck_ema_dist": 0,
          "auto_unstuck_qty_pct": 0,
          "auto_unstuck_wallet_exposure_threshold": 0.0,
          "backwards_tp": true,
          "ddown_factor": 1.3819283332815897,
          "ema_span_0": 835.7733337922807,
          "ema_span_1": 865.2249118735288,
          "enabled": true,
          "initial_eprice_ema_dist": -0.0020759338091898105,
          "initial_qty_pct": 0.0060766850107295805,
          "markup_range": 0.004500301378165132,
          "min_markup": 0.004197653713295645,
          "n_close_orders": 5,
          "rentry_pprice_dist": 0.02948077279687622,
          "rentry_pprice_dist_wallet_exposure_weighting": 5.370954404382843,
          "wallet_exposure_limit": 1},
 "short": {"auto_unstuck_delay_minutes": 0,
           "auto_unstuck_ema_dist": 0,
           "auto_unstuck_qty_pct": 0,
           "auto_unstuck_wallet_exposure_threshold": 0.0,
           "backwards_tp": true,
           "ddown_factor": 1.5360680814615872,
           "ema_span_0": 929.3046958453199,
           "ema_span_1": 710.5463559907188,
           "enabled": true,
           "initial_eprice_ema_dist": -0.0011380674518091465,
           "initial_qty_pct": 0.008934377030328705,
           "markup_range": 0.003894947245719486,
           "min_markup": 0.0053196825769478776,
           "n_close_orders": 11,
           "rentry_pprice_dist": 0.05275131541691962,
           "rentry_pprice_dist_wallet_exposure_weighting": 4.240167183075193,
           "wallet_exposure_limit": 1}}