{"config_name": "recursive_grid_0days",
 "logging_level": 0,
 "long": {"auto_unstuck_delay_minutes": 0,
          "auto_unstuck_ema_dist": 0,
          "auto_unstuck_qty_pct": 0,
          "auto_unstuck_wallet_exposure_threshold": 0.0,
          "backwards_tp": true,
          "ddown_factor": 1.0965640881007737,
          "ema_span_0": 894.5743451091689,
          "ema_span_1": 1060.3684027525283,
          "enabled": true,
          "initial_eprice_ema_dist": -0.0036204388027152173,
          "initial_qty_pct": 0.015512057929671292,
          "markup_range": 0.0046855891984089685,
          "min_markup": 0.0042384830219084554,
          "n_close_orders": 6,
          "rentry_pprice_dist": 0.027571743708978472,
          "rentry_pprice_dist_wallet_exposure_weighting": 2.405052792291445,
          "wallet_exposure_limit": 1},
 "short": {"auto_unstuck_delay_minutes": 0,
           "auto_unstuck_ema_dist": 0,
           "auto_unstuck_qty_pct": 0,
           "auto_unstuck_wallet_exposure_threshold": 0.0,
           "backwards_tp": true,
           "ddown_factor": 2.1339993537192408,
           "ema_span_0": 620.8627305199273,
           "ema_span_1": 719.3386839010539,
           "enabled": true,
           "initial_eprice_ema_dist": 0.003,
           "initial_qty_pct": 0.011869176653892203,
           "markup_range": 0.000840933966235916,
           "min_markup": 0.005214225304351701,
           "n_close_orders": 8,
           "rentry_pprice_dist": 0.04809614023362284,
           "rentry_pprice_dist_wallet_exposure_weighting": 0.0,
           "wallet_exposure_limit": 1}}