{"config_name": "recursive_grid_0days",
 "logging_level": 0,
 "long": {"auto_unstuck_delay_minutes": 0,
          "auto_unstuck_ema_dist": 0,
          "auto_unstuck_qty_pct": 0,
          "auto_unstuck_wallet_exposure_threshold": 0.0,
          "backwards_tp": true,
          "ddown_factor": 0.8436564470093553,
          "ema_span_0": 697.791396673915,
          "ema_span_1": 732.654294932861,
          "enabled": true,
          "initial_eprice_ema_dist": -0.007565573843539482,
          "initial_qty_pct": 0.005822042038729934,
          "markup_range": 0.005186004464713603,
          "min_markup": 0.004399182647920236,
          "n_close_orders": 11,
          "rentry_pprice_dist": 0.029198583168471872,
          "rentry_pprice_dist_wallet_exposure_weighting": 2.3064578047854982,
          "wallet_exposure_limit": 1},
 "short": {"auto_unstuck_delay_minutes": 0,
           "auto_unstuck_ema_dist": 0,
           "auto_unstuck_qty_pct": 0,
           "auto_unstuck_wallet_exposure_threshold": 0.0,
           "backwards_tp": true,
           "ddown_factor": 0.1,
           "ema_span_0": 482.77990910296944,
           "ema_span_1": 481.40264702069203,
           "enabled": true,
           "initial_eprice_ema_dist": -0.007907952187919867,
           "initial_qty_pct": 0.006943791878564269,
           "markup_range": 0.004328720747878866,
           "min_markup": 0.0045810740938474,
           "n_close_orders": 10,
           "rentry_pprice_dist": 0.019051668186614655,
           "rentry_pprice_dist_wallet_exposure_weighting": 3.7835198819831177,
           "wallet_exposure_limit": 1}}