{"config_name": "recursive_grid_0days",
 "logging_level": 0,
 "long": {"auto_unstuck_delay_minutes": 0,
          "auto_unstuck_ema_dist": 0,
          "auto_unstuck_qty_pct": 0,
          "auto_unstuck_wallet_exposure_threshold": 0.0,
          "backwards_tp": true,
          "ddown_factor": 0.5870099398941756,
          "ema_span_0": 921.2085231148226,
          "ema_span_1": 505.5288567668124,
          "enabled": true,
          "initial_eprice_ema_dist": -0.005637536132597143,
          "initial_qty_pct": 0.010888782013735313,
          "markup_range": 0.002535720591430556,
          "min_markup": 0.004019674319723468,
          "n_close_orders": 6,
          "rentry_pprice_dist": 0.018136544974262397,
          "rentry_pprice_dist_wallet_exposure_weighting": 6.11660075897139,
          "wallet_exposure_limit": 1},
 "short": {"auto_unstuck_delay_minutes": 0,
           "auto_unstuck_ema_dist": 0,
           "auto_unstuck_qty_pct": 0,
           "auto_unstuck_wallet_exposure_threshold": 0.0,
           "backwards_tp": true,
           "ddown_factor": 0.5484404490821884,
           "ema_span_0": 1265.2046920489242,
           "ema_span_1": 747.0709866841762,
           "enabled": true,
           "initial_eprice_ema_dist": 0.0029641314861277215,
           "initial_qty_pct": 0.006034866176370064,
           "markup_range": 0.004497930214807225,
           "min_markup": 0.007353822060384097,
           "n_close_orders": 5,
           "rentry_pprice_dist": 0.04862215500536045,
           "rentry_pprice_dist_wallet_exposure_weighting": 3.886588864265925,
           "wallet_exposure_limit": 1}}