{"config_name": "recursive_grid_0days",
 "logging_level": 0,
 "long": {"auto_unstuck_delay_minutes": 0,
          "auto_unstuck_ema_dist": 0,
          "auto_unstuck_qty_pct": 0,
          "auto_unstuck_wallet_exposure_threshold": 0.0,
          "backwards_tp": true,
          "ddown_factor": 0.8523939577450942,
          "ema_span_0": 826.8069540020092,
          "ema_span_1": 973.2985551893474,
          "enabled": true,
          "initial_eprice_ema_dist": -0.0007635613112937079,
          "initial_qty_pct": 0.009517117110908333,
          "markup_range": 0.0028107382694230903,
          "min_markup": 0.005045101342684657,
          "n_close_orders": 5,
          "rentry_pprice_dist": 0.03333036126012268,
          "rentry_pprice_dist_wallet_exposure_weighting": 3.1747509145484787,
          "wallet_exposure_limit": 1},
 "short": {"auto_unstuck_delay_minutes": 0,
           "auto_unstuck_ema_dist": 0,
           "auto_unstuck_qty_pct": 0,
           "auto_unstuck_wallet_exposure_threshold": 0.0,
           "backwards_tp": true,
           "ddown_factor": 0.23441571329121044,
           "ema_span_0": 842.8932623709835,
           "ema_span_1": 1141.0837703669315,
           "enabled": true,
           "initial_eprice_ema_dist": -0.005463992553591712,
           "initial_qty_pct": 0.010000462688567822,
           "markup_range": 0.001748803061199693,
           "min_markup": 0.009031656413763635,
           "n_close_orders": 9,
           "rentry_pprice_dist": 0.015292039808625906,
           "rentry_pprice_dist_wallet_exposure_weighting": 6.810553299925272,
           "wallet_exposure_limit": 1}}