{"config_name": "recursive_grid_0days",
 "logging_level": 0,
 "long": {"auto_unstuck_delay_minutes": 0,
          "auto_unstuck_ema_dist": 0,
          "auto_unstuck_qty_pct": 0,
          "auto_unstuck_wallet_exposure_threshold": 0.0,
          "backwards_tp": true,
          "ddown_factor": 1.765300081537949,
          "ema_span_0": 509.45155647425645,
          "ema_span_1": 666.6708760187495,
          "enabled": true,
          "initial_eprice_ema_dist": -0.006094696426148157,
          "initial_qty_pct": 0.0078518451094686,
          "markup_range": 0.007331712352773682,
          "min_markup": 0.004125967908321303,
          "n_close_orders": 2,
          "rentry_pprice_dist": 0.03665381046998756,
          "rentry_pprice_dist_wallet_exposure_weighting": 1.856799174673176,
          "wallet_exposure_limit": 1},
 "short": {"auto_unstuck_delay_minutes": 0,
           "auto_unstuck_ema_dist": 0,
           "auto_unstuck_qty_pct": 0,
           "auto_unstuck_wallet_exposure_threshold": 0.0,
           "backwards_tp": true,
           "ddown_factor": 2.180480899991327,
           "ema_span_0": 521.136584794594,
           "ema_span_1": 694.0588720216742,
           "enabled": true,
           "initial_eprice_ema_dist": 0.00036753175523396325,
           "initial_qty_pct": 0.010558816988597636,
           "markup_range": 0.0017818149047509652,
           "min_markup": 0.0071346702604017,
           "n_close_orders": 14,
           "rentry_pprice_dist": 0.026082526398319643,
           "rentry_pprice_dist_wallet_exposure_weighting": 0.17967874582422289,
           "wallet_exposure_limit": 1}}