{"config_name": "recursive_grid_0days",
 "logging_level": 0,
 "long": {"auto_unstuck_delay_minutes": 0,
          "auto_unstuck_ema_dist": 0,
          "auto_unstuck_qty_pct": 0,
          "auto_unstuck_wallet_exposure_threshold": 0.0,
          "backwards_tp": true,
          "ddown_factor": 1.7034342091311374,
          "ema_span_0": 1343.8066456539304,
          "ema_span_1": 1213.1841734860898,
          "enabled": true,
          "initial_eprice_ema_dist": -0.0038049018421128776,
          "initial_qty_pct": 0.009342835719448188,
          "markup_range": 0.005055815169623435,
          "min_markup": 0.005027128646338104,
          "n_close_orders": 8,
          "rentry_pprice_dist": 0.026722853989080555,
          "rentry_pprice_dist_wallet_exposure_weighting": 2.5330545066012173,
          "wallet_exposure_limit": 1},
 "short": {"auto_unstuck_delay_minutes": 0,
           "auto_unstuck_ema_dist": 0,
           "auto_unstuck_qty_pct": 0,
           "auto_unstuck_wallet_exposure_threshold": 0.0,
           "backwards_tp": true,
           "ddown_factor": 0.44089601844141824,
           "ema_span_0": 1416.3174611583881,
           "ema_span_1": 935.4470814777776,
           "enabled": true,
           "initial_eprice_ema_dist": -0.006756452234765265,
           "initial_qty_pct": 0.01814006340666354,
           "markup_range": 0.00808599676161844,
           "min_markup": 0.005020398772843659,
           "n_close_orders": 12,
           "rentry_pprice_dist": 0.0233230608478473,
           "rentry_pprice_dist_wallet_exposure_weighting": 6.813849641332529,
           "wallet_exposure_limit": 1}}