{"config_name": "recursive_grid_0days",
 "logging_level": 0,
 "long": {"auto_unstuck_delay_minutes": 0,
          "auto_unstuck_ema_dist": 0,
          "auto_unstuck_qty_pct": 0,
          "auto_unstuck_wallet_exposure_threshold": 0.0,
          "backwards_tp": true,
          "ddown_factor": 1.2630624646410573,
          "ema_span_0": 864.3363727900279,
          "ema_span_1": 901.3234263234191,
          "enabled": true,
          "initial_eprice_ema_dist": 0.002086803141068993,
          "initial_qty_pct": 0.019999951936826632,
          "markup_range": 0.00163956566482907,
          "min_markup": 0.006644609371619244,
          "n_close_orders": 8,
          "rentry_pprice_dist": 0.03724744437510253,
          "rentry_pprice_dist_wallet_exposure_weighting": 3.247644744654228,
          "wallet_exposure_limit": 1},
 "short": {"auto_unstuck_delay_minutes": 0,
           "auto_unstuck_ema_dist": 0,
           "auto_unstuck_qty_pct": 0,
           "auto_unstuck_wallet_exposure_threshold": 0.0,
           "backwards_tp": true,
           "ddown_factor": 0.5499511970051284,
           "ema_span_0": 564.9752149289509,
           "ema_span_1": 1358.9132991625868,
           "enabled": true,
           "initial_eprice_ema_dist": -0.006229562933752563,
           "initial_qty_pct": 0.009310369942893372,
           "markup_range": 0.003288067633398009,
           "min_markup": 0.0061721888454926155,
           "n_close_orders": 3,
           "rentry_pprice_dist": 0.02825492945495087,
           "rentry_pprice_dist_wallet_exposure_weighting": 6.707254720568646,
           "wallet_exposure_limit": 1}}