{"config_name": "recursive_grid_0days",
 "logging_level": 0,
 "long": {"auto_unstuck_delay_minutes": 0,
          "auto_unstuck_ema_dist": 0,
          "auto_unstuck_qty_pct": 0,
          "auto_unstuck_wallet_exposure_threshold": 0.0,
          "backwards_tp": true,
          "ddown_factor": 0.1029231932028439,
          "ema_span_0": 719.5314946263667,
          "ema_span_1": 631.1233600024781,
          "enabled": true,
          "initial_eprice_ema_dist": 0.0018181633614333186,
          "initial_qty_pct": 0.010370054217609186,
          "markup_range": 0.006194085838850265,
          "min_markup": 0.004691976327073138,
          "n_close_orders": 3,
          "rentry_pprice_dist": 0.024789789792299316,
          "rentry_pprice_dist_wallet_exposure_weighting": 5.1070778772071685,
          "wallet_exposure_limit": 1},
 "short": {"auto_unstuck_delay_minutes": 0,
           "auto_unstuck_ema_dist": 0,
           "auto_unstuck_qty_pct": 0,
           "auto_unstuck_wallet_exposure_threshold": 0.0,
           "backwards_tp": true,
           "ddown_factor": 2.499629287360372,
           "ema_span_0": 883.0775340372174,
           "ema_span_1": 933.1427456064213,
           "enabled": true,
           "initial_eprice_ema_dist": 0.000372611317017532,
           "initial_qty_pct": 0.010202221809728676,
           "markup_range": 0.0023991069039841343,
           "min_markup": 0.002289174237554193,
           "n_close_orders": 13,
           "rentry_pprice_dist": 0.038147387924601116,
           "rentry_pprice_dist_wallet_exposure_weighting": 4.659495257189758,
           "wallet_exposure_limit": 1}}