{"config_name": "recursive_grid_0days",
 "logging_level": 0,
 "long": {"auto_unstuck_delay_minutes": 0,
          "auto_unstuck_ema_dist": 0,
          "auto_unstuck_qty_pct": 0,
          "auto_unstuck_wallet_exposure_threshold": 0.0,
          "backwards_tp": true,
          "ddown_factor": 1.2030884200919085,
          "ema_span_0": 1099.9242059471053,
          "ema_span_1": 1099.8047597962877,
          "enabled": true,
          "initial_eprice_ema_dist": -0.007736859149265648,
          "initial_qty_pct": 0.006509782639342933,
          "markup_range": 0.00435833380550507,
          "min_markup": 0.00498501536153391,
          "n_close_orders": 2,
          "rentry_pprice_dist": 0.0340439745986292,
          "rentry_pprice_dist_wallet_exposure_weighting": 4.3362662049554554,
          "wallet_exposure_limit": 1},
 "short": {"auto_unstuck_delay_minutes": 0,
           "auto_unstuck_ema_dist": 0,
           "auto_unstuck_qty_pct": 0,
           "auto_unstuck_wallet_exposure_threshold": 0.0,
           "backwards_tp": true,
           "ddown_factor": 0.23441571329121044,
           "ema_span_0": 842.8932623709835,
           "ema_span_1": 1141.0837703669315,
           "enabled": true,
           "initial_eprice_ema_dist": -0.005463992553591712,
           "initial_qty_pct": 0.010000462688567822,
           "markup_range": 0.001748803061199693,
           "min_markup": 0.009031656413763635,
           "n_close_orders": 9,
           "rentry_pprice_dist": 0.015292039808625906,
           "rentry_pprice_dist_wallet_exposure_weighting": 6.810553299925272,
           "wallet_exposure_limit": 1}}