{"config_name": "recursive_grid_0days",
 "logging_level": 0,
 "long": {"auto_unstuck_delay_minutes": 0,
          "auto_unstuck_ema_dist": 0,
          "auto_unstuck_qty_pct": 0,
          "auto_unstuck_wallet_exposure_threshold": 0.0,
          "backwards_tp": true,
          "ddown_factor": 2.105956613091266,
          "ema_span_0": 474.25384779816073,
          "ema_span_1": 633.8492340855336,
          "enabled": true,
          "initial_eprice_ema_dist": 0.0024903472710744094,
          "initial_qty_pct": 0.008923695767748938,
          "markup_range": 0.004455903783759802,
          "min_markup": 0.0010296485141838528,
          "n_close_orders": 16,
          "rentry_pprice_dist": 0.052819040139337706,
          "rentry_pprice_dist_wallet_exposure_weighting": 1.9839217047742455,
          "wallet_exposure_limit": 1},
 "short": {"auto_unstuck_delay_minutes": 0,
           "auto_unstuck_ema_dist": 0,
           "auto_unstuck_qty_pct": 0,
           "auto_unstuck_wallet_exposure_threshold": 0.0,
           "backwards_tp": true,
           "ddown_factor": 2.3420659141549067,
           "ema_span_0": 1430.871324593424,
           "ema_span_1": 1362.999559240091,
           "enabled": true,
           "initial_eprice_ema_dist": 0.002499647418070235,
           "initial_qty_pct": 0.02,
           "markup_range": 0.002344536686200843,
           "min_markup": 0.004695593590592453,
           "n_close_orders": 9,
           "rentry_pprice_dist": 0.04582072216118624,
           "rentry_pprice_dist_wallet_exposure_weighting": 0.1358427570715043,
           "wallet_exposure_limit": 1}}