{"config_name": "recursive_grid_0days",
 "logging_level": 0,
 "long": {"auto_unstuck_delay_minutes": 0,
          "auto_unstuck_ema_dist": 0,
          "auto_unstuck_qty_pct": 0,
          "auto_unstuck_wallet_exposure_threshold": 0.0,
          "backwards_tp": true,
          "ddown_factor": 1.6015391161943333,
          "ema_span_0": 1224.664612182744,
          "ema_span_1": 1341.2848659460262,
          "enabled": true,
          "initial_eprice_ema_dist": -0.0030682886927305714,
          "initial_qty_pct": 0.012904790994596647,
          "markup_range": 0.007355749016473487,
          "min_markup": 0.005800251931081329,
          "n_close_orders": 2,
          "rentry_pprice_dist": 0.050037945333779484,
          "rentry_pprice_dist_wallet_exposure_weighting": 3.37983873938988,
          "wallet_exposure_limit": 1},
 "short": {"auto_unstuck_delay_minutes": 0,
           "auto_unstuck_ema_dist": 0,
           "auto_unstuck_qty_pct": 0,
           "auto_unstuck_wallet_exposure_threshold": 0.0,
           "backwards_tp": true,
           "ddown_factor": 1.5360680814615872,
           "ema_span_0": 929.3046958453199,
           "ema_span_1": 710.5463559907188,
           "enabled": true,
           "initial_eprice_ema_dist": -0.0011380674518091465,
           "initial_qty_pct": 0.008934377030328705,
           "markup_range": 0.003894947245719486,
           "min_markup": 0.0053196825769478776,
           "n_close_orders": 11,
           "rentry_pprice_dist": 0.05275131541691962,
           "rentry_pprice_dist_wallet_exposure_weighting": 4.240167183075193,
           "wallet_exposure_limit": 1}}