{"config_name": "recursive_grid_0days",
 "logging_level": 0,
 "long": {"auto_unstuck_delay_minutes": 0,
          "auto_unstuck_ema_dist": 0,
          "auto_unstuck_qty_pct": 0,
          "auto_unstuck_wallet_exposure_threshold": 0.0,
          "backwards_tp": true,
          "ddown_factor": 0.4348833651529247,
          "ema_span_0": 992.4220146675138,
          "ema_span_1": 1198.797346013984,
          "enabled": true,
          "initial_eprice_ema_dist": 0.00128014809502413,
          "initial_qty_pct": 0.007056408913928601,
          "markup_range": 0.0031430018298840524,
          "min_markup": 0.00598718349471009,
          "n_close_orders": 12,
          "rentry_pprice_dist": 0.03893893604506986,
          "rentry_pprice_dist_wallet_exposure_weighting": 4.09072741564178,
          "wallet_exposure_limit": 1},
 "short": {"auto_unstuck_delay_minutes": 0,
           "auto_unstuck_ema_dist": 0,
           "auto_unstuck_qty_pct": 0,
           "auto_unstuck_wallet_exposure_threshold": 0.0,
           "backwards_tp": true,
           "ddown_factor": 0.10024341634301931,
           "ema_span_0": 1428.9774491242358,
           "ema_span_1": 1427.2336650004054,
           "enabled": true,
           "initial_eprice_ema_dist": 0.002998729921908659,
           "initial_qty_pct": 0.019997744013481505,
           "markup_range": 0.0020442763872063918,
           "min_markup": 0.001959431833416088,
           "n_close_orders": 6,
           "rentry_pprice_dist": 0.04809315243063953,
           "rentry_pprice_dist_wallet_exposure_weighting": 6.925130596389445,
           "wallet_exposure_limit": 1}}