{"config_name": "recursive_grid_0days",
 "logging_level": 0,
 "long": {"auto_unstuck_delay_minutes": 0,
          "auto_unstuck_ema_dist": 0,
          "auto_unstuck_qty_pct": 0,
          "auto_unstuck_wallet_exposure_threshold": 0.0,
          "backwards_tp": true,
          "ddown_factor": 0.832488058065092,
          "ema_span_0": 1354.3965177487773,
          "ema_span_1": 1342.0391460300264,
          "enabled": true,
          "initial_eprice_ema_dist": -0.002615275349008593,
          "initial_qty_pct": 0.016983219627403706,
          "markup_range": 0.0017605169782668297,
          "min_markup": 0.005419666825816411,
          "n_close_orders": 11,
          "rentry_pprice_dist": 0.0282366716033217,
          "rentry_pprice_dist_wallet_exposure_weighting": 2.0357402681242407,
          "wallet_exposure_limit": 1},
 "short": {"auto_unstuck_delay_minutes": 0,
           "auto_unstuck_ema_dist": 0,
           "auto_unstuck_qty_pct": 0,
           "auto_unstuck_wallet_exposure_threshold": 0.0,
           "backwards_tp": true,
           "ddown_factor": 0.9666455285132008,
           "ema_span_0": 749.5556681060626,
           "ema_span_1": 1281.5796264232197,
           "enabled": true,
           "initial_eprice_ema_dist": -0.0006371902893265684,
           "initial_qty_pct": 0.01529321728480354,
           "markup_range": 0.0031192914001468043,
           "min_markup": 0.005608917835450441,
           "n_close_orders": 10,
           "rentry_pprice_dist": 0.05375270496431996,
           "rentry_pprice_dist_wallet_exposure_weighting": 5.643360405005932,
           "wallet_exposure_limit": 1}}