{"config_name": "recursive_grid_0days",
 "logging_level": 0,
 "long": {"auto_unstuck_delay_minutes": 0,
          "auto_unstuck_ema_dist": 0,
          "auto_unstuck_qty_pct": 0,
          "auto_unstuck_wallet_exposure_threshold": 0.0,
          "backwards_tp": true,
          "ddown_factor": 0.4348833651529247,
          "ema_span_0": 992.4220146675138,
          "ema_span_1": 1198.797346013984,
          "enabled": true,
          "initial_eprice_ema_dist": 0.00128014809502413,
          "initial_qty_pct": 0.007056408913928601,
          "markup_range": 0.0031430018298840524,
          "min_markup": 0.00598718349471009,
          "n_close_orders": 12,
          "rentry_pprice_dist": 0.03893893604506986,
          "rentry_pprice_dist_wallet_exposure_weighting": 4.09072741564178,
          "wallet_exposure_limit": 1},
 "short": {"auto_unstuck_delay_minutes": 0,
           "auto_unstuck_ema_dist": 0,
           "auto_unstuck_qty_pct": 0,
           "auto_unstuck_wallet_exposure_threshold": 0.0,
           "backwards_tp": true,
           "ddown_factor": 0.1,
           "ema_span_0": 619.1354180742154,
           "ema_span_1": 594.6653164570171,
           "enabled": true,
           "initial_eprice_ema_dist": -0.007600878591903731,
           "initial_qty_pct": 0.015431093340094746,
           "markup_range": 0.002356556693810859,
           "min_markup": 0.0023934903153497544,
           "n_close_orders": 4,
           "rentry_pprice_dist": 0.01779865761221544,
           "rentry_pprice_dist_wallet_exposure_weighting": 6.213724350756423,
           "wallet_exposure_limit": 1}}