{"config_name": "recursive_grid_0days",
 "logging_level": 0,
 "long": {"auto_unstuck_delay_minutes": 0,
          "auto_unstuck_ema_dist": 0,
          "auto_unstuck_qty_pct": 0,
          "auto_unstuck_wallet_exposure_threshold": 0.0,
          "backwards_tp": true,
          "ddown_factor": 1.6970682211002261,
          "ema_span_0": 824.6294228638478,
          "ema_span_1": 665.6060379779635,
          "enabled": true,
          "initial_eprice_ema_dist": 0.0029958630061544538,
          "initial_qty_pct": 0.007763454128866125,
          "markup_range": 0.0035434379382813432,
          "min_markup": 0.0036254490685249997,
          "n_close_orders": 6,
          "rentry_pprice_dist": 0.03190242925450784,
          "rentry_pprice_dist_wallet_exposure_weighting": 3.272443014834707,
          "wallet_exposure_limit": 1},
 "short": {"auto_unstuck_delay_minutes": 0,
           "auto_unstuck_ema_dist": 0,
           "auto_unstuck_qty_pct": 0,
           "auto_unstuck_wallet_exposure_threshold": 0.0,
           "backwards_tp": true,
           "ddown_factor": 2.7652595682203795,
           "ema_span_0": 1439.4971034524672,
           "ema_span_1": 1365.8671135922016,
           "enabled": true,
           "initial_eprice_ema_dist": 0.0029998518873616026,
           "initial_qty_pct": 0.005030477125620324,
           "markup_range": 0.001184772216885893,
           "min_markup": 0.002200318441184597,
           "n_close_orders": 14,
           "rentry_pprice_dist": 0.04593864508292723,
           "rentry_pprice_dist_wallet_exposure_weighting": 4.295998330825639,
           "wallet_exposure_limit": 1}}