{"config_name": "recursive_grid_0days",
 "logging_level": 0,
 "long": {"auto_unstuck_delay_minutes": 0,
          "auto_unstuck_ema_dist": 0,
          "auto_unstuck_qty_pct": 0,
          "auto_unstuck_wallet_exposure_threshold": 0.0,
          "backwards_tp": true,
          "ddown_factor": 2.796410730710356,
          "ema_span_0": 1011.0192473397711,
          "ema_span_1": 1040.531602433019,
          "enabled": true,
          "initial_eprice_ema_dist": 0.0008016357425575652,
          "initial_qty_pct": 0.005792117068611456,
          "markup_range": 0.0038612310908585604,
          "min_markup": 0.008863881511519449,
          "n_close_orders": 5,
          "rentry_pprice_dist": 0.04503579178759553,
          "rentry_pprice_dist_wallet_exposure_weighting": 2.834197296693692,
          "wallet_exposure_limit": 1},
 "short": {"auto_unstuck_delay_minutes": 0,
           "auto_unstuck_ema_dist": 0,
           "auto_unstuck_qty_pct": 0,
           "auto_unstuck_wallet_exposure_threshold": 0.0,
           "backwards_tp": true,
           "ddown_factor": 0.10024341634301931,
           "ema_span_0": 1428.9774491242358,
           "ema_span_1": 1427.2336650004054,
           "enabled": true,
           "initial_eprice_ema_dist": 0.002998729921908659,
           "initial_qty_pct": 0.019997744013481505,
           "markup_range": 0.0020442763872063918,
           "min_markup": 0.001959431833416088,
           "n_close_orders": 6,
           "rentry_pprice_dist": 0.04809315243063953,
           "rentry_pprice_dist_wallet_exposure_weighting": 6.925130596389445,
           "wallet_exposure_limit": 1}}