{"config_name": "recursive_grid_0days",
 "logging_level": 0,
 "long": {"auto_unstuck_delay_minutes": 0,
          "auto_unstuck_ema_dist": 0,
          "auto_unstuck_qty_pct": 0,
          "auto_unstuck_wallet_exposure_threshold": 0.0,
          "backwards_tp": true,
          "ddown_factor": 1.0965640881007737,
          "ema_span_0": 894.5743451091689,
          "ema_span_1": 1060.3684027525283,
          "enabled": true,
          "initial_eprice_ema_dist": -0.0036204388027152173,
          "initial_qty_pct": 0.015512057929671292,
          "markup_range": 0.0046855891984089685,
          "min_markup": 0.0042384830219084554,
          "n_close_orders": 6,
          "rentry_pprice_dist": 0.027571743708978472,
          "rentry_pprice_dist_wallet_exposure_weighting": 2.405052792291445,
          "wallet_exposure_limit": 1},
 "short": {"auto_unstuck_delay_minutes": 0,
           "auto_unstuck_ema_dist": 0,
           "auto_unstuck_qty_pct": 0,
           "auto_unstuck_wallet_exposure_threshold": 0.0,
           "backwards_tp": true,
           "ddown_factor": 1.1547344601578344,
           "ema_span_0": 1439.9661007566165,
           "ema_span_1": 1365.151060788266,
           "enabled": true,
           "initial_eprice_ema_dist": 0.0028647824037840728,
           "initial_qty_pct": 0.019992813094675353,
           "markup_range": 0.004749865852126672,
           "min_markup": 0.009999909508855761,
           "n_close_orders": 4,
           "rentry_pprice_dist": 0.032160414900013055,
           "rentry_pprice_dist_wallet_exposure_weighting": 4.6657611930703515,
           "wallet_exposure_limit": 1}}