{"config_name": "recursive_grid_0days",
 "logging_level": 0,
 "long": {"auto_unstuck_delay_minutes": 0,
          "auto_unstuck_ema_dist": 0,
          "auto_unstuck_qty_pct": 0,
          "auto_unstuck_wallet_exposure_threshold": 0.0,
          "backwards_tp": true,
          "ddown_factor": 1.53479545980366,
          "ema_span_0": 777.0497067322802,
          "ema_span_1": 788.5884606526572,
          "enabled": true,
          "initial_eprice_ema_dist": -0.001896885272325929,
          "initial_qty_pct": 0.018301209791439108,
          "markup_range": 0.0028158295355093454,
          "min_markup": 0.004257426866310859,
          "n_close_orders": 8,
          "rentry_pprice_dist": 0.03815068446473374,
          "rentry_pprice_dist_wallet_exposure_weighting": 2.4568772163496226,
          "wallet_exposure_limit": 1},
 "short": {"auto_unstuck_delay_minutes": 0,
           "auto_unstuck_ema_dist": 0,
           "auto_unstuck_qty_pct": 0,
           "auto_unstuck_wallet_exposure_threshold": 0.0,
           "backwards_tp": true,
           "ddown_factor": 0.10000009192011597,
           "ema_span_0": 1408.2226600739054,
           "ema_span_1": 1439.874724762754,
           "enabled": true,
           "initial_eprice_ema_dist": -0.0073610248921802904,
           "initial_qty_pct": 0.01999969940503796,
           "markup_range": 0.009990051544780991,
           "min_markup": 0.00803586576913795,
           "n_close_orders": 3,
           "rentry_pprice_dist": 0.027032587465283902,
           "rentry_pprice_dist_wallet_exposure_weighting": 5.010117900862082,
           "wallet_exposure_limit": 1}}