{"config_name": "recursive_grid_0days",
 "logging_level": 0,
 "long": {"auto_unstuck_delay_minutes": 0,
          "auto_unstuck_ema_dist": 0,
          "auto_unstuck_qty_pct": 0,
          "auto_unstuck_wallet_exposure_threshold": 0.0,
          "backwards_tp": true,
          "ddown_factor": 1.765300081537949,
          "ema_span_0": 509.45155647425645,
          "ema_span_1": 666.6708760187495,
          "enabled": true,
          "initial_eprice_ema_dist": -0.006094696426148157,
          "initial_qty_pct": 0.0078518451094686,
          "markup_range": 0.007331712352773682,
          "min_markup": 0.004125967908321303,
          "n_close_orders": 2,
          "rentry_pprice_dist": 0.03665381046998756,
          "rentry_pprice_dist_wallet_exposure_weighting": 1.856799174673176,
          "wallet_exposure_limit": 1},
 "short": {"auto_unstuck_delay_minutes": 0,
           "auto_unstuck_ema_dist": 0,
           "auto_unstuck_qty_pct": 0,
           "auto_unstuck_wallet_exposure_threshold": 0.0,
           "backwards_tp": true,
           "ddown_factor": 1.1877792568362755,
           "ema_span_0": 425.63452792461715,
           "ema_span_1": 1292.1124719184365,
           "enabled": true,
           "initial_eprice_ema_dist": -0.009676369322069998,
           "initial_qty_pct": 0.0068777691618285225,
           "markup_range": 0.006716418781921619,
           "min_markup": 0.009800893793092189,
           "n_close_orders": 14,
           "rentry_pprice_dist": 0.04287367625047628,
           "rentry_pprice_dist_wallet_exposure_weighting": 0.3638331240488583,
           "wallet_exposure_limit": 1}}