{"config_name": "recursive_grid_0days",
 "logging_level": 0,
 "long": {"auto_unstuck_delay_minutes": 0,
          "auto_unstuck_ema_dist": 0,
          "auto_unstuck_qty_pct": 0,
          "auto_unstuck_wallet_exposure_threshold": 0.0,
          "backwards_tp": true,
          "ddown_factor": 1.086731723078385,
          "ema_span_0": 551.8888254765498,
          "ema_span_1": 655.6800360150555,
          "enabled": true,
          "initial_eprice_ema_dist": -0.0038711784866043786,
          "initial_qty_pct": 0.007906162508990414,
          "markup_range": 0.007523767860505048,
          "min_markup": 0.004195136349782745,
          "n_close_orders": 2,
          "rentry_pprice_dist": 0.03865774199065825,
          "rentry_pprice_dist_wallet_exposure_weighting": 1.6249305768065143,
          "wallet_exposure_limit": 1},
 "short": {"auto_unstuck_delay_minutes": 0,
           "auto_unstuck_ema_dist": 0,
           "auto_unstuck_qty_pct": 0,
           "auto_unstuck_wallet_exposure_threshold": 0.0,
           "backwards_tp": true,
           "ddown_factor": 1.9537966206263309,
           "ema_span_0": 869.8813573164808,
           "ema_span_1": 1099.7355163262016,
           "enabled": true,
           "initial_eprice_ema_dist": -0.0047916505498495346,
           "initial_qty_pct": 0.010617246958692544,
           "markup_range": 0.002031781504121638,
           "min_markup": 0.006926604373406353,
           "n_close_orders": 12,
           "rentry_pprice_dist": 0.03871752943188565,
           "rentry_pprice_dist_wallet_exposure_weighting": 0.5686866628653946,
           "wallet_exposure_limit": 1}}