{"config_name": "recursive_grid_0days",
 "logging_level": 0,
 "long": {"auto_unstuck_delay_minutes": 0,
          "auto_unstuck_ema_dist": 0,
          "auto_unstuck_qty_pct": 0,
          "auto_unstuck_wallet_exposure_threshold": 0.0,
          "backwards_tp": true,
          "ddown_factor": 0.7529370582417454,
          "ema_span_0": 843.0302491673476,
          "ema_span_1": 747.7597975149588,
          "enabled": true,
          "initial_eprice_ema_dist": -0.006138376643075234,
          "initial_qty_pct": 0.016314106646707474,
          "markup_range": 0.007602330927603089,
          "min_markup": 0.005900460452676445,
          "n_close_orders": 4,
          "rentry_pprice_dist": 0.0270737968535868,
          "rentry_pprice_dist_wallet_exposure_weighting": 4.553911293989479,
          "wallet_exposure_limit": 1},
 "short": {"auto_unstuck_delay_minutes": 0,
           "auto_unstuck_ema_dist": 0,
           "auto_unstuck_qty_pct": 0,
           "auto_unstuck_wallet_exposure_threshold": 0.0,
           "backwards_tp": true,
           "ddown_factor": 0.9273198163927014,
           "ema_span_0": 851.5056353333787,
           "ema_span_1": 1318.331522256712,
           "enabled": true,
           "initial_eprice_ema_dist": -0.008568952195744677,
           "initial_qty_pct": 0.005466290393975134,
           "markup_range": 0.009236640075707844,
           "min_markup": 0.002816493298217054,
           "n_close_orders": 4,
           "rentry_pprice_dist": 0.02321118772775666,
           "rentry_pprice_dist_wallet_exposure_weighting": 1.5023140467224514,
           "wallet_exposure_limit": 1}}