{"config_name": "recursive_grid_0days",
 "logging_level": 0,
 "long": {"auto_unstuck_delay_minutes": 0,
          "auto_unstuck_ema_dist": 0,
          "auto_unstuck_qty_pct": 0,
          "auto_unstuck_wallet_exposure_threshold": 0.0,
          "backwards_tp": true,
          "ddown_factor": 0.4508673797138316,
          "ema_span_0": 995.9623499439299,
          "ema_span_1": 746.3830247953897,
          "enabled": true,
          "initial_eprice_ema_dist": -0.008071301081133964,
          "initial_qty_pct": 0.005369471436440499,
          "markup_range": 0.001110867402070223,
          "min_markup": 0.00520649031408648,
          "n_close_orders": 10,
          "rentry_pprice_dist": 0.029825605900795853,
          "rentry_pprice_dist_wallet_exposure_weighting": 3.1402535652882007,
          "wallet_exposure_limit": 1},
 "short": {"auto_unstuck_delay_minutes": 0,
           "auto_unstuck_ema_dist": 0,
           "auto_unstuck_qty_pct": 0,
           "auto_unstuck_wallet_exposure_threshold": 0.0,
           "backwards_tp": true,
           "ddown_factor": 2.291755675842417,
           "ema_span_0": 1329.4655439697156,
           "ema_span_1": 436.4975807530978,
           "enabled": true,
           "initial_eprice_ema_dist": -0.004821975710257179,
           "initial_qty_pct": 0.009453459260410768,
           "markup_range": 0.0016755298534680194,
           "min_markup": 0.003995304577275092,
           "n_close_orders": 4,
           "rentry_pprice_dist": 0.030973163740896623,
           "rentry_pprice_dist_wallet_exposure_weighting": 0.6152150374534491,
           "wallet_exposure_limit": 1}}