{"config_name": "recursive_grid_0days",
 "logging_level": 0,
 "long": {"auto_unstuck_delay_minutes": 0,
          "auto_unstuck_ema_dist": 0,
          "auto_unstuck_qty_pct": 0,
          "auto_unstuck_wallet_exposure_threshold": 0.0,
          "backwards_tp": true,
          "ddown_factor": 0.2680467937977629,
          "ema_span_0": 439.16684320630895,
          "ema_span_1": 502.9076983755037,
          "enabled": true,
          "initial_eprice_ema_dist": -0.0028053611011727,
          "initial_qty_pct": 0.01587853856036197,
          "markup_range": 0.0061264398228227015,
          "min_markup": 0.006070149269617435,
          "n_close_orders": 5,
          "rentry_pprice_dist": 0.04711784373529613,
          "rentry_pprice_dist_wallet_exposure_weighting": 0.4020212493256846,
          "wallet_exposure_limit": 1},
 "short": {"auto_unstuck_delay_minutes": 0,
           "auto_unstuck_ema_dist": 0,
           "auto_unstuck_qty_pct": 0,
           "auto_unstuck_wallet_exposure_threshold": 0.0,
           "backwards_tp": true,
           "ddown_factor": 1.3406645847400225,
           "ema_span_0": 1101.907341153422,
           "ema_span_1": 891.0252453593743,
           "enabled": true,
           "initial_eprice_ema_dist": 0.002062236282977762,
           "initial_qty_pct": 0.0068616831944981515,
           "markup_range": 0.003370050939301824,
           "min_markup": 0.0036505146264338736,
           "n_close_orders": 12,
           "rentry_pprice_dist": 0.029400067384880813,
           "rentry_pprice_dist_wallet_exposure_weighting": 3.5745779907915507,
           "wallet_exposure_limit": 1}}