{"config_name": "recursive_grid_0days",
 "logging_level": 0,
 "long": {"auto_unstuck_delay_minutes": 0,
          "auto_unstuck_ema_dist": 0,
          "auto_unstuck_qty_pct": 0,
          "auto_unstuck_wallet_exposure_threshold": 0.0,
          "backwards_tp": true,
          "ddown_factor": 1.2421283026652539,
          "ema_span_0": 807.7103711817177,
          "ema_span_1": 718.987959942205,
          "enabled": true,
          "initial_eprice_ema_dist": -0.001837886888110054,
          "initial_qty_pct": 0.010728799105224559,
          "markup_range": 0.008338352741168086,
          "min_markup": 0.006950368713506059,
          "n_close_orders": 13,
          "rentry_pprice_dist": 0.03787913644652291,
          "rentry_pprice_dist_wallet_exposure_weighting": 0.2291753625891539,
          "wallet_exposure_limit": 1},
 "short": {"auto_unstuck_delay_minutes": 0,
           "auto_unstuck_ema_dist": 0,
           "auto_unstuck_qty_pct": 0,
           "auto_unstuck_wallet_exposure_threshold": 0.0,
           "backwards_tp": true,
           "ddown_factor": 1.0407019492088418,
           "ema_span_0": 936.6983413862337,
           "ema_span_1": 872.2051206285332,
           "enabled": true,
           "initial_eprice_ema_dist": -0.005663705288142316,
           "initial_qty_pct": 0.013272831386783509,
           "markup_range": 0.009023770577162703,
           "min_markup": 0.006500623294579846,
           "n_close_orders": 2,
           "rentry_pprice_dist": 0.03467316890992254,
           "rentry_pprice_dist_wallet_exposure_weighting": 5.424686612323352,
           "wallet_exposure_limit": 1}}