{"config_name": "recursive_grid_0days",
 "logging_level": 0,
 "long": {"auto_unstuck_delay_minutes": 0,
          "auto_unstuck_ema_dist": 0,
          "auto_unstuck_qty_pct": 0,
          "auto_unstuck_wallet_exposure_threshold": 0.0,
          "backwards_tp": true,
          "ddown_factor": 0.5204625450504768,
          "ema_span_0": 940.6817301564687,
          "ema_span_1": 1074.3829488509375,
          "enabled": true,
          "initial_eprice_ema_dist": -0.0032165570956532124,
          "initial_qty_pct": 0.010976143901524592,
          "markup_range": 0.0069003323711309,
          "min_markup": 0.006333550991655241,
          "n_close_orders": 2,
          "rentry_pprice_dist": 0.04676582536528967,
          "rentry_pprice_dist_wallet_exposure_weighting": 1.0476976453276996,
          "wallet_exposure_limit": 1},
 "short": {"auto_unstuck_delay_minutes": 0,
           "auto_unstuck_ema_dist": 0,
           "auto_unstuck_qty_pct": 0,
           "auto_unstuck_wallet_exposure_threshold": 0.0,
           "backwards_tp": true,
           "ddown_factor": 2.895457303546347,
           "ema_span_0": 498.9885067276947,
           "ema_span_1": 525.1614227120004,
           "enabled": true,
           "initial_eprice_ema_dist": -2.699689038717153e-05,
           "initial_qty_pct": 0.016276398633222902,
           "markup_range": 0.004287394481326698,
           "min_markup": 0.007433700575117856,
           "n_close_orders": 3,
           "rentry_pprice_dist": 0.04815474489781955,
           "rentry_pprice_dist_wallet_exposure_weighting": 2.185884428533784,
           "wallet_exposure_limit": 1}}