{"config_name": "recursive_grid_0days",
 "logging_level": 0,
 "long": {"auto_unstuck_delay_minutes": 0,
          "auto_unstuck_ema_dist": 0,
          "auto_unstuck_qty_pct": 0,
          "auto_unstuck_wallet_exposure_threshold": 0.0,
          "backwards_tp": true,
          "ddown_factor": 0.13688734661642907,
          "ema_span_0": 998.4750059991502,
          "ema_span_1": 1108.5685689368033,
          "enabled": true,
          "initial_eprice_ema_dist": -0.006746568521798218,
          "initial_qty_pct": 0.006721281757734063,
          "markup_range": 0.0018943321418933017,
          "min_markup": 0.005611121428261691,
          "n_close_orders": 14,
          "rentry_pprice_dist": 0.019583257462673673,
          "rentry_pprice_dist_wallet_exposure_weighting": 2.200176664392078,
          "wallet_exposure_limit": 1},
 "short": {"auto_unstuck_delay_minutes": 0,
           "auto_unstuck_ema_dist": 0,
           "auto_unstuck_qty_pct": 0,
           "auto_unstuck_wallet_exposure_threshold": 0.0,
           "backwards_tp": true,
           "ddown_factor": 2.0473843252337143,
           "ema_span_0": 1061.0737763174616,
           "ema_span_1": 427.70129909281377,
           "enabled": true,
           "initial_eprice_ema_dist": 0.0005996339578144874,
           "initial_qty_pct": 0.007327733421310945,
           "markup_range": 0.0018918977588880995,
           "min_markup": 0.003937477286768133,
           "n_close_orders": 7,
           "rentry_pprice_dist": 0.05858434040692998,
           "rentry_pprice_dist_wallet_exposure_weighting": 0.1922050638633619,
           "wallet_exposure_limit": 1}}