{"config_name": "recursive_grid_0days",
 "logging_level": 0,
 "long": {"auto_unstuck_delay_minutes": 0,
          "auto_unstuck_ema_dist": 0,
          "auto_unstuck_qty_pct": 0,
          "auto_unstuck_wallet_exposure_threshold": 0.0,
          "backwards_tp": true,
          "ddown_factor": 0.6466048715708412,
          "ema_span_0": 1017.0255736389438,
          "ema_span_1": 1178.5985677882454,
          "enabled": true,
          "initial_eprice_ema_dist": -0.007214689277490035,
          "initial_qty_pct": 0.013643259813012428,
          "markup_range": 0.00871024923041763,
          "min_markup": 0.0021084569582727306,
          "n_close_orders": 4,
          "rentry_pprice_dist": 0.02446088843409402,
          "rentry_pprice_dist_wallet_exposure_weighting": 6.743761286005332,
          "wallet_exposure_limit": 1},
 "short": {"auto_unstuck_delay_minutes": 0,
           "auto_unstuck_ema_dist": 0,
           "auto_unstuck_qty_pct": 0,
           "auto_unstuck_wallet_exposure_threshold": 0.0,
           "backwards_tp": true,
           "ddown_factor": 1.937874629197145,
           "ema_span_0": 1369.0225828624887,
           "ema_span_1": 703.6394157557396,
           "enabled": true,
           "initial_eprice_ema_dist": 0.0019410378585243148,
           "initial_qty_pct": 0.015305677954020243,
           "markup_range": 0.0007261019300851621,
           "min_markup": 0.0014506957841385689,
           "n_close_orders": 5,
           "rentry_pprice_dist": 0.0328986809914612,
           "rentry_pprice_dist_wallet_exposure_weighting": 2.347582291221971,
           "wallet_exposure_limit": 1}}