{"config_name": "recursive_grid_0days",
 "logging_level": 0,
 "long": {"auto_unstuck_delay_minutes": 0,
          "auto_unstuck_ema_dist": 0,
          "auto_unstuck_qty_pct": 0,
          "auto_unstuck_wallet_exposure_threshold": 0.0,
          "backwards_tp": true,
          "ddown_factor": 2.359132998205847,
          "ema_span_0": 825.1561150352977,
          "ema_span_1": 930.42952188107,
          "enabled": true,
          "initial_eprice_ema_dist": 0.0008747841022529903,
          "initial_qty_pct": 0.010097587714021748,
          "markup_range": 0.003331479135371563,
          "min_markup": 0.0022364777986810776,
          "n_close_orders": 5,
          "rentry_pprice_dist": 0.023933030783828132,
          "rentry_pprice_dist_wallet_exposure_weighting": 3.588781972324132,
          "wallet_exposure_limit": 1},
 "short": {"auto_unstuck_delay_minutes": 0,
           "auto_unstuck_ema_dist": 0,
           "auto_unstuck_qty_pct": 0,
           "auto_unstuck_wallet_exposure_threshold": 0.0,
           "backwards_tp": true,
           "ddown_factor": 0.5844338682951851,
           "ema_span_0": 437.80675745257815,
           "ema_span_1": 1414.2993024047598,
           "enabled": true,
           "initial_eprice_ema_dist": -0.00505857765251992,
           "initial_qty_pct": 0.01758607117321029,
           "markup_range": 0.004075853042265002,
           "min_markup": 0.006461369342908076,
           "n_close_orders": 2,
           "rentry_pprice_dist": 0.04120997425728767,
           "rentry_pprice_dist_wallet_exposure_weighting": 5.070902220004788,
           "wallet_exposure_limit": 1}}