{"config_name": "recursive_grid_0days",
 "logging_level": 0,
 "long": {"auto_unstuck_delay_minutes": 0,
          "auto_unstuck_ema_dist": 0,
          "auto_unstuck_qty_pct": 0,
          "auto_unstuck_wallet_exposure_threshold": 0.0,
          "backwards_tp": true,
          "ddown_factor": 1.7034342091311374,
          "ema_span_0": 1099.9242059471053,
          "ema_span_1": 1257.2874526024762,
          "enabled": true,
          "initial_eprice_ema_dist": -0.0025846653034224737,
          "initial_qty_pct": 0.010888782013735313,
          "markup_range": 0.0008065455976179746,
          "min_markup": 0.004542600409945405,
          "n_close_orders": 6,
          "rentry_pprice_dist": 0.023847212007258676,
          "rentry_pprice_dist_wallet_exposure_weighting": 2.4568772163496226,
          "wallet_exposure_limit": 1},
 "short": {"auto_unstuck_delay_minutes": 0,
           "auto_unstuck_ema_dist": 0,
           "auto_unstuck_qty_pct": 0,
           "auto_unstuck_wallet_exposure_threshold": 0.0,
           "backwards_tp": true,
           "ddown_factor": 2.188555713506627,
           "ema_span_0": 680.1846987216659,
           "ema_span_1": 1416.6427278650579,
           "enabled": true,
           "initial_eprice_ema_dist": 0.0014738558278124085,
           "initial_qty_pct": 0.005574170517253556,
           "markup_range": 4.328737746592266e-05,
           "min_markup": 0.008739480764029356,
           "n_close_orders": 9,
           "rentry_pprice_dist": 0.03737307538589109,
           "rentry_pprice_dist_wallet_exposure_weighting": 4.868521306167907,
           "wallet_exposure_limit": 1}}