{"config_name": "recursive_grid_0days",
 "logging_level": 0,
 "long": {"auto_unstuck_delay_minutes": 0,
          "auto_unstuck_ema_dist": 0,
          "auto_unstuck_qty_pct": 0,
          "auto_unstuck_wallet_exposure_threshold": 0.0,
          "backwards_tp": true,
          "ddown_factor": 2.5756021603407104,
          "ema_span_0": 1170.0880600334112,
          "ema_span_1": 1214.5716264925802,
          "enabled": true,
          "initial_eprice_ema_dist": 0.0003735154806173854,
          "initial_qty_pct": 0.018509374847292676,
          "markup_range": 0.0015209686254940098,
          "min_markup": 0.003571115195242526,
          "n_close_orders": 8,
          "rentry_pprice_dist": 0.04056487607735703,
          "rentry_pprice_dist_wallet_exposure_weighting": 2.9175927940802047,
          "wallet_exposure_limit": 1},
 "short": {"auto_unstuck_delay_minutes": 0,
           "auto_unstuck_ema_dist": 0,
           "auto_unstuck_qty_pct": 0,
           "auto_unstuck_wallet_exposure_threshold": 0.0,
           "backwards_tp": true,
           "ddown_factor": 1.9225392068218443,
           "ema_span_0": 744.7072556543817,
           "ema_span_1": 627.8096795733827,
           "enabled": true,
           "initial_eprice_ema_dist": -0.006623495942258786,
           "initial_qty_pct": 0.011245912515697938,
           "markup_range": 0.0036835507514937967,
           "min_markup": 0.0034217473309932616,
           "n_close_orders": 12,
           "rentry_pprice_dist": 0.03453027624955944,
           "rentry_pprice_dist_wallet_exposure_weighting": 0.9495046067905871,
           "wallet_exposure_limit": 1}}