{"config_name": "recursive_grid_0days",
 "logging_level": 0,
 "long": {"auto_unstuck_delay_minutes": 0,
          "auto_unstuck_ema_dist": 0,
          "auto_unstuck_qty_pct": 0,
          "auto_unstuck_wallet_exposure_threshold": 0.0,
          "backwards_tp": true,
          "ddown_factor": 2.250941633403503,
          "ema_span_0": 919.4181793109476,
          "ema_span_1": 924.8637436394408,
          "enabled": true,
          "initial_eprice_ema_dist": -0.0006341790297231961,
          "initial_qty_pct": 0.011091353403248707,
          "markup_range": 0.003712801556056965,
          "min_markup": 0.004648849093545656,
          "n_close_orders": 2,
          "rentry_pprice_dist": 0.024946869106936314,
          "rentry_pprice_dist_wallet_exposure_weighting": 1.2392959366488103,
          "wallet_exposure_limit": 1},
 "short": {"auto_unstuck_delay_minutes": 0,
           "auto_unstuck_ema_dist": 0,
           "auto_unstuck_qty_pct": 0,
           "auto_unstuck_wallet_exposure_threshold": 0.0,
           "backwards_tp": true,
           "ddown_factor": 2.805066044775026,
           "ema_span_0": 1396.631450743203,
           "ema_span_1": 741.8969275767038,
           "enabled": true,
           "initial_eprice_ema_dist": -0.005907888381037571,
           "initial_qty_pct": 0.012538128572411008,
           "markup_range": 0.0018026212436854183,
           "min_markup": 0.005218032226440953,
           "n_close_orders": 8,
           "rentry_pprice_dist": 0.015212918116522343,
           "rentry_pprice_dist_wallet_exposure_weighting": 0.7934790130573202,
           "wallet_exposure_limit": 1}}