{"config_name": "recursive_grid_0days",
 "logging_level": 0,
 "long": {"auto_unstuck_delay_minutes": 0,
          "auto_unstuck_ema_dist": 0,
          "auto_unstuck_qty_pct": 0,
          "auto_unstuck_wallet_exposure_threshold": 0.0,
          "backwards_tp": true,
          "ddown_factor": 1.9613877653478122,
          "ema_span_0": 1403.5779304519267,
          "ema_span_1": 986.2050301738243,
          "enabled": true,
          "initial_eprice_ema_dist": 0.0029473592220951865,
          "initial_qty_pct": 0.011596392005587073,
          "markup_range": 0.002492152053448273,
          "min_markup": 0.005476422965420731,
          "n_close_orders": 4,
          "rentry_pprice_dist": 0.029802481657744895,
          "rentry_pprice_dist_wallet_exposure_weighting": 4.827021536890128,
          "wallet_exposure_limit": 1},
 "short": {"auto_unstuck_delay_minutes": 0,
           "auto_unstuck_ema_dist": 0,
           "auto_unstuck_qty_pct": 0,
           "auto_unstuck_wallet_exposure_threshold": 0.0,
           "backwards_tp": true,
           "ddown_factor": 0.654569307665235,
           "ema_span_0": 608.1273555909727,
           "ema_span_1": 1163.7972534186836,
           "enabled": true,
           "initial_eprice_ema_dist": -0.003957845462116394,
           "initial_qty_pct": 0.005000751213776687,
           "markup_range": 0.0018042417459693128,
           "min_markup": 0.0011170950983336466,
           "n_close_orders": 13,
           "rentry_pprice_dist": 0.014859637802946012,
           "rentry_pprice_dist_wallet_exposure_weighting": 3.2320296467134297,
           "wallet_exposure_limit": 1}}