{"config_name": "recursive_grid_0days",
 "logging_level": 0,
 "long": {"auto_unstuck_delay_minutes": 0,
          "auto_unstuck_ema_dist": 0,
          "auto_unstuck_qty_pct": 0,
          "auto_unstuck_wallet_exposure_threshold": 0.0,
          "backwards_tp": true,
          "ddown_factor": 2.2323714453801804,
          "ema_span_0": 698.5601327526128,
          "ema_span_1": 807.5052716319987,
          "enabled": true,
          "initial_eprice_ema_dist": -0.005921499420700241,
          "initial_qty_pct": 0.008690960875837135,
          "markup_range": 0.003807973674971341,
          "min_markup": 0.005656962160368147,
          "n_close_orders": 4,
          "rentry_pprice_dist": 0.030531166319683525,
          "rentry_pprice_dist_wallet_exposure_weighting": 0.6165552896209899,
          "wallet_exposure_limit": 1},
 "short": {"auto_unstuck_delay_minutes": 0,
           "auto_unstuck_ema_dist": 0,
           "auto_unstuck_qty_pct": 0,
           "auto_unstuck_wallet_exposure_threshold": 0.0,
           "backwards_tp": true,
           "ddown_factor": 2.1816267641494727,
           "ema_span_0": 743.444950933012,
           "ema_span_1": 439.657775673278,
           "enabled": true,
           "initial_eprice_ema_dist": -0.0004917100339056043,
           "initial_qty_pct": 0.010264595003945266,
           "markup_range": 0.007086383876503561,
           "min_markup": 0.008552996741070568,
           "n_close_orders": 2,
           "rentry_pprice_dist": 0.028824052986596183,
           "rentry_pprice_dist_wallet_exposure_weighting": 5.497923084159516,
           "wallet_exposure_limit": 1}}