{"config_name": "recursive_grid_0days",
 "logging_level": 0,
 "long": {"auto_unstuck_delay_minutes": 0,
          "auto_unstuck_ema_dist": 0,
          "auto_unstuck_qty_pct": 0,
          "auto_unstuck_wallet_exposure_threshold": 0.0,
          "backwards_tp": true,
          "ddown_factor": 0.5560072704512888,
          "ema_span_0": 917.3708939136229,
          "ema_span_1": 983.0578243417785,
          "enabled": true,
          "initial_eprice_ema_dist": -0.004616009104807251,
          "initial_qty_pct": 0.006062156709855068,
          "markup_range": 0.004859395636862858,
          "min_markup": 0.001266492092352165,
          "n_close_orders": 4,
          "rentry_pprice_dist": 0.03959009013981101,
          "rentry_pprice_dist_wallet_exposure_weighting": 2.200176664392078,
          "wallet_exposure_limit": 1},
 "short": {"auto_unstuck_delay_minutes": 0,
           "auto_unstuck_ema_dist": 0,
           "auto_unstuck_qty_pct": 0,
           "auto_unstuck_wallet_exposure_threshold": 0.0,
           "backwards_tp": true,
           "ddown_factor": 2.913551024030868,
           "ema_span_0": 536.4903016108796,
           "ema_span_1": 1323.2011378245309,
           "enabled": true,
           "initial_eprice_ema_dist": -0.006902245155444716,
           "initial_qty_pct": 0.014397346286025575,
           "markup_range": 0.007103759328925251,
           "min_markup": 0.0049911555407524,
           "n_close_orders": 6,
           "rentry_pprice_dist": 0.04547546669463546,
           "rentry_pprice_dist_wallet_exposure_weighting": 1.1087103506050293,
           "wallet_exposure_limit": 1}}