{"config_name": "recursive_grid_0days",
 "logging_level": 0,
 "long": {"auto_unstuck_delay_minutes": 0,
          "auto_unstuck_ema_dist": 0,
          "auto_unstuck_qty_pct": 0,
          "auto_unstuck_wallet_exposure_threshold": 0.0,
          "backwards_tp": true,
          "ddown_factor": 1.032776664775772,
          "ema_span_0": 602.33034596505,
          "ema_span_1": 592.9054544845752,
          "enabled": true,
          "initial_eprice_ema_dist": -0.006686331686418298,
          "initial_qty_pct": 0.019326850484717484,
          "markup_range": 0.003465884369896487,
          "min_markup": 0.004260650451596385,
          "n_close_orders": 2,
          "rentry_pprice_dist": 0.02454199009973456,
          "rentry_pprice_dist_wallet_exposure_weighting": 3.6236545139944023,
          "wallet_exposure_limit": 1},
 "short": {"auto_unstuck_delay_minutes": 0,
           "auto_unstuck_ema_dist": 0,
           "auto_unstuck_qty_pct": 0,
           "auto_unstuck_wallet_exposure_threshold": 0.0,
           "backwards_tp": true,
           "ddown_factor": 2.67991752235889,
           "ema_span_0": 593.929812914102,
           "ema_span_1": 741.4842600483224,
           "enabled": true,
           "initial_eprice_ema_dist": 0.0013744438601003997,
           "initial_qty_pct": 0.02,
           "markup_range": 0.0034667360150093685,
           "min_markup": 0.004006731664747872,
           "n_close_orders": 10,
           "rentry_pprice_dist": 0.055419236773849995,
           "rentry_pprice_dist_wallet_exposure_weighting": 4.439286521103501,
           "wallet_exposure_limit": 1}}