{"config_name": "recursive_grid_0days",
 "logging_level": 0,
 "long": {"auto_unstuck_delay_minutes": 0,
          "auto_unstuck_ema_dist": 0,
          "auto_unstuck_qty_pct": 0,
          "auto_unstuck_wallet_exposure_threshold": 0.0,
          "backwards_tp": true,
          "ddown_factor": 0.8870823288988265,
          "ema_span_0": 1227.8132376622348,
          "ema_span_1": 1321.8000795971352,
          "enabled": true,
          "initial_eprice_ema_dist": 6.853455988358813e-05,
          "initial_qty_pct": 0.005017927303128846,
          "markup_range": 0.0007870063587902356,
          "min_markup": 0.0034423010081400768,
          "n_close_orders": 8,
          "rentry_pprice_dist": 0.01912117576487501,
          "rentry_pprice_dist_wallet_exposure_weighting": 0.129835836003858,
          "wallet_exposure_limit": 1},
 "short": {"auto_unstuck_delay_minutes": 0,
           "auto_unstuck_ema_dist": 0,
           "auto_unstuck_qty_pct": 0,
           "auto_unstuck_wallet_exposure_threshold": 0.0,
           "backwards_tp": true,
           "ddown_factor": 1.7660476198306834,
           "ema_span_0": 1370.0735071165946,
           "ema_span_1": 1367.620967449746,
           "enabled": true,
           "initial_eprice_ema_dist": 0.002616063853460125,
           "initial_qty_pct": 0.0182430417837314,
           "markup_range": 7.57243905269582e-06,
           "min_markup": 0.0010289274837848917,
           "n_close_orders": 8,
           "rentry_pprice_dist": 0.027945228701002828,
           "rentry_pprice_dist_wallet_exposure_weighting": 1.4751824433880456,
           "wallet_exposure_limit": 1}}