{"config_name": "recursive_grid_0days",
 "logging_level": 0,
 "long": {"auto_unstuck_delay_minutes": 0,
          "auto_unstuck_ema_dist": 0,
          "auto_unstuck_qty_pct": 0,
          "auto_unstuck_wallet_exposure_threshold": 0.0,
          "backwards_tp": true,
          "ddown_factor": 0.3560184944527934,
          "ema_span_0": 1143.6311761630873,
          "ema_span_1": 846.7372316981092,
          "enabled": true,
          "initial_eprice_ema_dist": 0.001176472752611811,
          "initial_qty_pct": 0.017403316223023265,
          "markup_range": 0.003219573747998967,
          "min_markup": 0.003727082997918708,
          "n_close_orders": 2,
          "rentry_pprice_dist": 0.025299993963300856,
          "rentry_pprice_dist_wallet_exposure_weighting": 6.978806058241652,
          "wallet_exposure_limit": 1},
 "short": {"auto_unstuck_delay_minutes": 0,
           "auto_unstuck_ema_dist": 0,
           "auto_unstuck_qty_pct": 0,
           "auto_unstuck_wallet_exposure_threshold": 0.0,
           "backwards_tp": true,
           "ddown_factor": 2.0404863690445394,
           "ema_span_0": 508.8138146540647,
           "ema_span_1": 1405.6476023947666,
           "enabled": true,
           "initial_eprice_ema_dist": -0.002069637735690762,
           "initial_qty_pct": 0.00793227650564069,
           "markup_range": 0.0034936225017886307,
           "min_markup": 0.004201652198626002,
           "n_close_orders": 3,
           "rentry_pprice_dist": 0.021273347464579075,
           "rentry_pprice_dist_wallet_exposure_weighting": 5.456605278937464,
           "wallet_exposure_limit": 1}}