{"config_name": "recursive_grid_0days",
 "logging_level": 0,
 "long": {"auto_unstuck_delay_minutes": 0,
          "auto_unstuck_ema_dist": 0,
          "auto_unstuck_qty_pct": 0,
          "auto_unstuck_wallet_exposure_threshold": 0.0,
          "backwards_tp": true,
          "ddown_factor": 0.18019205628271512,
          "ema_span_0": 534.5492787919588,
          "ema_span_1": 526.2165293023638,
          "enabled": true,
          "initial_eprice_ema_dist": -0.005660659913679484,
          "initial_qty_pct": 0.013950521433389056,
          "markup_range": 0.0033846665329454913,
          "min_markup": 0.003731847621795424,
          "n_close_orders": 2,
          "rentry_pprice_dist": 0.016985622879874054,
          "rentry_pprice_dist_wallet_exposure_weighting": 4.424033445206709,
          "wallet_exposure_limit": 1},
 "short": {"auto_unstuck_delay_minutes": 0,
           "auto_unstuck_ema_dist": 0,
           "auto_unstuck_qty_pct": 0,
           "auto_unstuck_wallet_exposure_threshold": 0.0,
           "backwards_tp": true,
           "ddown_factor": 2.1339993537192408,
           "ema_span_0": 620.8627305199273,
           "ema_span_1": 719.3386839010539,
           "enabled": true,
           "initial_eprice_ema_dist": 0.003,
           "initial_qty_pct": 0.011869176653892203,
           "markup_range": 0.000840933966235916,
           "min_markup": 0.005214225304351701,
           "n_close_orders": 8,
           "rentry_pprice_dist": 0.04809614023362284,
           "rentry_pprice_dist_wallet_exposure_weighting": 0.0,
           "wallet_exposure_limit": 1}}