{"config_name": "recursive_grid_0days",
 "logging_level": 0,
 "long": {"auto_unstuck_delay_minutes": 0,
          "auto_unstuck_ema_dist": 0,
          "auto_unstuck_qty_pct": 0,
          "auto_unstuck_wallet_exposure_threshold": 0.0,
          "backwards_tp": true,
          "ddown_factor": 2.9892011135965713,
          "ema_span_0": 875.956183867657,
          "ema_span_1": 872.3335331755394,
          "enabled": true,
          "initial_eprice_ema_dist": -0.007800837596464441,
          "initial_qty_pct": 0.005662169890086724,
          "markup_range": 0.0026706470618728232,
          "min_markup": 0.008263373176973749,
          "n_close_orders": 15,
          "rentry_pprice_dist": 0.05852655500879667,
          "rentry_pprice_dist_wallet_exposure_weighting": 2.930748730854311,
          "wallet_exposure_limit": 1},
 "short": {"auto_unstuck_delay_minutes": 0,
           "auto_unstuck_ema_dist": 0,
           "auto_unstuck_qty_pct": 0,
           "auto_unstuck_wallet_exposure_threshold": 0.0,
           "backwards_tp": true,
           "ddown_factor": 2.805066044775026,
           "ema_span_0": 1396.631450743203,
           "ema_span_1": 741.8969275767038,
           "enabled": true,
           "initial_eprice_ema_dist": -0.005907888381037571,
           "initial_qty_pct": 0.012538128572411008,
           "markup_range": 0.0018026212436854183,
           "min_markup": 0.005218032226440953,
           "n_close_orders": 8,
           "rentry_pprice_dist": 0.015212918116522343,
           "rentry_pprice_dist_wallet_exposure_weighting": 0.7934790130573202,
           "wallet_exposure_limit": 1}}