{"config_name": "recursive_grid_0days",
 "logging_level": 0,
 "long": {"auto_unstuck_delay_minutes": 0,
          "auto_unstuck_ema_dist": 0,
          "auto_unstuck_qty_pct": 0,
          "auto_unstuck_wallet_exposure_threshold": 0.0,
          "backwards_tp": true,
          "ddown_factor": 2.0119952211114476,
          "ema_span_0": 400,
          "ema_span_1": 782.0167460569916,
          "enabled": true,
          "initial_eprice_ema_dist": 0.0019276790065508233,
          "initial_qty_pct": 0.005934097752452366,
          "markup_range": 0.0024290085401056515,
          "min_markup": 0.00225877826171538,
          "n_close_orders": 9,
          "rentry_pprice_dist": 0.019908154779860448,
          "rentry_pprice_dist_wallet_exposure_weighting": 0.43826259955089786,
          "wallet_exposure_limit": 1},
 "short": {"auto_unstuck_delay_minutes": 0,
           "auto_unstuck_ema_dist": 0,
           "auto_unstuck_qty_pct": 0,
           "auto_unstuck_wallet_exposure_threshold": 0.0,
           "backwards_tp": true,
           "ddown_factor": 0.948250847222004,
           "ema_span_0": 911.7981057902331,
           "ema_span_1": 1416.6707636809806,
           "enabled": true,
           "initial_eprice_ema_dist": 0.0013252099042811059,
           "initial_qty_pct": 0.015426695763849621,
           "markup_range": 0.0016153424934992504,
           "min_markup": 0.0056577840840008106,
           "n_close_orders": 10,
           "rentry_pprice_dist": 0.03020837968567641,
           "rentry_pprice_dist_wallet_exposure_weighting": 0.06762231942734827,
           "wallet_exposure_limit": 1}}