{"config_name": "recursive_grid_0days",
 "logging_level": 0,
 "long": {"auto_unstuck_delay_minutes": 0,
          "auto_unstuck_ema_dist": 0,
          "auto_unstuck_qty_pct": 0,
          "auto_unstuck_wallet_exposure_threshold": 0.0,
          "backwards_tp": true,
          "ddown_factor": 1.4033221402342788,
          "ema_span_0": 530.40834479273,
          "ema_span_1": 553.7406233199865,
          "enabled": true,
          "initial_eprice_ema_dist": -0.008700376344713693,
          "initial_qty_pct": 0.0068151379224953785,
          "markup_range": 0.0010966287702562094,
          "min_markup": 0.0026045896311858554,
          "n_close_orders": 15,
          "rentry_pprice_dist": 0.014118048362395455,
          "rentry_pprice_dist_wallet_exposure_weighting": 6.158408017417416,
          "wallet_exposure_limit": 1},
 "short": {"auto_unstuck_delay_minutes": 0,
           "auto_unstuck_ema_dist": 0,
           "auto_unstuck_qty_pct": 0,
           "auto_unstuck_wallet_exposure_threshold": 0.0,
           "backwards_tp": true,
           "ddown_factor": 2.0404863690445394,
           "ema_span_0": 508.8138146540647,
           "ema_span_1": 1405.6476023947666,
           "enabled": true,
           "initial_eprice_ema_dist": -0.002069637735690762,
           "initial_qty_pct": 0.00793227650564069,
           "markup_range": 0.0034936225017886307,
           "min_markup": 0.004201652198626002,
           "n_close_orders": 3,
           "rentry_pprice_dist": 0.021273347464579075,
           "rentry_pprice_dist_wallet_exposure_weighting": 5.456605278937464,
           "wallet_exposure_limit": 1}}