{"config_name": "recursive_grid_0days",
 "logging_level": 0,
 "long": {"auto_unstuck_delay_minutes": 0,
          "auto_unstuck_ema_dist": 0,
          "auto_unstuck_qty_pct": 0,
          "auto_unstuck_wallet_exposure_threshold": 0.0,
          "backwards_tp": true,
          "ddown_factor": 1.4033221402342788,
          "ema_span_0": 530.40834479273,
          "ema_span_1": 553.7406233199865,
          "enabled": true,
          "initial_eprice_ema_dist": -0.008700376344713693,
          "initial_qty_pct": 0.0068151379224953785,
          "markup_range": 0.0010966287702562094,
          "min_markup": 0.0026045896311858554,
          "n_close_orders": 15,
          "rentry_pprice_dist": 0.014118048362395455,
          "rentry_pprice_dist_wallet_exposure_weighting": 6.158408017417416,
          "wallet_exposure_limit": 1},
 "short": {"auto_unstuck_delay_minutes": 0,
           "auto_unstuck_ema_dist": 0,
           "auto_unstuck_qty_pct": 0,
           "auto_unstuck_wallet_exposure_threshold": 0.0,
           "backwards_tp": true,
           "ddown_factor": 0.33456702144772615,
           "ema_span_0": 866.5597671283036,
           "ema_span_1": 889.7923039888518,
           "enabled": true,
           "initial_eprice_ema_dist": 0.0016640521954049768,
           "initial_qty_pct": 0.018038742028664602,
           "markup_range": 0.009249293142363118,
           "min_markup": 0.0049064656734541575,
           "n_close_orders": 4,
           "rentry_pprice_dist": 0.04580762407827507,
           "rentry_pprice_dist_wallet_exposure_weighting": 3.2353592628418903,
           "wallet_exposure_limit": 1}}