{"config_name": "recursive_grid_0days",
 "logging_level": 0,
 "long": {"auto_unstuck_delay_minutes": 0,
          "auto_unstuck_ema_dist": 0,
          "auto_unstuck_qty_pct": 0,
          "auto_unstuck_wallet_exposure_threshold": 0.0,
          "backwards_tp": true,
          "ddown_factor": 1.5530647951187069,
          "ema_span_0": 690.340762651848,
          "ema_span_1": 787.8889371169417,
          "enabled": true,
          "initial_eprice_ema_dist": 0.001248973216250272,
          "initial_qty_pct": 0.005476685879124668,
          "markup_range": 0.004618803509931985,
          "min_markup": 0.0021885243655805683,
          "n_close_orders": 8,
          "rentry_pprice_dist": 0.03814577729938381,
          "rentry_pprice_dist_wallet_exposure_weighting": 4.578597593254098,
          "wallet_exposure_limit": 1},
 "short": {"auto_unstuck_delay_minutes": 0,
           "auto_unstuck_ema_dist": 0,
           "auto_unstuck_qty_pct": 0,
           "auto_unstuck_wallet_exposure_threshold": 0.0,
           "backwards_tp": true,
           "ddown_factor": 1.9537966206263309,
           "ema_span_0": 869.8813573164808,
           "ema_span_1": 1099.7355163262016,
           "enabled": true,
           "initial_eprice_ema_dist": -0.0047916505498495346,
           "initial_qty_pct": 0.010617246958692544,
           "markup_range": 0.002031781504121638,
           "min_markup": 0.006926604373406353,
           "n_close_orders": 12,
           "rentry_pprice_dist": 0.03871752943188565,
           "rentry_pprice_dist_wallet_exposure_weighting": 0.5686866628653946,
           "wallet_exposure_limit": 1}}