{"config_name": "recursive_grid_0days",
 "logging_level": 0,
 "long": {"auto_unstuck_delay_minutes": 0,
          "auto_unstuck_ema_dist": 0,
          "auto_unstuck_qty_pct": 0,
          "auto_unstuck_wallet_exposure_threshold": 0.0,
          "backwards_tp": true,
          "ddown_factor": 2.2726985687255388,
          "ema_span_0": 402.9932652064557,
          "ema_span_1": 577.3054741800265,
          "enabled": true,
          "initial_eprice_ema_dist": 0.0028454818973671827,
          "initial_qty_pct": 0.011780150807984134,
          "markup_range": 0.002791132522773065,
          "min_markup": 0.002796750776269394,
          "n_close_orders": 12,
          "rentry_pprice_dist": 0.023922423707920002,
          "rentry_pprice_dist_wallet_exposure_weighting": 5.5660382864137,
          "wallet_exposure_limit": 1},
 "short": {"auto_unstuck_delay_minutes": 0,
           "auto_unstuck_ema_dist": 0,
           "auto_unstuck_qty_pct": 0,
           "auto_unstuck_wallet_exposure_threshold": 0.0,
           "backwards_tp": true,
           "ddown_factor": 2.9958935241159512,
           "ema_span_0": 761.3789807812936,
           "ema_span_1": 1184.427031266694,
           "enabled": true,
           "initial_eprice_ema_dist": -0.007591596898360642,
           "initial_qty_pct": 0.01113775250458756,
           "markup_range": 0.0005100610708108653,
           "min_markup": 0.0030030174671310476,
           "n_close_orders": 10,
           "rentry_pprice_dist": 0.023674760227035803,
           "rentry_pprice_dist_wallet_exposure_weighting": 0.6132685040383516,
           "wallet_exposure_limit": 1}}