{"config_name": "recursive_grid_0days",
 "logging_level": 0,
 "long": {"auto_unstuck_delay_minutes": 0,
          "auto_unstuck_ema_dist": 0,
          "auto_unstuck_qty_pct": 0,
          "auto_unstuck_wallet_exposure_threshold": 0.0,
          "backwards_tp": true,
          "ddown_factor": 0.48779314977705124,
          "ema_span_0": 973.0408040490249,
          "ema_span_1": 851.3435178432846,
          "enabled": true,
          "initial_eprice_ema_dist": -0.008329547612915416,
          "initial_qty_pct": 0.011908091152636349,
          "markup_range": 0.0012818662084264352,
          "min_markup": 0.0033050532744442964,
          "n_close_orders": 10,
          "rentry_pprice_dist": 0.021868968296482782,
          "rentry_pprice_dist_wallet_exposure_weighting": 0.19338799447501379,
          "wallet_exposure_limit": 1},
 "short": {"auto_unstuck_delay_minutes": 0,
           "auto_unstuck_ema_dist": 0,
           "auto_unstuck_qty_pct": 0,
           "auto_unstuck_wallet_exposure_threshold": 0.0,
           "backwards_tp": true,
           "ddown_factor": 1.155895597647212,
           "ema_span_0": 1209.6730103275934,
           "ema_span_1": 820.1166938745706,
           "enabled": true,
           "initial_eprice_ema_dist": 0.0025409296675016507,
           "initial_qty_pct": 0.016248953348148902,
           "markup_range": 0.0007236019720518069,
           "min_markup": 0.0038416583065198945,
           "n_close_orders": 9,
           "rentry_pprice_dist": 0.01721359488471775,
           "rentry_pprice_dist_wallet_exposure_weighting": 4.009625863744671,
           "wallet_exposure_limit": 1}}