{"config_name": "recursive_grid_0days",
 "logging_level": 0,
 "long": {"auto_unstuck_delay_minutes": 0,
          "auto_unstuck_ema_dist": 0,
          "auto_unstuck_qty_pct": 0,
          "auto_unstuck_wallet_exposure_threshold": 0.0,
          "backwards_tp": true,
          "ddown_factor": 1.4235277703368219,
          "ema_span_0": 575.433854185144,
          "ema_span_1": 843.4293531878612,
          "enabled": true,
          "initial_eprice_ema_dist": -0.008272831018355764,
          "initial_qty_pct": 0.007132091096776798,
          "markup_range": 0.006198594734597271,
          "min_markup": 0.005551145312004001,
          "n_close_orders": 11,
          "rentry_pprice_dist": 0.029519487480186502,
          "rentry_pprice_dist_wallet_exposure_weighting": 2.8503247158007325,
          "wallet_exposure_limit": 1},
 "short": {"auto_unstuck_delay_minutes": 0,
           "auto_unstuck_ema_dist": 0,
           "auto_unstuck_qty_pct": 0,
           "auto_unstuck_wallet_exposure_threshold": 0.0,
           "backwards_tp": true,
           "ddown_factor": 1.6109352348341963,
           "ema_span_0": 756.2386880035301,
           "ema_span_1": 724.4258648998097,
           "enabled": true,
           "initial_eprice_ema_dist": 0.0015797470093028537,
           "initial_qty_pct": 0.00809402807072568,
           "markup_range": 0.005298974655827438,
           "min_markup": 0.002017364815669937,
           "n_close_orders": 6,
           "rentry_pprice_dist": 0.03490764920786212,
           "rentry_pprice_dist_wallet_exposure_weighting": 1.311816059402622,
           "wallet_exposure_limit": 1}}