{"config_name": "recursive_grid_0days",
 "logging_level": 0,
 "long": {"auto_unstuck_delay_minutes": 0,
          "auto_unstuck_ema_dist": 0,
          "auto_unstuck_qty_pct": 0,
          "auto_unstuck_wallet_exposure_threshold": 0.0,
          "backwards_tp": true,
          "ddown_factor": 0.3560184944527934,
          "ema_span_0": 1143.6311761630873,
          "ema_span_1": 846.7372316981092,
          "enabled": true,
          "initial_eprice_ema_dist": 0.001176472752611811,
          "initial_qty_pct": 0.017403316223023265,
          "markup_range": 0.003219573747998967,
          "min_markup": 0.003727082997918708,
          "n_close_orders": 2,
          "rentry_pprice_dist": 0.025299993963300856,
          "rentry_pprice_dist_wallet_exposure_weighting": 6.978806058241652,
          "wallet_exposure_limit": 1},
 "short": {"auto_unstuck_delay_minutes": 0,
           "auto_unstuck_ema_dist": 0,
           "auto_unstuck_qty_pct": 0,
           "auto_unstuck_wallet_exposure_threshold": 0.0,
           "backwards_tp": true,
           "ddown_factor": 0.4215817574640043,
           "ema_span_0": 1146.621452859534,
           "ema_span_1": 1317.2207004437712,
           "enabled": true,
           "initial_eprice_ema_dist": 0.0026005663069131953,
           "initial_qty_pct": 0.01966103784355232,
           "markup_range": 0.009988634001373283,
           "min_markup": 0.007182464477389872,
           "n_close_orders": 6,
           "rentry_pprice_dist": 0.03758461735902799,
           "rentry_pprice_dist_wallet_exposure_weighting": 3.8409627016073373,
           "wallet_exposure_limit": 1}}