{"config_name": "recursive_grid_0days",
 "logging_level": 0,
 "long": {"auto_unstuck_delay_minutes": 1241.6883340142906,
          "auto_unstuck_ema_dist": -0.029162131069201864,
          "auto_unstuck_qty_pct": 0.014844796151663828,
          "auto_unstuck_wallet_exposure_threshold": 0.13704322918017484,
          "backwards_tp": true,
          "ddown_factor": 1.0844248507681071,
          "ema_span_0": 804.3149137591532,
          "ema_span_1": 12.730301137844258,
          "enabled": true,
          "initial_eprice_ema_dist": -0.08072082991181724,
          "initial_qty_pct": 0.014084954540594538,
          "markup_range": 0.004144321988807125,
          "min_markup": 0.0050928196206276545,
          "n_close_orders": 7,
          "rentry_pprice_dist": 0.0421269349258775,
          "rentry_pprice_dist_wallet_exposure_weighting": 0.2192515413189275,
          "wallet_exposure_limit": 1},
 "short": {"auto_unstuck_delay_minutes": 1419.2743428176746,
           "auto_unstuck_ema_dist": -0.026016150127073936,
           "auto_unstuck_qty_pct": 0.014747834431445271,
           "auto_unstuck_wallet_exposure_threshold": 0.7404483323023281,
           "backwards_tp": true,
           "ddown_factor": 0.59192627379883,
           "ema_span_0": 779.810372947579,
           "ema_span_1": 1383.509832959775,
           "enabled": true,
           "initial_eprice_ema_dist": -0.007129405388187172,
           "initial_qty_pct": 0.011532396668115348,
           "markup_range": 0.001636439109984244,
           "min_markup": 0.006789856287403269,
           "n_close_orders": 9,
           "rentry_pprice_dist": 0.01929730849038635,
           "rentry_pprice_dist_wallet_exposure_weighting": 9.438311813980327,
           "wallet_exposure_limit": 1}}