{"config_name": "recursive_grid_0days",
 "logging_level": 0,
 "long": {"auto_unstuck_delay_minutes": 878.8439316189509,
          "auto_unstuck_ema_dist": -0.027074135092344097,
          "auto_unstuck_qty_pct": 0.015107463684303813,
          "auto_unstuck_wallet_exposure_threshold": 0.5827549057117383,
          "backwards_tp": true,
          "ddown_factor": 0.17853722080286868,
          "ema_span_0": 1134.9830174549247,
          "ema_span_1": 1021.239871317313,
          "enabled": true,
          "initial_eprice_ema_dist": 0.0029913840835538944,
          "initial_qty_pct": 0.010053681481523467,
          "markup_range": 0.0018181234226242122,
          "min_markup": 0.0020651824582331277,
          "n_close_orders": 9,
          "rentry_pprice_dist": 0.008663494829004833,
          "rentry_pprice_dist_wallet_exposure_weighting": 2.4581395171454616,
          "wallet_exposure_limit": 1},
 "short": {"auto_unstuck_delay_minutes": 1163.0635560777955,
           "auto_unstuck_ema_dist": -0.011697155221786918,
           "auto_unstuck_qty_pct": 0.011534911057107928,
           "auto_unstuck_wallet_exposure_threshold": 0.47249217653477454,
           "backwards_tp": true,
           "ddown_factor": 2.10593009028873,
           "ema_span_0": 92.42399086701167,
           "ema_span_1": 923.3943208214632,
           "enabled": true,
           "initial_eprice_ema_dist": 0.0018399711131591424,
           "initial_qty_pct": 0.013190315878645276,
           "markup_range": 0.0008522084968640203,
           "min_markup": 0.00256164598040883,
           "n_close_orders": 10,
           "rentry_pprice_dist": 0.017769936014241053,
           "rentry_pprice_dist_wallet_exposure_weighting": 1.130896229672453,
           "wallet_exposure_limit": 1}}