{"config_name": "recursive_grid_0days",
 "logging_level": 0,
 "long": {"auto_unstuck_delay_minutes": 1340.5102781417193,
          "auto_unstuck_ema_dist": -0.06798896407214962,
          "auto_unstuck_qty_pct": 0.010075066737701548,
          "auto_unstuck_wallet_exposure_threshold": 0.46447479880507697,
          "backwards_tp": true,
          "ddown_factor": 0.490828308407505,
          "ema_span_0": 682.7117333081351,
          "ema_span_1": 670.9502834349606,
          "enabled": true,
          "initial_eprice_ema_dist": -0.01102202814963386,
          "initial_qty_pct": 0.012363679080226214,
          "markup_range": 0.00642496351392925,
          "min_markup": 0.009101377503903562,
          "n_close_orders": 15,
          "rentry_pprice_dist": 0.03346093241452048,
          "rentry_pprice_dist_wallet_exposure_weighting": 4.928824480697781,
          "wallet_exposure_limit": 1},
 "short": {"auto_unstuck_delay_minutes": 1130.958835691042,
           "auto_unstuck_ema_dist": -0.06545187903619279,
           "auto_unstuck_qty_pct": 0.0162176148117012,
           "auto_unstuck_wallet_exposure_threshold": 0.46790674855753145,
           "backwards_tp": true,
           "ddown_factor": 1.230633039977133,
           "ema_span_0": 1086.1941501192775,
           "ema_span_1": 306.66570353503636,
           "enabled": true,
           "initial_eprice_ema_dist": -0.00698790263377885,
           "initial_qty_pct": 0.017784905525295602,
           "markup_range": 0.006696134467265205,
           "min_markup": 0.009806604851310555,
           "n_close_orders": 15,
           "rentry_pprice_dist": 0.021213796043163872,
           "rentry_pprice_dist_wallet_exposure_weighting": 2.5343514407640697,
           "wallet_exposure_limit": 1}}