{"config_name": "recursive_grid_0days",
 "logging_level": 0,
 "long": {"auto_unstuck_delay_minutes": 1100.0766974686742,
          "auto_unstuck_ema_dist": -0.08514628223981162,
          "auto_unstuck_qty_pct": 0.014754655707221693,
          "auto_unstuck_wallet_exposure_threshold": 0.5590674894077008,
          "backwards_tp": true,
          "ddown_factor": 2.384812053735167,
          "ema_span_0": 1098.6132497794993,
          "ema_span_1": 5,
          "enabled": true,
          "initial_eprice_ema_dist": 0.003,
          "initial_qty_pct": 0.011799827841045437,
          "markup_range": 0.004116742277219143,
          "min_markup": 0.007502084320029683,
          "n_close_orders": 5,
          "rentry_pprice_dist": 0.047706307783281277,
          "rentry_pprice_dist_wallet_exposure_weighting": 4.36567006885887,
          "wallet_exposure_limit": 1},
 "short": {"auto_unstuck_delay_minutes": 893.3109021669862,
           "auto_unstuck_ema_dist": -0.05443386783225951,
           "auto_unstuck_qty_pct": 0.02895092645188903,
           "auto_unstuck_wallet_exposure_threshold": 0.31804818066957113,
           "backwards_tp": true,
           "ddown_factor": 0.10796942709710268,
           "ema_span_0": 466.9061826890199,
           "ema_span_1": 70.67728795347611,
           "enabled": true,
           "initial_eprice_ema_dist": -4.23109954022019e-05,
           "initial_qty_pct": 0.020912774159705848,
           "markup_range": 0.0103311529600202,
           "min_markup": 0.008939380011395456,
           "n_close_orders": 2,
           "rentry_pprice_dist": 0.03695967161400262,
           "rentry_pprice_dist_wallet_exposure_weighting": 3.358729997370971,
           "wallet_exposure_limit": 1}}