{"config_name": "recursive_grid_0days",
 "logging_level": 0,
 "long": {"auto_unstuck_delay_minutes": 1227.4275431252406,
          "auto_unstuck_ema_dist": -0.06754187419621197,
          "auto_unstuck_qty_pct": 0.021078227604887766,
          "auto_unstuck_wallet_exposure_threshold": 0.8021253398785809,
          "backwards_tp": true,
          "ddown_factor": 1.1871582819980657,
          "ema_span_0": 99.00002394116625,
          "ema_span_1": 209.230529310165,
          "enabled": true,
          "initial_eprice_ema_dist": 0.00039378788697041946,
          "initial_qty_pct": 0.011490745870501392,
          "markup_range": 0.011010603382466051,
          "min_markup": 0.006810068002505036,
          "n_close_orders": 2,
          "rentry_pprice_dist": 0.03409556515507944,
          "rentry_pprice_dist_wallet_exposure_weighting": 2.8306570861565317,
          "wallet_exposure_limit": 1},
 "short": {"auto_unstuck_delay_minutes": 1138.240502349259,
           "auto_unstuck_ema_dist": -0.003475275034476836,
           "auto_unstuck_qty_pct": 0.04452188497184538,
           "auto_unstuck_wallet_exposure_threshold": 0.3758683876090612,
           "backwards_tp": true,
           "ddown_factor": 0.7175764034761115,
           "ema_span_0": 1231.2549655151972,
           "ema_span_1": 122.59926967700858,
           "enabled": true,
           "initial_eprice_ema_dist": -0.006989692375814235,
           "initial_qty_pct": 0.014839541388839984,
           "markup_range": 0.017731844508463334,
           "min_markup": 0.0019546071070687,
           "n_close_orders": 10,
           "rentry_pprice_dist": 0.03237210347375739,
           "rentry_pprice_dist_wallet_exposure_weighting": 2.2855428403246933,
           "wallet_exposure_limit": 1}}