{"config_name": "recursive_grid_0days",
 "logging_level": 0,
 "long": {"auto_unstuck_delay_minutes": 936.4064387261278,
          "auto_unstuck_ema_dist": -0.018229377300871062,
          "auto_unstuck_qty_pct": 0.055955438445577155,
          "auto_unstuck_wallet_exposure_threshold": 0.7100433507548621,
          "backwards_tp": true,
          "ddown_factor": 2.2745669544412723,
          "ema_span_0": 1342.9364832417575,
          "ema_span_1": 1314.4941071752935,
          "enabled": true,
          "initial_eprice_ema_dist": 0.003,
          "initial_qty_pct": 0.013417868744729592,
          "markup_range": 0.005882568873354081,
          "min_markup": 0.0050343034246751,
          "n_close_orders": 8,
          "rentry_pprice_dist": 0.04766119361204793,
          "rentry_pprice_dist_wallet_exposure_weighting": 1.5017721640367305,
          "wallet_exposure_limit": 1},
 "short": {"auto_unstuck_delay_minutes": 889.5040146579689,
           "auto_unstuck_ema_dist": 0.0020380493865577334,
           "auto_unstuck_qty_pct": 0.028446289233495552,
           "auto_unstuck_wallet_exposure_threshold": 0.2772610735313388,
           "backwards_tp": true,
           "ddown_factor": 0.6968005638312483,
           "ema_span_0": 177.00277355311428,
           "ema_span_1": 332.52633605770666,
           "enabled": true,
           "initial_eprice_ema_dist": -0.009608625286553658,
           "initial_qty_pct": 0.016293246901005864,
           "markup_range": 0.006698876837526697,
           "min_markup": 0.009758543989554771,
           "n_close_orders": 3,
           "rentry_pprice_dist": 0.03842075783938509,
           "rentry_pprice_dist_wallet_exposure_weighting": 3.020269671528331,
           "wallet_exposure_limit": 1}}