{"config_name": "recursive_grid_0days",
 "logging_level": 0,
 "long": {"auto_unstuck_delay_minutes": 1052.5741701219606,
          "auto_unstuck_ema_dist": -0.003920847299713015,
          "auto_unstuck_qty_pct": 0.01007162584317069,
          "auto_unstuck_wallet_exposure_threshold": 0.25039934646309026,
          "backwards_tp": true,
          "ddown_factor": 2.252008167660829,
          "ema_span_0": 1305.7793335310762,
          "ema_span_1": 1339.9745955301835,
          "enabled": true,
          "initial_eprice_ema_dist": -0.004741343084621099,
          "initial_qty_pct": 0.01168569454282777,
          "markup_range": 0.007025950093798064,
          "min_markup": 0.006926547608866835,
          "n_close_orders": 3,
          "rentry_pprice_dist": 0.04599814009331318,
          "rentry_pprice_dist_wallet_exposure_weighting": 0.4132239431731345,
          "wallet_exposure_limit": 1},
 "short": {"auto_unstuck_delay_minutes": 1130.958835691042,
           "auto_unstuck_ema_dist": -0.06545187903619279,
           "auto_unstuck_qty_pct": 0.0162176148117012,
           "auto_unstuck_wallet_exposure_threshold": 0.46790674855753145,
           "backwards_tp": true,
           "ddown_factor": 1.230633039977133,
           "ema_span_0": 1086.1941501192775,
           "ema_span_1": 306.66570353503636,
           "enabled": true,
           "initial_eprice_ema_dist": -0.00698790263377885,
           "initial_qty_pct": 0.017784905525295602,
           "markup_range": 0.006696134467265205,
           "min_markup": 0.009806604851310555,
           "n_close_orders": 15,
           "rentry_pprice_dist": 0.021213796043163872,
           "rentry_pprice_dist_wallet_exposure_weighting": 2.5343514407640697,
           "wallet_exposure_limit": 1}}