{"config_name": "recursive_grid_0days",
 "logging_level": 0,
 "long": {"auto_unstuck_delay_minutes": 1319.03989136658,
          "auto_unstuck_ema_dist": 0.0025201951056419087,
          "auto_unstuck_qty_pct": 0.010084111689066175,
          "auto_unstuck_wallet_exposure_threshold": 0.39959861503942123,
          "backwards_tp": true,
          "ddown_factor": 1.8451174893237217,
          "ema_span_0": 1416.367487027906,
          "ema_span_1": 181.4918326445922,
          "enabled": true,
          "initial_eprice_ema_dist": -0.007910565419260858,
          "initial_qty_pct": 0.015746328082757746,
          "markup_range": 0.005922849064988991,
          "min_markup": 0.008233794636271578,
          "n_close_orders": 8,
          "rentry_pprice_dist": 0.03694005072955376,
          "rentry_pprice_dist_wallet_exposure_weighting": 1.6679833561628623,
          "wallet_exposure_limit": 1},
 "short": {"auto_unstuck_delay_minutes": 1196.422864114799,
           "auto_unstuck_ema_dist": 0.003,
           "auto_unstuck_qty_pct": 0.01295468179511376,
           "auto_unstuck_wallet_exposure_threshold": 0.3771166018595638,
           "backwards_tp": true,
           "ddown_factor": 2.087967570746561,
           "ema_span_0": 783.5871146860993,
           "ema_span_1": 187.06618360069058,
           "enabled": true,
           "initial_eprice_ema_dist": 0.003,
           "initial_qty_pct": 0.030801433761173082,
           "markup_range": 0.003016199468385893,
           "min_markup": 0.00448971703976209,
           "n_close_orders": 6,
           "rentry_pprice_dist": 0.045745193977689544,
           "rentry_pprice_dist_wallet_exposure_weighting": 0.0,
           "wallet_exposure_limit": 1}}