{"config_name": "recursive_grid_0days",
 "logging_level": 0,
 "long": {"auto_unstuck_delay_minutes": 748.6482004302878,
          "auto_unstuck_ema_dist": -0.025717818172750987,
          "auto_unstuck_qty_pct": 0.028503082126542054,
          "auto_unstuck_wallet_exposure_threshold": 0.3252583769381152,
          "backwards_tp": true,
          "ddown_factor": 0.36961057822880317,
          "ema_span_0": 839.4219407244376,
          "ema_span_1": 1267.9569905335134,
          "enabled": true,
          "initial_eprice_ema_dist": 0.000351645929546241,
          "initial_qty_pct": 0.01472394040784414,
          "markup_range": 0.0033272848393384796,
          "min_markup": 0.009285956072291818,
          "n_close_orders": 10,
          "rentry_pprice_dist": 0.01738637660184067,
          "rentry_pprice_dist_wallet_exposure_weighting": 12.735198369958438,
          "wallet_exposure_limit": 1},
 "short": {"auto_unstuck_delay_minutes": 1310.9833490751976,
           "auto_unstuck_ema_dist": -0.026478976268679517,
           "auto_unstuck_qty_pct": 0.019368279291942708,
           "auto_unstuck_wallet_exposure_threshold": 0.13817038985813151,
           "backwards_tp": true,
           "ddown_factor": 1.8919482877412843,
           "ema_span_0": 401.01288259110123,
           "ema_span_1": 452.5519466377394,
           "enabled": true,
           "initial_eprice_ema_dist": -0.022215864416336516,
           "initial_qty_pct": 0.013680544833266969,
           "markup_range": 0.0029117347174345775,
           "min_markup": 0.004650311359298793,
           "n_close_orders": 16,
           "rentry_pprice_dist": 0.044044999119070866,
           "rentry_pprice_dist_wallet_exposure_weighting": 1.8443842963195685,
           "wallet_exposure_limit": 1}}