{"config_name": "recursive_grid_0days",
 "logging_level": 0,
 "long": {"auto_unstuck_delay_minutes": 1189.249021252608,
          "auto_unstuck_ema_dist": -0.002600576888307725,
          "auto_unstuck_qty_pct": 0.010432413005248893,
          "auto_unstuck_wallet_exposure_threshold": 0.15506845826751264,
          "backwards_tp": true,
          "ddown_factor": 0.4733818995593758,
          "ema_span_0": 770.5033138499789,
          "ema_span_1": 733.8822261725988,
          "enabled": true,
          "initial_eprice_ema_dist": 0.002908227600931329,
          "initial_qty_pct": 0.013110481863277613,
          "markup_range": 0.0037062698420862895,
          "min_markup": 0.008860305049431824,
          "n_close_orders": 13,
          "rentry_pprice_dist": 0.02562924412872706,
          "rentry_pprice_dist_wallet_exposure_weighting": 2.6390306662146283,
          "wallet_exposure_limit": 1},
 "short": {"auto_unstuck_delay_minutes": 1130.958835691042,
           "auto_unstuck_ema_dist": -0.06545187903619279,
           "auto_unstuck_qty_pct": 0.0162176148117012,
           "auto_unstuck_wallet_exposure_threshold": 0.46790674855753145,
           "backwards_tp": true,
           "ddown_factor": 1.230633039977133,
           "ema_span_0": 1086.1941501192775,
           "ema_span_1": 306.66570353503636,
           "enabled": true,
           "initial_eprice_ema_dist": -0.00698790263377885,
           "initial_qty_pct": 0.017784905525295602,
           "markup_range": 0.006696134467265205,
           "min_markup": 0.009806604851310555,
           "n_close_orders": 15,
           "rentry_pprice_dist": 0.021213796043163872,
           "rentry_pprice_dist_wallet_exposure_weighting": 2.5343514407640697,
           "wallet_exposure_limit": 1}}