{"config_name": "recursive_grid_0days",
 "logging_level": 0,
 "long": {"auto_unstuck_delay_minutes": 226.7664472621495,
          "auto_unstuck_ema_dist": 0.0001489573638140499,
          "auto_unstuck_qty_pct": 0.06485880726615328,
          "auto_unstuck_wallet_exposure_threshold": 0.612349340184531,
          "backwards_tp": true,
          "ddown_factor": 1.635306935714526,
          "ema_span_0": 1426.3646227967456,
          "ema_span_1": 1359.3022887896502,
          "enabled": true,
          "initial_eprice_ema_dist": 0.003,
          "initial_qty_pct": 0.01784073394126457,
          "markup_range": 0.006920500854390728,
          "min_markup": 0.008071887692053612,
          "n_close_orders": 5,
          "rentry_pprice_dist": 0.02603439761865445,
          "rentry_pprice_dist_wallet_exposure_weighting": 0.9712980608934212,
          "wallet_exposure_limit": 1},
 "short": {"auto_unstuck_delay_minutes": 833.8498285388596,
           "auto_unstuck_ema_dist": -0.010751917265482356,
           "auto_unstuck_qty_pct": 0.018489823705361893,
           "auto_unstuck_wallet_exposure_threshold": 0.747114718389375,
           "backwards_tp": true,
           "ddown_factor": 2.16620530870608,
           "ema_span_0": 1438.181537194028,
           "ema_span_1": 1143.335708090903,
           "enabled": true,
           "initial_eprice_ema_dist": -0.02340275229824605,
           "initial_qty_pct": 0.013372444850574903,
           "markup_range": 0.0034540416021096166,
           "min_markup": 0.004879059987441383,
           "n_close_orders": 10,
           "rentry_pprice_dist": 0.026667948842584437,
           "rentry_pprice_dist_wallet_exposure_weighting": 2.279018699577038,
           "wallet_exposure_limit": 1}}