{"config_name": "recursive_grid_0days",
 "logging_level": 0,
 "long": {"auto_unstuck_delay_minutes": 1136.9300686322479,
          "auto_unstuck_ema_dist": -0.0008040299529814578,
          "auto_unstuck_qty_pct": 0.010000699359493282,
          "auto_unstuck_wallet_exposure_threshold": 0.689625745455322,
          "backwards_tp": true,
          "ddown_factor": 0.76692488899037,
          "ema_span_0": 1439.9233777818256,
          "ema_span_1": 1287.9241250145592,
          "enabled": true,
          "initial_eprice_ema_dist": 0.002881001973696066,
          "initial_qty_pct": 0.013883369679869239,
          "markup_range": 0.019192010765014565,
          "min_markup": 0.009905748541100441,
          "n_close_orders": 10,
          "rentry_pprice_dist": 0.04011483518266019,
          "rentry_pprice_dist_wallet_exposure_weighting": 2.9663509613730503,
          "wallet_exposure_limit": 1},
 "short": {"auto_unstuck_delay_minutes": 1331.581739508667,
           "auto_unstuck_ema_dist": -0.0895857921693148,
           "auto_unstuck_qty_pct": 0.017055090155035296,
           "auto_unstuck_wallet_exposure_threshold": 0.16718970868617195,
           "backwards_tp": true,
           "ddown_factor": 0.8636202976918781,
           "ema_span_0": 1268.8193577152765,
           "ema_span_1": 1406.7360802569547,
           "enabled": true,
           "initial_eprice_ema_dist": 0.002992266668504045,
           "initial_qty_pct": 0.023186356354383163,
           "markup_range": 0.02744240403264854,
           "min_markup": 0.00807348272065401,
           "n_close_orders": 11,
           "rentry_pprice_dist": 0.03410951604872415,
           "rentry_pprice_dist_wallet_exposure_weighting": 3.2346987184076035,
           "wallet_exposure_limit": 1}}