{"config_name": "recursive_grid_0days",
 "logging_level": 0,
 "long": {"auto_unstuck_delay_minutes": 658.2637661272584,
          "auto_unstuck_ema_dist": -0.03382575510376344,
          "auto_unstuck_qty_pct": 0.02186021011673162,
          "auto_unstuck_wallet_exposure_threshold": 0.3119404484400947,
          "backwards_tp": true,
          "ddown_factor": 1.4259805740592075,
          "ema_span_0": 717.8185134139716,
          "ema_span_1": 872.034506196939,
          "enabled": true,
          "initial_eprice_ema_dist": 0.00010223048642443503,
          "initial_qty_pct": 0.016331840145980464,
          "markup_range": 0.00790937020181785,
          "min_markup": 0.008180255945873493,
          "n_close_orders": 11,
          "rentry_pprice_dist": 0.029865406409510672,
          "rentry_pprice_dist_wallet_exposure_weighting": 2.8671678873773727,
          "wallet_exposure_limit": 1},
 "short": {"auto_unstuck_delay_minutes": 1369.2714698202462,
           "auto_unstuck_ema_dist": 0.0013200273166717384,
           "auto_unstuck_qty_pct": 0.013635012018200646,
           "auto_unstuck_wallet_exposure_threshold": 0.5895246874364509,
           "backwards_tp": true,
           "ddown_factor": 2.698777215106034,
           "ema_span_0": 562.4659497418509,
           "ema_span_1": 1082.6632777060822,
           "enabled": true,
           "initial_eprice_ema_dist": 0.002619553444545556,
           "initial_qty_pct": 0.021807398493813763,
           "markup_range": 0.0053504596154854145,
           "min_markup": 0.008241652500442504,
           "n_close_orders": 8,
           "rentry_pprice_dist": 0.03863216249326461,
           "rentry_pprice_dist_wallet_exposure_weighting": 4.4885245164214947e-05,
           "wallet_exposure_limit": 1}}