{"config_name": "recursive_grid_0days",
 "logging_level": 0,
 "long": {"auto_unstuck_delay_minutes": 867.8836569649084,
          "auto_unstuck_ema_dist": -0.011250318606378637,
          "auto_unstuck_qty_pct": 0.012882113476072628,
          "auto_unstuck_wallet_exposure_threshold": 0.5175519149455021,
          "backwards_tp": true,
          "ddown_factor": 1.6395697456345002,
          "ema_span_0": 731.0039435915826,
          "ema_span_1": 146.06675448404627,
          "enabled": true,
          "initial_eprice_ema_dist": 0.003,
          "initial_qty_pct": 0.01230854583420255,
          "markup_range": 0.009154473557148383,
          "min_markup": 0.005086642429973314,
          "n_close_orders": 10,
          "rentry_pprice_dist": 0.048445924030936484,
          "rentry_pprice_dist_wallet_exposure_weighting": 0.0032389847255945795,
          "wallet_exposure_limit": 1},
 "short": {"auto_unstuck_delay_minutes": 1002.8622790054129,
           "auto_unstuck_ema_dist": -0.04612612870698362,
           "auto_unstuck_qty_pct": 0.017144846651290457,
           "auto_unstuck_wallet_exposure_threshold": 0.17793205249124272,
           "backwards_tp": true,
           "ddown_factor": 1.8443864928141156,
           "ema_span_0": 66.0344183486325,
           "ema_span_1": 570.1556857909368,
           "enabled": true,
           "initial_eprice_ema_dist": -0.012886059137339593,
           "initial_qty_pct": 0.010506932092617372,
           "markup_range": 0.006248270516568822,
           "min_markup": 0.0023820161840333817,
           "n_close_orders": 15,
           "rentry_pprice_dist": 0.030350330258368193,
           "rentry_pprice_dist_wallet_exposure_weighting": 17.995834221439893,
           "wallet_exposure_limit": 1}}