{"config_name": "recursive_grid_0days",
 "logging_level": 0,
 "long": {"auto_unstuck_delay_minutes": 1130.4258390416232,
          "auto_unstuck_ema_dist": -0.001177420451322489,
          "auto_unstuck_qty_pct": 0.014538264740531534,
          "auto_unstuck_wallet_exposure_threshold": 0.540542775511676,
          "backwards_tp": true,
          "ddown_factor": 2.3129147398488588,
          "ema_span_0": 838.1891618239406,
          "ema_span_1": 1287.2881988165607,
          "enabled": true,
          "initial_eprice_ema_dist": -0.005210595108129266,
          "initial_qty_pct": 0.011315474958555283,
          "markup_range": 0.004742886981873786,
          "min_markup": 0.004835825498409354,
          "n_close_orders": 8,
          "rentry_pprice_dist": 0.049909561111052006,
          "rentry_pprice_dist_wallet_exposure_weighting": 0.6289051346089495,
          "wallet_exposure_limit": 1},
 "short": {"auto_unstuck_delay_minutes": 1140.7178138382837,
           "auto_unstuck_ema_dist": -0.004313477734068047,
           "auto_unstuck_qty_pct": 0.023493147109279553,
           "auto_unstuck_wallet_exposure_threshold": 0.38478177228541294,
           "backwards_tp": true,
           "ddown_factor": 1.2260503270832424,
           "ema_span_0": 1022.7268820494864,
           "ema_span_1": 1088.7578647923306,
           "enabled": true,
           "initial_eprice_ema_dist": 0.0020073970473526697,
           "initial_qty_pct": 0.014452469118134345,
           "markup_range": 0.020963471968745505,
           "min_markup": 0.008778071464205135,
           "n_close_orders": 9,
           "rentry_pprice_dist": 0.029416276174644547,
           "rentry_pprice_dist_wallet_exposure_weighting": 8.191356033780574,
           "wallet_exposure_limit": 1}}