{"config_name": "recursive_grid_0days",
 "logging_level": 0,
 "long": {"auto_unstuck_delay_minutes": 1228.3719134542807,
          "auto_unstuck_ema_dist": -0.05528699136081331,
          "auto_unstuck_qty_pct": 0.023501348015464482,
          "auto_unstuck_wallet_exposure_threshold": 0.7699563914647427,
          "backwards_tp": true,
          "ddown_factor": 1.576199096270606,
          "ema_span_0": 837.2087540805963,
          "ema_span_1": 548.8301243306219,
          "enabled": true,
          "initial_eprice_ema_dist": 0.0011939016528522358,
          "initial_qty_pct": 0.011124872325085397,
          "markup_range": 0.0012088856504370979,
          "min_markup": 0.009459458171171147,
          "n_close_orders": 8,
          "rentry_pprice_dist": 0.03276514075103134,
          "rentry_pprice_dist_wallet_exposure_weighting": 9.43428446060838,
          "wallet_exposure_limit": 1},
 "short": {"auto_unstuck_delay_minutes": 992.7804413763521,
           "auto_unstuck_ema_dist": -0.013748004524581156,
           "auto_unstuck_qty_pct": 0.01095100858221805,
           "auto_unstuck_wallet_exposure_threshold": 0.7867900567112988,
           "backwards_tp": true,
           "ddown_factor": 1.3442013518494849,
           "ema_span_0": 161.5844003759451,
           "ema_span_1": 221.81363323658383,
           "enabled": true,
           "initial_eprice_ema_dist": 0.003,
           "initial_qty_pct": 0.011250750158823998,
           "markup_range": 0.0015823139269439315,
           "min_markup": 0.006267457745345578,
           "n_close_orders": 16,
           "rentry_pprice_dist": 0.014637417341373039,
           "rentry_pprice_dist_wallet_exposure_weighting": 3.008102361560021,
           "wallet_exposure_limit": 1}}