{"config_name": "recursive_grid_0days",
 "logging_level": 0,
 "long": {"auto_unstuck_delay_minutes": 755.330530562327,
          "auto_unstuck_ema_dist": -0.0561265621598862,
          "auto_unstuck_qty_pct": 0.03175866223135546,
          "auto_unstuck_wallet_exposure_threshold": 0.3567488580126656,
          "backwards_tp": true,
          "ddown_factor": 2.832627822612122,
          "ema_span_0": 1214.3235903868142,
          "ema_span_1": 989.9185151901853,
          "enabled": true,
          "initial_eprice_ema_dist": 0.0029995106311747465,
          "initial_qty_pct": 0.018084791276372983,
          "markup_range": 0.003753700561421403,
          "min_markup": 0.01,
          "n_close_orders": 11,
          "rentry_pprice_dist": 0.043816964917970325,
          "rentry_pprice_dist_wallet_exposure_weighting": 1.9017318634796494,
          "wallet_exposure_limit": 1},
 "short": {"auto_unstuck_delay_minutes": 1206.2741091340665,
           "auto_unstuck_ema_dist": -0.025948589408398143,
           "auto_unstuck_qty_pct": 0.010586053423421742,
           "auto_unstuck_wallet_exposure_threshold": 0.4056426548402889,
           "backwards_tp": true,
           "ddown_factor": 0.5837121516550282,
           "ema_span_0": 1340.961488384919,
           "ema_span_1": 1418.3991278121314,
           "enabled": true,
           "initial_eprice_ema_dist": 0.002957865772159454,
           "initial_qty_pct": 0.01805391585786448,
           "markup_range": 0.0044127231061115045,
           "min_markup": 0.005853032025017245,
           "n_close_orders": 3,
           "rentry_pprice_dist": 0.028913142818702525,
           "rentry_pprice_dist_wallet_exposure_weighting": 12.602999114607288,
           "wallet_exposure_limit": 1}}