{"config_name": "recursive_grid_0days",
 "logging_level": 0,
 "long": {"auto_unstuck_delay_minutes": 1097.1942814234271,
          "auto_unstuck_ema_dist": -0.05946211172777736,
          "auto_unstuck_qty_pct": 0.040927910615587836,
          "auto_unstuck_wallet_exposure_threshold": 0.13848921369694134,
          "backwards_tp": true,
          "ddown_factor": 0.4895461003465067,
          "ema_span_0": 995.1592222792989,
          "ema_span_1": 148.67796657676706,
          "enabled": true,
          "initial_eprice_ema_dist": 0.0025907430812148837,
          "initial_qty_pct": 0.027555693768254935,
          "markup_range": 0.013771043478286404,
          "min_markup": 0.009959700624035533,
          "n_close_orders": 8,
          "rentry_pprice_dist": 0.030863489767254032,
          "rentry_pprice_dist_wallet_exposure_weighting": 2.5420054288696603,
          "wallet_exposure_limit": 1},
 "short": {"auto_unstuck_delay_minutes": 1228.3218645772902,
           "auto_unstuck_ema_dist": -0.003532934466774453,
           "auto_unstuck_qty_pct": 0.07634526599915069,
           "auto_unstuck_wallet_exposure_threshold": 0.11963582864462291,
           "backwards_tp": true,
           "ddown_factor": 0.1000007666425598,
           "ema_span_0": 1417.5421873229893,
           "ema_span_1": 1152.7126636319847,
           "enabled": true,
           "initial_eprice_ema_dist": -0.002205058274678462,
           "initial_qty_pct": 0.01000058040598402,
           "markup_range": 0.026932816586900898,
           "min_markup": 0.009751880481568649,
           "n_close_orders": 3,
           "rentry_pprice_dist": 0.015564915596347257,
           "rentry_pprice_dist_wallet_exposure_weighting": 11.565359590636366,
           "wallet_exposure_limit": 1}}