{"config_name": "recursive_grid_0days",
 "logging_level": 0,
 "long": {"auto_unstuck_delay_minutes": 1296.2194242380763,
          "auto_unstuck_ema_dist": -0.03141021548305407,
          "auto_unstuck_qty_pct": 0.012778057505246505,
          "auto_unstuck_wallet_exposure_threshold": 0.15232669218225656,
          "backwards_tp": true,
          "ddown_factor": 0.2467896320510677,
          "ema_span_0": 265.72299065346016,
          "ema_span_1": 154.06429299707747,
          "enabled": true,
          "initial_eprice_ema_dist": 0.0010191160425469955,
          "initial_qty_pct": 0.010647486232832095,
          "markup_range": 0.006868974212190784,
          "min_markup": 0.00980229659204074,
          "n_close_orders": 7,
          "rentry_pprice_dist": 0.04653107526419948,
          "rentry_pprice_dist_wallet_exposure_weighting": 2.5583740827556887,
          "wallet_exposure_limit": 1},
 "short": {"auto_unstuck_delay_minutes": 992.7804413763521,
           "auto_unstuck_ema_dist": -0.013748004524581156,
           "auto_unstuck_qty_pct": 0.01095100858221805,
           "auto_unstuck_wallet_exposure_threshold": 0.7867900567112988,
           "backwards_tp": true,
           "ddown_factor": 1.3442013518494849,
           "ema_span_0": 161.5844003759451,
           "ema_span_1": 221.81363323658383,
           "enabled": true,
           "initial_eprice_ema_dist": 0.003,
           "initial_qty_pct": 0.011250750158823998,
           "markup_range": 0.0015823139269439315,
           "min_markup": 0.006267457745345578,
           "n_close_orders": 16,
           "rentry_pprice_dist": 0.014637417341373039,
           "rentry_pprice_dist_wallet_exposure_weighting": 3.008102361560021,
           "wallet_exposure_limit": 1}}