{"config_name": "recursive_grid_0days",
 "logging_level": 0,
 "long": {"auto_unstuck_delay_minutes": 1278.7649115351385,
          "auto_unstuck_ema_dist": -0.07562504623737802,
          "auto_unstuck_qty_pct": 0.01620444672330262,
          "auto_unstuck_wallet_exposure_threshold": 0.5281571650067292,
          "backwards_tp": true,
          "ddown_factor": 0.11217762714657356,
          "ema_span_0": 232.91038520822252,
          "ema_span_1": 38.19025987520826,
          "enabled": true,
          "initial_eprice_ema_dist": 0.0029954395660885557,
          "initial_qty_pct": 0.028523996992485014,
          "markup_range": 0.0035053291780364993,
          "min_markup": 0.008625277438433667,
          "n_close_orders": 8,
          "rentry_pprice_dist": 0.039439543644986495,
          "rentry_pprice_dist_wallet_exposure_weighting": 1.2163625507416973,
          "wallet_exposure_limit": 1},
 "short": {"auto_unstuck_delay_minutes": 1323.6812945915103,
           "auto_unstuck_ema_dist": -0.019270512412061343,
           "auto_unstuck_qty_pct": 0.019104521793339272,
           "auto_unstuck_wallet_exposure_threshold": 0.2924735517753996,
           "backwards_tp": true,
           "ddown_factor": 2.856015568162063,
           "ema_span_0": 560.2037510239018,
           "ema_span_1": 103.600172990836,
           "enabled": true,
           "initial_eprice_ema_dist": -0.004598442608215815,
           "initial_qty_pct": 0.010576998336265624,
           "markup_range": 0.005153286667827369,
           "min_markup": 0.0044147506836681605,
           "n_close_orders": 12,
           "rentry_pprice_dist": 0.02784082253819061,
           "rentry_pprice_dist_wallet_exposure_weighting": 7.405908163547055,
           "wallet_exposure_limit": 1}}