{"config_name": "recursive_grid_0days",
 "logging_level": 0,
 "long": {"auto_unstuck_delay_minutes": 1236.1550272449676,
          "auto_unstuck_ema_dist": -0.06531156476646174,
          "auto_unstuck_qty_pct": 0.08948567964218761,
          "auto_unstuck_wallet_exposure_threshold": 0.1294421806614859,
          "backwards_tp": true,
          "ddown_factor": 0.8808796201926017,
          "ema_span_0": 1120.3512963004785,
          "ema_span_1": 641.2274159627718,
          "enabled": true,
          "initial_eprice_ema_dist": -0.010729299903773594,
          "initial_qty_pct": 0.011437256392779585,
          "markup_range": 0.012198706859305214,
          "min_markup": 0.009536292234855779,
          "n_close_orders": 10,
          "rentry_pprice_dist": 0.04966919787749375,
          "rentry_pprice_dist_wallet_exposure_weighting": 2.2385183156100577,
          "wallet_exposure_limit": 1},
 "short": {"auto_unstuck_delay_minutes": 1234.5598355756533,
           "auto_unstuck_ema_dist": -0.005104415026991159,
           "auto_unstuck_qty_pct": 0.06014207194120505,
           "auto_unstuck_wallet_exposure_threshold": 0.784153921234558,
           "backwards_tp": true,
           "ddown_factor": 1.543868886142701,
           "ema_span_0": 997.3516820438206,
           "ema_span_1": 1146.9141353293303,
           "enabled": true,
           "initial_eprice_ema_dist": -0.004789401350963071,
           "initial_qty_pct": 0.014648799499099818,
           "markup_range": 0.01194973843401795,
           "min_markup": 0.007218539327202187,
           "n_close_orders": 6,
           "rentry_pprice_dist": 0.046646812705224104,
           "rentry_pprice_dist_wallet_exposure_weighting": 0.3591002935837856,
           "wallet_exposure_limit": 1}}