{"config_name": "recursive_grid_0days",
 "logging_level": 0,
 "long": {"auto_unstuck_delay_minutes": 468.70868772248906,
          "auto_unstuck_ema_dist": -0.028554448994106394,
          "auto_unstuck_qty_pct": 0.023824315416634562,
          "auto_unstuck_wallet_exposure_threshold": 0.6721574248177288,
          "backwards_tp": true,
          "ddown_factor": 1.1876191397545075,
          "ema_span_0": 189.56815537382778,
          "ema_span_1": 289.347073823667,
          "enabled": true,
          "initial_eprice_ema_dist": -0.0045530452587324655,
          "initial_qty_pct": 0.01760449273786535,
          "markup_range": 0.00580176977477208,
          "min_markup": 0.006206847362111233,
          "n_close_orders": 2,
          "rentry_pprice_dist": 0.018330466139362706,
          "rentry_pprice_dist_wallet_exposure_weighting": 10.25709337081811,
          "wallet_exposure_limit": 1},
 "short": {"auto_unstuck_delay_minutes": 1056.2587647038638,
           "auto_unstuck_ema_dist": -0.0007501592435774812,
           "auto_unstuck_qty_pct": 0.010109801728390289,
           "auto_unstuck_wallet_exposure_threshold": 0.41234566224284314,
           "backwards_tp": true,
           "ddown_factor": 0.7599990669174843,
           "ema_span_0": 1292.3013674861013,
           "ema_span_1": 1384.1890320478074,
           "enabled": true,
           "initial_eprice_ema_dist": 9.219443918608253e-05,
           "initial_qty_pct": 0.013888340243403246,
           "markup_range": 0.004617014233188679,
           "min_markup": 0.008324883453463978,
           "n_close_orders": 8,
           "rentry_pprice_dist": 0.030802607984440997,
           "rentry_pprice_dist_wallet_exposure_weighting": 18.46365495810027,
           "wallet_exposure_limit": 1}}