{"config_name": "recursive_grid_0days",
 "logging_level": 0,
 "long": {"auto_unstuck_delay_minutes": 1413.4517860157314,
          "auto_unstuck_ema_dist": -0.08163853773380811,
          "auto_unstuck_qty_pct": 0.010628897189508765,
          "auto_unstuck_wallet_exposure_threshold": 0.512830178227829,
          "backwards_tp": true,
          "ddown_factor": 1.1290813047442747,
          "ema_span_0": 807.0578447745643,
          "ema_span_1": 887.272237862334,
          "enabled": true,
          "initial_eprice_ema_dist": 0.0029828309594787587,
          "initial_qty_pct": 0.01997892217377579,
          "markup_range": 0.00836529819565242,
          "min_markup": 0.009998314935044132,
          "n_close_orders": 2,
          "rentry_pprice_dist": 0.04234957183909329,
          "rentry_pprice_dist_wallet_exposure_weighting": 1.0154823192334643,
          "wallet_exposure_limit": 1},
 "short": {"auto_unstuck_delay_minutes": 454.81613545024913,
           "auto_unstuck_ema_dist": -0.013375313933334734,
           "auto_unstuck_qty_pct": 0.03427847689943461,
           "auto_unstuck_wallet_exposure_threshold": 0.8521194329239793,
           "backwards_tp": true,
           "ddown_factor": 1.541854566336065,
           "ema_span_0": 633.1659906002564,
           "ema_span_1": 1227.8895126420005,
           "enabled": true,
           "initial_eprice_ema_dist": -0.008975401664506902,
           "initial_qty_pct": 0.02137738933331136,
           "markup_range": 0.00863041893615576,
           "min_markup": 0.008498601998111744,
           "n_close_orders": 9,
           "rentry_pprice_dist": 0.0453716508883865,
           "rentry_pprice_dist_wallet_exposure_weighting": 3.985473427657984,
           "wallet_exposure_limit": 1}}