{"config_name": "recursive_grid_0days",
 "logging_level": 0,
 "long": {"auto_unstuck_delay_minutes": 1296.2194242380763,
          "auto_unstuck_ema_dist": -0.03141021548305407,
          "auto_unstuck_qty_pct": 0.012778057505246505,
          "auto_unstuck_wallet_exposure_threshold": 0.15232669218225656,
          "backwards_tp": true,
          "ddown_factor": 0.2467896320510677,
          "ema_span_0": 265.72299065346016,
          "ema_span_1": 154.06429299707747,
          "enabled": true,
          "initial_eprice_ema_dist": 0.0010191160425469955,
          "initial_qty_pct": 0.010647486232832095,
          "markup_range": 0.006868974212190784,
          "min_markup": 0.00980229659204074,
          "n_close_orders": 7,
          "rentry_pprice_dist": 0.04653107526419948,
          "rentry_pprice_dist_wallet_exposure_weighting": 2.5583740827556887,
          "wallet_exposure_limit": 1},
 "short": {"auto_unstuck_delay_minutes": 1377.1519699877722,
           "auto_unstuck_ema_dist": -0.029640293535384565,
           "auto_unstuck_qty_pct": 0.01358695151176679,
           "auto_unstuck_wallet_exposure_threshold": 0.8144571236420198,
           "backwards_tp": true,
           "ddown_factor": 1.7976462695272,
           "ema_span_0": 390.17817755367633,
           "ema_span_1": 1200.43696047037,
           "enabled": true,
           "initial_eprice_ema_dist": -0.00444319554923519,
           "initial_qty_pct": 0.010675647793337533,
           "markup_range": 0.00014241414979329007,
           "min_markup": 0.0035134463807143385,
           "n_close_orders": 11,
           "rentry_pprice_dist": 0.04013927675712447,
           "rentry_pprice_dist_wallet_exposure_weighting": 0.9945346124595819,
           "wallet_exposure_limit": 1}}