{"config_name": "recursive_grid_0days",
 "logging_level": 0,
 "long": {"auto_unstuck_delay_minutes": 1138.1090826274194,
          "auto_unstuck_ema_dist": -0.0006653001155725834,
          "auto_unstuck_qty_pct": 0.023223367641171007,
          "auto_unstuck_wallet_exposure_threshold": 0.35041220461469197,
          "backwards_tp": true,
          "ddown_factor": 2.2707835863491006,
          "ema_span_0": 1411.6946223548812,
          "ema_span_1": 1335.804208668769,
          "enabled": true,
          "initial_eprice_ema_dist": 0.0021943224226400214,
          "initial_qty_pct": 0.012010579939249756,
          "markup_range": 0.004833197526376136,
          "min_markup": 0.004057114569691182,
          "n_close_orders": 15,
          "rentry_pprice_dist": 0.03475191548679297,
          "rentry_pprice_dist_wallet_exposure_weighting": 2.5959782017975637,
          "wallet_exposure_limit": 1},
 "short": {"auto_unstuck_delay_minutes": 1056.2587647038638,
           "auto_unstuck_ema_dist": -0.0007501592435774812,
           "auto_unstuck_qty_pct": 0.010109801728390289,
           "auto_unstuck_wallet_exposure_threshold": 0.41234566224284314,
           "backwards_tp": true,
           "ddown_factor": 0.7599990669174843,
           "ema_span_0": 1292.3013674861013,
           "ema_span_1": 1384.1890320478074,
           "enabled": true,
           "initial_eprice_ema_dist": 9.219443918608253e-05,
           "initial_qty_pct": 0.013888340243403246,
           "markup_range": 0.004617014233188679,
           "min_markup": 0.008324883453463978,
           "n_close_orders": 8,
           "rentry_pprice_dist": 0.030802607984440997,
           "rentry_pprice_dist_wallet_exposure_weighting": 18.46365495810027,
           "wallet_exposure_limit": 1}}