{"config_name": "recursive_grid_0days",
 "logging_level": 0,
 "long": {"auto_unstuck_delay_minutes": 1291.345557999812,
          "auto_unstuck_ema_dist": -0.00540478684178871,
          "auto_unstuck_qty_pct": 0.015289894451198502,
          "auto_unstuck_wallet_exposure_threshold": 0.20698079334339,
          "backwards_tp": true,
          "ddown_factor": 1.1954101388166567,
          "ema_span_0": 896.4638329930463,
          "ema_span_1": 784.8593068841126,
          "enabled": true,
          "initial_eprice_ema_dist": -0.0870997008866209,
          "initial_qty_pct": 0.012310198013628162,
          "markup_range": 0.0032333112637278525,
          "min_markup": 0.00895162760919457,
          "n_close_orders": 2,
          "rentry_pprice_dist": 0.04248353037113406,
          "rentry_pprice_dist_wallet_exposure_weighting": 3.109541854359619,
          "wallet_exposure_limit": 1},
 "short": {"auto_unstuck_delay_minutes": 1108.0150303941693,
           "auto_unstuck_ema_dist": -0.03251290285776913,
           "auto_unstuck_qty_pct": 0.021323531103767456,
           "auto_unstuck_wallet_exposure_threshold": 0.7908624676324887,
           "backwards_tp": true,
           "ddown_factor": 2.375293121946399,
           "ema_span_0": 1161.8497480953176,
           "ema_span_1": 756.3667942868354,
           "enabled": true,
           "initial_eprice_ema_dist": 0.0012778795510343807,
           "initial_qty_pct": 0.010161114963107514,
           "markup_range": 1.4824479067059589e-06,
           "min_markup": 0.0023774394631266987,
           "n_close_orders": 13,
           "rentry_pprice_dist": 0.02570987219018974,
           "rentry_pprice_dist_wallet_exposure_weighting": 0.0,
           "wallet_exposure_limit": 1}}