{"config_name": "recursive_grid_0days",
 "logging_level": 0,
 "long": {"auto_unstuck_delay_minutes": 714.4533936392255,
          "auto_unstuck_ema_dist": -0.011828257417670011,
          "auto_unstuck_qty_pct": 0.01,
          "auto_unstuck_wallet_exposure_threshold": 0.8396197697638468,
          "backwards_tp": true,
          "ddown_factor": 1.669113705169779,
          "ema_span_0": 1057.954314167383,
          "ema_span_1": 521.1756642172619,
          "enabled": true,
          "initial_eprice_ema_dist": -0.03516260505330338,
          "initial_qty_pct": 0.018534706297965095,
          "markup_range": 0.0065323557515550405,
          "min_markup": 0.0043065555176057,
          "n_close_orders": 9,
          "rentry_pprice_dist": 0.03306641642178427,
          "rentry_pprice_dist_wallet_exposure_weighting": 9.270838197362451,
          "wallet_exposure_limit": 1},
 "short": {"auto_unstuck_delay_minutes": 1092.055229211736,
           "auto_unstuck_ema_dist": -0.03383240561699953,
           "auto_unstuck_qty_pct": 0.020929986722580424,
           "auto_unstuck_wallet_exposure_threshold": 0.4507773451589427,
           "backwards_tp": true,
           "ddown_factor": 2.251404841380241,
           "ema_span_0": 332.1323424914465,
           "ema_span_1": 611.3988437739725,
           "enabled": true,
           "initial_eprice_ema_dist": -0.0034363991468286514,
           "initial_qty_pct": 0.015177195886619683,
           "markup_range": 0.0030337325581531794,
           "min_markup": 0.002751517117800208,
           "n_close_orders": 8,
           "rentry_pprice_dist": 0.019453320055873184,
           "rentry_pprice_dist_wallet_exposure_weighting": 3.888733212449491,
           "wallet_exposure_limit": 1}}