{"config_name": "recursive_grid_0days",
 "logging_level": 0,
 "long": {"auto_unstuck_delay_minutes": 876.7332086989662,
          "auto_unstuck_ema_dist": 0.0025525250930138192,
          "auto_unstuck_qty_pct": 0.010080858316768361,
          "auto_unstuck_wallet_exposure_threshold": 0.17146685632352657,
          "backwards_tp": true,
          "ddown_factor": 2.9980488827561143,
          "ema_span_0": 198.35173825167848,
          "ema_span_1": 626.5126955723935,
          "enabled": true,
          "initial_eprice_ema_dist": 0.002998397089820979,
          "initial_qty_pct": 0.01347060749414728,
          "markup_range": 0.0032965706607342633,
          "min_markup": 0.0065351363442529955,
          "n_close_orders": 15,
          "rentry_pprice_dist": 0.03406191422078121,
          "rentry_pprice_dist_wallet_exposure_weighting": 3.403322977526902,
          "wallet_exposure_limit": 1},
 "short": {"auto_unstuck_delay_minutes": 1130.958835691042,
           "auto_unstuck_ema_dist": -0.06545187903619279,
           "auto_unstuck_qty_pct": 0.0162176148117012,
           "auto_unstuck_wallet_exposure_threshold": 0.46790674855753145,
           "backwards_tp": true,
           "ddown_factor": 1.230633039977133,
           "ema_span_0": 1086.1941501192775,
           "ema_span_1": 306.66570353503636,
           "enabled": true,
           "initial_eprice_ema_dist": -0.00698790263377885,
           "initial_qty_pct": 0.017784905525295602,
           "markup_range": 0.006696134467265205,
           "min_markup": 0.009806604851310555,
           "n_close_orders": 15,
           "rentry_pprice_dist": 0.021213796043163872,
           "rentry_pprice_dist_wallet_exposure_weighting": 2.5343514407640697,
           "wallet_exposure_limit": 1}}