{"config_name": "recursive_grid_0days",
 "logging_level": 0,
 "long": {"auto_unstuck_delay_minutes": 572.3076211958095,
          "auto_unstuck_ema_dist": -0.017559139584635203,
          "auto_unstuck_qty_pct": 0.06453193338994222,
          "auto_unstuck_wallet_exposure_threshold": 0.11978842558021952,
          "backwards_tp": true,
          "ddown_factor": 0.33883483890299987,
          "ema_span_0": 842.8973602500458,
          "ema_span_1": 1269.275776532485,
          "enabled": true,
          "initial_eprice_ema_dist": 0.0029999257804275443,
          "initial_qty_pct": 0.014523003353831245,
          "markup_range": 0.007300823310202564,
          "min_markup": 0.008760316773959184,
          "n_close_orders": 2,
          "rentry_pprice_dist": 0.03840674004834948,
          "rentry_pprice_dist_wallet_exposure_weighting": 0.4591721757635893,
          "wallet_exposure_limit": 1},
 "short": {"auto_unstuck_delay_minutes": 797.0347847268555,
           "auto_unstuck_ema_dist": -0.00305653374017019,
           "auto_unstuck_qty_pct": 0.023449935983428333,
           "auto_unstuck_wallet_exposure_threshold": 0.6602385992955259,
           "backwards_tp": true,
           "ddown_factor": 0.5331102866411135,
           "ema_span_0": 1367.253382237758,
           "ema_span_1": 624.7931570803265,
           "enabled": true,
           "initial_eprice_ema_dist": -0.008627186422771155,
           "initial_qty_pct": 0.014854210381528047,
           "markup_range": 0.004209787989222997,
           "min_markup": 0.004040674109366223,
           "n_close_orders": 4,
           "rentry_pprice_dist": 0.01559591043789603,
           "rentry_pprice_dist_wallet_exposure_weighting": 3.2487971852856212,
           "wallet_exposure_limit": 1}}