{"config_name": "neat_grid_0days",
 "logging_level": 0,
 "long": {"auto_unstuck_delay_minutes": 1070.1815373548548,
          "auto_unstuck_ema_dist": -0.04178854659910562,
          "auto_unstuck_qty_pct": 0.020535411615993555,
          "auto_unstuck_wallet_exposure_threshold": 0.4884374577783266,
          "backwards_tp": true,
          "ema_span_0": 1202.878426022801,
          "ema_span_1": 840.6685855759885,
          "enabled": true,
          "eprice_exp_base": 1.0989056760375406,
          "eqty_exp_base": 3.1116572856071993,
          "grid_span": 0.13595562563868033,
          "initial_eprice_ema_dist": 0.0006935681256839439,
          "initial_qty_pct": 0.012578916533481085,
          "markup_range": 0.00988153066900415,
          "max_n_entry_orders": 9,
          "min_markup": 0.0072194691850736336,
          "n_close_orders": 10,
          "wallet_exposure_limit": 1},
 "short": {"auto_unstuck_delay_minutes": 1276.5304010329335,
           "auto_unstuck_ema_dist": -0.005371837408460239,
           "auto_unstuck_qty_pct": 0.03625186747470076,
           "auto_unstuck_wallet_exposure_threshold": 0.172467872274705,
           "backwards_tp": true,
           "ema_span_0": 568.7664237784585,
           "ema_span_1": 1015.5465732987756,
           "enabled": true,
           "eprice_exp_base": 1.0027847482406218,
           "eqty_exp_base": 1.6554852220749905,
           "grid_span": 0.17063996467610135,
           "initial_eprice_ema_dist": -0.0035891586908563485,
           "initial_qty_pct": 0.011402515290221417,
           "markup_range": 0.013831527977217432,
           "max_n_entry_orders": 14,
           "min_markup": 0.009514514600822775,
           "n_close_orders": 14,
           "wallet_exposure_limit": 1}}