{"config_name": "neat_grid_0days",
 "logging_level": 0,
 "long": {"auto_unstuck_delay_minutes": 1410.2617536223438,
          "auto_unstuck_ema_dist": -0.07382972647481471,
          "auto_unstuck_qty_pct": 0.013585576994096567,
          "auto_unstuck_wallet_exposure_threshold": 0.5347406980723225,
          "backwards_tp": true,
          "ema_span_0": 1273.9259663849127,
          "ema_span_1": 976.1240373461767,
          "enabled": true,
          "eprice_exp_base": 1.1304824300805365,
          "eqty_exp_base": 2.048053538220396,
          "grid_span": 0.17431757247031854,
          "initial_eprice_ema_dist": -0.0008322492678262902,
          "initial_qty_pct": 0.014659795275296102,
          "markup_range": 0.0068827123745316375,
          "max_n_entry_orders": 9,
          "min_markup": 0.009457337723553772,
          "n_close_orders": 10,
          "wallet_exposure_limit": 1},
 "short": {"auto_unstuck_delay_minutes": 1385.336455858615,
           "auto_unstuck_ema_dist": -0.09420340704641568,
           "auto_unstuck_qty_pct": 0.03727852876925451,
           "auto_unstuck_wallet_exposure_threshold": 0.264002908997623,
           "backwards_tp": true,
           "ema_span_0": 1281.230049366816,
           "ema_span_1": 1278.553940164715,
           "enabled": true,
           "eprice_exp_base": 1.0486886922883731,
           "eqty_exp_base": 2.9727407510302357,
           "grid_span": 0.3446674736354055,
           "initial_eprice_ema_dist": -0.006685159124024106,
           "initial_qty_pct": 0.014888999115593918,
           "markup_range": 0.006611724146697535,
           "max_n_entry_orders": 22,
           "min_markup": 0.005586593437728122,
           "n_close_orders": 6,
           "wallet_exposure_limit": 1}}