{"config_name": "neat_grid_0days",
 "logging_level": 0,
 "long": {"auto_unstuck_delay_minutes": 512.954485856899,
          "auto_unstuck_ema_dist": -0.08738533939626417,
          "auto_unstuck_qty_pct": 0.01331698727142276,
          "auto_unstuck_wallet_exposure_threshold": 0.5814864212751013,
          "backwards_tp": true,
          "ema_span_0": 1285.8326819362887,
          "ema_span_1": 808.0766027268156,
          "enabled": true,
          "eprice_exp_base": 1.1379840578411964,
          "eqty_exp_base": 2.9356354906253888,
          "grid_span": 0.18091340932610026,
          "initial_eprice_ema_dist": -0.012270926754001607,
          "initial_qty_pct": 0.010370313894364628,
          "markup_range": 0.002659678503765652,
          "max_n_entry_orders": 7,
          "min_markup": 0.0018911284968429482,
          "n_close_orders": 10,
          "wallet_exposure_limit": 1},
 "short": {"auto_unstuck_delay_minutes": 1292.3642218373102,
           "auto_unstuck_ema_dist": 0.0012893259061435207,
           "auto_unstuck_qty_pct": 0.015027018538810765,
           "auto_unstuck_wallet_exposure_threshold": 0.38886320039115374,
           "backwards_tp": true,
           "ema_span_0": 1295.4428901703836,
           "ema_span_1": 1281.3196012693616,
           "enabled": true,
           "eprice_exp_base": 1.2583345395632914,
           "eqty_exp_base": 1.2487561820451594,
           "grid_span": 0.17048401906152855,
           "initial_eprice_ema_dist": -0.007486011963225201,
           "initial_qty_pct": 0.011893585474493814,
           "markup_range": 0.006166383965142319,
           "max_n_entry_orders": 8,
           "min_markup": 0.0027262762638605533,
           "n_close_orders": 2,
           "wallet_exposure_limit": 1}}