{"config_name": "neat_grid_0days",
 "logging_level": 0,
 "long": {"auto_unstuck_delay_minutes": 960.3746234843208,
          "auto_unstuck_ema_dist": -0.048457382791266664,
          "auto_unstuck_qty_pct": 0.012067551003702359,
          "auto_unstuck_wallet_exposure_threshold": 0.10629829000150466,
          "backwards_tp": true,
          "ema_span_0": 640.991129390323,
          "ema_span_1": 1271.5823282216813,
          "enabled": true,
          "eprice_exp_base": 1,
          "eqty_exp_base": 1.3478568273779048,
          "grid_span": 0.11618801342028731,
          "initial_eprice_ema_dist": 0.0026706178053054848,
          "initial_qty_pct": 0.010122020357749307,
          "markup_range": 0.0010743063424602571,
          "max_n_entry_orders": 10,
          "min_markup": 0.0011759232733491204,
          "n_close_orders": 2,
          "wallet_exposure_limit": 1},
 "short": {"auto_unstuck_delay_minutes": 1440,
           "auto_unstuck_ema_dist": -0.1,
           "auto_unstuck_qty_pct": 0.08845451160886725,
           "auto_unstuck_wallet_exposure_threshold": 0.13130853078290408,
           "backwards_tp": true,
           "ema_span_0": 937.1304708106309,
           "ema_span_1": 1334.7360945648852,
           "enabled": true,
           "eprice_exp_base": 1,
           "eqty_exp_base": 1,
           "grid_span": 0.7,
           "initial_eprice_ema_dist": -0.007847899764953224,
           "initial_qty_pct": 0.013301806022247857,
           "markup_range": 0.0,
           "max_n_entry_orders": 19,
           "min_markup": 0.001,
           "n_close_orders": 10,
           "wallet_exposure_limit": 1}}