{"config_name": "neat_grid_0days",
 "logging_level": 0,
 "long": {"auto_unstuck_delay_minutes": 1348.1645182578902,
          "auto_unstuck_ema_dist": -0.1,
          "auto_unstuck_qty_pct": 0.019282574436315286,
          "auto_unstuck_wallet_exposure_threshold": 0.1,
          "backwards_tp": true,
          "ema_span_0": 5,
          "ema_span_1": 217.7660549162885,
          "enabled": true,
          "eprice_exp_base": 1,
          "eqty_exp_base": 2.598458917338344,
          "grid_span": 0.29473183417962856,
          "initial_eprice_ema_dist": -0.008308278247972482,
          "initial_qty_pct": 0.01,
          "markup_range": 0.0015446755748809576,
          "max_n_entry_orders": 11,
          "min_markup": 0.003934544128024333,
          "n_close_orders": 13,
          "wallet_exposure_limit": 1},
 "short": {"auto_unstuck_delay_minutes": 662.0328807482778,
           "auto_unstuck_ema_dist": -0.03388835151083124,
           "auto_unstuck_qty_pct": 0.02677403800493677,
           "auto_unstuck_wallet_exposure_threshold": 0.4475004713668104,
           "backwards_tp": true,
           "ema_span_0": 1270.7261560421712,
           "ema_span_1": 1161.190969744062,
           "enabled": true,
           "eprice_exp_base": 1,
           "eqty_exp_base": 1.3913394067679532,
           "grid_span": 0.2612877525914638,
           "initial_eprice_ema_dist": 0.0016097517798800234,
           "initial_qty_pct": 0.011654600089727057,
           "markup_range": 0.01808686260285191,
           "max_n_entry_orders": 9,
           "min_markup": 0.005755808458607143,
           "n_close_orders": 16,
           "wallet_exposure_limit": 1}}