{"config_name": "neat_grid_0days",
 "logging_level": 0,
 "long": {"auto_unstuck_delay_minutes": 1194.5468367977514,
          "auto_unstuck_ema_dist": 0.0015442360434542873,
          "auto_unstuck_qty_pct": 0.010508241553814046,
          "auto_unstuck_wallet_exposure_threshold": 0.7067653970987103,
          "backwards_tp": true,
          "ema_span_0": 346.24439698712536,
          "ema_span_1": 410.02540315728857,
          "enabled": true,
          "eprice_exp_base": 1.0057675059683195,
          "eqty_exp_base": 1.2119691089145548,
          "grid_span": 0.32915898107844216,
          "initial_eprice_ema_dist": -0.0011320110324060664,
          "initial_qty_pct": 0.015498195499082029,
          "markup_range": 0.009120734708312457,
          "max_n_entry_orders": 12,
          "min_markup": 0.008137096732895536,
          "n_close_orders": 4,
          "wallet_exposure_limit": 1},
 "short": {"auto_unstuck_delay_minutes": 901.4628205529368,
           "auto_unstuck_ema_dist": -0.09522971301620199,
           "auto_unstuck_qty_pct": 0.09802347609466765,
           "auto_unstuck_wallet_exposure_threshold": 0.2173148086485413,
           "backwards_tp": true,
           "ema_span_0": 1017.0745544177877,
           "ema_span_1": 1384.6565632089707,
           "enabled": true,
           "eprice_exp_base": 1.3457060073819271,
           "eqty_exp_base": 1.7570600615140244,
           "grid_span": 0.3670729585845791,
           "initial_eprice_ema_dist": 0.00296960849411455,
           "initial_qty_pct": 0.01845454710912966,
           "markup_range": 0.005628610947054199,
           "max_n_entry_orders": 10,
           "min_markup": 0.0054591177423433,
           "n_close_orders": 14,
           "wallet_exposure_limit": 1}}