{"config_name": "neat_grid_0days",
 "logging_level": 0,
 "long": {"auto_unstuck_delay_minutes": 1032.399942639176,
          "auto_unstuck_ema_dist": -0.017195498797047265,
          "auto_unstuck_qty_pct": 0.034458755457195595,
          "auto_unstuck_wallet_exposure_threshold": 0.40949424829507347,
          "backwards_tp": true,
          "ema_span_0": 170.38970954039374,
          "ema_span_1": 238.45090654777638,
          "enabled": true,
          "eprice_exp_base": 1.1258066010291534,
          "eqty_exp_base": 1.9202161210547297,
          "grid_span": 0.17093734427651444,
          "initial_eprice_ema_dist": 0.002970712674591086,
          "initial_qty_pct": 0.010001890600374617,
          "markup_range": 0.005366461327996013,
          "max_n_entry_orders": 8,
          "min_markup": 0.005110310500275173,
          "n_close_orders": 3,
          "wallet_exposure_limit": 1},
 "short": {"auto_unstuck_delay_minutes": 427.43314967119693,
           "auto_unstuck_ema_dist": -0.015069235149086207,
           "auto_unstuck_qty_pct": 0.03269801913949281,
           "auto_unstuck_wallet_exposure_threshold": 0.48309471306667423,
           "backwards_tp": true,
           "ema_span_0": 548.3361412766191,
           "ema_span_1": 1439.9448369670429,
           "enabled": true,
           "eprice_exp_base": 1.2816451454175464,
           "eqty_exp_base": 1.0420821403237326,
           "grid_span": 0.24160033233829353,
           "initial_eprice_ema_dist": 0.00015688382484887794,
           "initial_qty_pct": 0.01,
           "markup_range": 0.0005254866320474633,
           "max_n_entry_orders": 9,
           "min_markup": 0.0036087658651600615,
           "n_close_orders": 7,
           "wallet_exposure_limit": 1}}