{"config_name": "neat_grid_0days",
 "logging_level": 0,
 "long": {"auto_unstuck_delay_minutes": 1414.4282366995724,
          "auto_unstuck_ema_dist": -0.044875848013224855,
          "auto_unstuck_qty_pct": 0.05240307219025504,
          "auto_unstuck_wallet_exposure_threshold": 0.36045190376272707,
          "backwards_tp": true,
          "ema_span_0": 570.9395098454575,
          "ema_span_1": 769.3916393939735,
          "enabled": true,
          "eprice_exp_base": 1,
          "eqty_exp_base": 1.3609288115127196,
          "grid_span": 0.3918007175578283,
          "initial_eprice_ema_dist": 0.0012610700563151043,
          "initial_qty_pct": 0.010000198752665156,
          "markup_range": 0.005873500724456789,
          "max_n_entry_orders": 10,
          "min_markup": 0.0010724149708929486,
          "n_close_orders": 5,
          "wallet_exposure_limit": 1},
 "short": {"auto_unstuck_delay_minutes": 975.8964491754076,
           "auto_unstuck_ema_dist": -0.010233189214371316,
           "auto_unstuck_qty_pct": 0.012389522982621573,
           "auto_unstuck_wallet_exposure_threshold": 0.6029963414394741,
           "backwards_tp": true,
           "ema_span_0": 1403.619056789173,
           "ema_span_1": 1237.3464438209855,
           "enabled": true,
           "eprice_exp_base": 1.1207151465218443,
           "eqty_exp_base": 3.065396314071371,
           "grid_span": 0.18430668521285287,
           "initial_eprice_ema_dist": -0.0033768145227362966,
           "initial_qty_pct": 0.0157733605014578,
           "markup_range": 0.012073959848216125,
           "max_n_entry_orders": 8,
           "min_markup": 0.005377618159652788,
           "n_close_orders": 2,
           "wallet_exposure_limit": 1}}