{"config_name": "neat_grid_0days",
 "logging_level": 0,
 "long": {"auto_unstuck_delay_minutes": 960.3746234843208,
          "auto_unstuck_ema_dist": -0.048457382791266664,
          "auto_unstuck_qty_pct": 0.012067551003702359,
          "auto_unstuck_wallet_exposure_threshold": 0.10629829000150466,
          "backwards_tp": true,
          "ema_span_0": 640.991129390323,
          "ema_span_1": 1271.5823282216813,
          "enabled": true,
          "eprice_exp_base": 1,
          "eqty_exp_base": 1.3478568273779048,
          "grid_span": 0.11618801342028731,
          "initial_eprice_ema_dist": 0.0026706178053054848,
          "initial_qty_pct": 0.010122020357749307,
          "markup_range": 0.0010743063424602571,
          "max_n_entry_orders": 10,
          "min_markup": 0.0011759232733491204,
          "n_close_orders": 2,
          "wallet_exposure_limit": 1},
 "short": {"auto_unstuck_delay_minutes": 588.4046506251598,
           "auto_unstuck_ema_dist": -0.04929267586320539,
           "auto_unstuck_qty_pct": 0.02862607293805084,
           "auto_unstuck_wallet_exposure_threshold": 0.2796812591951138,
           "backwards_tp": true,
           "ema_span_0": 983.3912263591697,
           "ema_span_1": 1291.369846357907,
           "enabled": true,
           "eprice_exp_base": 1.0623121946221181,
           "eqty_exp_base": 1.1639082421634233,
           "grid_span": 0.5127404697753712,
           "initial_eprice_ema_dist": 0.0016943324124452292,
           "initial_qty_pct": 0.014164359772480019,
           "markup_range": 0.0056096624613933155,
           "max_n_entry_orders": 17,
           "min_markup": 0.009538893707668243,
           "n_close_orders": 2,
           "wallet_exposure_limit": 1}}