{"config_name": "neat_grid_0days",
 "logging_level": 0,
 "long": {"auto_unstuck_delay_minutes": 1063.4092512849797,
          "auto_unstuck_ema_dist": -0.007804317744943648,
          "auto_unstuck_qty_pct": 0.012827505738499128,
          "auto_unstuck_wallet_exposure_threshold": 0.23114110655160536,
          "backwards_tp": true,
          "ema_span_0": 471.51598421925127,
          "ema_span_1": 690.0351092432278,
          "enabled": true,
          "eprice_exp_base": 1.1562934653212311,
          "eqty_exp_base": 2.0699935345270997,
          "grid_span": 0.15929253434258953,
          "initial_eprice_ema_dist": -0.00866265020952416,
          "initial_qty_pct": 0.011026991701794699,
          "markup_range": 0.005901207434692439,
          "max_n_entry_orders": 7,
          "min_markup": 0.005892201524839872,
          "n_close_orders": 13,
          "wallet_exposure_limit": 1},
 "short": {"auto_unstuck_delay_minutes": 975.8964491754076,
           "auto_unstuck_ema_dist": -0.010233189214371316,
           "auto_unstuck_qty_pct": 0.012389522982621573,
           "auto_unstuck_wallet_exposure_threshold": 0.6029963414394741,
           "backwards_tp": true,
           "ema_span_0": 1403.619056789173,
           "ema_span_1": 1237.3464438209855,
           "enabled": true,
           "eprice_exp_base": 1.1207151465218443,
           "eqty_exp_base": 3.065396314071371,
           "grid_span": 0.18430668521285287,
           "initial_eprice_ema_dist": -0.0033768145227362966,
           "initial_qty_pct": 0.0157733605014578,
           "markup_range": 0.012073959848216125,
           "max_n_entry_orders": 8,
           "min_markup": 0.005377618159652788,
           "n_close_orders": 2,
           "wallet_exposure_limit": 1}}