{"config_name": "neat_grid_0days",
 "logging_level": 0,
 "long": {"auto_unstuck_delay_minutes": 1253.4046838701397,
          "auto_unstuck_ema_dist": -0.038304871892965775,
          "auto_unstuck_qty_pct": 0.011009382613533916,
          "auto_unstuck_wallet_exposure_threshold": 0.7565350300248895,
          "backwards_tp": true,
          "ema_span_0": 535.751315950031,
          "ema_span_1": 436.03558382513296,
          "enabled": true,
          "eprice_exp_base": 1.1783337963433893,
          "eqty_exp_base": 1.0000124766419358,
          "grid_span": 0.32119215268552676,
          "initial_eprice_ema_dist": 0.002997427280291333,
          "initial_qty_pct": 0.014236466472424011,
          "markup_range": 0.0038804863508184796,
          "max_n_entry_orders": 7,
          "min_markup": 0.004239300939060961,
          "n_close_orders": 4,
          "wallet_exposure_limit": 1},
 "short": {"auto_unstuck_delay_minutes": 1363.1256062159623,
           "auto_unstuck_ema_dist": -0.0062457110276821284,
           "auto_unstuck_qty_pct": 0.022309067051932994,
           "auto_unstuck_wallet_exposure_threshold": 0.7915770920029535,
           "backwards_tp": true,
           "ema_span_0": 163.98869270457698,
           "ema_span_1": 555.5142559278546,
           "enabled": true,
           "eprice_exp_base": 1.1211887337116984,
           "eqty_exp_base": 3.612510369922904,
           "grid_span": 0.15402442098786912,
           "initial_eprice_ema_dist": 0.0025458854211192167,
           "initial_qty_pct": 0.01,
           "markup_range": 0.0014841702678626398,
           "max_n_entry_orders": 19,
           "min_markup": 0.003510232273971882,
           "n_close_orders": 8,
           "wallet_exposure_limit": 1}}