{"config_name": "neat_grid_0days",
 "logging_level": 0,
 "long": {"auto_unstuck_delay_minutes": 398.82361184535074,
          "auto_unstuck_ema_dist": -0.0018062727097298815,
          "auto_unstuck_qty_pct": 0.06035714231382467,
          "auto_unstuck_wallet_exposure_threshold": 0.18489938277491794,
          "backwards_tp": true,
          "ema_span_0": 942.5494609680151,
          "ema_span_1": 957.4417034642877,
          "enabled": true,
          "eprice_exp_base": 1.1931781533327768,
          "eqty_exp_base": 1.0964573436703675,
          "grid_span": 0.12559083611289854,
          "initial_eprice_ema_dist": 0.003,
          "initial_qty_pct": 0.020902081014903626,
          "markup_range": 0.001371605517100114,
          "max_n_entry_orders": 9,
          "min_markup": 0.003971431275240029,
          "n_close_orders": 8,
          "wallet_exposure_limit": 1},
 "short": {"auto_unstuck_delay_minutes": 1423.921294748867,
           "auto_unstuck_ema_dist": -0.01054633715749864,
           "auto_unstuck_qty_pct": 0.025231824190068527,
           "auto_unstuck_wallet_exposure_threshold": 0.5562738224879781,
           "backwards_tp": true,
           "ema_span_0": 1134.3083842624956,
           "ema_span_1": 1417.6032201330115,
           "enabled": true,
           "eprice_exp_base": 1.49326815245357,
           "eqty_exp_base": 2.430999243247185,
           "grid_span": 0.6161292264371845,
           "initial_eprice_ema_dist": -0.0017873366115620456,
           "initial_qty_pct": 0.01,
           "markup_range": 0.0022510161783562328,
           "max_n_entry_orders": 7,
           "min_markup": 0.0016546885919722174,
           "n_close_orders": 2,
           "wallet_exposure_limit": 1}}