{"config_name": "neat_grid_0days",
 "logging_level": 0,
 "long": {"auto_unstuck_delay_minutes": 793.2545239738062,
          "auto_unstuck_ema_dist": -0.03896660901176437,
          "auto_unstuck_qty_pct": 0.012361265284135729,
          "auto_unstuck_wallet_exposure_threshold": 0.30548267749905744,
          "backwards_tp": true,
          "ema_span_0": 48.17216740380098,
          "ema_span_1": 100.19106007147514,
          "enabled": true,
          "eprice_exp_base": 1.016964250898853,
          "eqty_exp_base": 1.194015840439302,
          "grid_span": 0.18696681323417724,
          "initial_eprice_ema_dist": 0.003,
          "initial_qty_pct": 0.010004776049590054,
          "markup_range": 0.001662490677103238,
          "max_n_entry_orders": 9,
          "min_markup": 0.0024005439540925057,
          "n_close_orders": 12,
          "wallet_exposure_limit": 1},
 "short": {"auto_unstuck_delay_minutes": 1171.8660327078721,
           "auto_unstuck_ema_dist": 0.0010404359098154367,
           "auto_unstuck_qty_pct": 0.03744987471117407,
           "auto_unstuck_wallet_exposure_threshold": 0.28900607896078573,
           "backwards_tp": true,
           "ema_span_0": 1439.9879454262705,
           "ema_span_1": 1219.8504923696867,
           "enabled": true,
           "eprice_exp_base": 1.1366278697386527,
           "eqty_exp_base": 3.776143260983698,
           "grid_span": 0.14105408675979655,
           "initial_eprice_ema_dist": -0.0035661931599020873,
           "initial_qty_pct": 0.012631971453531747,
           "markup_range": 0.010597028703543954,
           "max_n_entry_orders": 9,
           "min_markup": 0.003366953304513386,
           "n_close_orders": 2,
           "wallet_exposure_limit": 1}}