{"config_name": "neat_grid_0days",
 "logging_level": 0,
 "long": {"auto_unstuck_delay_minutes": 520.3285904559001,
          "auto_unstuck_ema_dist": -0.017174109942522626,
          "auto_unstuck_qty_pct": 0.07810375032195041,
          "auto_unstuck_wallet_exposure_threshold": 0.3240180166266071,
          "backwards_tp": true,
          "ema_span_0": 968.8584219537111,
          "ema_span_1": 972.4746626778939,
          "enabled": true,
          "eprice_exp_base": 1.1731663758816118,
          "eqty_exp_base": 2.2763816726503254,
          "grid_span": 0.11871965205016287,
          "initial_eprice_ema_dist": -0.0002491323917988226,
          "initial_qty_pct": 0.011407671746307885,
          "markup_range": 0.007093503414663383,
          "max_n_entry_orders": 8,
          "min_markup": 0.00675592571088514,
          "n_close_orders": 2,
          "wallet_exposure_limit": 1},
 "short": {"auto_unstuck_delay_minutes": 1398.1525462310153,
           "auto_unstuck_ema_dist": -0.029975974725643426,
           "auto_unstuck_qty_pct": 0.011312341289538945,
           "auto_unstuck_wallet_exposure_threshold": 0.24742620321144482,
           "backwards_tp": true,
           "ema_span_0": 1142.2176615574115,
           "ema_span_1": 753.5256060724964,
           "enabled": true,
           "eprice_exp_base": 1.000596610216215,
           "eqty_exp_base": 3.9532798031157883,
           "grid_span": 0.2249462824965027,
           "initial_eprice_ema_dist": -0.0018513129277423425,
           "initial_qty_pct": 0.024901484513101063,
           "markup_range": 0.0063956741841867445,
           "max_n_entry_orders": 16,
           "min_markup": 0.00949384168492085,
           "n_close_orders": 13,
           "wallet_exposure_limit": 1}}