{"config_name": "neat_grid_0days",
 "logging_level": 0,
 "long": {"auto_unstuck_delay_minutes": 943.60209581509,
          "auto_unstuck_ema_dist": -0.01263026083130537,
          "auto_unstuck_qty_pct": 0.039372718038203386,
          "auto_unstuck_wallet_exposure_threshold": 0.6815375874327977,
          "backwards_tp": true,
          "ema_span_0": 321.69754508505173,
          "ema_span_1": 498.1474333283621,
          "enabled": true,
          "eprice_exp_base": 1,
          "eqty_exp_base": 1.4632073698606816,
          "grid_span": 0.14643215943134671,
          "initial_eprice_ema_dist": -0.004652328568934448,
          "initial_qty_pct": 0.011784602775104874,
          "markup_range": 0.0024085386532988005,
          "max_n_entry_orders": 7,
          "min_markup": 0.004997300530726923,
          "n_close_orders": 5,
          "wallet_exposure_limit": 1},
 "short": {"auto_unstuck_delay_minutes": 555.2890801754734,
           "auto_unstuck_ema_dist": -0.07293895802371184,
           "auto_unstuck_qty_pct": 0.01977198337138484,
           "auto_unstuck_wallet_exposure_threshold": 0.22252193349806754,
           "backwards_tp": true,
           "ema_span_0": 1395.4537934484572,
           "ema_span_1": 5,
           "enabled": true,
           "eprice_exp_base": 1,
           "eqty_exp_base": 4,
           "grid_span": 0.1,
           "initial_eprice_ema_dist": -0.07416768238390478,
           "initial_qty_pct": 0.020330420387724427,
           "markup_range": 0.0,
           "max_n_entry_orders": 7,
           "min_markup": 0.007165392989951001,
           "n_close_orders": 14,
           "wallet_exposure_limit": 1.0}}