{"config_name": "neat_grid_0days",
 "logging_level": 0,
 "long": {"auto_unstuck_delay_minutes": 724.9952620857599,
          "auto_unstuck_ema_dist": -0.009412852770201562,
          "auto_unstuck_qty_pct": 0.013710698282969577,
          "auto_unstuck_wallet_exposure_threshold": 0.19993580440002118,
          "backwards_tp": true,
          "ema_span_0": 1021.063058531578,
          "ema_span_1": 1427.5059348230843,
          "enabled": true,
          "eprice_exp_base": 1.1709333618683002,
          "eqty_exp_base": 1.2727312289052846,
          "grid_span": 0.16615323718905609,
          "initial_eprice_ema_dist": 0.003,
          "initial_qty_pct": 0.01819571321711823,
          "markup_range": 0.004992543479838617,
          "max_n_entry_orders": 7,
          "min_markup": 0.0038858885051931296,
          "n_close_orders": 6,
          "wallet_exposure_limit": 1},
 "short": {"auto_unstuck_delay_minutes": 779.4937631903803,
           "auto_unstuck_ema_dist": -0.09059141530018994,
           "auto_unstuck_qty_pct": 0.030190248656495958,
           "auto_unstuck_wallet_exposure_threshold": 0.16656753914639674,
           "backwards_tp": true,
           "ema_span_0": 560.5725837372815,
           "ema_span_1": 682.643601180339,
           "enabled": true,
           "eprice_exp_base": 1.2343150273880885,
           "eqty_exp_base": 3.7828761721681,
           "grid_span": 0.1824047658902641,
           "initial_eprice_ema_dist": 0.002946770070514348,
           "initial_qty_pct": 0.021382527309153382,
           "markup_range": 0.0032343642961400864,
           "max_n_entry_orders": 15,
           "min_markup": 0.004032169043735039,
           "n_close_orders": 5,
           "wallet_exposure_limit": 1}}