{"config_name": "neat_grid_0days",
 "logging_level": 0,
 "long": {"auto_unstuck_delay_minutes": 1378.7780069655125,
          "auto_unstuck_ema_dist": -0.0010437234686020854,
          "auto_unstuck_qty_pct": 0.018251685020392195,
          "auto_unstuck_wallet_exposure_threshold": 0.41206295679037963,
          "backwards_tp": true,
          "ema_span_0": 291.7228473884728,
          "ema_span_1": 1013.4048788329329,
          "enabled": true,
          "eprice_exp_base": 1.0024463023686172,
          "eqty_exp_base": 2.1375804205399946,
          "grid_span": 0.1889016438886915,
          "initial_eprice_ema_dist": -0.005319902898512875,
          "initial_qty_pct": 0.011472895466656714,
          "markup_range": 0.007540656271550558,
          "max_n_entry_orders": 9,
          "min_markup": 0.007965667917701006,
          "n_close_orders": 6,
          "wallet_exposure_limit": 1},
 "short": {"auto_unstuck_delay_minutes": 1363.1484006800329,
           "auto_unstuck_ema_dist": -0.0519833636630822,
           "auto_unstuck_qty_pct": 0.024727198133860276,
           "auto_unstuck_wallet_exposure_threshold": 0.10486588866338392,
           "backwards_tp": true,
           "ema_span_0": 104.77950224569675,
           "ema_span_1": 799.4052154797295,
           "enabled": true,
           "eprice_exp_base": 1.0271631877746854,
           "eqty_exp_base": 2.310501608272923,
           "grid_span": 0.20915577782013944,
           "initial_eprice_ema_dist": -0.004087835487450017,
           "initial_qty_pct": 0.016086983449732032,
           "markup_range": 0.0053146317369995345,
           "max_n_entry_orders": 13,
           "min_markup": 0.0036103243038598373,
           "n_close_orders": 11,
           "wallet_exposure_limit": 1}}