{"config_name": "neat_grid_0days",
 "logging_level": 0,
 "long": {"auto_unstuck_delay_minutes": 1220.1693190259343,
          "auto_unstuck_ema_dist": -0.055848604265624165,
          "auto_unstuck_qty_pct": 0.01663793130176452,
          "auto_unstuck_wallet_exposure_threshold": 0.22320529412018741,
          "backwards_tp": true,
          "ema_span_0": 1034.768989555157,
          "ema_span_1": 645.9178238852667,
          "enabled": true,
          "eprice_exp_base": 1.0264132632197753,
          "eqty_exp_base": 1.5947127337419398,
          "grid_span": 0.3243406544149025,
          "initial_eprice_ema_dist": -0.0008614015973919106,
          "initial_qty_pct": 0.01345951019188534,
          "markup_range": 0.0060631363436918564,
          "max_n_entry_orders": 9,
          "min_markup": 0.00693012419765506,
          "n_close_orders": 12,
          "wallet_exposure_limit": 1},
 "short": {"auto_unstuck_delay_minutes": 1161.4411702489633,
           "auto_unstuck_ema_dist": -0.004617109849520608,
           "auto_unstuck_qty_pct": 0.01648366731345862,
           "auto_unstuck_wallet_exposure_threshold": 0.7094846767314997,
           "backwards_tp": true,
           "ema_span_0": 1440,
           "ema_span_1": 1438.151047326744,
           "enabled": true,
           "eprice_exp_base": 1.2439694930330072,
           "eqty_exp_base": 1.231452107109689,
           "grid_span": 0.4365969496517578,
           "initial_eprice_ema_dist": -0.0019017444320947494,
           "initial_qty_pct": 0.01,
           "markup_range": 0.003842107206680762,
           "max_n_entry_orders": 9,
           "min_markup": 0.001638247139852082,
           "n_close_orders": 2,
           "wallet_exposure_limit": 1}}