{"config_name": "neat_grid_0days",
 "logging_level": 0,
 "long": {"auto_unstuck_delay_minutes": 1154.1234213866198,
          "auto_unstuck_ema_dist": -0.09890884061065909,
          "auto_unstuck_qty_pct": 0.018277489664642724,
          "auto_unstuck_wallet_exposure_threshold": 0.6500138558074183,
          "backwards_tp": true,
          "ema_span_0": 13.535331207723727,
          "ema_span_1": 112.52103206000228,
          "enabled": true,
          "eprice_exp_base": 1.0208462694847291,
          "eqty_exp_base": 1.6589580057392717,
          "grid_span": 0.22744709686663722,
          "initial_eprice_ema_dist": -0.09418562138219089,
          "initial_qty_pct": 0.010583088683055748,
          "markup_range": 0.0012264937554110399,
          "max_n_entry_orders": 10,
          "min_markup": 0.0047886653841788,
          "n_close_orders": 6,
          "wallet_exposure_limit": 1},
 "short": {"auto_unstuck_delay_minutes": 1045.2223878600516,
           "auto_unstuck_ema_dist": -0.016983026957580055,
           "auto_unstuck_qty_pct": 0.024148208283841528,
           "auto_unstuck_wallet_exposure_threshold": 0.24006580640445715,
           "backwards_tp": true,
           "ema_span_0": 1350.9493403857823,
           "ema_span_1": 340.6390300857008,
           "enabled": true,
           "eprice_exp_base": 1.1234393014040378,
           "eqty_exp_base": 1.0751630761054183,
           "grid_span": 0.2490562513113308,
           "initial_eprice_ema_dist": 0.0017677669683755432,
           "initial_qty_pct": 0.028104357828053206,
           "markup_range": 0.0013200009906924105,
           "max_n_entry_orders": 10,
           "min_markup": 0.003998932575209124,
           "n_close_orders": 16,
           "wallet_exposure_limit": 1}}