{"config_name": "neat_grid_0days",
 "logging_level": 0,
 "long": {"auto_unstuck_delay_minutes": 812.1405300432821,
          "auto_unstuck_ema_dist": -0.07316289199411792,
          "auto_unstuck_qty_pct": 0.01351695688979675,
          "auto_unstuck_wallet_exposure_threshold": 0.6839145754479681,
          "backwards_tp": true,
          "ema_span_0": 287.44273241602025,
          "ema_span_1": 372.5358604554202,
          "enabled": true,
          "eprice_exp_base": 1.1092755889643573,
          "eqty_exp_base": 1.689255839667313,
          "grid_span": 0.2786094660494714,
          "initial_eprice_ema_dist": -0.03593013325795827,
          "initial_qty_pct": 0.013742862620661567,
          "markup_range": 0.004518112930359438,
          "max_n_entry_orders": 10,
          "min_markup": 0.008188346756994458,
          "n_close_orders": 10,
          "wallet_exposure_limit": 1},
 "short": {"auto_unstuck_delay_minutes": 1276.5304010329335,
           "auto_unstuck_ema_dist": -0.005371837408460239,
           "auto_unstuck_qty_pct": 0.03625186747470076,
           "auto_unstuck_wallet_exposure_threshold": 0.172467872274705,
           "backwards_tp": true,
           "ema_span_0": 568.7664237784585,
           "ema_span_1": 1015.5465732987756,
           "enabled": true,
           "eprice_exp_base": 1.0027847482406218,
           "eqty_exp_base": 1.6554852220749905,
           "grid_span": 0.17063996467610135,
           "initial_eprice_ema_dist": -0.0035891586908563485,
           "initial_qty_pct": 0.011402515290221417,
           "markup_range": 0.013831527977217432,
           "max_n_entry_orders": 14,
           "min_markup": 0.009514514600822775,
           "n_close_orders": 14,
           "wallet_exposure_limit": 1}}