{"config_name": "neat_grid_0days",
 "logging_level": 0,
 "long": {"auto_unstuck_delay_minutes": 1390.595235283437,
          "auto_unstuck_ema_dist": -0.01514134294845544,
          "auto_unstuck_qty_pct": 0.010665366560617114,
          "auto_unstuck_wallet_exposure_threshold": 0.6205612202100563,
          "backwards_tp": true,
          "ema_span_0": 1174.9934620766958,
          "ema_span_1": 1121.7994195688743,
          "enabled": true,
          "eprice_exp_base": 1.0712729432182215,
          "eqty_exp_base": 1.853903288341679,
          "grid_span": 0.13891906232585272,
          "initial_eprice_ema_dist": -0.0006290335606072674,
          "initial_qty_pct": 0.012316845415467337,
          "markup_range": 0.0032963725874129686,
          "max_n_entry_orders": 9,
          "min_markup": 0.008139762803669787,
          "n_close_orders": 10,
          "wallet_exposure_limit": 1},
 "short": {"auto_unstuck_delay_minutes": 881.3342205816584,
           "auto_unstuck_ema_dist": -0.06285848587604896,
           "auto_unstuck_qty_pct": 0.0317192059965618,
           "auto_unstuck_wallet_exposure_threshold": 0.2624263191149784,
           "backwards_tp": true,
           "ema_span_0": 255.50751655100154,
           "ema_span_1": 290.49557535759095,
           "enabled": true,
           "eprice_exp_base": 1.2136852144300496,
           "eqty_exp_base": 1.5406721356788449,
           "grid_span": 0.650835034705818,
           "initial_eprice_ema_dist": -6.455716188957976e-05,
           "initial_qty_pct": 0.011321850459695679,
           "markup_range": 0.0022447872055825413,
           "max_n_entry_orders": 11,
           "min_markup": 0.007987803877392933,
           "n_close_orders": 15,
           "wallet_exposure_limit": 1}}