{"config_name": "neat_grid_0days",
 "logging_level": 0,
 "long": {"auto_unstuck_delay_minutes": 960.3746234843208,
          "auto_unstuck_ema_dist": -0.048457382791266664,
          "auto_unstuck_qty_pct": 0.012067551003702359,
          "auto_unstuck_wallet_exposure_threshold": 0.10629829000150466,
          "backwards_tp": true,
          "ema_span_0": 640.991129390323,
          "ema_span_1": 1271.5823282216813,
          "enabled": true,
          "eprice_exp_base": 1,
          "eqty_exp_base": 1.3478568273779048,
          "grid_span": 0.11618801342028731,
          "initial_eprice_ema_dist": 0.0026706178053054848,
          "initial_qty_pct": 0.010122020357749307,
          "markup_range": 0.0010743063424602571,
          "max_n_entry_orders": 10,
          "min_markup": 0.0011759232733491204,
          "n_close_orders": 2,
          "wallet_exposure_limit": 1},
 "short": {"auto_unstuck_delay_minutes": 785.4006834037972,
           "auto_unstuck_ema_dist": -0.051730367436705775,
           "auto_unstuck_qty_pct": 0.07554281736406125,
           "auto_unstuck_wallet_exposure_threshold": 0.19751925574898466,
           "backwards_tp": true,
           "ema_span_0": 59.69206088029268,
           "ema_span_1": 1041.8244783192151,
           "enabled": true,
           "eprice_exp_base": 1.4714498227465853,
           "eqty_exp_base": 1.000835550801169,
           "grid_span": 0.2306934353010229,
           "initial_eprice_ema_dist": 0.002057489932875474,
           "initial_qty_pct": 0.010019782803655964,
           "markup_range": 0.007097203768417678,
           "max_n_entry_orders": 10,
           "min_markup": 0.0022751390977693514,
           "n_close_orders": 8,
           "wallet_exposure_limit": 1}}