{"config_name": "neat_grid_0days",
 "logging_level": 0,
 "long": {"auto_unstuck_delay_minutes": 1324.6270592339595,
          "auto_unstuck_ema_dist": -0.025779479392994912,
          "auto_unstuck_qty_pct": 0.010009286530486914,
          "auto_unstuck_wallet_exposure_threshold": 0.38060086753670347,
          "backwards_tp": true,
          "ema_span_0": 312.8396794375856,
          "ema_span_1": 688.2694252914063,
          "enabled": true,
          "eprice_exp_base": 1.114720060694354,
          "eqty_exp_base": 1.6975759240105652,
          "grid_span": 0.10560099667352332,
          "initial_eprice_ema_dist": 0.0029991156478442567,
          "initial_qty_pct": 0.010561002277241976,
          "markup_range": 0.0030849742069951865,
          "max_n_entry_orders": 7,
          "min_markup": 0.006111449695768695,
          "n_close_orders": 14,
          "wallet_exposure_limit": 1},
 "short": {"auto_unstuck_delay_minutes": 1197.0084432470494,
           "auto_unstuck_ema_dist": -0.01977702103604026,
           "auto_unstuck_qty_pct": 0.02213996812425767,
           "auto_unstuck_wallet_exposure_threshold": 0.4117735089414276,
           "backwards_tp": true,
           "ema_span_0": 1440,
           "ema_span_1": 1166.7984565468903,
           "enabled": true,
           "eprice_exp_base": 1.0355349511711107,
           "eqty_exp_base": 3.2494571228404556,
           "grid_span": 0.14464679065612565,
           "initial_eprice_ema_dist": -0.0006171833028433106,
           "initial_qty_pct": 0.011144270788398733,
           "markup_range": 0.009702953567933012,
           "max_n_entry_orders": 8,
           "min_markup": 0.00572257576984019,
           "n_close_orders": 7,
           "wallet_exposure_limit": 1}}