{"config_name": "neat_grid_0days",
 "logging_level": 0,
 "long": {"auto_unstuck_delay_minutes": 781.1069973944801,
          "auto_unstuck_ema_dist": -0.04041194891053113,
          "auto_unstuck_qty_pct": 0.013039336957362266,
          "auto_unstuck_wallet_exposure_threshold": 0.21005762329714173,
          "backwards_tp": true,
          "ema_span_0": 1089.3533422202247,
          "ema_span_1": 645.6438460818256,
          "enabled": true,
          "eprice_exp_base": 1.432400111323191,
          "eqty_exp_base": 2.6182858260856072,
          "grid_span": 0.1564882409441415,
          "initial_eprice_ema_dist": 0.002991926780557061,
          "initial_qty_pct": 0.01136107219949211,
          "markup_range": 0.005102629400112615,
          "max_n_entry_orders": 7,
          "min_markup": 0.007082499507288377,
          "n_close_orders": 4,
          "wallet_exposure_limit": 1},
 "short": {"auto_unstuck_delay_minutes": 623.126819956726,
           "auto_unstuck_ema_dist": -0.010922190667161416,
           "auto_unstuck_qty_pct": 0.012098610151262523,
           "auto_unstuck_wallet_exposure_threshold": 0.10890746646936905,
           "backwards_tp": true,
           "ema_span_0": 244.99074513219674,
           "ema_span_1": 1114.3205322867243,
           "enabled": true,
           "eprice_exp_base": 1.1021157016173453,
           "eqty_exp_base": 3.9977518186954897,
           "grid_span": 0.10479836087159557,
           "initial_eprice_ema_dist": -0.0008342868467760277,
           "initial_qty_pct": 0.01828067622047387,
           "markup_range": 0.006647972445654155,
           "max_n_entry_orders": 11,
           "min_markup": 0.009998674496324486,
           "n_close_orders": 8,
           "wallet_exposure_limit": 1}}