{"config_name": "neat_grid_0days",
 "logging_level": 0,
 "long": {"auto_unstuck_delay_minutes": 1381.9061277277842,
          "auto_unstuck_ema_dist": -0.05509587541388286,
          "auto_unstuck_qty_pct": 0.04614884064028366,
          "auto_unstuck_wallet_exposure_threshold": 0.46863516278925094,
          "backwards_tp": true,
          "ema_span_0": 839.2060753662297,
          "ema_span_1": 353.2123188484158,
          "enabled": true,
          "eprice_exp_base": 1.1405633050308002,
          "eqty_exp_base": 1.4146469967046582,
          "grid_span": 0.1984017107809955,
          "initial_eprice_ema_dist": 0.0007194017798747517,
          "initial_qty_pct": 0.011638530486312363,
          "markup_range": 0.0012986613134998541,
          "max_n_entry_orders": 9,
          "min_markup": 0.007655768612028226,
          "n_close_orders": 3,
          "wallet_exposure_limit": 1},
 "short": {"auto_unstuck_delay_minutes": 907.707604617173,
           "auto_unstuck_ema_dist": 0.003,
           "auto_unstuck_qty_pct": 0.01,
           "auto_unstuck_wallet_exposure_threshold": 0.16835780430465794,
           "backwards_tp": true,
           "ema_span_0": 551.0004511359443,
           "ema_span_1": 1169.924177613991,
           "enabled": true,
           "eprice_exp_base": 1,
           "eqty_exp_base": 3.6132937962607756,
           "grid_span": 0.4400963034537022,
           "initial_eprice_ema_dist": -0.04428189478784108,
           "initial_qty_pct": 0.01,
           "markup_range": 0.007037437329408645,
           "max_n_entry_orders": 10,
           "min_markup": 0.0014599476135195243,
           "n_close_orders": 6,
           "wallet_exposure_limit": 1}}