{"config_name": "neat_grid_0days",
 "logging_level": 0,
 "long": {"auto_unstuck_delay_minutes": 1324.6270592339595,
          "auto_unstuck_ema_dist": -0.025779479392994912,
          "auto_unstuck_qty_pct": 0.010009286530486914,
          "auto_unstuck_wallet_exposure_threshold": 0.38060086753670347,
          "backwards_tp": true,
          "ema_span_0": 312.8396794375856,
          "ema_span_1": 688.2694252914063,
          "enabled": true,
          "eprice_exp_base": 1.114720060694354,
          "eqty_exp_base": 1.6975759240105652,
          "grid_span": 0.10560099667352332,
          "initial_eprice_ema_dist": 0.0029991156478442567,
          "initial_qty_pct": 0.010561002277241976,
          "markup_range": 0.0030849742069951865,
          "max_n_entry_orders": 7,
          "min_markup": 0.006111449695768695,
          "n_close_orders": 14,
          "wallet_exposure_limit": 1},
 "short": {"auto_unstuck_delay_minutes": 1161.775646811363,
           "auto_unstuck_ema_dist": -0.0016678401792373707,
           "auto_unstuck_qty_pct": 0.012789677837807064,
           "auto_unstuck_wallet_exposure_threshold": 0.585267431949828,
           "backwards_tp": true,
           "ema_span_0": 1237.9273508874755,
           "ema_span_1": 615.2782331272492,
           "enabled": true,
           "eprice_exp_base": 1.1720699878237744,
           "eqty_exp_base": 3.312996570119156,
           "grid_span": 0.1,
           "initial_eprice_ema_dist": 0.0027595194408565576,
           "initial_qty_pct": 0.013075832897630113,
           "markup_range": 0.0031202858088658567,
           "max_n_entry_orders": 10,
           "min_markup": 0.005493244121098737,
           "n_close_orders": 7,
           "wallet_exposure_limit": 1}}