{"config_name": "neat_grid_0days",
 "logging_level": 0,
 "long": {"auto_unstuck_delay_minutes": 1359.865111746556,
          "auto_unstuck_ema_dist": -0.024432363676496135,
          "auto_unstuck_qty_pct": 0.03818398249066142,
          "auto_unstuck_wallet_exposure_threshold": 0.38328172570622776,
          "backwards_tp": true,
          "ema_span_0": 1203.9786749852396,
          "ema_span_1": 346.3897291875812,
          "enabled": true,
          "eprice_exp_base": 1.187237633146482,
          "eqty_exp_base": 1.77607062388131,
          "grid_span": 0.2627357334664271,
          "initial_eprice_ema_dist": -0.00480409368475211,
          "initial_qty_pct": 0.01393058762031163,
          "markup_range": 0.006500765059064155,
          "max_n_entry_orders": 8,
          "min_markup": 0.009969209388037796,
          "n_close_orders": 11,
          "wallet_exposure_limit": 1},
 "short": {"auto_unstuck_delay_minutes": 1295.2692215160118,
           "auto_unstuck_ema_dist": -0.051344408040020814,
           "auto_unstuck_qty_pct": 0.012291889435639577,
           "auto_unstuck_wallet_exposure_threshold": 0.21325152271974743,
           "backwards_tp": true,
           "ema_span_0": 203.82529602249483,
           "ema_span_1": 336.15413796617264,
           "enabled": true,
           "eprice_exp_base": 1.2060065332372203,
           "eqty_exp_base": 1.3818974114628182,
           "grid_span": 0.3240929742509973,
           "initial_eprice_ema_dist": 0.0022540385213522494,
           "initial_qty_pct": 0.010046256601711908,
           "markup_range": 0.010895039801416035,
           "max_n_entry_orders": 10,
           "min_markup": 0.0031595093254374964,
           "n_close_orders": 10,
           "wallet_exposure_limit": 1}}