{"config_name": "neat_grid_0days",
 "logging_level": 0,
 "long": {"auto_unstuck_delay_minutes": 787.8331786172365,
          "auto_unstuck_ema_dist": -0.03667792420395926,
          "auto_unstuck_qty_pct": 0.015701803652422408,
          "auto_unstuck_wallet_exposure_threshold": 0.2366608266262224,
          "backwards_tp": true,
          "ema_span_0": 1408.695261728532,
          "ema_span_1": 1371.4335463754119,
          "enabled": true,
          "eprice_exp_base": 1.028828281639147,
          "eqty_exp_base": 1.8128074445730387,
          "grid_span": 0.24550538193223348,
          "initial_eprice_ema_dist": 0.0020315599365626704,
          "initial_qty_pct": 0.010578020662333943,
          "markup_range": 0.008288451334210495,
          "max_n_entry_orders": 11,
          "min_markup": 0.008739490567265194,
          "n_close_orders": 14,
          "wallet_exposure_limit": 1},
 "short": {"auto_unstuck_delay_minutes": 1171.8660327078721,
           "auto_unstuck_ema_dist": 0.0010404359098154367,
           "auto_unstuck_qty_pct": 0.03744987471117407,
           "auto_unstuck_wallet_exposure_threshold": 0.28900607896078573,
           "backwards_tp": true,
           "ema_span_0": 1439.9879454262705,
           "ema_span_1": 1219.8504923696867,
           "enabled": true,
           "eprice_exp_base": 1.1366278697386527,
           "eqty_exp_base": 3.776143260983698,
           "grid_span": 0.14105408675979655,
           "initial_eprice_ema_dist": -0.0035661931599020873,
           "initial_qty_pct": 0.012631971453531747,
           "markup_range": 0.010597028703543954,
           "max_n_entry_orders": 9,
           "min_markup": 0.003366953304513386,
           "n_close_orders": 2,
           "wallet_exposure_limit": 1}}