{"config_name": "neat_grid_0days",
 "logging_level": 0,
 "long": {"auto_unstuck_delay_minutes": 795.0419619583977,
          "auto_unstuck_ema_dist": -0.012185073699571601,
          "auto_unstuck_qty_pct": 0.07793865642594063,
          "auto_unstuck_wallet_exposure_threshold": 0.47055444845513483,
          "backwards_tp": true,
          "ema_span_0": 1176.5013188268395,
          "ema_span_1": 196.5069012418368,
          "enabled": true,
          "eprice_exp_base": 1.2378952091651447,
          "eqty_exp_base": 2.69033856398592,
          "grid_span": 0.13414227534151912,
          "initial_eprice_ema_dist": 0.0016733799696385745,
          "initial_qty_pct": 0.012069046921024227,
          "markup_range": 0.007024380224601529,
          "max_n_entry_orders": 10,
          "min_markup": 0.008028859213314568,
          "n_close_orders": 6,
          "wallet_exposure_limit": 1},
 "short": {"auto_unstuck_delay_minutes": 1425.6195178448218,
           "auto_unstuck_ema_dist": -0.05329308834922489,
           "auto_unstuck_qty_pct": 0.01028687095982004,
           "auto_unstuck_wallet_exposure_threshold": 0.1612968628983515,
           "backwards_tp": true,
           "ema_span_0": 1105.9794454104913,
           "ema_span_1": 1178.7846977186944,
           "enabled": true,
           "eprice_exp_base": 1.446324711038944,
           "eqty_exp_base": 1.2549518596080058,
           "grid_span": 0.6741365849008261,
           "initial_eprice_ema_dist": -0.002295370513127635,
           "initial_qty_pct": 0.010251643347550453,
           "markup_range": 0.0020838086317695377,
           "max_n_entry_orders": 8,
           "min_markup": 0.008795100719743768,
           "n_close_orders": 2,
           "wallet_exposure_limit": 1}}