{"config_name": "neat_grid_0days",
 "logging_level": 0,
 "long": {"auto_unstuck_delay_minutes": 1180.4143008587052,
          "auto_unstuck_ema_dist": -0.0072829188030556,
          "auto_unstuck_qty_pct": 0.035388540685019704,
          "auto_unstuck_wallet_exposure_threshold": 0.4827186386113767,
          "backwards_tp": true,
          "ema_span_0": 1351.7128061570616,
          "ema_span_1": 1320.3575534468598,
          "enabled": true,
          "eprice_exp_base": 1.0971974421561008,
          "eqty_exp_base": 1.2590542827807982,
          "grid_span": 0.3746593691122134,
          "initial_eprice_ema_dist": -0.004576176826046393,
          "initial_qty_pct": 0.01399400518333405,
          "markup_range": 0.009667579948755854,
          "max_n_entry_orders": 9,
          "min_markup": 0.002089181920334615,
          "n_close_orders": 5,
          "wallet_exposure_limit": 1},
 "short": {"auto_unstuck_delay_minutes": 884.8447776570468,
           "auto_unstuck_ema_dist": -0.07900209417896203,
           "auto_unstuck_qty_pct": 0.06186831955773328,
           "auto_unstuck_wallet_exposure_threshold": 0.508315606255378,
           "backwards_tp": true,
           "ema_span_0": 71.62350200600264,
           "ema_span_1": 25.15174163865426,
           "enabled": true,
           "eprice_exp_base": 1.0142594569754666,
           "eqty_exp_base": 3.649565085146125,
           "grid_span": 0.13334919204060128,
           "initial_eprice_ema_dist": -0.08488892931109529,
           "initial_qty_pct": 0.010451719365528203,
           "markup_range": 0.0032805974896529242,
           "max_n_entry_orders": 9,
           "min_markup": 0.0022761781494163853,
           "n_close_orders": 10,
           "wallet_exposure_limit": 1}}