{"config_name": "neat_grid_0days",
 "logging_level": 0,
 "long": {"auto_unstuck_delay_minutes": 1206.9360034658287,
          "auto_unstuck_ema_dist": -0.08430861975643979,
          "auto_unstuck_qty_pct": 0.023091958916313302,
          "auto_unstuck_wallet_exposure_threshold": 0.2979783673556894,
          "backwards_tp": true,
          "ema_span_0": 637.1821707054264,
          "ema_span_1": 419.351732678293,
          "enabled": true,
          "eprice_exp_base": 1.0653488300058507,
          "eqty_exp_base": 1.951303976809032,
          "grid_span": 0.14174977928413496,
          "initial_eprice_ema_dist": -0.05978992335927225,
          "initial_qty_pct": 0.01002139977666724,
          "markup_range": 0.006223742839777372,
          "max_n_entry_orders": 10,
          "min_markup": 0.0025100563675091283,
          "n_close_orders": 8,
          "wallet_exposure_limit": 1},
 "short": {"auto_unstuck_delay_minutes": 1440,
           "auto_unstuck_ema_dist": -0.1,
           "auto_unstuck_qty_pct": 0.01,
           "auto_unstuck_wallet_exposure_threshold": 0.1,
           "backwards_tp": true,
           "ema_span_0": 1021.5072719725573,
           "ema_span_1": 1096.9590731906615,
           "enabled": true,
           "eprice_exp_base": 1,
           "eqty_exp_base": 1.069852463936631,
           "grid_span": 0.2115052283616764,
           "initial_eprice_ema_dist": -0.020538009352712695,
           "initial_qty_pct": 0.03148989214039618,
           "markup_range": 0.019311101253377226,
           "max_n_entry_orders": 7,
           "min_markup": 0.008213328044494116,
           "n_close_orders": 12,
           "wallet_exposure_limit": 1}}