{"config_name": "neat_grid_0days",
 "logging_level": 0,
 "long": {"auto_unstuck_delay_minutes": 1331.226465586936,
          "auto_unstuck_ema_dist": -0.030710010040956193,
          "auto_unstuck_qty_pct": 0.03676623799976378,
          "auto_unstuck_wallet_exposure_threshold": 0.20764442753029602,
          "backwards_tp": true,
          "ema_span_0": 1186.5927337355176,
          "ema_span_1": 1356.4151160645233,
          "enabled": true,
          "eprice_exp_base": 1.0875539616837926,
          "eqty_exp_base": 1.0938030782556694,
          "grid_span": 0.23278354062771792,
          "initial_eprice_ema_dist": -0.0017085068565601475,
          "initial_qty_pct": 0.012827758694628896,
          "markup_range": 0.005819836750669177,
          "max_n_entry_orders": 7,
          "min_markup": 0.007150033801455687,
          "n_close_orders": 13,
          "wallet_exposure_limit": 1},
 "short": {"auto_unstuck_delay_minutes": 1158.9224472495498,
           "auto_unstuck_ema_dist": -0.013233990245451228,
           "auto_unstuck_qty_pct": 0.02179034666382995,
           "auto_unstuck_wallet_exposure_threshold": 0.5756052275534863,
           "backwards_tp": true,
           "ema_span_0": 945.5398898833615,
           "ema_span_1": 425.2121143624482,
           "enabled": true,
           "eprice_exp_base": 1.1173259258426886,
           "eqty_exp_base": 1.4668930527840705,
           "grid_span": 0.1997149240009991,
           "initial_eprice_ema_dist": 0.0003609734427470928,
           "initial_qty_pct": 0.012953554006660034,
           "markup_range": 0.0005896797771401274,
           "max_n_entry_orders": 8,
           "min_markup": 0.007293801249275061,
           "n_close_orders": 8,
           "wallet_exposure_limit": 1}}