{"config_name": "clock_0days",
 "long": {"backwards_tp": true,
          "delay_between_fills_minutes_close": 1259.7212190235336,
          "delay_between_fills_minutes_entry": 974.8829438497269,
          "delay_weight_close": 47.715489135266665,
          "delay_weight_entry": 10.105388059026021,
          "ema_dist_close": 0.001719130091622788,
          "ema_dist_entry": -0.0006874897820281204,
          "ema_span_0": 705.4799842940254,
          "ema_span_1": 1350.7655097962324,
          "enabled": true,
          "markup_range": 0.010312696095400302,
          "min_markup": 0.0048947919298551155,
          "n_close_orders": 9,
          "qty_pct_close": 0.01077067282126931,
          "qty_pct_entry": 0.011890154249054243,
          "wallet_exposure_limit": 1,
          "we_multiplier_close": 0,
          "we_multiplier_entry": 9.371720712919617},
 "short": {"backwards_tp": true,
           "delay_between_fills_minutes_close": 621.865844900537,
           "delay_between_fills_minutes_entry": 1094.5659287079359,
           "delay_weight_close": 3.031952906997509,
           "delay_weight_entry": 20.81747284451902,
           "ema_dist_close": -0.005204564658045069,
           "ema_dist_entry": -0.0001809325047902715,
           "ema_span_0": 1424.1768708749748,
           "ema_span_1": 908.2106628952099,
           "enabled": true,
           "markup_range": 0.009233634366138622,
           "min_markup": 0.009722461367103346,
           "n_close_orders": 9,
           "qty_pct_close": 0.03944771037022657,
           "qty_pct_entry": 0.010991552190301936,
           "wallet_exposure_limit": 1,
           "we_multiplier_close": 0,
           "we_multiplier_entry": 9.842007047435493}}