{"config_name": "clock_0days",
 "long": {"backwards_tp": true,
          "delay_between_fills_minutes_close": 1302.0553240831775,
          "delay_between_fills_minutes_entry": 744.6283945538563,
          "delay_weight_close": 48.30093076266343,
          "delay_weight_entry": 7.47004907461783,
          "ema_dist_close": 0.0029993243778576356,
          "ema_dist_entry": -0.004605501118424108,
          "ema_span_0": 1365.5962189821926,
          "ema_span_1": 25.313532385768017,
          "enabled": true,
          "markup_range": 0.05966659044113894,
          "min_markup": 0.008213752392521015,
          "n_close_orders": 6,
          "qty_pct_close": 0.02407958560010621,
          "qty_pct_entry": 0.010007319142267164,
          "wallet_exposure_limit": 1,
          "we_multiplier_close": 0,
          "we_multiplier_entry": 9.999999479131189},
 "short": {"backwards_tp": true,
           "delay_between_fills_minutes_close": 661.5327842815884,
           "delay_between_fills_minutes_entry": 1422.911446368116,
           "delay_weight_close": 20.1036989519919,
           "delay_weight_entry": 14.593169305490902,
           "ema_dist_close": 0.0024139434527850434,
           "ema_dist_entry": -0.017215502842211797,
           "ema_span_0": 804.8379512088446,
           "ema_span_1": 1378.155523961007,
           "enabled": true,
           "markup_range": 0.031155813413785798,
           "min_markup": 0.008732526426521305,
           "n_close_orders": 10,
           "qty_pct_close": 0.013660104874959405,
           "qty_pct_entry": 0.011053381188245741,
           "wallet_exposure_limit": 1,
           "we_multiplier_close": 0,
           "we_multiplier_entry": 6.361107441858329}}