{"config_name": "clock_0days",
 "long": {"backwards_tp": true,
          "delay_between_fills_minutes_close": 1023.9527158165489,
          "delay_between_fills_minutes_entry": 1212.2129576096206,
          "delay_weight_close": 82.63315290831876,
          "delay_weight_entry": 18.554126961263307,
          "ema_dist_close": -0.004581110912127029,
          "ema_dist_entry": 0.0029335160482153403,
          "ema_span_0": 1434.9112144237645,
          "ema_span_1": 1328.183535591076,
          "enabled": true,
          "markup_range": 0.04944804484846003,
          "min_markup": 0.008953273659324912,
          "n_close_orders": 14,
          "qty_pct_close": 0.011007641083535294,
          "qty_pct_entry": 0.012903868635899512,
          "wallet_exposure_limit": 1,
          "we_multiplier_close": 0,
          "we_multiplier_entry": 9.973726102555176},
 "short": {"backwards_tp": true,
           "delay_between_fills_minutes_close": 1337.6450949345738,
           "delay_between_fills_minutes_entry": 153.17052942185708,
           "delay_weight_close": 85.17810989875991,
           "delay_weight_entry": 36.537469457864894,
           "ema_dist_close": -8.411637381506544e-05,
           "ema_dist_entry": -0.0009530842422584241,
           "ema_span_0": 34.62181311310794,
           "ema_span_1": 651.7726276111462,
           "enabled": true,
           "markup_range": 0.00196604560057957,
           "min_markup": 0.0010037467806787324,
           "n_close_orders": 16,
           "qty_pct_close": 0.010805646118110293,
           "qty_pct_entry": 0.010064822695749764,
           "wallet_exposure_limit": 1,
           "we_multiplier_close": 0,
           "we_multiplier_entry": 9.999426837049768}}