{"config_name": "clock_0days",
 "long": {"backwards_tp": true,
          "delay_between_fills_minutes_close": 1018.1326928268926,
          "delay_between_fills_minutes_entry": 1209.2441405456718,
          "delay_weight_close": 76.22429188948485,
          "delay_weight_entry": 26.30335818604116,
          "ema_dist_close": -0.003752793838310099,
          "ema_dist_entry": 0.0016972391242632869,
          "ema_span_0": 1112.679175136077,
          "ema_span_1": 1155.3596235352968,
          "enabled": true,
          "markup_range": 0.00906994510461339,
          "min_markup": 0.003763177210427331,
          "n_close_orders": 5,
          "qty_pct_close": 0.010001201873711948,
          "qty_pct_entry": 0.011612013565130612,
          "wallet_exposure_limit": 1,
          "we_multiplier_close": 0,
          "we_multiplier_entry": 9.894977345286492},
 "short": {"backwards_tp": true,
           "delay_between_fills_minutes_close": 1404.0606565467324,
           "delay_between_fills_minutes_entry": 597.3404935133965,
           "delay_weight_close": 51.30188886336951,
           "delay_weight_entry": 7.3189798041352185,
           "ema_dist_close": 0.0026241791967977824,
           "ema_dist_entry": -0.0058327947396331955,
           "ema_span_0": 383.1823643909721,
           "ema_span_1": 1192.3384075923834,
           "enabled": true,
           "markup_range": 0.009192103699652262,
           "min_markup": 0.006846861874381054,
           "n_close_orders": 14,
           "qty_pct_close": 0.01573391125062259,
           "qty_pct_entry": 0.01069624576704663,
           "wallet_exposure_limit": 1,
           "we_multiplier_close": 0,
           "we_multiplier_entry": 9.332602107381742}}