{"config_name": "clock_0days",
 "long": {"backwards_tp": true,
          "delay_between_fills_minutes_close": 1428.2154638603602,
          "delay_between_fills_minutes_entry": 1044.898378602072,
          "delay_weight_close": 48.8970112262042,
          "delay_weight_entry": 10.586532185086313,
          "ema_dist_close": 0.0010565943229162475,
          "ema_dist_entry": -0.002263974056758919,
          "ema_span_0": 1423.923887979255,
          "ema_span_1": 1295.1143740669238,
          "enabled": true,
          "markup_range": 0.04736225138902009,
          "min_markup": 0.008831390198209763,
          "n_close_orders": 12,
          "qty_pct_close": 0.016102132015729593,
          "qty_pct_entry": 0.010556074384481732,
          "wallet_exposure_limit": 1,
          "we_multiplier_close": 0,
          "we_multiplier_entry": 9.950606859597613},
 "short": {"backwards_tp": true,
           "delay_between_fills_minutes_close": 1410.1883668126077,
           "delay_between_fills_minutes_entry": 715.2035803334743,
           "delay_weight_close": 49.6662714461656,
           "delay_weight_entry": 8.871380681433667,
           "ema_dist_close": -0.002882270356222004,
           "ema_dist_entry": -0.04349643255790327,
           "ema_span_0": 1181.7009862367192,
           "ema_span_1": 1118.7599119180738,
           "enabled": true,
           "markup_range": 0.03062568712726192,
           "min_markup": 0.007198910650418894,
           "n_close_orders": 4,
           "qty_pct_close": 0.01005552873997189,
           "qty_pct_entry": 0.010509015651677372,
           "wallet_exposure_limit": 1,
           "we_multiplier_close": 0,
           "we_multiplier_entry": 9.489761446197864}}