{"config_name": "clock_0days",
 "long": {"backwards_tp": true,
          "delay_between_fills_minutes_close": 1061.8823999064584,
          "delay_between_fills_minutes_entry": 1012.1825530990295,
          "delay_weight_close": 35.409202373884135,
          "delay_weight_entry": 32.95956402925812,
          "ema_dist_close": -0.007254519009069184,
          "ema_dist_entry": 0.0028304482415728097,
          "ema_span_0": 91.16702196899816,
          "ema_span_1": 91.93736565179938,
          "enabled": true,
          "markup_range": 0.0031895140493152776,
          "min_markup": 0.0030837805934416707,
          "n_close_orders": 4,
          "qty_pct_close": 0.010458652758586526,
          "qty_pct_entry": 0.012868236452401689,
          "wallet_exposure_limit": 1,
          "we_multiplier_close": 0,
          "we_multiplier_entry": 9.966008726830031},
 "short": {"backwards_tp": true,
           "delay_between_fills_minutes_close": 903.4577390484795,
           "delay_between_fills_minutes_entry": 91.31869679673099,
           "delay_weight_close": 61.0637713869559,
           "delay_weight_entry": 21.21444113263368,
           "ema_dist_close": 0.00287714922509502,
           "ema_dist_entry": -0.015841540747091768,
           "ema_span_0": 142.5433618055965,
           "ema_span_1": 436.1751528372657,
           "enabled": true,
           "markup_range": 0.0005145423300760727,
           "min_markup": 0.003659346019507608,
           "n_close_orders": 7,
           "qty_pct_close": 0.018959604054111,
           "qty_pct_entry": 0.014964702519543157,
           "wallet_exposure_limit": 1,
           "we_multiplier_close": 0,
           "we_multiplier_entry": 9.266575868243784}}