{"config_name": "clock_0days",
 "long": {"backwards_tp": true,
          "delay_between_fills_minutes_close": 1107.4710337669503,
          "delay_between_fills_minutes_entry": 825.3839968138504,
          "delay_weight_close": 67.9701611480623,
          "delay_weight_entry": 12.49526594390872,
          "ema_dist_close": -0.0021178858109151314,
          "ema_dist_entry": 0.0022021111003530723,
          "ema_span_0": 1235.0830428493039,
          "ema_span_1": 1198.9408034555945,
          "enabled": true,
          "markup_range": 0.056226370825320615,
          "min_markup": 0.0060538760772622996,
          "n_close_orders": 2,
          "qty_pct_close": 0.014385109210252368,
          "qty_pct_entry": 0.010087930789726559,
          "wallet_exposure_limit": 1,
          "we_multiplier_close": 0,
          "we_multiplier_entry": 6.046985925428747},
 "short": {"backwards_tp": true,
           "delay_between_fills_minutes_close": 915.111167038018,
           "delay_between_fills_minutes_entry": 829.899307490801,
           "delay_weight_close": 60.4335502424105,
           "delay_weight_entry": 13.743453934991578,
           "ema_dist_close": -0.0009512631874595318,
           "ema_dist_entry": 0.0012970239907388545,
           "ema_span_0": 477.4363440470011,
           "ema_span_1": 854.14796144117,
           "enabled": true,
           "markup_range": 0.0016657374568103396,
           "min_markup": 0.006257117654757969,
           "n_close_orders": 5,
           "qty_pct_close": 0.023507393838320723,
           "qty_pct_entry": 0.01005730292473667,
           "wallet_exposure_limit": 1,
           "we_multiplier_close": 0,
           "we_multiplier_entry": 9.97727105060391}}