{"config_name": "clock_0days",
 "long": {"backwards_tp": true,
          "delay_between_fills_minutes_close": 1378.3146306565052,
          "delay_between_fills_minutes_entry": 809.5070419433935,
          "delay_weight_close": 99.16441917263865,
          "delay_weight_entry": 19.96710506829653,
          "ema_dist_close": 0.0019499402186005388,
          "ema_dist_entry": -0.0006502322090818485,
          "ema_span_0": 5.271701327173801,
          "ema_span_1": 820.3869633933415,
          "enabled": true,
          "markup_range": 0.042560793122525996,
          "min_markup": 0.009716550150168823,
          "n_close_orders": 7,
          "qty_pct_close": 0.016189478905272857,
          "qty_pct_entry": 0.01005185572956201,
          "wallet_exposure_limit": 1,
          "we_multiplier_close": 0,
          "we_multiplier_entry": 8.717564771733521},
 "short": {"backwards_tp": true,
           "delay_between_fills_minutes_close": 871.0076644722373,
           "delay_between_fills_minutes_entry": 966.5104024105381,
           "delay_weight_close": 23.622080365167058,
           "delay_weight_entry": 27.12654429442176,
           "ema_dist_close": -0.002309627899683788,
           "ema_dist_entry": -0.00011334500836491201,
           "ema_span_0": 640.8885394037771,
           "ema_span_1": 1405.8237926382726,
           "enabled": true,
           "markup_range": 0.01826436231216122,
           "min_markup": 0.006772079535549647,
           "n_close_orders": 8,
           "qty_pct_close": 0.03499318124348151,
           "qty_pct_entry": 0.01216979353232123,
           "wallet_exposure_limit": 1,
           "we_multiplier_close": 0,
           "we_multiplier_entry": 6.985962569174529}}