{"config_name": "clock_0days",
 "long": {"backwards_tp": true,
          "delay_between_fills_minutes_close": 1054.6073127975912,
          "delay_between_fills_minutes_entry": 1215.7308152043706,
          "delay_weight_close": 51.06249710724819,
          "delay_weight_entry": 34.41451259487796,
          "ema_dist_close": -0.001186647276972562,
          "ema_dist_entry": 0.002999991477527065,
          "ema_span_0": 1095.394921768691,
          "ema_span_1": 1436.7065751729206,
          "enabled": true,
          "markup_range": 0.0006460695114931178,
          "min_markup": 0.009989835927428371,
          "n_close_orders": 10,
          "qty_pct_close": 0.016079828211897115,
          "qty_pct_entry": 0.01506423577399871,
          "wallet_exposure_limit": 1,
          "we_multiplier_close": 0,
          "we_multiplier_entry": 9.75596409161722},
 "short": {"backwards_tp": true,
           "delay_between_fills_minutes_close": 1223.532901098575,
           "delay_between_fills_minutes_entry": 285.42237426430717,
           "delay_weight_close": 28.807735664900346,
           "delay_weight_entry": 6.200429378307002,
           "ema_dist_close": -0.006314539881649975,
           "ema_dist_entry": -0.010238935923295693,
           "ema_span_0": 662.2542146427257,
           "ema_span_1": 931.3933801193048,
           "enabled": true,
           "markup_range": 0.000648857411140018,
           "min_markup": 0.009913049521563813,
           "n_close_orders": 2,
           "qty_pct_close": 0.010008868903117096,
           "qty_pct_entry": 0.014061797121068222,
           "wallet_exposure_limit": 1,
           "we_multiplier_close": 0,
           "we_multiplier_entry": 6.552237610907176}}