{"config_name": "clock_0days",
 "long": {"backwards_tp": true,
          "delay_between_fills_minutes_close": 1021.1436369787372,
          "delay_between_fills_minutes_entry": 1417.267357749826,
          "delay_weight_close": 25.005816260082653,
          "delay_weight_entry": 12.399073464188993,
          "ema_dist_close": 0.0008623687443322454,
          "ema_dist_entry": 4.0400635821305375e-05,
          "ema_span_0": 1260.77025080792,
          "ema_span_1": 807.7611029522367,
          "enabled": true,
          "markup_range": 0.057489948732585,
          "min_markup": 0.008228250494530367,
          "n_close_orders": 14,
          "qty_pct_close": 0.011707420370663057,
          "qty_pct_entry": 0.010442373122738147,
          "wallet_exposure_limit": 1,
          "we_multiplier_close": 0,
          "we_multiplier_entry": 9.82140843603225},
 "short": {"backwards_tp": true,
           "delay_between_fills_minutes_close": 1188.7795167350398,
           "delay_between_fills_minutes_entry": 563.5908993212031,
           "delay_weight_close": 50.5017707710666,
           "delay_weight_entry": 12.684678466859516,
           "ema_dist_close": 0.0003608660301057808,
           "ema_dist_entry": -0.017802733076996657,
           "ema_span_0": 1146.0137489066165,
           "ema_span_1": 1233.9629277227436,
           "enabled": true,
           "markup_range": 0.011136594392899343,
           "min_markup": 0.00817054397228463,
           "n_close_orders": 7,
           "qty_pct_close": 0.012077708804262306,
           "qty_pct_entry": 0.011568453111244053,
           "wallet_exposure_limit": 1,
           "we_multiplier_close": 0,
           "we_multiplier_entry": 9.88378165956302}}