{"config_name": "clock_0days",
 "long": {"backwards_tp": true,
          "delay_between_fills_minutes_close": 1423.5822534480844,
          "delay_between_fills_minutes_entry": 890.857060741827,
          "delay_weight_close": 89.68497956637307,
          "delay_weight_entry": 4.621357780568565,
          "ema_dist_close": 0.002998452889880113,
          "ema_dist_entry": 0.002943592814291854,
          "ema_span_0": 1397.0725108976064,
          "ema_span_1": 595.4708721363418,
          "enabled": true,
          "markup_range": 0.05740478413565188,
          "min_markup": 0.009425835613633455,
          "n_close_orders": 10,
          "qty_pct_close": 0.010716339616979438,
          "qty_pct_entry": 0.010150235355761174,
          "wallet_exposure_limit": 1,
          "we_multiplier_close": 0,
          "we_multiplier_entry": 9.983273240860251},
 "short": {"backwards_tp": true,
           "delay_between_fills_minutes_close": 575.6269065990026,
           "delay_between_fills_minutes_entry": 1345.7644028099298,
           "delay_weight_close": 99.29964991806611,
           "delay_weight_entry": 21.81972555927393,
           "ema_dist_close": 0.0001808929642584481,
           "ema_dist_entry": 0.0029850853867354884,
           "ema_span_0": 1326.0945412172505,
           "ema_span_1": 80.6360450257509,
           "enabled": true,
           "markup_range": 0.013583941260804014,
           "min_markup": 0.008150319782666322,
           "n_close_orders": 15,
           "qty_pct_close": 0.02179112645707215,
           "qty_pct_entry": 0.010061797086595563,
           "wallet_exposure_limit": 1,
           "we_multiplier_close": 0,
           "we_multiplier_entry": 9.700636298552576}}