{"config_name": "clock_0days",
 "long": {"backwards_tp": true,
          "delay_between_fills_minutes_close": 1090.1021468795047,
          "delay_between_fills_minutes_entry": 1271.5041965362163,
          "delay_weight_close": 29.091290635073527,
          "delay_weight_entry": 9.794184733473815,
          "ema_dist_close": -0.005265480923403937,
          "ema_dist_entry": -0.00568391530728528,
          "ema_span_0": 1355.0672716571885,
          "ema_span_1": 498.7352009245486,
          "enabled": true,
          "markup_range": 0.05866312295194966,
          "min_markup": 0.008028768059245581,
          "n_close_orders": 12,
          "qty_pct_close": 0.010949740695588382,
          "qty_pct_entry": 0.011624069114727315,
          "wallet_exposure_limit": 1,
          "we_multiplier_close": 0,
          "we_multiplier_entry": 5.760287598121854},
 "short": {"backwards_tp": true,
           "delay_between_fills_minutes_close": 1221.5006619358167,
           "delay_between_fills_minutes_entry": 831.313722247777,
           "delay_weight_close": 51.18871223115674,
           "delay_weight_entry": 6.761295027110616,
           "ema_dist_close": 0.002734232428164367,
           "ema_dist_entry": -0.000761420021360098,
           "ema_span_0": 619.1643302908301,
           "ema_span_1": 1126.1985657602752,
           "enabled": true,
           "markup_range": 0.031328464156655314,
           "min_markup": 0.009837230203493232,
           "n_close_orders": 11,
           "qty_pct_close": 0.010663344743471095,
           "qty_pct_entry": 0.010825877887044344,
           "wallet_exposure_limit": 1,
           "we_multiplier_close": 0,
           "we_multiplier_entry": 8.919855698066714}}