{"config_name": "clock_0days",
 "long": {"backwards_tp": true,
          "delay_between_fills_minutes_close": 647.8222539313874,
          "delay_between_fills_minutes_entry": 718.4498503578127,
          "delay_weight_close": 74.8996951963156,
          "delay_weight_entry": 27.86126728804292,
          "ema_dist_close": 0.0028547711436244416,
          "ema_dist_entry": 0.002971892879800595,
          "ema_span_0": 647.8106028777783,
          "ema_span_1": 1284.021151355735,
          "enabled": true,
          "markup_range": 7.551994800895838e-05,
          "min_markup": 0.005894634008284491,
          "n_close_orders": 8,
          "qty_pct_close": 0.02789055159943267,
          "qty_pct_entry": 0.023083524362018364,
          "wallet_exposure_limit": 1,
          "we_multiplier_close": 0,
          "we_multiplier_entry": 9.203394965078033},
 "short": {"backwards_tp": true,
           "delay_between_fills_minutes_close": 903.4577390484795,
           "delay_between_fills_minutes_entry": 91.31869679673099,
           "delay_weight_close": 61.0637713869559,
           "delay_weight_entry": 21.21444113263368,
           "ema_dist_close": 0.00287714922509502,
           "ema_dist_entry": -0.015841540747091768,
           "ema_span_0": 142.5433618055965,
           "ema_span_1": 436.1751528372657,
           "enabled": true,
           "markup_range": 0.0005145423300760727,
           "min_markup": 0.003659346019507608,
           "n_close_orders": 7,
           "qty_pct_close": 0.018959604054111,
           "qty_pct_entry": 0.014964702519543157,
           "wallet_exposure_limit": 1,
           "we_multiplier_close": 0,
           "we_multiplier_entry": 9.266575868243784}}