{"config_name": "clock_0days",
 "long": {"backwards_tp": true,
          "delay_between_fills_minutes_close": 1439.9173644454004,
          "delay_between_fills_minutes_entry": 1419.8246387852046,
          "delay_weight_close": 48.012293572630455,
          "delay_weight_entry": 15.183351382612488,
          "ema_dist_close": 0.0015012186349785742,
          "ema_dist_entry": 0.0014541136121861997,
          "ema_span_0": 389.51920707173974,
          "ema_span_1": 897.3213415855408,
          "enabled": true,
          "markup_range": 0.05333828949180657,
          "min_markup": 0.007511389686758822,
          "n_close_orders": 16,
          "qty_pct_close": 0.01018937358950912,
          "qty_pct_entry": 0.010050152566720193,
          "wallet_exposure_limit": 1,
          "we_multiplier_close": 0,
          "we_multiplier_entry": 5.255688645124718},
 "short": {"backwards_tp": true,
           "delay_between_fills_minutes_close": 1364.2587732218208,
           "delay_between_fills_minutes_entry": 425.84037015267313,
           "delay_weight_close": 6.3775015565461795,
           "delay_weight_entry": 7.188384360444416,
           "ema_dist_close": 0.0004912029105375679,
           "ema_dist_entry": -0.0028814858912651446,
           "ema_span_0": 1298.8192103417834,
           "ema_span_1": 690.4848588072921,
           "enabled": true,
           "markup_range": 0.005609324244712735,
           "min_markup": 0.006610630726702749,
           "n_close_orders": 6,
           "qty_pct_close": 0.011262475636718951,
           "qty_pct_entry": 0.011465358373293532,
           "wallet_exposure_limit": 1,
           "we_multiplier_close": 0,
           "we_multiplier_entry": 9.362093152965102}}