{"config_name": "clock_0days",
 "long": {"backwards_tp": true,
          "delay_between_fills_minutes_close": 889.6570684770882,
          "delay_between_fills_minutes_entry": 949.8684524371805,
          "delay_weight_close": 60.196386471595105,
          "delay_weight_entry": 10.156954362839604,
          "ema_dist_close": 0.0022416940540073947,
          "ema_dist_entry": -0.0009026687641129229,
          "ema_span_0": 937.4700105028668,
          "ema_span_1": 1439.1829358356267,
          "enabled": true,
          "markup_range": 0.05172736744359791,
          "min_markup": 0.007357589766707474,
          "n_close_orders": 15,
          "qty_pct_close": 0.012516553533768805,
          "qty_pct_entry": 0.010001931494448266,
          "wallet_exposure_limit": 1,
          "we_multiplier_close": 0,
          "we_multiplier_entry": 8.430935442991904},
 "short": {"backwards_tp": true,
           "delay_between_fills_minutes_close": 451.0151298418913,
           "delay_between_fills_minutes_entry": 1126.5240502019913,
           "delay_weight_close": 17.2417367076083,
           "delay_weight_entry": 1.8899407442801355,
           "ema_dist_close": -0.0037007218537214834,
           "ema_dist_entry": -0.03153653793608107,
           "ema_span_0": 728.6849742408438,
           "ema_span_1": 1069.5730443642144,
           "enabled": true,
           "markup_range": 0.03011716502798442,
           "min_markup": 0.007041580841729698,
           "n_close_orders": 13,
           "qty_pct_close": 0.03635752740194634,
           "qty_pct_entry": 0.0114987353447928,
           "wallet_exposure_limit": 1,
           "we_multiplier_close": 0,
           "we_multiplier_entry": 8.18401009209713}}