{"config_name": "clock_0days",
 "long": {"backwards_tp": true,
          "delay_between_fills_minutes_close": 1021.1436369787372,
          "delay_between_fills_minutes_entry": 1417.267357749826,
          "delay_weight_close": 25.005816260082653,
          "delay_weight_entry": 12.399073464188993,
          "ema_dist_close": 0.0008623687443322454,
          "ema_dist_entry": 4.0400635821305375e-05,
          "ema_span_0": 1260.77025080792,
          "ema_span_1": 807.7611029522367,
          "enabled": true,
          "markup_range": 0.057489948732585,
          "min_markup": 0.008228250494530367,
          "n_close_orders": 14,
          "qty_pct_close": 0.011707420370663057,
          "qty_pct_entry": 0.010442373122738147,
          "wallet_exposure_limit": 1,
          "we_multiplier_close": 0,
          "we_multiplier_entry": 9.82140843603225},
 "short": {"backwards_tp": true,
           "delay_between_fills_minutes_close": 1169.6641128771712,
           "delay_between_fills_minutes_entry": 506.1225240195993,
           "delay_weight_close": 43.12109960905372,
           "delay_weight_entry": 10.565317496270032,
           "ema_dist_close": 0.001258051366150663,
           "ema_dist_entry": -0.01975743303621753,
           "ema_span_0": 1025.1686104987782,
           "ema_span_1": 738.3576934163665,
           "enabled": true,
           "markup_range": 0.0072393557089415065,
           "min_markup": 0.00811907873362953,
           "n_close_orders": 11,
           "qty_pct_close": 0.011588550848380357,
           "qty_pct_entry": 0.011555195265078562,
           "wallet_exposure_limit": 1,
           "we_multiplier_close": 0,
           "we_multiplier_entry": 9.40521847704868}}