{"config_name": "clock_0days",
 "long": {"backwards_tp": true,
          "delay_between_fills_minutes_close": 1189.6674519445728,
          "delay_between_fills_minutes_entry": 862.4110000370761,
          "delay_weight_close": 23.090209961168704,
          "delay_weight_entry": 12.066816715373017,
          "ema_dist_close": 0.0026883412545098792,
          "ema_dist_entry": -0.00022862768112942008,
          "ema_span_0": 677.8538015735493,
          "ema_span_1": 1439.2627717108842,
          "enabled": true,
          "markup_range": 0.05999840459861702,
          "min_markup": 0.009029539604876008,
          "n_close_orders": 10,
          "qty_pct_close": 0.03871146699164828,
          "qty_pct_entry": 0.010416304519439132,
          "wallet_exposure_limit": 1,
          "we_multiplier_close": 0,
          "we_multiplier_entry": 9.999716324467864},
 "short": {"backwards_tp": true,
           "delay_between_fills_minutes_close": 1367.253628686756,
           "delay_between_fills_minutes_entry": 820.1779971790736,
           "delay_weight_close": 77.50158656274952,
           "delay_weight_entry": 15.998538436063031,
           "ema_dist_close": -0.0027557296842778117,
           "ema_dist_entry": -0.009534887152035624,
           "ema_span_0": 1196.8382833667606,
           "ema_span_1": 1191.543764973548,
           "enabled": true,
           "markup_range": 0.01792881799193969,
           "min_markup": 0.003960448151934989,
           "n_close_orders": 9,
           "qty_pct_close": 0.013912845359340155,
           "qty_pct_entry": 0.011470756448086351,
           "wallet_exposure_limit": 1,
           "we_multiplier_close": 0,
           "we_multiplier_entry": 6.320930354751255}}