{"config_name": "clock_0days",
 "long": {"backwards_tp": true,
          "delay_between_fills_minutes_close": 1345.4851141881727,
          "delay_between_fills_minutes_entry": 315.0473994919766,
          "delay_weight_close": 85.60285991396627,
          "delay_weight_entry": 12.367303720940644,
          "ema_dist_close": -0.0010377260560565,
          "ema_dist_entry": -0.0003301296683804859,
          "ema_span_0": 1409.5225953185495,
          "ema_span_1": 285.3695267567089,
          "enabled": true,
          "markup_range": 0.04000082654119734,
          "min_markup": 0.009168461112122278,
          "n_close_orders": 9,
          "qty_pct_close": 0.025643411052427862,
          "qty_pct_entry": 0.011798853510332347,
          "wallet_exposure_limit": 1,
          "we_multiplier_close": 0,
          "we_multiplier_entry": 2.794884245929113},
 "short": {"backwards_tp": true,
           "delay_between_fills_minutes_close": 1111.8577317403558,
           "delay_between_fills_minutes_entry": 446.5246509317262,
           "delay_weight_close": 82.74031097917285,
           "delay_weight_entry": 31.358100512063892,
           "ema_dist_close": -0.00024230184912420064,
           "ema_dist_entry": 0.0017844147362385619,
           "ema_span_0": 1438.8545701011808,
           "ema_span_1": 914.5555442257083,
           "enabled": true,
           "markup_range": 7.249282113820378e-05,
           "min_markup": 0.009460799542397083,
           "n_close_orders": 5,
           "qty_pct_close": 0.019460174032906046,
           "qty_pct_entry": 0.019069801890396143,
           "wallet_exposure_limit": 1,
           "we_multiplier_close": 0,
           "we_multiplier_entry": 6.921549839813937}}