{"config_name": "clock_0days",
 "long": {"backwards_tp": true,
          "delay_between_fills_minutes_close": 1297.446347592673,
          "delay_between_fills_minutes_entry": 1129.9305418865495,
          "delay_weight_close": 23.895730782664593,
          "delay_weight_entry": 30.885676956888087,
          "ema_dist_close": 0.00298439711727698,
          "ema_dist_entry": 0.002115233449038607,
          "ema_span_0": 1222.2740352588605,
          "ema_span_1": 759.0482824822924,
          "enabled": true,
          "markup_range": 0.0023769320815213457,
          "min_markup": 0.007878909042037145,
          "n_close_orders": 6,
          "qty_pct_close": 0.01040162158290617,
          "qty_pct_entry": 0.01892843326970887,
          "wallet_exposure_limit": 1,
          "we_multiplier_close": 0,
          "we_multiplier_entry": 4.156147535820607},
 "short": {"backwards_tp": true,
           "delay_between_fills_minutes_close": 1201.3553115734176,
           "delay_between_fills_minutes_entry": 155.40520705437388,
           "delay_weight_close": 43.27170215217793,
           "delay_weight_entry": 26.507696134409546,
           "ema_dist_close": -0.0019492633737805062,
           "ema_dist_entry": -0.00670905708080243,
           "ema_span_0": 424.1388409434823,
           "ema_span_1": 481.5134035268234,
           "enabled": true,
           "markup_range": 0.0005162061255941643,
           "min_markup": 0.003109419278027527,
           "n_close_orders": 3,
           "qty_pct_close": 0.015444009985160424,
           "qty_pct_entry": 0.013566597667700837,
           "wallet_exposure_limit": 1,
           "we_multiplier_close": 0,
           "we_multiplier_entry": 9.821599512174}}