{"config_name": "clock_0days",
 "long": {"backwards_tp": true,
          "delay_between_fills_minutes_close": 1401.0388472375867,
          "delay_between_fills_minutes_entry": 1046.5429971057345,
          "delay_weight_close": 46.123983741206544,
          "delay_weight_entry": 10.748299168060415,
          "ema_dist_close": -0.0042592740619516655,
          "ema_dist_entry": -0.00691027510879591,
          "ema_span_0": 835.7684013255501,
          "ema_span_1": 999.78222208355,
          "enabled": true,
          "markup_range": 0.032161646455142,
          "min_markup": 0.007879984221323478,
          "n_close_orders": 14,
          "qty_pct_close": 0.011448624166079665,
          "qty_pct_entry": 0.01288872088361904,
          "wallet_exposure_limit": 1,
          "we_multiplier_close": 0,
          "we_multiplier_entry": 9.057021738291256},
 "short": {"backwards_tp": true,
           "delay_between_fills_minutes_close": 1068.6598702446938,
           "delay_between_fills_minutes_entry": 341.5359166522215,
           "delay_weight_close": 44.413500441106656,
           "delay_weight_entry": 14.657270309753374,
           "ema_dist_close": 0.002991470374193444,
           "ema_dist_entry": -0.010106402016082552,
           "ema_span_0": 1033.097790868257,
           "ema_span_1": 997.9260911008586,
           "enabled": true,
           "markup_range": 0.010375330005099746,
           "min_markup": 0.005268552794362952,
           "n_close_orders": 7,
           "qty_pct_close": 0.04228009762642517,
           "qty_pct_entry": 0.013315804562231673,
           "wallet_exposure_limit": 1,
           "we_multiplier_close": 0,
           "we_multiplier_entry": 9.65099975692485}}