{"config_name": "clock_0days",
 "long": {"backwards_tp": true,
          "delay_between_fills_minutes_close": 1185.5604663424745,
          "delay_between_fills_minutes_entry": 1245.3395974602226,
          "delay_weight_close": 0.5348155593158134,
          "delay_weight_entry": 20.999187531404058,
          "ema_dist_close": 0.0029719388902514016,
          "ema_dist_entry": -0.012923814128996793,
          "ema_span_0": 1409.3932834375444,
          "ema_span_1": 914.7067421277651,
          "enabled": true,
          "markup_range": 0.0012172565036916443,
          "min_markup": 0.008796877028114004,
          "n_close_orders": 15,
          "qty_pct_close": 0.012731494579591999,
          "qty_pct_entry": 0.0189926115075577,
          "wallet_exposure_limit": 1,
          "we_multiplier_close": 0,
          "we_multiplier_entry": 9.727955020694845},
 "short": {"backwards_tp": true,
           "delay_between_fills_minutes_close": 1294.864398928915,
           "delay_between_fills_minutes_entry": 377.030366780971,
           "delay_weight_close": 31.633775495098284,
           "delay_weight_entry": 10.39800970648835,
           "ema_dist_close": -0.0011984885226454648,
           "ema_dist_entry": -0.0181731076771228,
           "ema_span_0": 315.1392140663329,
           "ema_span_1": 1407.4195279428977,
           "enabled": true,
           "markup_range": 0.012673770174367016,
           "min_markup": 0.006191514860892238,
           "n_close_orders": 3,
           "qty_pct_close": 0.02655876793425885,
           "qty_pct_entry": 0.01283788113376384,
           "wallet_exposure_limit": 1,
           "we_multiplier_close": 0,
           "we_multiplier_entry": 10}}