{"config_name": "clock_0days",
 "long": {"backwards_tp": true,
          "delay_between_fills_minutes_close": 1297.446347592673,
          "delay_between_fills_minutes_entry": 1129.9305418865495,
          "delay_weight_close": 23.895730782664593,
          "delay_weight_entry": 30.885676956888087,
          "ema_dist_close": 0.00298439711727698,
          "ema_dist_entry": 0.002115233449038607,
          "ema_span_0": 1222.2740352588605,
          "ema_span_1": 759.0482824822924,
          "enabled": true,
          "markup_range": 0.0023769320815213457,
          "min_markup": 0.007878909042037145,
          "n_close_orders": 6,
          "qty_pct_close": 0.01040162158290617,
          "qty_pct_entry": 0.01892843326970887,
          "wallet_exposure_limit": 1,
          "we_multiplier_close": 0,
          "we_multiplier_entry": 4.156147535820607},
 "short": {"backwards_tp": true,
           "delay_between_fills_minutes_close": 1056.015809849692,
           "delay_between_fills_minutes_entry": 795.7910862190191,
           "delay_weight_close": 28.913973633188522,
           "delay_weight_entry": 18.65724151119194,
           "ema_dist_close": -0.0027743756697119256,
           "ema_dist_entry": -0.00979327688843155,
           "ema_span_0": 1244.3558213024007,
           "ema_span_1": 1361.5009213893104,
           "enabled": true,
           "markup_range": 0.019092177885071848,
           "min_markup": 0.006821285346157692,
           "n_close_orders": 13,
           "qty_pct_close": 0.014374584622706061,
           "qty_pct_entry": 0.013636436987004629,
           "wallet_exposure_limit": 1,
           "we_multiplier_close": 0,
           "we_multiplier_entry": 8.606071153342283}}