{"config_name": "clock_0days",
 "long": {"backwards_tp": true,
          "delay_between_fills_minutes_close": 822.1340957169649,
          "delay_between_fills_minutes_entry": 995.0389205950953,
          "delay_weight_close": 44.921573032374894,
          "delay_weight_entry": 14.194116780656488,
          "ema_dist_close": 0.0015917435169842814,
          "ema_dist_entry": 0.0029644734995271436,
          "ema_span_0": 1367.147365707656,
          "ema_span_1": 373.72215204496433,
          "enabled": true,
          "markup_range": 0.017704470894770428,
          "min_markup": 0.004742020830978237,
          "n_close_orders": 8,
          "qty_pct_close": 0.012776584480313876,
          "qty_pct_entry": 0.01198350096306373,
          "wallet_exposure_limit": 1,
          "we_multiplier_close": 0,
          "we_multiplier_entry": 9.06005231586295},
 "short": {"backwards_tp": true,
           "delay_between_fills_minutes_close": 1050.5295393999195,
           "delay_between_fills_minutes_entry": 249.34438597251201,
           "delay_weight_close": 69.4023349664883,
           "delay_weight_entry": 6.536877092449303,
           "ema_dist_close": 0.0006926333086275973,
           "ema_dist_entry": -0.0018377152098485155,
           "ema_span_0": 1395.0135640784026,
           "ema_span_1": 1190.5073354970134,
           "enabled": true,
           "markup_range": 0.0029094069241854302,
           "min_markup": 0.006163893303507779,
           "n_close_orders": 7,
           "qty_pct_close": 0.013889098416466386,
           "qty_pct_entry": 0.01702205435649927,
           "wallet_exposure_limit": 1,
           "we_multiplier_close": 0,
           "we_multiplier_entry": 7.683842582341931}}