{"config_name": "clock_0days",
 "long": {"backwards_tp": true,
          "delay_between_fills_minutes_close": 1093.3931226800835,
          "delay_between_fills_minutes_entry": 665.5016883421802,
          "delay_weight_close": 80.50557823810949,
          "delay_weight_entry": 12.491775425200546,
          "ema_dist_close": 0.00010154903299379399,
          "ema_dist_entry": 0.00274606597357272,
          "ema_span_0": 1414.3082202202006,
          "ema_span_1": 793.9458016941576,
          "enabled": true,
          "markup_range": 0.03134863435740628,
          "min_markup": 0.00976340479791794,
          "n_close_orders": 6,
          "qty_pct_close": 0.03802576895450344,
          "qty_pct_entry": 0.010018757438066206,
          "wallet_exposure_limit": 1,
          "we_multiplier_close": 0,
          "we_multiplier_entry": 9.617625781838909},
 "short": {"backwards_tp": true,
           "delay_between_fills_minutes_close": 451.0151298418913,
           "delay_between_fills_minutes_entry": 1126.5240502019913,
           "delay_weight_close": 17.2417367076083,
           "delay_weight_entry": 1.8899407442801355,
           "ema_dist_close": -0.0037007218537214834,
           "ema_dist_entry": -0.03153653793608107,
           "ema_span_0": 728.6849742408438,
           "ema_span_1": 1069.5730443642144,
           "enabled": true,
           "markup_range": 0.03011716502798442,
           "min_markup": 0.007041580841729698,
           "n_close_orders": 13,
           "qty_pct_close": 0.03635752740194634,
           "qty_pct_entry": 0.0114987353447928,
           "wallet_exposure_limit": 1,
           "we_multiplier_close": 0,
           "we_multiplier_entry": 8.18401009209713}}