{"config_name": "clock_0days",
 "long": {"backwards_tp": true,
          "delay_between_fills_minutes_close": 829.2056509446012,
          "delay_between_fills_minutes_entry": 681.3646138042108,
          "delay_weight_close": 51.187852714467795,
          "delay_weight_entry": 26.67094334656582,
          "ema_dist_close": -0.0018465384659754412,
          "ema_dist_entry": -0.049910333726392524,
          "ema_span_0": 1319.5819556533716,
          "ema_span_1": 939.8866392694617,
          "enabled": true,
          "markup_range": 0.0015524732447086756,
          "min_markup": 0.0052013372444876796,
          "n_close_orders": 13,
          "qty_pct_close": 0.03824287933308041,
          "qty_pct_entry": 0.010000348257180033,
          "wallet_exposure_limit": 1,
          "we_multiplier_close": 0,
          "we_multiplier_entry": 9.823980118365053},
 "short": {"backwards_tp": true,
           "delay_between_fills_minutes_close": 1396.7178502765457,
           "delay_between_fills_minutes_entry": 574.3537408896536,
           "delay_weight_close": 79.80491949338992,
           "delay_weight_entry": 11.562035417347104,
           "ema_dist_close": -8.152786006796259e-05,
           "ema_dist_entry": -0.006999278647231068,
           "ema_span_0": 1391.1389085569626,
           "ema_span_1": 915.519171904557,
           "enabled": true,
           "markup_range": 0.0018840191727093577,
           "min_markup": 0.004188852247657481,
           "n_close_orders": 3,
           "qty_pct_close": 0.018508670460081623,
           "qty_pct_entry": 0.010483362142496691,
           "wallet_exposure_limit": 1,
           "we_multiplier_close": 0,
           "we_multiplier_entry": 7.630049911945353}}