{"config_name": "clock_0days",
 "long": {"backwards_tp": true,
          "delay_between_fills_minutes_close": 1332.7987126249104,
          "delay_between_fills_minutes_entry": 624.9168506512478,
          "delay_weight_close": 88.8538847686371,
          "delay_weight_entry": 23.99292759292018,
          "ema_dist_close": 0.0002927075317135663,
          "ema_dist_entry": -0.003574502696154154,
          "ema_span_0": 1019.0195072593476,
          "ema_span_1": 665.9141008553138,
          "enabled": true,
          "markup_range": 0.05333111971959553,
          "min_markup": 0.00735610034529312,
          "n_close_orders": 7,
          "qty_pct_close": 0.022098395982313356,
          "qty_pct_entry": 0.010016520510945722,
          "wallet_exposure_limit": 1,
          "we_multiplier_close": 0,
          "we_multiplier_entry": 8.765112397875368},
 "short": {"backwards_tp": true,
           "delay_between_fills_minutes_close": 1131.2034191980229,
           "delay_between_fills_minutes_entry": 603.9919367267665,
           "delay_weight_close": 59.30276271909621,
           "delay_weight_entry": 56.615227116540645,
           "ema_dist_close": 0.0006752535836517838,
           "ema_dist_entry": -0.002247204524569638,
           "ema_span_0": 113.176331576974,
           "ema_span_1": 82.3205831069274,
           "enabled": true,
           "markup_range": 6.556947657638679e-05,
           "min_markup": 0.005432387048014245,
           "n_close_orders": 7,
           "qty_pct_close": 0.019624372080746008,
           "qty_pct_entry": 0.010409397311243742,
           "wallet_exposure_limit": 1,
           "we_multiplier_close": 0,
           "we_multiplier_entry": 6.9141047108220475}}