{"config_name": "clock_0days",
 "long": {"backwards_tp": true,
          "delay_between_fills_minutes_close": 833.1300275559712,
          "delay_between_fills_minutes_entry": 1212.803527085094,
          "delay_weight_close": 34.2600187729523,
          "delay_weight_entry": 10.37922745763959,
          "ema_dist_close": -0.009510778465579003,
          "ema_dist_entry": 0.0015544752209250647,
          "ema_span_0": 1369.194009433199,
          "ema_span_1": 1344.924365633511,
          "enabled": true,
          "markup_range": 0.058935127007619666,
          "min_markup": 0.009672368146548005,
          "n_close_orders": 14,
          "qty_pct_close": 0.010063953212069694,
          "qty_pct_entry": 0.01096620969409276,
          "wallet_exposure_limit": 1,
          "we_multiplier_close": 0,
          "we_multiplier_entry": 9.792246221691608},
 "short": {"backwards_tp": true,
           "delay_between_fills_minutes_close": 1234.673747322861,
           "delay_between_fills_minutes_entry": 450.3320759541588,
           "delay_weight_close": 89.72929052818215,
           "delay_weight_entry": 5.530872827596521,
           "ema_dist_close": 0.0029849338942576392,
           "ema_dist_entry": -0.0046667785406218605,
           "ema_span_0": 1230.5343974102257,
           "ema_span_1": 138.50649282769893,
           "enabled": true,
           "markup_range": 0.0018223777416682115,
           "min_markup": 0.006845533289662035,
           "n_close_orders": 11,
           "qty_pct_close": 0.010070021088801619,
           "qty_pct_entry": 0.01189538278267353,
           "wallet_exposure_limit": 1,
           "we_multiplier_close": 0,
           "we_multiplier_entry": 9.915451290253765}}