{"config_name": "clock_0days",
 "long": {"backwards_tp": true,
          "delay_between_fills_minutes_close": 1014.9284392347556,
          "delay_between_fills_minutes_entry": 851.6691833284603,
          "delay_weight_close": 45.35882563779744,
          "delay_weight_entry": 26.883220255129054,
          "ema_dist_close": 0.0006882160335942308,
          "ema_dist_entry": 0.0018579347621751389,
          "ema_span_0": 1187.368091952627,
          "ema_span_1": 1265.4502225890506,
          "enabled": true,
          "markup_range": 0.0015247693691875356,
          "min_markup": 0.006610726762835915,
          "n_close_orders": 4,
          "qty_pct_close": 0.01400566944581456,
          "qty_pct_entry": 0.015544797728112843,
          "wallet_exposure_limit": 1,
          "we_multiplier_close": 0,
          "we_multiplier_entry": 8.55569866634186},
 "short": {"backwards_tp": true,
           "delay_between_fills_minutes_close": 1323.8073930039345,
           "delay_between_fills_minutes_entry": 183.3070460019667,
           "delay_weight_close": 18.34911435798682,
           "delay_weight_entry": 6.694348659919506,
           "ema_dist_close": -0.0015196928075700466,
           "ema_dist_entry": -0.0013779302410489745,
           "ema_span_0": 917.6447116631633,
           "ema_span_1": 1375.0551217604964,
           "enabled": true,
           "markup_range": 8.585396330318892e-06,
           "min_markup": 0.007865167514619307,
           "n_close_orders": 6,
           "qty_pct_close": 0.011255231244372254,
           "qty_pct_entry": 0.011434515642898923,
           "wallet_exposure_limit": 1,
           "we_multiplier_close": 0,
           "we_multiplier_entry": 4.850974984564138}}