{"config_name": "clock_0days",
 "long": {"backwards_tp": true,
          "delay_between_fills_minutes_close": 1077.1807282484492,
          "delay_between_fills_minutes_entry": 1232.7128505088735,
          "delay_weight_close": 73.02572088977536,
          "delay_weight_entry": 14.453691276160244,
          "ema_dist_close": 0.0026294226803143914,
          "ema_dist_entry": 0.0029811359697856695,
          "ema_span_0": 1150.1390184501067,
          "ema_span_1": 1374.864691153405,
          "enabled": true,
          "markup_range": 0.0585552665236782,
          "min_markup": 0.008875991138911835,
          "n_close_orders": 14,
          "qty_pct_close": 0.013612979997873373,
          "qty_pct_entry": 0.011835520328508337,
          "wallet_exposure_limit": 1,
          "we_multiplier_close": 0,
          "we_multiplier_entry": 9.515438059683117},
 "short": {"backwards_tp": true,
           "delay_between_fills_minutes_close": 1022.8864815436656,
           "delay_between_fills_minutes_entry": 490.5600353595079,
           "delay_weight_close": 72.37618149523273,
           "delay_weight_entry": 41.018339144892835,
           "ema_dist_close": 0.001322610222533517,
           "ema_dist_entry": 0.0019311796604976857,
           "ema_span_0": 587.962722777956,
           "ema_span_1": 660.7285425992538,
           "enabled": true,
           "markup_range": 0.0014137528485443944,
           "min_markup": 0.004172374633890429,
           "n_close_orders": 5,
           "qty_pct_close": 0.020668900143290286,
           "qty_pct_entry": 0.01153287491899116,
           "wallet_exposure_limit": 1,
           "we_multiplier_close": 0,
           "we_multiplier_entry": 9.816195008286176}}