{"config_name": "clock_0days",
 "long": {"backwards_tp": true,
          "delay_between_fills_minutes_close": 794.9677128822912,
          "delay_between_fills_minutes_entry": 544.5366404219461,
          "delay_weight_close": 0.18515578996131565,
          "delay_weight_entry": 8.847290908872262,
          "ema_dist_close": 0.0026585377101442614,
          "ema_dist_entry": -0.00716347729674227,
          "ema_span_0": 1005.1986313704755,
          "ema_span_1": 1211.3624013771268,
          "enabled": true,
          "markup_range": 0.012265193390456144,
          "min_markup": 0.008919571995125492,
          "n_close_orders": 4,
          "qty_pct_close": 0.020828941130818134,
          "qty_pct_entry": 0.010000021053481946,
          "wallet_exposure_limit": 1,
          "we_multiplier_close": 0,
          "we_multiplier_entry": 9.975135688485736},
 "short": {"backwards_tp": true,
           "delay_between_fills_minutes_close": 1296.1419739084013,
           "delay_between_fills_minutes_entry": 147.02021689326304,
           "delay_weight_close": 5.97148502628611,
           "delay_weight_entry": 3.650032916171652,
           "ema_dist_close": 0.000970137623367213,
           "ema_dist_entry": -0.0020118711305088465,
           "ema_span_0": 914.6314864360197,
           "ema_span_1": 988.0233545150836,
           "enabled": true,
           "markup_range": 0.0004247384515813301,
           "min_markup": 0.006149104388253391,
           "n_close_orders": 9,
           "qty_pct_close": 0.019408268413854183,
           "qty_pct_entry": 0.01459981809009704,
           "wallet_exposure_limit": 1,
           "we_multiplier_close": 0,
           "we_multiplier_entry": 9.128695941373563}}