{"config_name": "clock_0days",
 "long": {"backwards_tp": true,
          "delay_between_fills_minutes_close": 833.1300275559712,
          "delay_between_fills_minutes_entry": 1212.803527085094,
          "delay_weight_close": 34.2600187729523,
          "delay_weight_entry": 10.37922745763959,
          "ema_dist_close": -0.009510778465579003,
          "ema_dist_entry": 0.0015544752209250647,
          "ema_span_0": 1369.194009433199,
          "ema_span_1": 1344.924365633511,
          "enabled": true,
          "markup_range": 0.058935127007619666,
          "min_markup": 0.009672368146548005,
          "n_close_orders": 14,
          "qty_pct_close": 0.010063953212069694,
          "qty_pct_entry": 0.01096620969409276,
          "wallet_exposure_limit": 1,
          "we_multiplier_close": 0,
          "we_multiplier_entry": 9.792246221691608},
 "short": {"backwards_tp": true,
           "delay_between_fills_minutes_close": 1323.8073930039345,
           "delay_between_fills_minutes_entry": 183.3070460019667,
           "delay_weight_close": 18.34911435798682,
           "delay_weight_entry": 6.694348659919506,
           "ema_dist_close": -0.0015196928075700466,
           "ema_dist_entry": -0.0013779302410489745,
           "ema_span_0": 917.6447116631633,
           "ema_span_1": 1375.0551217604964,
           "enabled": true,
           "markup_range": 8.585396330318892e-06,
           "min_markup": 0.007865167514619307,
           "n_close_orders": 6,
           "qty_pct_close": 0.011255231244372254,
           "qty_pct_entry": 0.011434515642898923,
           "wallet_exposure_limit": 1,
           "we_multiplier_close": 0,
           "we_multiplier_entry": 4.850974984564138}}