{"config_name": "clock_0days",
 "long": {"backwards_tp": true,
          "delay_between_fills_minutes_close": 647.8222539313874,
          "delay_between_fills_minutes_entry": 718.4498503578127,
          "delay_weight_close": 74.8996951963156,
          "delay_weight_entry": 27.86126728804292,
          "ema_dist_close": 0.0028547711436244416,
          "ema_dist_entry": 0.002971892879800595,
          "ema_span_0": 647.8106028777783,
          "ema_span_1": 1284.021151355735,
          "enabled": true,
          "markup_range": 7.551994800895838e-05,
          "min_markup": 0.005894634008284491,
          "n_close_orders": 8,
          "qty_pct_close": 0.02789055159943267,
          "qty_pct_entry": 0.023083524362018364,
          "wallet_exposure_limit": 1,
          "we_multiplier_close": 0,
          "we_multiplier_entry": 9.203394965078033},
 "short": {"backwards_tp": true,
           "delay_between_fills_minutes_close": 1221.5006619358167,
           "delay_between_fills_minutes_entry": 831.313722247777,
           "delay_weight_close": 51.18871223115674,
           "delay_weight_entry": 6.761295027110616,
           "ema_dist_close": 0.002734232428164367,
           "ema_dist_entry": -0.000761420021360098,
           "ema_span_0": 619.1643302908301,
           "ema_span_1": 1126.1985657602752,
           "enabled": true,
           "markup_range": 0.031328464156655314,
           "min_markup": 0.009837230203493232,
           "n_close_orders": 11,
           "qty_pct_close": 0.010663344743471095,
           "qty_pct_entry": 0.010825877887044344,
           "wallet_exposure_limit": 1,
           "we_multiplier_close": 0,
           "we_multiplier_entry": 8.919855698066714}}