{"config_name": "clock_0days",
 "long": {"backwards_tp": true,
          "delay_between_fills_minutes_close": 1073.3204753488105,
          "delay_between_fills_minutes_entry": 1302.9584111487866,
          "delay_weight_close": 40.09374865761545,
          "delay_weight_entry": 2.8545540516746795,
          "ema_dist_close": 0.0020539728714032085,
          "ema_dist_entry": 0.002997479332770153,
          "ema_span_0": 772.5636643325025,
          "ema_span_1": 1180.3310157865521,
          "enabled": true,
          "markup_range": 0.03791294679515116,
          "min_markup": 0.008544402617761243,
          "n_close_orders": 6,
          "qty_pct_close": 0.010080776659859821,
          "qty_pct_entry": 0.02040020550786626,
          "wallet_exposure_limit": 1,
          "we_multiplier_close": 0,
          "we_multiplier_entry": 9.252994944637564},
 "short": {"backwards_tp": true,
           "delay_between_fills_minutes_close": 1420.8867184126132,
           "delay_between_fills_minutes_entry": 348.4775882371876,
           "delay_weight_close": 34.26780489531375,
           "delay_weight_entry": 6.12179835338315,
           "ema_dist_close": -0.003518708695838589,
           "ema_dist_entry": 9.85811893947007e-05,
           "ema_span_0": 918.3771896672507,
           "ema_span_1": 1268.8383938621732,
           "enabled": true,
           "markup_range": 0.002382625042911236,
           "min_markup": 0.006565824132155998,
           "n_close_orders": 10,
           "qty_pct_close": 0.010034267734219015,
           "qty_pct_entry": 0.024684657229858548,
           "wallet_exposure_limit": 1,
           "we_multiplier_close": 0,
           "we_multiplier_entry": 9.525920190275968}}