{"config_name": "clock_0days",
 "long": {"backwards_tp": true,
          "delay_between_fills_minutes_close": 1077.1807282484492,
          "delay_between_fills_minutes_entry": 1232.7128505088735,
          "delay_weight_close": 73.02572088977536,
          "delay_weight_entry": 14.453691276160244,
          "ema_dist_close": 0.0026294226803143914,
          "ema_dist_entry": 0.0029811359697856695,
          "ema_span_0": 1150.1390184501067,
          "ema_span_1": 1374.864691153405,
          "enabled": true,
          "markup_range": 0.0585552665236782,
          "min_markup": 0.008875991138911835,
          "n_close_orders": 14,
          "qty_pct_close": 0.013612979997873373,
          "qty_pct_entry": 0.011835520328508337,
          "wallet_exposure_limit": 1,
          "we_multiplier_close": 0,
          "we_multiplier_entry": 9.515438059683117},
 "short": {"backwards_tp": true,
           "delay_between_fills_minutes_close": 1221.5006619358167,
           "delay_between_fills_minutes_entry": 831.313722247777,
           "delay_weight_close": 51.18871223115674,
           "delay_weight_entry": 6.761295027110616,
           "ema_dist_close": 0.002734232428164367,
           "ema_dist_entry": -0.000761420021360098,
           "ema_span_0": 619.1643302908301,
           "ema_span_1": 1126.1985657602752,
           "enabled": true,
           "markup_range": 0.031328464156655314,
           "min_markup": 0.009837230203493232,
           "n_close_orders": 11,
           "qty_pct_close": 0.010663344743471095,
           "qty_pct_entry": 0.010825877887044344,
           "wallet_exposure_limit": 1,
           "we_multiplier_close": 0,
           "we_multiplier_entry": 8.919855698066714}}