{"config_name": "clock_0days",
 "long": {"backwards_tp": true,
          "delay_between_fills_minutes_close": 1240.619948215464,
          "delay_between_fills_minutes_entry": 1406.9355515864531,
          "delay_weight_close": 39.21527068773809,
          "delay_weight_entry": 25.462377929629536,
          "ema_dist_close": -0.006258194975658179,
          "ema_dist_entry": -0.0007965550060604941,
          "ema_span_0": 961.4813030206554,
          "ema_span_1": 595.2620996581525,
          "enabled": true,
          "markup_range": 0.00037638638314941696,
          "min_markup": 0.003747616601162867,
          "n_close_orders": 12,
          "qty_pct_close": 0.010034298852995118,
          "qty_pct_entry": 0.022535360635394373,
          "wallet_exposure_limit": 1,
          "we_multiplier_close": 0,
          "we_multiplier_entry": 8.692521793590576},
 "short": {"backwards_tp": true,
           "delay_between_fills_minutes_close": 1279.3428536393867,
           "delay_between_fills_minutes_entry": 1185.9050347143673,
           "delay_weight_close": 59.42795144932482,
           "delay_weight_entry": 24.39288071676801,
           "ema_dist_close": -0.001048290112673706,
           "ema_dist_entry": -0.01216106391847627,
           "ema_span_0": 437.5069705321616,
           "ema_span_1": 813.7990832725427,
           "enabled": true,
           "markup_range": 0.011828867885331596,
           "min_markup": 0.007890470482281736,
           "n_close_orders": 5,
           "qty_pct_close": 0.013491342742327966,
           "qty_pct_entry": 0.017240666612956455,
           "wallet_exposure_limit": 1,
           "we_multiplier_close": 0,
           "we_multiplier_entry": 4.181828521736271}}