{"config_name": "clock_0days",
 "long": {"backwards_tp": true,
          "delay_between_fills_minutes_close": 962.409178222383,
          "delay_between_fills_minutes_entry": 1172.1376830193153,
          "delay_weight_close": 53.40502168442531,
          "delay_weight_entry": 11.969432812912661,
          "ema_dist_close": 0.00031138704169496263,
          "ema_dist_entry": -0.0006270140214384637,
          "ema_span_0": 568.7011450827894,
          "ema_span_1": 949.5337302663744,
          "enabled": true,
          "markup_range": 0.021297698497498223,
          "min_markup": 0.00784453473598048,
          "n_close_orders": 8,
          "qty_pct_close": 0.01018370628522916,
          "qty_pct_entry": 0.016029569751713095,
          "wallet_exposure_limit": 1,
          "we_multiplier_close": 0,
          "we_multiplier_entry": 9.932634426458602},
 "short": {"backwards_tp": true,
           "delay_between_fills_minutes_close": 1438.4141447709878,
           "delay_between_fills_minutes_entry": 441.1073717945042,
           "delay_weight_close": 40.71042994495278,
           "delay_weight_entry": 13.888293268391225,
           "ema_dist_close": 0.0012506077015050012,
           "ema_dist_entry": -0.0009251862958045151,
           "ema_span_0": 916.5966734173559,
           "ema_span_1": 902.4689005607486,
           "enabled": true,
           "markup_range": 0.0011008246200862883,
           "min_markup": 0.007593015282927445,
           "n_close_orders": 3,
           "qty_pct_close": 0.012107510661348176,
           "qty_pct_entry": 0.010382178027008672,
           "wallet_exposure_limit": 1,
           "we_multiplier_close": 0,
           "we_multiplier_entry": 9.99891960197657}}