{"config_name": "clock_0days",
 "long": {"backwards_tp": true,
          "delay_between_fills_minutes_close": 1104.653115516864,
          "delay_between_fills_minutes_entry": 497.243075560796,
          "delay_weight_close": 52.67051420970565,
          "delay_weight_entry": 13.237436199618298,
          "ema_dist_close": 0.002941999138864414,
          "ema_dist_entry": -0.002567086001269032,
          "ema_span_0": 1409.7405710700502,
          "ema_span_1": 1019.2052990694884,
          "enabled": true,
          "markup_range": 0.008295268494336696,
          "min_markup": 0.008282377489839962,
          "n_close_orders": 5,
          "qty_pct_close": 0.012081853775910988,
          "qty_pct_entry": 0.014675336449015808,
          "wallet_exposure_limit": 1,
          "we_multiplier_close": 0,
          "we_multiplier_entry": 9.99952291452805},
 "short": {"backwards_tp": true,
           "delay_between_fills_minutes_close": 1071.7321448776502,
           "delay_between_fills_minutes_entry": 608.4339463035063,
           "delay_weight_close": 47.700175722135015,
           "delay_weight_entry": 7.570410307946368,
           "ema_dist_close": -0.0032534951737690663,
           "ema_dist_entry": -0.015400883777569794,
           "ema_span_0": 901.2066666132317,
           "ema_span_1": 1295.1303089278313,
           "enabled": true,
           "markup_range": 0.04596908396510209,
           "min_markup": 0.008067229828822261,
           "n_close_orders": 5,
           "qty_pct_close": 0.011542071704623675,
           "qty_pct_entry": 0.01410069807249177,
           "wallet_exposure_limit": 1,
           "we_multiplier_close": 0,
           "we_multiplier_entry": 9.958301334593878}}