{"config_name": "clock_0days",
 "long": {"backwards_tp": true,
          "delay_between_fills_minutes_close": 1409.768208407833,
          "delay_between_fills_minutes_entry": 1015.3705586685882,
          "delay_weight_close": 36.319118519027676,
          "delay_weight_entry": 14.60198490498238,
          "ema_dist_close": 0.0029395529965181703,
          "ema_dist_entry": 0.0015513558518733127,
          "ema_span_0": 1099.0424062207,
          "ema_span_1": 852.6180188875159,
          "enabled": true,
          "markup_range": 0.0076994774976876885,
          "min_markup": 0.009474830070044755,
          "n_close_orders": 8,
          "qty_pct_close": 0.011587275112986893,
          "qty_pct_entry": 0.011566188555475008,
          "wallet_exposure_limit": 1,
          "we_multiplier_close": 0,
          "we_multiplier_entry": 9.696228909889838},
 "short": {"backwards_tp": true,
           "delay_between_fills_minutes_close": 1142.645363057264,
           "delay_between_fills_minutes_entry": 1399.5541102498773,
           "delay_weight_close": 44.90527102019327,
           "delay_weight_entry": 14.268146833277532,
           "ema_dist_close": 0.002931339823923542,
           "ema_dist_entry": -0.007921003781265165,
           "ema_span_0": 1396.5103968705203,
           "ema_span_1": 275.12457142530025,
           "enabled": true,
           "markup_range": 0.005443408402998408,
           "min_markup": 0.009068417646324588,
           "n_close_orders": 7,
           "qty_pct_close": 0.022632777700431705,
           "qty_pct_entry": 0.017759125934843523,
           "wallet_exposure_limit": 1,
           "we_multiplier_close": 0,
           "we_multiplier_entry": 9.779990984391535}}