{"config_name": "clock_0days",
 "long": {"backwards_tp": true,
          "delay_between_fills_minutes_close": 1107.4710337669503,
          "delay_between_fills_minutes_entry": 825.3839968138504,
          "delay_weight_close": 67.9701611480623,
          "delay_weight_entry": 12.49526594390872,
          "ema_dist_close": -0.0021178858109151314,
          "ema_dist_entry": 0.0022021111003530723,
          "ema_span_0": 1235.0830428493039,
          "ema_span_1": 1198.9408034555945,
          "enabled": true,
          "markup_range": 0.056226370825320615,
          "min_markup": 0.0060538760772622996,
          "n_close_orders": 2,
          "qty_pct_close": 0.014385109210252368,
          "qty_pct_entry": 0.010087930789726559,
          "wallet_exposure_limit": 1,
          "we_multiplier_close": 0,
          "we_multiplier_entry": 6.046985925428747},
 "short": {"backwards_tp": true,
           "delay_between_fills_minutes_close": 1400.0242714648448,
           "delay_between_fills_minutes_entry": 328.2305083427938,
           "delay_weight_close": 38.92221993129098,
           "delay_weight_entry": 12.24139049420294,
           "ema_dist_close": -0.0008560612853727447,
           "ema_dist_entry": -0.005497049380766986,
           "ema_span_0": 384.44513774552,
           "ema_span_1": 1256.9980699630817,
           "enabled": true,
           "markup_range": 0.0031737576042087778,
           "min_markup": 0.003671761954620994,
           "n_close_orders": 11,
           "qty_pct_close": 0.011128236162992335,
           "qty_pct_entry": 0.013734107201188051,
           "wallet_exposure_limit": 1,
           "we_multiplier_close": 0,
           "we_multiplier_entry": 9.99114774620646}}