{"config_name": "clock_0days",
 "long": {"backwards_tp": true,
          "delay_between_fills_minutes_close": 1143.1904529114277,
          "delay_between_fills_minutes_entry": 948.3513811188083,
          "delay_weight_close": 56.13407444686111,
          "delay_weight_entry": 10.807476449083884,
          "ema_dist_close": -0.0006766010557382271,
          "ema_dist_entry": 0.0015278141413719523,
          "ema_span_0": 1148.7742187263384,
          "ema_span_1": 1196.1061278731943,
          "enabled": true,
          "markup_range": 0.05059262384485033,
          "min_markup": 0.007499739719254243,
          "n_close_orders": 11,
          "qty_pct_close": 0.01001026923951864,
          "qty_pct_entry": 0.010467521768919784,
          "wallet_exposure_limit": 1,
          "we_multiplier_close": 0,
          "we_multiplier_entry": 9.948752455445286},
 "short": {"backwards_tp": true,
           "delay_between_fills_minutes_close": 1221.5006619358167,
           "delay_between_fills_minutes_entry": 831.313722247777,
           "delay_weight_close": 51.18871223115674,
           "delay_weight_entry": 6.761295027110616,
           "ema_dist_close": 0.002734232428164367,
           "ema_dist_entry": -0.000761420021360098,
           "ema_span_0": 619.1643302908301,
           "ema_span_1": 1126.1985657602752,
           "enabled": true,
           "markup_range": 0.031328464156655314,
           "min_markup": 0.009837230203493232,
           "n_close_orders": 11,
           "qty_pct_close": 0.010663344743471095,
           "qty_pct_entry": 0.010825877887044344,
           "wallet_exposure_limit": 1,
           "we_multiplier_close": 0,
           "we_multiplier_entry": 8.919855698066714}}