{"config_name": "clock_0days",
 "long": {"backwards_tp": true,
          "delay_between_fills_minutes_close": 1143.1904529114277,
          "delay_between_fills_minutes_entry": 948.3513811188083,
          "delay_weight_close": 56.13407444686111,
          "delay_weight_entry": 10.807476449083884,
          "ema_dist_close": -0.0006766010557382271,
          "ema_dist_entry": 0.0015278141413719523,
          "ema_span_0": 1148.7742187263384,
          "ema_span_1": 1196.1061278731943,
          "enabled": true,
          "markup_range": 0.05059262384485033,
          "min_markup": 0.007499739719254243,
          "n_close_orders": 11,
          "qty_pct_close": 0.01001026923951864,
          "qty_pct_entry": 0.010467521768919784,
          "wallet_exposure_limit": 1,
          "we_multiplier_close": 0,
          "we_multiplier_entry": 9.948752455445286},
 "short": {"backwards_tp": true,
           "delay_between_fills_minutes_close": 1071.7321448776502,
           "delay_between_fills_minutes_entry": 608.4339463035063,
           "delay_weight_close": 47.700175722135015,
           "delay_weight_entry": 7.570410307946368,
           "ema_dist_close": -0.0032534951737690663,
           "ema_dist_entry": -0.015400883777569794,
           "ema_span_0": 901.2066666132317,
           "ema_span_1": 1295.1303089278313,
           "enabled": true,
           "markup_range": 0.04596908396510209,
           "min_markup": 0.008067229828822261,
           "n_close_orders": 5,
           "qty_pct_close": 0.011542071704623675,
           "qty_pct_entry": 0.01410069807249177,
           "wallet_exposure_limit": 1,
           "we_multiplier_close": 0,
           "we_multiplier_entry": 9.958301334593878}}