{"config_name": "clock_0days",
 "long": {"backwards_tp": true,
          "delay_between_fills_minutes_close": 1258.877560137965,
          "delay_between_fills_minutes_entry": 653.488206687891,
          "delay_weight_close": 52.3446839478151,
          "delay_weight_entry": 20.661930017798728,
          "ema_dist_close": 3.4838145081053136e-05,
          "ema_dist_entry": -0.00574929573077508,
          "ema_span_0": 965.4713937183167,
          "ema_span_1": 905.1629832053364,
          "enabled": true,
          "markup_range": 0.006806605257306645,
          "min_markup": 0.004676325621587764,
          "n_close_orders": 10,
          "qty_pct_close": 0.01216791867172733,
          "qty_pct_entry": 0.01708841159594309,
          "wallet_exposure_limit": 1,
          "we_multiplier_close": 0,
          "we_multiplier_entry": 9.992260482228037},
 "short": {"backwards_tp": true,
           "delay_between_fills_minutes_close": 1396.7178502765457,
           "delay_between_fills_minutes_entry": 574.3537408896536,
           "delay_weight_close": 79.80491949338992,
           "delay_weight_entry": 11.562035417347104,
           "ema_dist_close": -8.152786006796259e-05,
           "ema_dist_entry": -0.006999278647231068,
           "ema_span_0": 1391.1389085569626,
           "ema_span_1": 915.519171904557,
           "enabled": true,
           "markup_range": 0.0018840191727093577,
           "min_markup": 0.004188852247657481,
           "n_close_orders": 3,
           "qty_pct_close": 0.018508670460081623,
           "qty_pct_entry": 0.010483362142496691,
           "wallet_exposure_limit": 1,
           "we_multiplier_close": 0,
           "we_multiplier_entry": 7.630049911945353}}