{"config_name": "clock_0days",
 "long": {"backwards_tp": true,
          "delay_between_fills_minutes_close": 1098.1890971328564,
          "delay_between_fills_minutes_entry": 1375.243065814745,
          "delay_weight_close": 29.88896098753217,
          "delay_weight_entry": 12.091121232363104,
          "ema_dist_close": -0.00770144974972434,
          "ema_dist_entry": 0.0029555600090398868,
          "ema_span_0": 1282.1557227028245,
          "ema_span_1": 1354.531959111327,
          "enabled": true,
          "markup_range": 0.0564658804360234,
          "min_markup": 0.004536239776665542,
          "n_close_orders": 2,
          "qty_pct_close": 0.010318006553638565,
          "qty_pct_entry": 0.011391045897932045,
          "wallet_exposure_limit": 1,
          "we_multiplier_close": 0,
          "we_multiplier_entry": 7.0564509175305545},
 "short": {"backwards_tp": true,
           "delay_between_fills_minutes_close": 1147.2175746240093,
           "delay_between_fills_minutes_entry": 1344.4174639926466,
           "delay_weight_close": 55.08480444793561,
           "delay_weight_entry": 5.527524296320485,
           "ema_dist_close": -0.005818784796419914,
           "ema_dist_entry": 0.002984551312844512,
           "ema_span_0": 1388.9714235200731,
           "ema_span_1": 842.8980135040856,
           "enabled": true,
           "markup_range": 0.051935804057843316,
           "min_markup": 0.007278101464767998,
           "n_close_orders": 10,
           "qty_pct_close": 0.010044210831340496,
           "qty_pct_entry": 0.011622579759049822,
           "wallet_exposure_limit": 1,
           "we_multiplier_close": 0,
           "we_multiplier_entry": 9.82638218593147}}