{"config_name": "clock_0days",
 "long": {"backwards_tp": true,
          "delay_between_fills_minutes_close": 1277.3251244157748,
          "delay_between_fills_minutes_entry": 1216.057734091145,
          "delay_weight_close": 66.32059985194971,
          "delay_weight_entry": 15.073984925181811,
          "ema_dist_close": 0.0006115295846138357,
          "ema_dist_entry": -3.278822778787082e-05,
          "ema_span_0": 1230.121989346604,
          "ema_span_1": 949.180179825066,
          "enabled": true,
          "markup_range": 0.05370800531749068,
          "min_markup": 0.008098935350333665,
          "n_close_orders": 11,
          "qty_pct_close": 0.015146066038749706,
          "qty_pct_entry": 0.01006698912163443,
          "wallet_exposure_limit": 1,
          "we_multiplier_close": 0,
          "we_multiplier_entry": 8.393369727504902},
 "short": {"backwards_tp": true,
           "delay_between_fills_minutes_close": 994.988118806758,
           "delay_between_fills_minutes_entry": 317.0114095372921,
           "delay_weight_close": 64.21435545867797,
           "delay_weight_entry": 9.41060851968836,
           "ema_dist_close": 0.0020302865280332426,
           "ema_dist_entry": -0.005320416273806871,
           "ema_span_0": 1001.1702346693172,
           "ema_span_1": 701.5082980586151,
           "enabled": true,
           "markup_range": 0.004255931827100837,
           "min_markup": 0.0045768707404305825,
           "n_close_orders": 9,
           "qty_pct_close": 0.0119074650277676,
           "qty_pct_entry": 0.014054182208395603,
           "wallet_exposure_limit": 1,
           "we_multiplier_close": 0,
           "we_multiplier_entry": 9.886623694505245}}