{"config_name": "clock_0days",
 "long": {"backwards_tp": true,
          "delay_between_fills_minutes_close": 1400.9064026488463,
          "delay_between_fills_minutes_entry": 1440,
          "delay_weight_close": 58.79959585708705,
          "delay_weight_entry": 10.959076388436209,
          "ema_dist_close": 0.003,
          "ema_dist_entry": -0.02772778938036382,
          "ema_span_0": 1138.739721733395,
          "ema_span_1": 5.0062918268054695,
          "enabled": true,
          "markup_range": 0.051451689323101686,
          "min_markup": 0.008293567493695307,
          "n_close_orders": 12,
          "qty_pct_close": 0.017450501048647354,
          "qty_pct_entry": 0.01101553339681686,
          "wallet_exposure_limit": 1,
          "we_multiplier_close": 0,
          "we_multiplier_entry": 9.934438426010102},
 "short": {"backwards_tp": true,
           "delay_between_fills_minutes_close": 903.4577390484795,
           "delay_between_fills_minutes_entry": 91.31869679673099,
           "delay_weight_close": 61.0637713869559,
           "delay_weight_entry": 21.21444113263368,
           "ema_dist_close": 0.00287714922509502,
           "ema_dist_entry": -0.015841540747091768,
           "ema_span_0": 142.5433618055965,
           "ema_span_1": 436.1751528372657,
           "enabled": true,
           "markup_range": 0.0005145423300760727,
           "min_markup": 0.003659346019507608,
           "n_close_orders": 7,
           "qty_pct_close": 0.018959604054111,
           "qty_pct_entry": 0.014964702519543157,
           "wallet_exposure_limit": 1,
           "we_multiplier_close": 0,
           "we_multiplier_entry": 9.266575868243784}}