{"config_name": "clock_0days",
 "long": {"backwards_tp": true,
          "delay_between_fills_minutes_close": 958.1157413814566,
          "delay_between_fills_minutes_entry": 1086.5640533752246,
          "delay_weight_close": 87.00785607946979,
          "delay_weight_entry": 12.986131630004003,
          "ema_dist_close": -0.0005335316918236077,
          "ema_dist_entry": 0.001953294858308979,
          "ema_span_0": 1250.7805123452456,
          "ema_span_1": 874.7677295290719,
          "enabled": true,
          "markup_range": 0.019866483188602187,
          "min_markup": 0.004981371155774521,
          "n_close_orders": 7,
          "qty_pct_close": 0.01968982920661889,
          "qty_pct_entry": 0.010104790325327538,
          "wallet_exposure_limit": 1,
          "we_multiplier_close": 0,
          "we_multiplier_entry": 9.885178035798278},
 "short": {"backwards_tp": true,
           "delay_between_fills_minutes_close": 1213.8808604575988,
           "delay_between_fills_minutes_entry": 319.8805659148345,
           "delay_weight_close": 2.663350062481493,
           "delay_weight_entry": 9.039510921080103,
           "ema_dist_close": 0.0029441187892161966,
           "ema_dist_entry": -0.006899703006473927,
           "ema_span_0": 9.082344740316472,
           "ema_span_1": 935.7226512380286,
           "enabled": true,
           "markup_range": 0.0009430202211385166,
           "min_markup": 0.0029601774438838702,
           "n_close_orders": 7,
           "qty_pct_close": 0.010202109440378334,
           "qty_pct_entry": 0.010000497266764313,
           "wallet_exposure_limit": 1,
           "we_multiplier_close": 0,
           "we_multiplier_entry": 9.645104986712898}}