{"config_name": "clock_0days",
 "long": {"backwards_tp": true,
          "delay_between_fills_minutes_close": 1246.453675439523,
          "delay_between_fills_minutes_entry": 1043.4026414875514,
          "delay_weight_close": 59.00638071467824,
          "delay_weight_entry": 12.783527392042384,
          "ema_dist_close": -0.001174471722058444,
          "ema_dist_entry": -0.0008280528023009111,
          "ema_span_0": 905.0803044663683,
          "ema_span_1": 1274.1281529111866,
          "enabled": true,
          "markup_range": 0.02939339511460445,
          "min_markup": 0.006431641992599841,
          "n_close_orders": 10,
          "qty_pct_close": 0.036761321855843444,
          "qty_pct_entry": 0.02461482313117535,
          "wallet_exposure_limit": 1,
          "we_multiplier_close": 0,
          "we_multiplier_entry": 9.99284196964666},
 "short": {"backwards_tp": true,
           "delay_between_fills_minutes_close": 1390.2579752796764,
           "delay_between_fills_minutes_entry": 669.8954279400186,
           "delay_weight_close": 84.03300146614866,
           "delay_weight_entry": 10.121719907764334,
           "ema_dist_close": 0.0022563487350934085,
           "ema_dist_entry": -0.002912675468766438,
           "ema_span_0": 1369.8957114906796,
           "ema_span_1": 1434.3800383113123,
           "enabled": true,
           "markup_range": 0.0028831060261065985,
           "min_markup": 0.007500370955703341,
           "n_close_orders": 9,
           "qty_pct_close": 0.010002536340047495,
           "qty_pct_entry": 0.011834287558867746,
           "wallet_exposure_limit": 1,
           "we_multiplier_close": 0,
           "we_multiplier_entry": 5.403108172035272}}