{"config_name": "clock_0days",
 "long": {"backwards_tp": true,
          "delay_between_fills_minutes_close": 1233.0465371966295,
          "delay_between_fills_minutes_entry": 741.4225070532964,
          "delay_weight_close": 94.44784504644795,
          "delay_weight_entry": 12.854206502092634,
          "ema_dist_close": 0.0028080099050355554,
          "ema_dist_entry": -0.0027296246700651127,
          "ema_span_0": 1124.551325286089,
          "ema_span_1": 8.986258170448027,
          "enabled": true,
          "markup_range": 0.04741830788687247,
          "min_markup": 0.009102288530580295,
          "n_close_orders": 5,
          "qty_pct_close": 0.030065141711628145,
          "qty_pct_entry": 0.014535269172023243,
          "wallet_exposure_limit": 1,
          "we_multiplier_close": 0,
          "we_multiplier_entry": 9.793779868821595},
 "short": {"backwards_tp": true,
           "delay_between_fills_minutes_close": 1333.3541738270978,
           "delay_between_fills_minutes_entry": 1133.544147008662,
           "delay_weight_close": 29.820062961642005,
           "delay_weight_entry": 13.985442036762864,
           "ema_dist_close": 0.0028130190550572053,
           "ema_dist_entry": -0.0007086188001904501,
           "ema_span_0": 1134.4330727336142,
           "ema_span_1": 336.48457168114845,
           "enabled": true,
           "markup_range": 0.0012398766717468975,
           "min_markup": 0.009789965158282024,
           "n_close_orders": 3,
           "qty_pct_close": 0.01674543471714861,
           "qty_pct_entry": 0.0159529662944763,
           "wallet_exposure_limit": 1,
           "we_multiplier_close": 0,
           "we_multiplier_entry": 9.141452751421218}}