{"config_name": "clock_0days",
 "long": {"backwards_tp": true,
          "delay_between_fills_minutes_close": 1061.8823999064584,
          "delay_between_fills_minutes_entry": 1012.1825530990295,
          "delay_weight_close": 35.409202373884135,
          "delay_weight_entry": 32.95956402925812,
          "ema_dist_close": -0.007254519009069184,
          "ema_dist_entry": 0.0028304482415728097,
          "ema_span_0": 91.16702196899816,
          "ema_span_1": 91.93736565179938,
          "enabled": true,
          "markup_range": 0.0031895140493152776,
          "min_markup": 0.0030837805934416707,
          "n_close_orders": 4,
          "qty_pct_close": 0.010458652758586526,
          "qty_pct_entry": 0.012868236452401689,
          "wallet_exposure_limit": 1,
          "we_multiplier_close": 0,
          "we_multiplier_entry": 9.966008726830031},
 "short": {"backwards_tp": true,
           "delay_between_fills_minutes_close": 823.925380691432,
           "delay_between_fills_minutes_entry": 552.1101561076499,
           "delay_weight_close": 80.76346040980073,
           "delay_weight_entry": 5.923744767045681,
           "ema_dist_close": 0.0026632234530420723,
           "ema_dist_entry": -0.005803973299114309,
           "ema_span_0": 943.0370411200279,
           "ema_span_1": 1422.5397241747166,
           "enabled": true,
           "markup_range": 0.0038455296273103945,
           "min_markup": 0.004971921043439715,
           "n_close_orders": 16,
           "qty_pct_close": 0.01979557808628567,
           "qty_pct_entry": 0.010060880479196744,
           "wallet_exposure_limit": 1,
           "we_multiplier_close": 0,
           "we_multiplier_entry": 5.693793947683548}}