{"config_name": "clock_0days",
 "long": {"backwards_tp": true,
          "delay_between_fills_minutes_close": 611.0171335895814,
          "delay_between_fills_minutes_entry": 696.1029097432362,
          "delay_weight_close": 99.49420280916445,
          "delay_weight_entry": 22.132445358986754,
          "ema_dist_close": -0.0012094435127389547,
          "ema_dist_entry": 0.0009945364711174236,
          "ema_span_0": 418.10103687119744,
          "ema_span_1": 1050.7259444611627,
          "enabled": true,
          "markup_range": 0.045833565129538345,
          "min_markup": 0.009061315448339465,
          "n_close_orders": 13,
          "qty_pct_close": 0.04997856157558594,
          "qty_pct_entry": 0.01,
          "wallet_exposure_limit": 1,
          "we_multiplier_close": 0,
          "we_multiplier_entry": 3.190728344474344},
 "short": {"backwards_tp": true,
           "delay_between_fills_minutes_close": 832.7235105205419,
           "delay_between_fills_minutes_entry": 548.0281043144346,
           "delay_weight_close": 0.16878916989165796,
           "delay_weight_entry": 27.696941867442785,
           "ema_dist_close": -0.0033718889918021035,
           "ema_dist_entry": -1.9136156769407096e-06,
           "ema_span_0": 867.7070287095077,
           "ema_span_1": 960.5358883673026,
           "enabled": true,
           "markup_range": 0.005072266270354247,
           "min_markup": 0.009009236313809118,
           "n_close_orders": 15,
           "qty_pct_close": 0.013351753251483928,
           "qty_pct_entry": 0.017786489230771856,
           "wallet_exposure_limit": 1,
           "we_multiplier_close": 0,
           "we_multiplier_entry": 9.998072718205826}}