{
    "starting_balance": 200,
    "start_date": "2024-01-05",
    "config_name": "recursive_grid_1000BONKUSDT_143days",
    "logging_level": 0,
    "long": {"auto_unstuck_delay_minutes": 1089.8138194899645,
    "auto_unstuck_ema_dist": 0.016989187608566124,
    "auto_unstuck_qty_pct": 0.01,
    "auto_unstuck_wallet_exposure_threshold": 0.03278558985306581,
    "backwards_tp": false,
    "ddown_factor": 0.5946020477289631,
    "ema_span_0": 50,
    "ema_span_1": 50,
    "enabled": true,
    "initial_eprice_ema_dist": 0.017248590804402192,
    "initial_qty_pct": 0.049281421125633156,
    "markup_range": 0.0426069746849141,
    "min_markup": 0.024677083045959232,
    "n_close_orders": 8,
    "rentry_pprice_dist": 0.015104642524893826,
    "rentry_pprice_dist_wallet_exposure_weighting": 8.32704594158079,
    "wallet_exposure_limit": 0.8},
"short": {"auto_unstuck_delay_minutes": 163.27489698165326,
     "auto_unstuck_ema_dist": -0.0876335737281622,
     "auto_unstuck_qty_pct": 0.05907974782514752,
     "auto_unstuck_wallet_exposure_threshold": 0.331452827740479,
     "backwards_tp": false,
     "ddown_factor": 0.45466419627991395,
     "ema_span_0": 1097.4397397977045,
     "ema_span_1": 924.684306051736,
     "enabled": false,
     "initial_eprice_ema_dist": -0.033384897286500265,
     "initial_qty_pct": 0.04180293344521514,
     "markup_range": 0.05794553705290883,
     "min_markup": 0.009801213592769125,
     "n_close_orders": 12,
     "rentry_pprice_dist": 0.03886327386525867,
     "rentry_pprice_dist_wallet_exposure_weighting": 12.329517454070189,
     "wallet_exposure_limit": 0.8}}
