{"config_name": "recursive_grid_1_symbols_1460days",
 "logging_level": 0,
 "long": {"auto_unstuck_delay_minutes": 0,
          "auto_unstuck_ema_dist": 0,
          "auto_unstuck_qty_pct": 0,
          "auto_unstuck_wallet_exposure_threshold": 0.0,
          "backwards_tp": true,
          "ddown_factor": 0.661981524683497,
          "ema_span_0": 710.7343217018292,
          "ema_span_1": 742.0178457946929,
          "enabled": true,
          "initial_eprice_ema_dist": -0.007995086022760845,
          "initial_qty_pct": 0.01933652302827248,
          "markup_range": 0.01,
          "min_markup": 0.01,
          "n_close_orders": 3,
          "rentry_pprice_dist": 0.04167506314129004,
          "rentry_pprice_dist_wallet_exposure_weighting": 2.148590627022811,
          "wallet_exposure_limit": 1},
 "short": {"auto_unstuck_delay_minutes": 0,
           "auto_unstuck_ema_dist": 0,
           "auto_unstuck_qty_pct": 0,
           "auto_unstuck_wallet_exposure_threshold": 0.0,
           "backwards_tp": true,
           "ddown_factor": 1.1423445689103153,
           "ema_span_0": 873.2115239311846,
           "ema_span_1": 1132.2911287686552,
           "enabled": true,
           "initial_eprice_ema_dist": -0.009573348702671987,
           "initial_qty_pct": 0.008747442124759506,
           "markup_range": 0.008486374689422857,
           "min_markup": 0.006459471940229316,
           "n_close_orders": 7,
           "rentry_pprice_dist": 0.05004036035930493,
           "rentry_pprice_dist_wallet_exposure_weighting": 1.7103661258771579,
           "wallet_exposure_limit": 1}}