{"config_name": "static_grid_0days",
 "logging_level": 0,
 "long": {"auto_unstuck_ema_dist": 0.008370804655108977,
          "auto_unstuck_wallet_exposure_threshold": 0.24655937069417463,
          "backwards_tp": true,
          "ema_span_0": 1685.6466239466752,
          "ema_span_1": 1573.2585211655082,
          "enabled": true,
          "eprice_exp_base": 1.1570884129233312,
          "eprice_pprice_diff": 0.018601907177852622,
          "grid_span": 0.2930711727971799,
          "initial_eprice_ema_dist": -0.003693859231605167,
          "initial_qty_pct": 0.01,
          "markup_range": 0.009994684160127545,
          "max_n_entry_orders": 11.693271835606998,
          "min_markup": 0.01833007439991453,
          "n_close_orders": 6,
          "secondary_allocation": 0,
          "secondary_pprice_diff": 0,
          "wallet_exposure_limit": 1},
 "short": {"auto_unstuck_ema_dist": 0.006644474883757679,
           "auto_unstuck_wallet_exposure_threshold": 0.053724144606003624,
           "backwards_tp": true,
           "ema_span_0": 2429.7001379707226,
           "ema_span_1": 8473.999449501169,
           "enabled": true,
           "eprice_exp_base": 1.2144306124440976,
           "eprice_pprice_diff": 0.02408898765508672,
           "grid_span": 0.3568172786177198,
           "initial_eprice_ema_dist": -0.056084192429098234,
           "initial_qty_pct": 0.01,
           "markup_range": 0.012643993739760374,
           "max_n_entry_orders": 9.109423467302802,
           "min_markup": 0.012674550407294111,
           "n_close_orders": 10,
           "secondary_allocation": 0,
           "secondary_pprice_diff": 0,
           "wallet_exposure_limit": 1}}
