{"config_name": "recursive_grid_0days",
 "logging_level": 0,
 "long": {"auto_unstuck_ema_dist": 0.068248742373886,
          "auto_unstuck_wallet_exposure_threshold": 0.17936627425602972,
          "backwards_tp": true,
          "ddown_factor": 2.735157025592841,
          "ema_span_0": 1178.4539688815114,
          "ema_span_1": 3444.452117717485,
          "enabled": true,
          "initial_eprice_ema_dist": -0.0715482367844091,
          "initial_qty_pct": 0.033955265222357346,
          "markup_range": 0.03750439828801631,
          "min_markup": 0.0441309389905369,
          "n_close_orders": 21,
          "rentry_pprice_dist": 0.006480465289835603,
          "rentry_pprice_dist_wallet_exposure_weighting": 0.45294897813884694,
          "wallet_exposure_limit": 0.1},
 "short": {"auto_unstuck_ema_dist": 0.08336912276982472,
           "auto_unstuck_wallet_exposure_threshold": 0.9498168333065058,
           "backwards_tp": true,
           "ddown_factor": 1.6965361653086477,
           "ema_span_0": 3728.6522066211674,
           "ema_span_1": 5427.431270850822,
           "enabled": true,
           "initial_eprice_ema_dist": -0.04079897655724996,
           "initial_qty_pct": 0.03146375409526348,
           "markup_range": 0,
           "min_markup": 0.056090897321766094,
           "n_close_orders": 29,
           "rentry_pprice_dist": 0.02397258919253089,
           "rentry_pprice_dist_wallet_exposure_weighting": 60.28113656752321,
           "wallet_exposure_limit": 0.1}}