{"config_name": "static_grid_0days",
 "logging_level": 0,
 "long": {"auto_unstuck_ema_dist": 0,
          "auto_unstuck_wallet_exposure_threshold": 0,
          "backwards_tp": true,
          "ema_span_0": 360,
          "ema_span_1": 1825.8126996012957,
          "enabled": true,
          "eprice_exp_base": 1.2327579172820002,
          "eprice_pprice_diff": 0.003634858930215368,
          "grid_span": 0.1,
          "initial_eprice_ema_dist": -0.04695705041651778,
          "initial_qty_pct": 0.042052475598206504,
          "markup_range": 0.003064416975308783,
          "max_n_entry_orders": 10,
          "min_markup": 0.051567218426148385,
          "n_close_orders": 13,
          "secondary_allocation": 0.14971519137906805,
          "secondary_pprice_diff": 0.09340366064972944,
          "wallet_exposure_limit": 0.1},
 "short": {"auto_unstuck_ema_dist": 0.00013067393052016674,
           "auto_unstuck_wallet_exposure_threshold": 0,
           "backwards_tp": true,
           "ema_span_0": 2169.160470107914,
           "ema_span_1": 3686.3951296238,
           "enabled": true,
           "eprice_exp_base": 2.067249538780786,
           "eprice_pprice_diff": 0.014325676704755782,
           "grid_span": 0.10102792139608957,
           "initial_eprice_ema_dist": -0.09166427078270839,
           "initial_qty_pct": 0.04447243197647868,
           "markup_range": 0.059962905504560536,
           "max_n_entry_orders": 10,
           "min_markup": 0.041899524242159675,
           "n_close_orders": 23,
           "secondary_allocation": 0.08970161137335722,
           "secondary_pprice_diff": 0.06951623952238223,
           "wallet_exposure_limit": 0.1}}