{"config_name": "allround_multi_75_symbols_249days_2022-01-21",
 "logging_level": 0,
 "long": {"auto_unstuck_ema_dist": 0.00023207566172051854,
          "auto_unstuck_wallet_exposure_threshold": 0.1717214459351729,
          "ema_span_max": 1440,
          "ema_span_min": 787.5563032669061,
          "enabled": true,
          "eprice_exp_base": 1.1394779369517527,
          "eprice_pprice_diff": 0.011195039869584186,
          "grid_span": 0.26057152925051896,
          "initial_eprice_ema_dist": -0.01591837964648884,
          "initial_qty_pct": 0.018539246208530546,
          "markup_range": 0.010908503964628929,
          "max_n_entry_orders": 13.912733657931755,
          "min_markup": 0.02820517151162452,
          "n_close_orders": 11.660218604843381,
          "secondary_allocation": 0.22713929053403006,
          "secondary_pprice_diff": 0.23899527831669692,
          "wallet_exposure_limit": 0.05},
 "short": {"auto_unstuck_ema_dist": 0.017715250736611947,
           "auto_unstuck_wallet_exposure_threshold": 0.03,
           "ema_span_max": 3784.195345528258,
           "ema_span_min": 4719.027742394792,
           "enabled": false,
           "eprice_exp_base": 1.3007074739562385,
           "eprice_pprice_diff": 0.01836867322472171,
           "grid_span": 0.2627314508191393,
           "initial_eprice_ema_dist": -0.042388581815850396,
           "initial_qty_pct": 0.0110840775430771,
           "markup_range": 0.03097447819344429,
           "max_n_entry_orders": 6.455296720250821,
           "min_markup": 0.009263312116459126,
           "n_close_orders": 3.600537160069429,
           "secondary_allocation": 0.07776152906729708,
           "secondary_pprice_diff": 0.41778189781817326,
           "wallet_exposure_limit": 0.05}}
