{"config_name": "longonly_no_auto_unstuck_80_symbols",
 "logging_level": 0,
 "long": {"auto_unstuck_ema_dist": 0,
          "auto_unstuck_wallet_exposure_threshold": 0,
          "ema_span_max": 4832.375310132206,
          "ema_span_min": 2126.3390900777986,
          "enabled": true,
          "eprice_exp_base": 1.2080247856608022,
          "eprice_pprice_diff": 0.010039997152916341,
          "grid_span": 0.37014597040000025,
          "initial_eprice_ema_dist": 0.04561407220101843,
          "initial_qty_pct": 0.012764655178732359,
          "markup_range": 0.037161738986805554,
          "max_n_entry_orders": 9,
          "min_markup": 0.03770385665102467,
          "n_close_orders": 4,
          "secondary_allocation": 0.1077888304712444,
          "secondary_pprice_diff": 0.288515872661483,
          "wallet_exposure_limit": 0.05},
 "short": {"auto_unstuck_ema_dist": 0.0,
           "auto_unstuck_wallet_exposure_threshold": 0.0,
           "ema_span_max": 3784.195345528258,
           "ema_span_min": 4719.027742394792,
           "enabled": false,
           "eprice_exp_base": 1.3007074739562385,
           "eprice_pprice_diff": 0.01836867322472171,
           "grid_span": 0.2627314508191393,
           "initial_eprice_ema_dist": -0.042388581815850396,
           "initial_qty_pct": 0.0110840775430771,
           "markup_range": 0.03097447819344429,
           "max_n_entry_orders": 6.455296720250821,
           "min_markup": 0.009263312116459126,
           "n_close_orders": 3.600537160069429,
           "secondary_allocation": 0.07776152906729708,
           "secondary_pprice_diff": 0.41778189781817326,
           "wallet_exposure_limit": 0.05}}
