{"config_name": "xmrusdt_192days_adg0.52%_bkr89%",
 "logging_level": 0,
 "long": {"enabled": true,
          "iprc_MAr_coeffs": [[0.38390533831003426, -0.28569634004623057],
                              [-0.2860511951407368, 0.3008878062445333],
                              [-0.017947694922333484, 0.003456373051962558]],
          "iprc_const": 0.9986368471832818,
          "iqty_MAr_coeffs": [[0.10317940340980065, 0.05884345042819396],
                              [-0.14058561517401497, -0.08028146392509167],
                              [0.16536293835789417, -0.09584622805578118]],
          "iqty_const": 0.2591381137866127,
          "markup_MAr_coeffs": [[-0.21686389944317894, 0.03992631764181527],
                                [-0.38277224310999697, 0.05076812808263615],
                                [-0.2133552356661783, -0.2796507557628623]],
          "markup_const": 1.013686799475922,
          "pbr_limit": 0.7412489230510291,
          "pbr_stop_loss": 0.8850857869901652,
          "rprc_MAr_coeffs": [[0.2984876817371391, 0.36090634832128005],
                              [-0.287579262128058, 0.256369655054967],
                              [0.1316640727013451, 0.07249264018278938]],
          "rprc_PBr_coeffs": [[-0.28682677856057753, -0.6999482347166472]],
          "rprc_const": 0.9775404137869171,
          "rqty_MAr_coeffs": [[-0.14058958964366672, 0.18330040457795915],
                              [0.0067072351422239555, 0.2364878749518105],
                              [-0.2947142303506108, 0.07326991598585278]],
          "rqty_const": 1.7114931705128638},
 "max_span": 2297.9034553491997,
 "min_span": 579.5883498946881,
 "n_spans": 3,
 "shrt": {"enabled": true,
          "iprc_MAr_coeffs": [[0.08845386658786077, 0.017157856315872733],
                              [-0.029889651962206415, -0.04592083871577437],
                              [0.1307080046277678, -0.2887896749947207]],
          "iprc_const": 1.0004679475874545,
          "iqty_MAr_coeffs": [[-0.18146503336279693, -0.0985392690663802],
                              [0.3396750268248571, 0.1362277808316432],
                              [-0.10542620486297291, 0.2825585291796672]],
          "iqty_const": 0.06120425323618794,
          "markup_MAr_coeffs": [[-0.3082733056950245, -0.24241169543187976],
                                [0.22403426226913162, 0.09111180489579059],
                                [-0.08665147965175249, -0.31247727778333256]],
          "markup_const": 0.9836908747225341,
          "pbr_limit": 0.31548151415683606,
          "pbr_stop_loss": 0.6340038637914338,
          "rprc_MAr_coeffs": [[-0.04938509306480463, 0.09886523074056734],
                              [-0.09211401626694102, 0.16716000886582894],
                              [0.2112155195906607, 0.024629642857572555]],
          "rprc_PBr_coeffs": [[0.5432117927173702, 0.16137572670819525]],
          "rprc_const": 1.0076188162667274,
          "rqty_MAr_coeffs": [[-0.04649485096614456, 0.14013411120750607],
                              [-0.10628026558050882, -0.06316594674166683],
                              [-0.27862423865539904, 0.09604349428778508]],
          "rqty_const": 0.9644696121423146}}
