{"config_name": "xmrusdt_180days_for_v4_testing",
 "logging_level": 0,
 "long": {"enabled": true,
          "iprc_MAr_coeffs": [[0.004106469914205057, 0.12083458401160009],
                              [0.005141985222584151, 0.27973128594034424],
                              [-0.11499345917568332, 0.004374368246634423]],
          "iprc_const": 1.0092128958608435,
          "iqty_MAr_coeffs": [[0.1262091909718856, 0.06831274899971977],
                              [-0.011882977862275428, -0.008678001373701828],
                              [0.027052801349846355, -0.1284349034400821]],
          "iqty_const": 0.11810191530363057,
          "markup_MAr_coeffs": [[-0.008334163232905117, 0.26668647963634523],
                                [-0.046601985366112396, 0.1252598552714736],
                                [0.14011545480657878, -0.09819797356086028]],
          "markup_const": 1.0206911671161911,
          "pbr_limit": 0.4696126733756657,
          "pbr_stop_loss": 0.3134569434919128,
          "rprc_MAr_coeffs": [[0.033136094571494926, 0.01641485996082103],
                              [-0.19545237926947454, -0.11950978871967866],
                              [0.1326689512291094, 0.017638444099266327]],
          "rprc_PBr_coeffs": [[-0.1732714039448127, 0.061658370519902465]],
          "rprc_const": 0.9985971158173941,
          "rqty_MAr_coeffs": [[-0.07787654385579448, 0.0649844522748256],
                              [-0.32661280561619016, 0.02209272103966953],
                              [-0.0725937809257568, -0.22558501553484175]],
          "rqty_const": 0.6804106035477787},
 "max_span": 4628.289061364501,
 "min_span": 755.6729299823498,
 "n_spans": 3,
 "shrt": {"enabled": true,
          "iprc_MAr_coeffs": [[0.021764321037159053, 0.0075079318750867425],
                              [-0.02822029560099375, 0.002789007656455701],
                              [0.3107459801106745, 0.009225810067490299]],
          "iprc_const": 1.028400037564102,
          "iqty_MAr_coeffs": [[-0.02040241286528053, 0.043886619325719696],
                              [-0.2185435432382775, 0.023819053604466546],
                              [0.061509604768872746, -0.04036964252799606]],
          "iqty_const": 0.20051809953732833,
          "markup_MAr_coeffs": [[-0.1614415320558887, -0.03563771786965954],
                                [0.0003549442668932752, -0.2220593720438022],
                                [-0.11136958644273176, -0.011154560318389337]],
          "markup_const": 0.994233042877343,
          "pbr_limit": 0.6443383053961507,
          "pbr_stop_loss": 0.49123689110823376,
          "rprc_MAr_coeffs": [[-0.1429875732852174, 0.1973243450252151],
                              [-0.04951562859754121, 0.0032753234362921835],
                              [-0.14126514803250548, 0.03699058091855086]],
          "rprc_PBr_coeffs": [[-0.060665227650984255, -0.001624305978165112]],
          "rprc_const": 1.0236254102559954,
          "rqty_MAr_coeffs": [[0.037605353246666855, -0.03778586262240275],
                              [0.02810053914597384, 0.021165202290817597],
                              [0.0371537279146842, 0.2596083236486678]],
          "rqty_const": 0.4452088614593395}}
