{"config_name": "manausdt_114days_adg1.42%_bkr45.35%",
 "logging_level": 0,
 "long": {"enabled": true,
          "iprc_MAr_coeffs": [[0.0036573567468537287, -0.000705931807899669],
                              [-0.0003437311690189672, 0.0017988342998091582],
                              [0.009888526526619826, 0.029663123620867586]],
          "iprc_const": 0.9933530381696399,
          "iqty_MAr_coeffs": [[-0.1115450087217309, -0.003941170644095255],
                              [-0.020519006353958542, 0.0028160500697476964],
                              [-0.03990618469377092, 0.0003718271315101156]],
          "iqty_const": 0.06704687580387815,
          "markup_MAr_coeffs": [[0.007469858864737849, 0.02181373363497155],
                                [0.010078187793150162, -0.006531725079882459],
                                [-0.02000615462638793, 0.0026015588077248526]],
          "markup_const": 1.015707819818092,
          "pbr_limit": 0.7390434927972128,
          "pbr_stop_loss": 0.43581681783399023,
          "rprc_MAr_coeffs": [[-0.017941017980011312, 0.009041547362676811],
                              [0.008170290985094211, -0.009555115891501122],
                              [-0.020356459714954176, -0.010096855568993403]],
          "rprc_PBr_coeffs": [[-0.5261079604160387, -0.4595624854719748]],
          "rprc_const": 0.9992418796210887,
          "rqty_MAr_coeffs": [[0.007265857077448848, -0.08219641028140053],
                              [0.04368684824713725, -0.0023978556053581117],
                              [0.33638532657682796, 0.02793905722553818]],
          "rqty_const": 1.8917144889495243},
 "max_span": 72677.98429725693,
 "min_span": 38477.383478290816,
 "n_spans": 3,
 "shrt": {"enabled": true,
          "iprc_MAr_coeffs": [[0.03821944324739764, -0.004042473084944646],
                              [-0.001389247398258252, -0.29987349623761483],
                              [0.004901586100730527, -0.012066787300435634]],
          "iprc_const": 0.9945765218137858,
          "iqty_MAr_coeffs": [[0.06958103933740187, -0.011143870713259937],
                              [-0.08139243470761412, -0.024468800314630456],
                              [-0.0975245882407535, -0.011979345966403898]],
          "iqty_const": 0.07485822001561263,
          "markup_MAr_coeffs": [[0.04640468006408556, -0.21486927312284027],
                                [0.0009526384517052416, -0.002707715338733582],
                                [-0.08450216925937393, -0.016898805621763806]],
          "markup_const": 0.9916072629004543,
          "pbr_limit": 2.611112108167828,
          "pbr_stop_loss": 0.7159464551769659,
          "rprc_MAr_coeffs": [[-0.03574913574469749, 0.03979616071475088],
                              [-0.07126462779819773, 0.009399691537479368],
                              [0.014638967967483844, 0.026306511498512552]],
          "rprc_PBr_coeffs": [[0.3610731683474524, 0.45801121902752967]],
          "rprc_const": 1.017333080018448,
          "rqty_MAr_coeffs": [[-0.006918307846731899, -0.09366544766636987],
                              [0.016546878827450304, 0.0007871648703384607],
                              [-0.007055170177042249, -0.030028194648060644]],
          "rqty_const": 2.3265137349683918}}
