{"config_name": "hbarusdt_118days_adg1.75%_bkr54.28%",
 "logging_level": 0,
 "long": {"enabled": true,
          "iprc_MAr_coeffs": [[0.4, 0.07993340297157177],
                              [0.2784287060795085, 0.3991675577403908],
                              [0.1800166159288994, 0.25205680609001574]],
          "iprc_const": 0.9980693992715373,
          "iqty_MAr_coeffs": [[-0.3438276847908398, 0.3112698858356725],
                              [-0.07742923354192152, -0.014186963857140146],
                              [-0.3109007974860414, 0.1245286726827758]],
          "iqty_const": 0.03487742455864545,
          "markup_MAr_coeffs": [[-0.32960019399796187, 0.2577485410264725],
                                [-0.2248830066540234, 0.21499580280011976],
                                [-0.300980963193893, 0.18805080809553826]],
          "markup_const": 1.000767811811894,
          "pbr_limit": 0.5060404855558596,
          "pbr_stop_loss": 0.9554721950240447,
          "rprc_MAr_coeffs": [[0.07454439463090806, 0.3762999688472547],
                              [-0.10859227462033334, 0.07382685710823259],
                              [0.34782189078741194, 0.06790941222656346]],
          "rprc_PBr_coeffs": [[-0.8817629262261516, -0.18371253696618717]],
          "rprc_const": 0.971367673621325,
          "rqty_MAr_coeffs": [[-0.007757660191236676, -0.2840754640148552],
                              [0.21678655224740342, 0.263652238147782],
                              [-0.20151806165949013, 0.05421358087393815]],
          "rqty_const": 1.9406678747003623},
 "max_span": 6553.984727862074,
 "min_span": 1165.5649641216837,
 "n_spans": 3,
 "shrt": {"enabled": true,
          "iprc_MAr_coeffs": [[-0.3669639664076728, -0.21390254420495877],
                              [-0.18472421142985596, 0.2798217590321346],
                              [0.32353618303612663, 0.07937834228488914]],
          "iprc_const": 1.0003836635223542,
          "iqty_MAr_coeffs": [[0.1124633400562173, 0.3199110704054519],
                              [-0.10998164739992727, 0.31136938694358635],
                              [0.06518899854279862, -0.012124113202979308]],
          "iqty_const": 0.3880224753921916,
          "markup_MAr_coeffs": [[-0.36504256656863765, -0.075516979319405],
                                [0.12794457065615697, -0.33154310308068363],
                                [-0.09583372407041414, -0.38998243272427496]],
          "markup_const": 0.9811100558440901,
          "pbr_limit": 1.4255221452726068,
          "pbr_stop_loss": -0.02769168707640637,
          "rprc_MAr_coeffs": [[-0.11691782494710797, 0.1511420249356807],
                              [0.036194231034649124, 0.1313779601499256],
                              [0.4, 0.34454375667427534]],
          "rprc_PBr_coeffs": [[0.955743000763437, 0.2807090284856998]],
          "rprc_const": 1.0284916095549486,
          "rqty_MAr_coeffs": [[-0.09272299615032073, 0.007454230558416118],
                              [-0.2901933073405225, -0.31900175050537294],
                              [-0.4, -0.3732085451449507]],
          "rqty_const": 0.027718960304135305}}
