{"config_name": "recursive_grid_BNBUSDT_454days",
 "logging_level": 0,
 "long": {"auto_unstuck_delay_minutes": 1074.8171536337609,
          "auto_unstuck_ema_dist": 0.0026546226284388103,
          "auto_unstuck_qty_pct": 0.01,
          "auto_unstuck_wallet_exposure_threshold": 0.0631531453829155,
          "backwards_tp": false,
          "ddown_factor": 1.9518030704652767,
          "ema_span_0": 799.8201930639002,
          "ema_span_1": 649.9731036463699,
          "enabled": true,
          "initial_eprice_ema_dist": 0.005511288394914359,
          "initial_qty_pct": 0.05,
          "markup_range": 0.047098773533359464,
          "min_markup": 0.003958077391567187,
          "n_close_orders": 7,
          "rentry_pprice_dist": 0.02610099907707397,
          "rentry_pprice_dist_wallet_exposure_weighting": 0.5510354907621502,
          "wallet_exposure_limit": 1},
 "short": {"auto_unstuck_delay_minutes": 856.3697732146902,
           "auto_unstuck_ema_dist": -0.03368464816024436,
           "auto_unstuck_qty_pct": 0.07135938346346171,
           "auto_unstuck_wallet_exposure_threshold": 0.793753855034664,
           "backwards_tp": true,
           "ddown_factor": 0.9737816821444009,
           "ema_span_0": 542.7566454432887,
           "ema_span_1": 1415.26293936573,
           "enabled": false,
           "initial_eprice_ema_dist": -0.02063503052040376,
           "initial_qty_pct": 0.030305061643591473,
           "markup_range": 0.028029955504672095,
           "min_markup": 0.002019792777340355,
           "n_close_orders": 15,
           "rentry_pprice_dist": 0.019913769476118816,
           "rentry_pprice_dist_wallet_exposure_weighting": 8.409147856251824,
           "wallet_exposure_limit": 1.0}}