{"config_name": "bybit_eosusd_95_days_adg0.9%_bkr35%",
 "logging_level": 0,
 "long": {"enabled": true,
          "iprc_MAr_coeffs": [[0.06043270484895137, -0.03708058083642711],
                              [0.00685038508509697, 0.038624345840504906],
                              [-0.05787927294648066, 0.04455918651254212]],
          "iprc_const": 0.978390651919109,
          "iqty_MAr_coeffs": [[-0.09079851356532125, 0.05343231690629129],
                              [0.041415489724698086, 0.0817681426994144],
                              [0.056600108905960095, 0.03368071097816935]],
          "iqty_const": 0.14377365544314472,
          "markup_MAr_coeffs": [[-0.07423564501095291, 0.04213318257911365],
                                [-0.06477933670681425, 0.018578139030760485],
                                [-0.027307096703593232, 0.06957389750869436]],
          "markup_const": 1.0030783106975971,
          "pbr_limit": 3.0651871702572,
          "pbr_stop_loss": 0.5242811959050451,
          "rprc_MAr_coeffs": [[-0.009205834151184769, 0.03874272104203958],
                              [-0.03135884901157634, 0.036108584543056],
                              [0.06218273409887615, -0.040682288251003326]],
          "rprc_PBr_coeffs": [[0.027086623230791838, -0.8922220323915915]],
          "rprc_const": 0.978384086408919,
          "rqty_MAr_coeffs": [[-0.09311536790122851, 0.07853722515224941],
                              [0.0402164529284815, 0.05767513862084858],
                              [-0.040526761183536444, 0.1]],
          "rqty_const": 2.4829365416584155},
 "max_span": 142341.1131927268,
 "min_span": 19382.64437500614,
 "n_spans": 3,
 "shrt": {"enabled": true,
          "iprc_MAr_coeffs": [[-0.03855969780482879, 0.03638601208851084],
                              [0.012650159724012705, 0.014303768096172422],
                              [-0.0806247718396574, 0.08715820161118497]],
          "iprc_const": 1.0008719831313975,
          "iqty_MAr_coeffs": [[-0.0728222197593927, -0.08573264390081187],
                              [0.0755119385695283, 0.03835965313206672],
                              [0.0778796875760925, 0.036426844086177926]],
          "iqty_const": 0.18109110256813832,
          "markup_MAr_coeffs": [[-0.03043585429567219, -0.0526721428443725],
                                [0.037383643765881866, -0.05136144669053332],
                                [-0.0016151228066357093,
                                 -0.0010008930404527374]],
          "markup_const": 0.9797418063888857,
          "pbr_limit": 2.964151306780002,
          "pbr_stop_loss": 0.18535134205785608,
          "rprc_MAr_coeffs": [[0.07564244549334377, -0.008791956430155623],
                              [0.07473593918852163, 0.087626885509421],
                              [-0.006693052410193162, 0.05767635140784169]],
          "rprc_PBr_coeffs": [[0.18804608149200863, 0.08511629054519462]],
          "rprc_const": 1.0120978765705892,
          "rqty_MAr_coeffs": [[0.08872295306969402, 0.005660798324911348],
                              [0.08561664597956546, -0.03861922739661078],
                              [0.08535262643023431, -0.02302246350519917]],
          "rqty_const": 0.09028336140887161}}
