{"config_name": "static_grid_1_symbols_14days",
 "logging_level": 0,
 "long": {"auto_unstuck_ema_dist": 0.0,
          "auto_unstuck_wallet_exposure_threshold": 0,
          "backwards_tp": true,
          "ema_span_0": 622.9840390837129,
          "ema_span_1": 302.50983040199486,
          "enabled": true,
          "eprice_exp_base": 1.2142815418578488,
          "eprice_pprice_diff": 0.00476536326064568,
          "grid_span": 0.042998044028948905,
          "initial_eprice_ema_dist": -0.1,
          "initial_qty_pct": 0.0166666666,
          "markup_range": 0.007654269643307123,
          "max_n_entry_orders": 10.413288244628,
          "min_markup": 0.002,
          "n_close_orders": 18,
          "secondary_allocation": 0.014007345615405948,
          "secondary_pprice_diff": 0.16843961360210571,
          "wallet_exposure_limit": 2.4},
 "short": {"auto_unstuck_ema_dist": 0,
           "auto_unstuck_wallet_exposure_threshold": 0.0,
           "backwards_tp": true,
           "ema_span_0": 312.40995042763865,
           "ema_span_1": 1230.7223070643224,
           "enabled": true,
           "eprice_exp_base": 1.0881381675021184,
           "eprice_pprice_diff": 0.006702811566344437,
           "grid_span": 0.046273530827558494,
           "initial_eprice_ema_dist": 0,
           "initial_qty_pct": 0.03333333333333333,
           "markup_range": 0.012582884680986927,
           "max_n_entry_orders": 11.079744904232681,
           "min_markup": 0.002,
           "n_close_orders": 21,
           "secondary_allocation": 0.04123107855701024,
           "secondary_pprice_diff": 0.06096834802980034,
           "wallet_exposure_limit": 1.2}}
