{"config_name": "static_grid_1_symbols_19days",
    "logging_level": 0,
    "long": {"auto_unstuck_ema_dist": 0,
             "auto_unstuck_wallet_exposure_threshold": 0,
             "backwards_tp": true,
             "ema_span_0": 24.42554235521147,
             "ema_span_1": 1,
             "enabled": true,
             "eprice_exp_base": 1.0804438402788044,
             "eprice_pprice_diff": 0.004138339504659129,
             "grid_span": 0.06910169741380608,
             "initial_eprice_ema_dist": -0.06735646678673915,
             "initial_qty_pct": 0.015,
             "markup_range": 0.007574291963117115,
             "max_n_entry_orders": 10.765650088364099,
             "min_markup": 0.002,
             "n_close_orders": 16,
             "secondary_allocation": 0.02604522331950431,
             "secondary_pprice_diff": 0.1612337655856907,
             "wallet_exposure_limit": 2.4},
    "short": {"auto_unstuck_ema_dist": 0,
              "auto_unstuck_wallet_exposure_threshold": 0,
              "backwards_tp": true,
              "ema_span_0": 1,
              "ema_span_1": 2758.9819380645254,
              "enabled": true,
              "eprice_exp_base": 1.0700131139721138,
              "eprice_pprice_diff": 0.007912558878315453,
              "grid_span": 0.04568321225510594,
              "initial_eprice_ema_dist": -0.005547368584122336,
              "initial_qty_pct": 0.03,
              "markup_range": 0.012856486721204291,
              "max_n_entry_orders": 8.840736325692006,
              "min_markup": 0.002,
              "n_close_orders": 19,
              "secondary_allocation": 0.028090893371933705,
              "secondary_pprice_diff": 0.35276738331722507,
              "wallet_exposure_limit": 1.2}}