{"config_name": "allround_long&short_216days_122symbols_2.84%longPAdist_2.51%shortPAdist",
 "logging_level": 0,
 "long": {"enabled": true,
          "eprice_exp_base": 1.083520871230325,
          "eprice_pprice_diff": 0.01641816059809555,
          "grid_span": 0.3057251433362501,
          "initial_qty_pct": 0.0066671170998285545,
          "markup_range": 0.0188609452872319,
          "max_n_entry_orders": 10.062766691117636,
          "min_markup": 0.01857069739027485,
          "n_close_orders": 6.248938330659122,
          "pbr_limit": 0.1,
          "secondary_pbr_allocation": 0.31459646386673007,
          "secondary_pprice_diff": 0.3902061274077424},
 "shrt": {"enabled": false,
          "eprice_exp_base": 1.1704211490094925,
          "eprice_pprice_diff": 0.018053689141866988,
          "grid_span": 0.4072413740914343,
          "initial_qty_pct": 0.0016275180323573374,
          "markup_range": 0.0024591824834022838,
          "max_n_entry_orders": 11.029914402168584,
          "min_markup": 0.002,
          "n_close_orders": 7.3938170093742235,
          "pbr_limit": 0.1,
          "secondary_pbr_allocation": 0.5001046919136795,
          "secondary_pprice_diff": 0.0940389806688959}}
