{"config_name": "neat_grid_118_symbols_688days",
 "logging_level": 0,
 "long": {"auto_unstuck_ema_dist": 0.001,
          "auto_unstuck_wallet_exposure_threshold": 0.1,
          "backwards_tp": true,
          "ema_span_0": 2245.681580255934,
          "ema_span_1": 983.7519751474474,
          "enabled": true,
          "eprice_exp_base": 0.9,
          "eqty_exp_base": 0.9,
          "grid_span": 0.3634600582110678,
          "initial_eprice_ema_dist": 0.006593185590130529,
          "initial_qty_pct": 0.015,
          "markup_range": 0.03989354389116942,
          "max_n_entry_orders": 26,
          "min_markup": 0.00390450048454419,
          "n_close_orders": 30,
          "wallet_exposure_limit": 0.1},
 "short": {"auto_unstuck_ema_dist": 0.004166734020707882,
           "auto_unstuck_wallet_exposure_threshold": 0.09483563420728498,
           "backwards_tp": true,
           "ema_span_0": 240,
           "ema_span_1": 240,
           "enabled": true,
           "eprice_exp_base": 0.9030929538070822,
           "eqty_exp_base": 1.139844561045326,
           "grid_span": 0.5588225833929379,
           "initial_eprice_ema_dist": -0.0403097381673301,
           "initial_qty_pct": 0.015,
           "markup_range": 0.01710717452246016,
           "max_n_entry_orders": 12,
           "min_markup": 0.0032327368401944916,
           "n_close_orders": 10,
           "wallet_exposure_limit": 0.1}}
