{"config_name": "neat_grid_118_symbols_501days",
 "logging_level": 0,
 "long": {"auto_unstuck_ema_dist": 0.01880226832240887,
          "auto_unstuck_wallet_exposure_threshold": 0.09121829413942732,
          "backwards_tp": true,
          "ema_span_0": 3831.4946575149174,
          "ema_span_1": 2480.1173686640755,
          "enabled": true,
          "eprice_exp_base": 0.5904755088660214,
          "eqty_exp_base": 0.9508455449906771,
          "grid_span": 0.32197240512816766,
          "initial_eprice_ema_dist": -0.009924751401749293,
          "initial_qty_pct": 0.015,
          "markup_range": 0.01194525537178334,
          "max_n_entry_orders": 6,
          "min_markup": 0.00840900691016795,
          "n_close_orders": 28,
          "wallet_exposure_limit": 0.1},
 "short": {"auto_unstuck_ema_dist": 0,
           "auto_unstuck_wallet_exposure_threshold": 0.019161472858399167,
           "backwards_tp": true,
           "ema_span_0": 243.45482492298726,
           "ema_span_1": 472.86240623590015,
           "enabled": true,
           "eprice_exp_base": 0.5518227984685108,
           "eqty_exp_base": 0.519995842628588,
           "grid_span": 0.39431042562399177,
           "initial_eprice_ema_dist": -0.056160235600267956,
           "initial_qty_pct": 0.015,
           "markup_range": 0.017177998232144262,
           "max_n_entry_orders": 5,
           "min_markup": 0.005455977824072189,
           "n_close_orders": 16,
           "wallet_exposure_limit": 0.1}}

