{"config_name": "neat_grid_119_symbols_440days",
 "logging_level": 0,
 "long": {"auto_unstuck_ema_dist": 0.014381181003423534,
          "auto_unstuck_wallet_exposure_threshold": 0.653012710361051,
          "backwards_tp": true,
          "ema_span_0": 1238.0236540782064,
          "ema_span_1": 1251.6080445419736,
          "enabled": true,
          "eprice_exp_base": 1,
          "eqty_exp_base": 1.947691229108564,
          "grid_span": 0.38017921094594437,
          "initial_eprice_ema_dist": 0,
          "initial_qty_pct": 0.007,
          "markup_range": 0.03969849470048475,
          "max_n_entry_orders": 10,
          "min_markup": 0.009839094929890874,
          "n_close_orders": 8,
          "wallet_exposure_limit": 0.1},
 "short": {"auto_unstuck_ema_dist": 0.0073668513437301075,
           "auto_unstuck_wallet_exposure_threshold": 0.3070574700333738,
           "backwards_tp": true,
           "ema_span_0": 120,
           "ema_span_1": 792.6517495891804,
           "enabled": true,
           "eprice_exp_base": 1.149048826006077,
           "eqty_exp_base": 2.492545698477851,
           "grid_span": 0.39736428287257525,
           "initial_eprice_ema_dist": -0.1,
           "initial_qty_pct": 0.007,
           "markup_range": 0.03611992214161237,
           "max_n_entry_orders": 19,
           "min_markup": 0.008570218397511887,
           "n_close_orders": 9,
           "wallet_exposure_limit": 0.1}}
