{"config_name": "neat_grid_119_symbols_426days",
 "logging_level": 0,
 "long": {"auto_unstuck_ema_dist": 0,
          "auto_unstuck_wallet_exposure_threshold": 0,
          "backwards_tp": true,
          "ema_span_0": 3088.5670394221656,
          "ema_span_1": 6908.088247353006,
          "enabled": true,
          "eprice_exp_base": 1.0664763765311907,
          "eqty_exp_base": 2.073021292470582,
          "grid_span": 0.34434144455217436,
          "initial_eprice_ema_dist": -0.0024588498425554195,
          "initial_qty_pct": 0.007,
          "markup_range": 0.007883115007457078,
          "max_n_entry_orders": 8,
          "min_markup": 0.0044867946347006355,
          "n_close_orders": 6,
          "wallet_exposure_limit": 0.1},
 "short": {"auto_unstuck_ema_dist": 0,
           "auto_unstuck_wallet_exposure_threshold": 0,
           "backwards_tp": true,
           "ema_span_0": 982.6197129034358,
           "ema_span_1": 948.59479693459,
           "enabled": true,
           "eprice_exp_base": 1.498562337277013,
           "eqty_exp_base": 2.700572288836815,
           "grid_span": 0.40180592948068616,
           "initial_eprice_ema_dist": -0.03436036743742119,
           "initial_qty_pct": 0.009844736468064948,
           "markup_range": 0.015755548711401685,
           "max_n_entry_orders": 19,
           "min_markup": 0.002721371624753256,
           "n_close_orders": 5,
           "wallet_exposure_limit": 0.1}}
