{"config_name": "neat_grid_119_symbols_426days",
 "logging_level": 0,
 "long": {"auto_unstuck_ema_dist": 0.00343461598394708,
          "auto_unstuck_wallet_exposure_threshold": 0.5276351460805262,
          "backwards_tp": true,
          "ema_span_0": 952.3664821052195,
          "ema_span_1": 1197.6681204967733,
          "enabled": true,
          "eprice_exp_base": 1,
          "eqty_exp_base": 1.5569095949868832,
          "grid_span": 0.3872613255879764,
          "initial_eprice_ema_dist": -0.004983423548221459,
          "initial_qty_pct": 0.007,
          "markup_range": 0.027805542561145338,
          "max_n_entry_orders": 12,
          "min_markup": 0.018791434844089575,
          "n_close_orders": 6,
          "wallet_exposure_limit": 0.1},
 "short": {"auto_unstuck_ema_dist": 0.004024953961286937,
           "auto_unstuck_wallet_exposure_threshold": 0.3250303107062813,
           "backwards_tp": true,
           "ema_span_0": 924.9816376507831,
           "ema_span_1": 120,
           "enabled": true,
           "eprice_exp_base": 1.4227651615964372,
           "eqty_exp_base": 2.1446272487553495,
           "grid_span": 0.3931875933889277,
           "initial_eprice_ema_dist": -0.08090146151049685,
           "initial_qty_pct": 0.007,
           "markup_range": 0.027450252600426005,
           "max_n_entry_orders": 10,
           "min_markup": 0.007970619908409382,
           "n_close_orders": 15,
           "wallet_exposure_limit": 0.1}}
