{"config_name": "neat_grid_100_symbols_1171days",
 "logging_level": 0,
 "long": {"auto_unstuck_ema_dist": -0.016752487716256117,
          "auto_unstuck_wallet_exposure_threshold": 0.045496969754737306,
          "backwards_tp": true,
          "ema_span_0": 690.875122283236,
          "ema_span_1": 1440.0,
          "enabled": true,
          "eprice_exp_base": 1,
          "eqty_exp_base": 2.3009520401889163,
          "grid_span": 0.1406037298374715,
          "initial_eprice_ema_dist": 0.0014936204272031376,
          "initial_qty_pct": 0.01020288472541732,
          "markup_range": 0.004059646670331157,
          "max_n_entry_orders": 6,
          "min_markup": 0.001,
          "n_close_orders": 7,
          "wallet_exposure_limit": 1.0},
 "short": {"auto_unstuck_ema_dist": 0.002770376196038591,
           "auto_unstuck_wallet_exposure_threshold": 0.06195702909272443,
           "backwards_tp": true,
           "ema_span_0": 1223.103200202844,
           "ema_span_1": 43.301756488869145,
           "enabled": true,
           "eprice_exp_base": 1.0,
           "eqty_exp_base": 1.0246495135963452,
           "grid_span": 0.3296447857834517,
           "initial_eprice_ema_dist": 0.003,
           "initial_qty_pct": 0.01,
           "markup_range": 0.0006164043692415581,
           "max_n_entry_orders": 11,
           "min_markup": 0.0011921779550028546,
           "n_close_orders": 8,
           "wallet_exposure_limit": 1.0}}
