{"config_name": "neat_grid_119_symbols_440days",
 "logging_level": 0,
 "long": {"auto_unstuck_ema_dist": 0,
          "auto_unstuck_wallet_exposure_threshold": 0,
          "backwards_tp": true,
          "ema_span_0": 1497.4217559922217,
          "ema_span_1": 4998.016935466154,
          "enabled": true,
          "eprice_exp_base": 1.0579292763176258,
          "eqty_exp_base": 2.4242346592145116,
          "grid_span": 0.36539664850795467,
          "initial_eprice_ema_dist": -0.024504064657085975,
          "initial_qty_pct": 0.007,
          "markup_range": 0.007772138199703315,
          "max_n_entry_orders": 7,
          "min_markup": 0.007725492172561641,
          "n_close_orders": 13,
          "wallet_exposure_limit": 0.1},
 "short": {"auto_unstuck_ema_dist": 0,
           "auto_unstuck_wallet_exposure_threshold": 0,
           "backwards_tp": true,
           "ema_span_0": 120,
           "ema_span_1": 120,
           "enabled": true,
           "eprice_exp_base": 1,
           "eqty_exp_base": 2.12406154428608,
           "grid_span": 0.44974277129484774,
           "initial_eprice_ema_dist": -0.08449750328508139,
           "initial_qty_pct": 0.007,
           "markup_range": 0.013852806452039576,
           "max_n_entry_orders": 12,
           "min_markup": 0.009623445471564435,
           "n_close_orders": 16,
           "wallet_exposure_limit": 0.1}}
