{"config_name": "recursive_grid_NOTUSDT_59days",
 "logging_level": 0,
 "long": {"auto_unstuck_delay_minutes": 0,
          "auto_unstuck_ema_dist": 0,
          "auto_unstuck_qty_pct": 0,
          "auto_unstuck_wallet_exposure_threshold": 0.0,
          "backwards_tp": true,
          "ddown_factor": 2.2420883267948897,
          "ema_span_0": 824.897417456854,
          "ema_span_1": 691.8069473488832,
          "enabled": true,
          "initial_eprice_ema_dist": -0.000757894249723192,
          "initial_qty_pct": 0.017836536761262727,
          "markup_range": 0.01,
          "min_markup": 0.002820846807711115,
          "n_close_orders": 4,
          "rentry_pprice_dist": 0.0320635655825719,
          "rentry_pprice_dist_wallet_exposure_weighting": 0.7337203477500496,
          "wallet_exposure_limit": 1},
 "short": {"auto_unstuck_delay_minutes": 0.0,
           "auto_unstuck_ema_dist": 0.0,
           "auto_unstuck_qty_pct": 0.0,
           "auto_unstuck_wallet_exposure_threshold": 0.0,
           "backwards_tp": true,
           "ddown_factor": 0.8376834691677085,
           "ema_span_0": 464.6503010848394,
           "ema_span_1": 1326.1224868470244,
           "enabled": false,
           "initial_eprice_ema_dist": 0.0023201124556919087,
           "initial_qty_pct": 0.009458759469715076,
           "markup_range": 0.0058638299038936735,
           "min_markup": 0.004259223347183201,
           "n_close_orders": 6,
           "rentry_pprice_dist": 0.05244806185620259,
           "rentry_pprice_dist_wallet_exposure_weighting": 5.648515521133811,
           "wallet_exposure_limit": 1.0}}
