{"config_name": "recursive_grid_125_symbols_300days",
 "logging_level": 0,
 "long": {"auto_unstuck_ema_dist": 0,
          "auto_unstuck_wallet_exposure_threshold": 0,
          "ddown_factor": 0.3025348144298797,
          "ema_span_0": 2033.360418047644,
          "ema_span_1": 7576.604807443982,
          "enabled": true,
          "initial_eprice_ema_dist": -0.0015351180104374973,
          "initial_qty_pct": 0.012101651759345545,
          "markup_range": 0.05,
          "min_markup": 0.018588495445803467,
          "n_close_orders": 6,
          "rentry_pprice_dist": 0.02426321218655618,
          "rentry_pprice_dist_wallet_exposure_weighting": 11.529476532816224,
          "wallet_exposure_limit": 0.05},
 "short": {"auto_unstuck_ema_dist": 0,
           "auto_unstuck_wallet_exposure_threshold": 0,
           "ddown_factor": 2.7565718262412333,
           "ema_span_0": 360,
           "ema_span_1": 7498.585832673125,
           "enabled": false,
           "initial_eprice_ema_dist": -0.026302949421201358,
           "initial_qty_pct": 0.0219911723842904,
           "markup_range": 0.01645520103514452,
           "min_markup": 0.007048929135811168,
           "n_close_orders": 5,
           "rentry_pprice_dist": 0.038052554084690327,
           "rentry_pprice_dist_wallet_exposure_weighting": 3.901535888984564,
           "wallet_exposure_limit": 0.05}}
