{"config_name": "static_grid_125_symbols_300days",
 "logging_level": 0,
 "long": {"auto_unstuck_ema_dist": 0.05070953610814623,
          "auto_unstuck_wallet_exposure_threshold": 0.6722077702999611,
          "ema_span_0": 1351.0501771821905,
          "ema_span_1": 1444.815397030421,
          "enabled": true,
          "eprice_exp_base": 1.0381543933378048,
          "eprice_pprice_diff": 0.039732093769580555,
          "grid_span": 0.47831503832736966,
          "initial_eprice_ema_dist": -0.07196269003119887,
          "initial_qty_pct": 0.010376041465319156,
          "markup_range": 0.05598771329140069,
          "max_n_entry_orders": 10,
          "min_markup": 0.04688353879965964,
          "n_close_orders": 5.776377910206165,
          "secondary_allocation": 0.14568550324525736,
          "secondary_pprice_diff": 0.2998323039442074,
          "wallet_exposure_limit": 0.05},
 "short": {"auto_unstuck_ema_dist": 0.029554753810196455,
           "auto_unstuck_wallet_exposure_threshold": 0.9266879327378665,
           "ema_span_0": 2056.3711531607564,
           "ema_span_1": 1488.2746753489837,
           "enabled": false,
           "eprice_exp_base": 2.0481490641956337,
           "eprice_pprice_diff": 0.022063563358067362,
           "grid_span": 0.31367331041410446,
           "initial_eprice_ema_dist": -0.07621676235543176,
           "initial_qty_pct": 0.016978000469196664,
           "markup_range": 0.011805979665924199,
           "max_n_entry_orders": 10,
           "min_markup": 0.030613429762428288,
           "n_close_orders": 8.957725372066655,
           "secondary_allocation": 0.469251394373749,
           "secondary_pprice_diff": 0.4092147638835546,
           "wallet_exposure_limit": 0.05}}
