{"config_name": "recursive_grid_ZROUSDT_24days",
 "logging_level": 0,
 "long": {"auto_unstuck_delay_minutes": 0,
          "auto_unstuck_ema_dist": 0,
          "auto_unstuck_qty_pct": 0,
          "auto_unstuck_wallet_exposure_threshold": 0.0,
          "backwards_tp": true,
          "ddown_factor": 2.611089691761187,
          "ema_span_0": 1319.469821610697,
          "ema_span_1": 1345.2047081588353,
          "enabled": true,
          "initial_eprice_ema_dist": -0.009974988546545684,
          "initial_qty_pct": 0.018874972768594615,
          "markup_range": 0.008082843900159451,
          "min_markup": 0.009017370301674502,
          "n_close_orders": 16,
          "rentry_pprice_dist": 0.02987977860121799,
          "rentry_pprice_dist_wallet_exposure_weighting": 0.7582175408228115,
          "wallet_exposure_limit": 0.8},
 "short": {"auto_unstuck_delay_minutes": 0,
           "auto_unstuck_ema_dist": 0,
           "auto_unstuck_qty_pct": 0,
           "auto_unstuck_wallet_exposure_threshold": 0.0,
           "backwards_tp": true,
           "ddown_factor": 2.7348776171516884,
           "ema_span_0": 1142.541764248245,
           "ema_span_1": 1025.5399579815037,
           "enabled": true,
           "initial_eprice_ema_dist": -0.0013228056204398191,
           "initial_qty_pct": 0.009082555489476719,
           "markup_range": 0.0019299122375714204,
           "min_markup": 0.009012239737460175,
           "n_close_orders": 4,
           "rentry_pprice_dist": 0.04983804368585608,
           "rentry_pprice_dist_wallet_exposure_weighting": 1.5421690031312616,
           "wallet_exposure_limit": 0.8}}
