{"config_name": "recursive_grid_1_symbols_78days",
 "logging_level": 0,
 "long": {"auto_unstuck_ema_dist": 0.0944382178181546,
          "auto_unstuck_wallet_exposure_threshold": 0.9021038262115637,
          "backwards_tp": true,
          "ddown_factor": 2.1972924293558744,
          "ema_span_0": 2713.4395089533796,
          "ema_span_1": 2271.42247020787,
          "enabled": true,
          "initial_eprice_ema_dist": -0.06903023020665948,
          "initial_qty_pct": 0.047182452650555796,
          "markup_range": 0.05489589184246548,
          "min_markup": 0.014400981032964878,
          "n_close_orders": 8,
          "rentry_pprice_dist": 0.026386648945775866,
          "rentry_pprice_dist_wallet_exposure_weighting": 87.19828615422887,
          "wallet_exposure_limit": 0.1},
 "short": {"auto_unstuck_ema_dist": 0.022412291157636058,
           "auto_unstuck_wallet_exposure_threshold": 0.7075519475576955,
           "backwards_tp": true,
           "ddown_factor": 1.0614707436262587,
           "ema_span_0": 3636.4184335903005,
           "ema_span_1": 1932.174529404202,
           "enabled": true,
           "initial_eprice_ema_dist": -0.09432782488196825,
           "initial_qty_pct": 0.03663584647379353,
           "markup_range": 0.01810123589766802,
           "min_markup": 0.05895296289580547,
           "n_close_orders": 6,
           "rentry_pprice_dist": 0.0075578700204855555,
           "rentry_pprice_dist_wallet_exposure_weighting": 34.566461257603,
           "wallet_exposure_limit": 0.1}}