{
    "COTIUSDT": {
        "DGstd_long": 0.0010722350017075145,
        "DGstd_short": 0.001065777682644021,
        "adg_DGstd_ratio_long": 0.013134070064669594,
        "adg_DGstd_ratio_short": 0.19247736662126433,
        "adg_long": 1.4082809638217618e-05,
        "adg_per_exposure_long": 0.00014082809638217618,
        "adg_per_exposure_short": 0.0020513808175903468,
        "adg_realized_long": 5.6955150147253164e-05,
        "adg_realized_per_exposure_long": 0.0005695515014725316,
        "adg_realized_per_exposure_short": 0.0019745904215606735,
        "adg_realized_short": 0.00019745904215606735,
        "adg_short": 0.0002051380817590347,
        "avg_fills_per_day_long": 0.2179506583926139,
        "avg_fills_per_day_short": 1.3333452042842262,
        "biggest_psize_long": 12607.0,
        "biggest_psize_quote_long": 3005.8380000000006,
        "biggest_psize_quote_short": 4110.8904999999995,
        "biggest_psize_short": 15066.0,
        "closest_bkr_long": 1.0,
        "closest_bkr_short": 1.0,
        "eqbal_ratio_mean_long": 0.9980839406342105,
        "eqbal_ratio_mean_short": 0.9998003213427558,
        "eqbal_ratio_min_long": 0.9916138297535427,
        "eqbal_ratio_min_short": 0.9948361296760945,
        "exchange": "bybit",
        "fee_sum_long": -1.5837746080000001,
        "fee_sum_short": -3.472978071,
        "final_balance_long": 100445.221745392,
        "final_balance_short": 101551.934111929,
        "final_equity_long": 100104.125335392,
        "final_equity_short": 101587.56269192901,
        "gain_long": 0.004468055200000001,
        "gain_short": 0.015554070899999987,
        "hrs_stuck_avg": 103.99907407407407,
        "hrs_stuck_avg_long": 103.99907407407407,
        "hrs_stuck_avg_short": 18.174595469255664,
        "hrs_stuck_max": 635.65,
        "hrs_stuck_max_long": 635.65,
        "hrs_stuck_max_short": 175.05,
        "loss_sum_long": 0.0,
        "loss_sum_short": 0.0,
        "n_closes_long": 5,
        "n_closes_short": 18,
        "n_days": 77.99930555555555,
        "n_entries_long": 12,
        "n_entries_short": 86,
        "n_fills_long": 17,
        "n_fills_short": 104,
        "n_ientries_long": 6,
        "n_ientries_short": 16,
        "n_normal_closes_long": 5,
        "n_normal_closes_short": 18,
        "n_rentries_long": 6,
        "n_rentries_short": 70,
        "n_unstuck_closes_long": 0,
        "n_unstuck_closes_short": 0,
        "n_unstuck_entries_long": 0,
        "n_unstuck_entries_short": 0,
        "net_pnl_plus_fees_long": 445.2217453920001,
        "net_pnl_plus_fees_short": 1551.9341119289988,
        "pa_distance_max_long": 0.3893485955200468,
        "pa_distance_max_short": 0.11291479039854502,
        "pa_distance_mean_long": 0.1080721083994045,
        "pa_distance_mean_short": 0.03116291475562827,
        "pa_distance_std_long": 0.0783901311351964,
        "pa_distance_std_short": 0.022719377972369063,
        "pnl_sum_long": 446.8055200000001,
        "pnl_sum_short": 1555.4070899999988,
        "profit_sum_long": 446.8055200000001,
        "profit_sum_short": 1555.4070899999986,
        "starting_balance": 100000.0,
        "symbol": "COTIUSDT",
        "volume_quote_long": 15837.74608,
        "volume_quote_short": 34729.78071
    }
}