{"config_name": "recursive_grid_1_symbols_78days",
 "logging_level": 0,
 "long": {"auto_unstuck_ema_dist": 0.0944382178181546,
          "auto_unstuck_wallet_exposure_threshold": 0.9021038262115637,
          "backwards_tp": true,
          "ddown_factor": 2.1972924293558744,
          "ema_span_0": 2713.4395089533796,
          "ema_span_1": 2271.42247020787,
          "enabled": true,
          "initial_eprice_ema_dist": -0.06903023020665948,
          "initial_qty_pct": 0.047182452650555796,
          "markup_range": 0.05489589184246548,
          "min_markup": 0.014400981032964878,
          "n_close_orders": 8,
          "rentry_pprice_dist": 0.026386648945775866,
          "rentry_pprice_dist_wallet_exposure_weighting": 87.19828615422887,
          "wallet_exposure_limit": 0.1},
 "short": {"auto_unstuck_ema_dist": 0.07433500218807633,
           "auto_unstuck_wallet_exposure_threshold": 0.9558464401317538,
           "backwards_tp": true,
           "ddown_factor": 1.648308420710121,
           "ema_span_0": 1797.785660126346,
           "ema_span_1": 3384.647635431474,
           "enabled": true,
           "initial_eprice_ema_dist": -0.022443788968493097,
           "initial_qty_pct": 0.033842398602576464,
           "markup_range": 0.05070035397233123,
           "min_markup": 0.029322528431573576,
           "n_close_orders": 4,
           "rentry_pprice_dist": 0.00890177940964687,
           "rentry_pprice_dist_wallet_exposure_weighting": 33.53270954656323,
           "wallet_exposure_limit": 0.1}}