{"config_name": "recursive_grid_1_symbols_78days",
 "logging_level": 0,
 "long": {"auto_unstuck_ema_dist": 0.09820933257931067,
          "auto_unstuck_wallet_exposure_threshold": 0.7421705264897771,
          "backwards_tp": true,
          "ddown_factor": 0.10147007208459448,
          "ema_span_0": 1017.3527696988211,
          "ema_span_1": 4672.86866409216,
          "enabled": true,
          "initial_eprice_ema_dist": -0.006797259596133129,
          "initial_qty_pct": 0.036168936032760356,
          "markup_range": 0.05839480505094444,
          "min_markup": 0.05213106566807411,
          "n_close_orders": 6,
          "rentry_pprice_dist": 0.01266402559024184,
          "rentry_pprice_dist_wallet_exposure_weighting": 62.17477450418797,
          "wallet_exposure_limit": 0.1},
 "short": {"auto_unstuck_ema_dist": 0.03385211254993784,
           "auto_unstuck_wallet_exposure_threshold": 0.8992145988991592,
           "backwards_tp": true,
           "ddown_factor": 1.7645281440791039,
           "ema_span_0": 1855.9761423380198,
           "ema_span_1": 2415.945959990894,
           "enabled": true,
           "initial_eprice_ema_dist": -0.06870290977157543,
           "initial_qty_pct": 0.029894803821874386,
           "markup_range": 0.049573356288887434,
           "min_markup": 0.02848921240053976,
           "n_close_orders": 11,
           "rentry_pprice_dist": 0.009530709094099199,
           "rentry_pprice_dist_wallet_exposure_weighting": 75.80373971985637,
           "wallet_exposure_limit": 0.1}}