{"config_name": "recursive_grid_1_symbols_78days",
 "logging_level": 0,
 "long": {"auto_unstuck_ema_dist": 0.09820933257931067,
          "auto_unstuck_wallet_exposure_threshold": 0.9083437130338775,
          "backwards_tp": true,
          "ddown_factor": 0.49800801734945205,
          "ema_span_0": 1536.1571912082018,
          "ema_span_1": 4285.891936200049,
          "enabled": true,
          "initial_eprice_ema_dist": -0.020948857596542886,
          "initial_qty_pct": 0.04639990712141705,
          "markup_range": 0.018041971146124314,
          "min_markup": 0.029991814550309137,
          "n_close_orders": 13,
          "rentry_pprice_dist": 0.030159213709331313,
          "rentry_pprice_dist_wallet_exposure_weighting": 52.81247063512558,
          "wallet_exposure_limit": 0.1},
 "short": {"auto_unstuck_ema_dist": 0.030538432077765888,
           "auto_unstuck_wallet_exposure_threshold": 0.6286323576562343,
           "backwards_tp": true,
           "ddown_factor": 1.1043925348535086,
           "ema_span_0": 992.7354415842537,
           "ema_span_1": 2499.409342494946,
           "enabled": true,
           "initial_eprice_ema_dist": -0.043326577825164185,
           "initial_qty_pct": 0.041932319031235475,
           "markup_range": 0.026977870612921107,
           "min_markup": 0.03160403827393607,
           "n_close_orders": 5,
           "rentry_pprice_dist": 0.017619849023111353,
           "rentry_pprice_dist_wallet_exposure_weighting": 2.2391102910642315,
           "wallet_exposure_limit": 0.1}}