{
    "COTIUSDT": {
        "DGstd_long": 0.0026103929753570165,
        "DGstd_short": 0.0037983371713970885,
        "adg_DGstd_ratio_long": 0.09510273966188483,
        "adg_DGstd_ratio_short": 0.09314298942400989,
        "adg_long": 0.0002482555235505913,
        "adg_per_exposure_long": 0.002482555235505913,
        "adg_per_exposure_short": 0.003537884789842627,
        "adg_realized_long": 0.00024635535968675626,
        "adg_realized_per_exposure_long": 0.0024635535968675626,
        "adg_realized_per_exposure_short": 0.004124181356595091,
        "adg_realized_short": 0.00041241813565950913,
        "adg_short": 0.0003537884789842627,
        "avg_fills_per_day_long": 29.25667073246735,
        "avg_fills_per_day_short": 11.641129283558437,
        "biggest_psize_long": 48839.0,
        "biggest_psize_quote_long": 10153.677499999994,
        "biggest_psize_quote_short": 10337.319826142471,
        "biggest_psize_short": 51573.0,
        "closest_bkr_long": 1.0,
        "closest_bkr_short": 1.0,
        "eqbal_ratio_mean_long": 0.9977099029920862,
        "eqbal_ratio_mean_short": 0.9978370731800172,
        "eqbal_ratio_min_long": 0.9783814021496651,
        "eqbal_ratio_min_short": 0.9758888108350071,
        "exchange": "bybit",
        "fee_sum_long": -11.546033227,
        "fee_sum_short": -34.374906237000005,
        "final_balance_long": 101939.89413677328,
        "final_balance_short": 103268.44733762101,
        "final_equity_long": 101903.37438677327,
        "final_equity_short": 102704.78215376347,
        "gain_long": 0.019514401700000055,
        "gain_short": 0.033028222438575304,
        "hrs_stuck_avg": 11.484560327198365,
        "hrs_stuck_avg_long": 7.965886524822696,
        "hrs_stuck_avg_short": 11.484560327198365,
        "hrs_stuck_max": 306.0,
        "hrs_stuck_max_long": 306.0,
        "hrs_stuck_max_short": 124.13333333333334,
        "loss_sum_long": -418.06972910905387,
        "loss_sum_short": -2173.5854360591366,
        "n_closes_long": 1916,
        "n_closes_short": 158,
        "n_days": 77.99930555555555,
        "n_entries_long": 366,
        "n_entries_short": 750,
        "n_fills_long": 2282,
        "n_fills_short": 908,
        "n_ientries_long": 14,
        "n_ientries_short": 52,
        "n_normal_closes_long": 15,
        "n_normal_closes_short": 29,
        "n_rentries_long": 15,
        "n_rentries_short": 0,
        "n_unstuck_closes_long": 1901,
        "n_unstuck_closes_short": 129,
        "n_unstuck_entries_long": 337,
        "n_unstuck_entries_short": 698,
        "net_pnl_plus_fees_long": 1939.8941367730056,
        "net_pnl_plus_fees_short": 3268.4473376205306,
        "pa_distance_max_long": 0.5604076558487011,
        "pa_distance_max_short": 0.19411210607262774,
        "pa_distance_mean_long": 0.07421681003603448,
        "pa_distance_mean_short": 0.0412542728430338,
        "pa_distance_std_long": 0.09252469708949726,
        "pa_distance_std_short": 0.04028353614446469,
        "pnl_sum_long": 1951.4401700000055,
        "pnl_sum_short": 3302.8222438575303,
        "profit_sum_long": 2369.509899109059,
        "profit_sum_short": 5476.407679916667,
        "starting_balance": 100000.0,
        "symbol": "COTIUSDT",
        "volume_quote_long": 115460.33227000001,
        "volume_quote_short": 343749.06237000006
    }
}