{
    "COTIUSDT": {
        "DGstd_long": 0.0026803510546003196,
        "DGstd_short": 0.0032772617172952202,
        "adg_DGstd_ratio_long": 0.11519988428361136,
        "adg_DGstd_ratio_short": 0.15483036107741038,
        "adg_long": 0.0003087761313294125,
        "adg_per_exposure_long": 0.0030877613132941246,
        "adg_per_exposure_short": 0.005074196150339929,
        "adg_realized_long": 0.00030456679905843664,
        "adg_realized_per_exposure_long": 0.0030456679905843664,
        "adg_realized_per_exposure_short": 0.005258534954399874,
        "adg_realized_short": 0.0005258534954399874,
        "adg_short": 0.000507419615033993,
        "avg_fills_per_day_long": 5.500048967672433,
        "avg_fills_per_day_short": 10.987277308380595,
        "biggest_psize_long": 51669.0,
        "biggest_psize_quote_long": 10180.397459999996,
        "biggest_psize_quote_short": 10429.083979999994,
        "biggest_psize_short": 50498.0,
        "closest_bkr_long": 1.0,
        "closest_bkr_short": 1.0,
        "eqbal_ratio_mean_long": 0.9977526687127757,
        "eqbal_ratio_mean_short": 0.9984861559386751,
        "eqbal_ratio_min_long": 0.9643563907044232,
        "eqbal_ratio_min_short": 0.9817549061821327,
        "exchange": "bybit",
        "fee_sum_long": -15.663892006000001,
        "fee_sum_short": -17.514121887,
        "final_balance_long": 102403.6716479939,
        "final_balance_short": 104185.77596811343,
        "final_equity_long": 102377.6507579939,
        "final_equity_short": 103941.09768811343,
        "gain_long": 0.024193355400000074,
        "gain_short": 0.04203290089999995,
        "hrs_stuck_avg": 22.55401606425703,
        "hrs_stuck_avg_long": 22.55401606425703,
        "hrs_stuck_avg_short": 8.788654147104852,
        "hrs_stuck_max": 239.31666666666666,
        "hrs_stuck_max_long": 239.31666666666666,
        "hrs_stuck_max_short": 136.08333333333334,
        "loss_sum_long": -1347.9735890728114,
        "loss_sum_short": 0.0,
        "n_closes_long": 92,
        "n_closes_short": 573,
        "n_days": 77.99930555555555,
        "n_entries_long": 337,
        "n_entries_short": 284,
        "n_fills_long": 429,
        "n_fills_short": 857,
        "n_ientries_long": 15,
        "n_ientries_short": 28,
        "n_normal_closes_long": 62,
        "n_normal_closes_short": 44,
        "n_rentries_long": 7,
        "n_rentries_short": 60,
        "n_unstuck_closes_long": 30,
        "n_unstuck_closes_short": 529,
        "n_unstuck_entries_long": 315,
        "n_unstuck_entries_short": 196,
        "net_pnl_plus_fees_long": 2403.6716479940073,
        "net_pnl_plus_fees_short": 4185.775968112995,
        "pa_distance_max_long": 0.5529637388698669,
        "pa_distance_max_short": 0.15416418560232362,
        "pa_distance_mean_long": 0.08237285219495312,
        "pa_distance_mean_short": 0.03128769354223204,
        "pa_distance_std_long": 0.09070993741636611,
        "pa_distance_std_short": 0.02775150704183899,
        "pnl_sum_long": 2419.3355400000073,
        "pnl_sum_short": 4203.290089999995,
        "profit_sum_long": 3767.309129072818,
        "profit_sum_short": 4203.290089999995,
        "starting_balance": 100000.0,
        "symbol": "COTIUSDT",
        "volume_quote_long": 156638.92005999997,
        "volume_quote_short": 175141.21886999998
    }
}