{"config_name": "recursive_grid_1_symbols_78days",
 "logging_level": 0,
 "long": {"auto_unstuck_ema_dist": 0.0944382178181546,
          "auto_unstuck_wallet_exposure_threshold": 0.9021038262115637,
          "backwards_tp": true,
          "ddown_factor": 2.1972924293558744,
          "ema_span_0": 2713.4395089533796,
          "ema_span_1": 2271.42247020787,
          "enabled": true,
          "initial_eprice_ema_dist": -0.06903023020665948,
          "initial_qty_pct": 0.047182452650555796,
          "markup_range": 0.05489589184246548,
          "min_markup": 0.014400981032964878,
          "n_close_orders": 8,
          "rentry_pprice_dist": 0.026386648945775866,
          "rentry_pprice_dist_wallet_exposure_weighting": 87.19828615422887,
          "wallet_exposure_limit": 0.1},
 "short": {"auto_unstuck_ema_dist": 0.05459613994855731,
           "auto_unstuck_wallet_exposure_threshold": 0.4881990537733579,
           "backwards_tp": true,
           "ddown_factor": 0.867773985528779,
           "ema_span_0": 555.7834724131375,
           "ema_span_1": 7338.1636850962805,
           "enabled": true,
           "initial_eprice_ema_dist": -0.06599826100202866,
           "initial_qty_pct": 0.03722207276770075,
           "markup_range": 0.050111001985097915,
           "min_markup": 0.011147340349960337,
           "n_close_orders": 6,
           "rentry_pprice_dist": 0.03579566691009904,
           "rentry_pprice_dist_wallet_exposure_weighting": 0.34504004810383515,
           "wallet_exposure_limit": 0.1}}