{"config_name": "recursive_grid_1_symbols_78days",
 "logging_level": 0,
 "long": {"auto_unstuck_ema_dist": 0.017434721753349203,
          "auto_unstuck_wallet_exposure_threshold": 0.3443383532321814,
          "backwards_tp": true,
          "ddown_factor": 2.32897673676135,
          "ema_span_0": 2453.894648260284,
          "ema_span_1": 3045.714486179196,
          "enabled": true,
          "initial_eprice_ema_dist": -0.08622444192912122,
          "initial_qty_pct": 0.04388953445107433,
          "markup_range": 0.025225924001843678,
          "min_markup": 0.043308177053826495,
          "n_close_orders": 8,
          "rentry_pprice_dist": 0.01266402559024184,
          "rentry_pprice_dist_wallet_exposure_weighting": 64.51496569208213,
          "wallet_exposure_limit": 0.1},
 "short": {"auto_unstuck_ema_dist": 0.030538432077765888,
           "auto_unstuck_wallet_exposure_threshold": 0.6286323576562343,
           "backwards_tp": true,
           "ddown_factor": 1.1043925348535086,
           "ema_span_0": 992.7354415842537,
           "ema_span_1": 2499.409342494946,
           "enabled": true,
           "initial_eprice_ema_dist": -0.043326577825164185,
           "initial_qty_pct": 0.041932319031235475,
           "markup_range": 0.026977870612921107,
           "min_markup": 0.03160403827393607,
           "n_close_orders": 5,
           "rentry_pprice_dist": 0.017619849023111353,
           "rentry_pprice_dist_wallet_exposure_weighting": 2.2391102910642315,
           "wallet_exposure_limit": 0.1}}