{"config_name": "recursive_grid_1_symbols_78days",
 "logging_level": 0,
 "long": {"auto_unstuck_ema_dist": 0.08770221528542008,
          "auto_unstuck_wallet_exposure_threshold": 0.7911835147100164,
          "backwards_tp": true,
          "ddown_factor": 2.0913732020097844,
          "ema_span_0": 3368.3394433536837,
          "ema_span_1": 1447.1320006622136,
          "enabled": true,
          "initial_eprice_ema_dist": -0.06641449669156271,
          "initial_qty_pct": 0.036546818540222646,
          "markup_range": 0.04696003017457197,
          "min_markup": 0.03723747365975203,
          "n_close_orders": 7,
          "rentry_pprice_dist": 0.026386648945775866,
          "rentry_pprice_dist_wallet_exposure_weighting": 69.05491016577952,
          "wallet_exposure_limit": 0.1},
 "short": {"auto_unstuck_ema_dist": 0.03385211254993784,
           "auto_unstuck_wallet_exposure_threshold": 0.8992145988991592,
           "backwards_tp": true,
           "ddown_factor": 1.7645281440791039,
           "ema_span_0": 1855.9761423380198,
           "ema_span_1": 2415.945959990894,
           "enabled": true,
           "initial_eprice_ema_dist": -0.06870290977157543,
           "initial_qty_pct": 0.029894803821874386,
           "markup_range": 0.049573356288887434,
           "min_markup": 0.02848921240053976,
           "n_close_orders": 11,
           "rentry_pprice_dist": 0.009530709094099199,
           "rentry_pprice_dist_wallet_exposure_weighting": 75.80373971985637,
           "wallet_exposure_limit": 0.1}}