{
    "COTIUSDT": {
        "DGstd_long": 0.0003945108405518019,
        "DGstd_short": 0.004109660428886737,
        "adg_DGstd_ratio_long": 0.006714441119419847,
        "adg_DGstd_ratio_short": 0.1877016071826855,
        "adg_long": 2.648919809857906e-06,
        "adg_per_exposure_long": 2.6489198098579058e-05,
        "adg_per_exposure_short": 0.0077138986747712504,
        "adg_realized_long": 1.9033764872000702e-05,
        "adg_realized_per_exposure_long": 0.00019033764872000702,
        "adg_realized_per_exposure_short": 0.008265598671837182,
        "adg_realized_short": 0.0008265598671837182,
        "adg_short": 0.0007713898674771251,
        "avg_fills_per_day_long": 0.9615470223203555,
        "avg_fills_per_day_short": 43.57731105155851,
        "biggest_psize_long": 5061.0,
        "biggest_psize_quote_long": 1198.5071000000003,
        "biggest_psize_quote_short": 10676.488195474189,
        "biggest_psize_short": 53385.0,
        "closest_bkr_long": 1.0,
        "closest_bkr_short": 1.0,
        "eqbal_ratio_mean_long": 0.9992779481326264,
        "eqbal_ratio_mean_short": 0.9980698772010215,
        "eqbal_ratio_min_long": 0.9967026336893385,
        "eqbal_ratio_min_short": 0.9756690145946183,
        "exchange": "bybit",
        "fee_sum_long": -0.812071314,
        "fee_sum_short": -63.738475703000006,
        "final_balance_long": 100148.57088868596,
        "final_balance_short": 106656.63455882198,
        "final_equity_long": 100019.80735868597,
        "final_equity_short": 106049.13530429617,
        "gain_long": 0.0014938296000000003,
        "gain_short": 0.06720373034525808,
        "hrs_stuck_avg": 24.959777777777777,
        "hrs_stuck_avg_long": 24.959777777777777,
        "hrs_stuck_avg_short": 4.343348801237433,
        "hrs_stuck_max": 568.3666666666667,
        "hrs_stuck_max_long": 568.3666666666667,
        "hrs_stuck_max_short": 91.11666666666666,
        "loss_sum_long": 0.0,
        "loss_sum_short": -2839.1476041342125,
        "n_closes_long": 10,
        "n_closes_short": 1965,
        "n_days": 77.99930555555555,
        "n_entries_long": 65,
        "n_entries_short": 1434,
        "n_fills_long": 75,
        "n_fills_short": 3399,
        "n_ientries_long": 11,
        "n_ientries_short": 25,
        "n_normal_closes_long": 10,
        "n_normal_closes_short": 62,
        "n_rentries_long": 54,
        "n_rentries_short": 93,
        "n_unstuck_closes_long": 0,
        "n_unstuck_closes_short": 1903,
        "n_unstuck_entries_long": 0,
        "n_unstuck_entries_short": 1316,
        "net_pnl_plus_fees_long": 148.57088868600002,
        "net_pnl_plus_fees_short": 6656.634558822808,
        "pa_distance_max_long": 0.41877802104488404,
        "pa_distance_max_short": 0.19553710966531626,
        "pa_distance_mean_long": 0.10782463541427936,
        "pa_distance_mean_short": 0.03912795935676057,
        "pa_distance_std_long": 0.07560290964805537,
        "pa_distance_std_short": 0.03498111587874219,
        "pnl_sum_long": 149.38296000000003,
        "pnl_sum_short": 6720.373034525808,
        "profit_sum_long": 149.38296000000003,
        "profit_sum_short": 9559.52063866002,
        "starting_balance": 100000.0,
        "symbol": "COTIUSDT",
        "volume_quote_long": 8120.713140000001,
        "volume_quote_short": 637384.75703
    }
}