{"config_name": "recursive_grid_1_symbols_78days",
 "logging_level": 0,
 "long": {"auto_unstuck_ema_dist": 0.09108412670402591,
          "auto_unstuck_wallet_exposure_threshold": 0.7911835147100164,
          "backwards_tp": true,
          "ddown_factor": 0.09217231329290501,
          "ema_span_0": 2421.802381506283,
          "ema_span_1": 1447.1320006622136,
          "enabled": true,
          "initial_eprice_ema_dist": -0.06717135808207889,
          "initial_qty_pct": 0.018995960176661716,
          "markup_range": 0.05023155982338387,
          "min_markup": 0.05346194173971235,
          "n_close_orders": 5,
          "rentry_pprice_dist": 0.03378100500660744,
          "rentry_pprice_dist_wallet_exposure_weighting": 23.65926559206638,
          "wallet_exposure_limit": 0.1},
 "short": {"auto_unstuck_ema_dist": 0.027176491406688787,
           "auto_unstuck_wallet_exposure_threshold": 0.25978464918555644,
           "backwards_tp": true,
           "ddown_factor": 1.3536179575160934,
           "ema_span_0": 2327.3981490009596,
           "ema_span_1": 5593.073860110756,
           "enabled": true,
           "initial_eprice_ema_dist": -0.06932817297312788,
           "initial_qty_pct": 0.015779643078151898,
           "markup_range": 0.05969903789681838,
           "min_markup": 0.04929772442759111,
           "n_close_orders": 6,
           "rentry_pprice_dist": 0.009530709094099199,
           "rentry_pprice_dist_wallet_exposure_weighting": 1.3826700340824183,
           "wallet_exposure_limit": 0.1}}