{
    "COTIUSDT": {
        "DGstd_long": 0.0018762182393937024,
        "DGstd_short": 0.002090198333603556,
        "adg_DGstd_ratio_long": 0.1941182391881367,
        "adg_DGstd_ratio_short": 0.14358722899117896,
        "adg_long": 0.00036420818096377145,
        "adg_per_exposure_long": 0.003642081809637714,
        "adg_per_exposure_short": 0.0030012578676411445,
        "adg_realized_long": 0.00035929301704706873,
        "adg_realized_per_exposure_long": 0.0035929301704706873,
        "adg_realized_per_exposure_short": 0.0027230493365859587,
        "adg_realized_short": 0.00027230493365859587,
        "adg_short": 0.00030012578676411446,
        "avg_fills_per_day_long": 4.217986271245293,
        "avg_fills_per_day_short": 0.5000044516065848,
        "biggest_psize_long": 50532.0,
        "biggest_psize_quote_long": 10196.263729586146,
        "biggest_psize_quote_short": 4576.8035,
        "biggest_psize_short": 20829.0,
        "closest_bkr_long": 1.0,
        "closest_bkr_short": 1.0,
        "eqbal_ratio_mean_long": 0.9997555857404455,
        "eqbal_ratio_mean_short": 0.9990869153140567,
        "eqbal_ratio_min_long": 0.9850336467363315,
        "eqbal_ratio_min_short": 0.990896898223636,
        "exchange": "bybit",
        "fee_sum_long": -6.955330332000001,
        "fee_sum_short": -3.95597714,
        "final_balance_long": 102841.58128966733,
        "final_balance_short": 102146.38080286003,
        "final_equity_long": 102829.86933966733,
        "final_equity_short": 102320.55857286003,
        "gain_long": 0.028485366200000094,
        "gain_short": 0.021503367799999992,
        "hrs_stuck_avg": 46.79958333333333,
        "hrs_stuck_avg_long": 15.096639784946237,
        "hrs_stuck_avg_short": 46.79958333333333,
        "hrs_stuck_max": 519.2,
        "hrs_stuck_max_long": 178.56666666666666,
        "hrs_stuck_max_short": 519.2,
        "loss_sum_long": 0.0,
        "loss_sum_short": 0.0,
        "n_closes_long": 52,
        "n_closes_short": 9,
        "n_days": 77.99930555555555,
        "n_entries_long": 277,
        "n_entries_short": 30,
        "n_fills_long": 329,
        "n_fills_short": 39,
        "n_ientries_long": 9,
        "n_ientries_short": 10,
        "n_normal_closes_long": 31,
        "n_normal_closes_short": 9,
        "n_rentries_long": 78,
        "n_rentries_short": 20,
        "n_unstuck_closes_long": 21,
        "n_unstuck_closes_short": 0,
        "n_unstuck_entries_long": 190,
        "n_unstuck_entries_short": 0,
        "net_pnl_plus_fees_long": 2841.5812896680095,
        "net_pnl_plus_fees_short": 2146.380802859999,
        "pa_distance_max_long": 0.27302834168614976,
        "pa_distance_max_short": 0.16883964665851178,
        "pa_distance_mean_long": 0.05694457003538902,
        "pa_distance_mean_short": 0.05267917084274294,
        "pa_distance_std_long": 0.045252514778254135,
        "pa_distance_std_short": 0.039180877077279935,
        "pnl_sum_long": 2848.5366200000094,
        "pnl_sum_short": 2150.336779999999,
        "profit_sum_long": 2848.5366200000094,
        "profit_sum_short": 2150.336779999999,
        "starting_balance": 100000.0,
        "symbol": "COTIUSDT",
        "volume_quote_long": 69553.30332,
        "volume_quote_short": 39559.771400000005
    }
}