{
    "COTIUSDT": {
        "DGstd_long": 0.001841009446307835,
        "DGstd_short": 0.005693445240264714,
        "adg_DGstd_ratio_long": 0.21037932746836663,
        "adg_DGstd_ratio_short": 0.15545116387015387,
        "adg_long": 0.00038731032917715236,
        "adg_per_exposure_long": 0.0038731032917715233,
        "adg_per_exposure_short": 0.008850526890301375,
        "adg_realized_long": 0.0003812466652994839,
        "adg_realized_per_exposure_long": 0.0038124666529948392,
        "adg_realized_per_exposure_short": 0.008749130184020348,
        "adg_realized_short": 0.0008749130184020348,
        "adg_short": 0.0008850526890301376,
        "avg_fills_per_day_long": 8.153918749276615,
        "avg_fills_per_day_short": 19.166837311585752,
        "biggest_psize_long": 50328.0,
        "biggest_psize_quote_long": 10241.773526014083,
        "biggest_psize_quote_short": 10716.774248169764,
        "biggest_psize_short": 51392.0,
        "closest_bkr_long": 1.0,
        "closest_bkr_short": 1.0,
        "eqbal_ratio_mean_long": 0.9996833220894695,
        "eqbal_ratio_mean_short": 0.9963665115698871,
        "eqbal_ratio_min_long": 0.9843076994501383,
        "eqbal_ratio_min_short": 0.9714028127052973,
        "exchange": "bybit",
        "fee_sum_long": -8.506672412,
        "fee_sum_short": -21.188275058000002,
        "final_balance_long": 103017.76962758841,
        "final_balance_short": 107059.30765677219,
        "final_equity_long": 103013.42129758841,
        "final_equity_short": 106917.79363494195,
        "gain_long": 0.030262762999999977,
        "gain_short": 0.07080495931830219,
        "hrs_stuck_avg": 9.131626016260164,
        "hrs_stuck_avg_long": 9.131626016260164,
        "hrs_stuck_avg_short": 8.432357357357358,
        "hrs_stuck_max": 197.21666666666667,
        "hrs_stuck_max_long": 197.21666666666667,
        "hrs_stuck_max_short": 159.58333333333334,
        "loss_sum_long": 0.0,
        "loss_sum_short": -321.6987919323499,
        "n_closes_long": 275,
        "n_closes_short": 1260,
        "n_days": 77.99930555555555,
        "n_entries_long": 361,
        "n_entries_short": 235,
        "n_fills_long": 636,
        "n_fills_short": 1495,
        "n_ientries_long": 12,
        "n_ientries_short": 7,
        "n_normal_closes_long": 23,
        "n_normal_closes_short": 44,
        "n_rentries_long": 149,
        "n_rentries_short": 32,
        "n_unstuck_closes_long": 252,
        "n_unstuck_closes_short": 1216,
        "n_unstuck_entries_long": 200,
        "n_unstuck_entries_short": 196,
        "net_pnl_plus_fees_long": 3017.7696275879975,
        "net_pnl_plus_fees_short": 7059.307656772219,
        "pa_distance_max_long": 0.2850028295200876,
        "pa_distance_max_short": 0.2222042642941317,
        "pa_distance_mean_long": 0.04783460417536154,
        "pa_distance_mean_short": 0.06362722348756333,
        "pa_distance_std_long": 0.0458340643521235,
        "pa_distance_std_short": 0.0472445235381111,
        "pnl_sum_long": 3026.2762999999977,
        "pnl_sum_short": 7080.495931830219,
        "profit_sum_long": 3026.2762999999977,
        "profit_sum_short": 7402.194723762569,
        "starting_balance": 100000.0,
        "symbol": "COTIUSDT",
        "volume_quote_long": 85066.72412,
        "volume_quote_short": 211882.75058
    }
}