{"config_name": "recursive_grid_1_symbols_78days",
 "logging_level": 0,
 "long": {"auto_unstuck_ema_dist": 0.08880256229713365,
          "auto_unstuck_wallet_exposure_threshold": 0.6999691990294494,
          "backwards_tp": true,
          "ddown_factor": 0.05,
          "ema_span_0": 2497.9480706608992,
          "ema_span_1": 8985.05331173839,
          "enabled": true,
          "initial_eprice_ema_dist": -0.009022807325542354,
          "initial_qty_pct": 0.03633313842270153,
          "markup_range": 0.05839480505094444,
          "min_markup": 0.05346194173971235,
          "n_close_orders": 7,
          "rentry_pprice_dist": 0.02519940406247892,
          "rentry_pprice_dist_wallet_exposure_weighting": 25.255894825960343,
          "wallet_exposure_limit": 0.1},
 "short": {"auto_unstuck_ema_dist": 0.027176491406688787,
           "auto_unstuck_wallet_exposure_threshold": 0.12885127637961502,
           "backwards_tp": true,
           "ddown_factor": 2.7070428615744615,
           "ema_span_0": 2697.128844119324,
           "ema_span_1": 6447.080444219685,
           "enabled": true,
           "initial_eprice_ema_dist": -0.06825443443736125,
           "initial_qty_pct": 0.030808367328895872,
           "markup_range": 0.05741779134599193,
           "min_markup": 0.05961418505656056,
           "n_close_orders": 5,
           "rentry_pprice_dist": 0.0071099268989341935,
           "rentry_pprice_dist_wallet_exposure_weighting": 2.0998791637956686,
           "wallet_exposure_limit": 0.1}}