{"config_name": "recursive_grid_1_symbols_78days",
 "logging_level": 0,
 "long": {"auto_unstuck_ema_dist": 0.00817657843152796,
          "auto_unstuck_wallet_exposure_threshold": 0.8112493341364003,
          "backwards_tp": true,
          "ddown_factor": 0.09217231329290501,
          "ema_span_0": 1593.8034439595845,
          "ema_span_1": 8985.05331173839,
          "enabled": true,
          "initial_eprice_ema_dist": -0.06505408070063093,
          "initial_qty_pct": 0.017870689018327817,
          "markup_range": 0.05189198613867334,
          "min_markup": 0.05346194173971235,
          "n_close_orders": 8,
          "rentry_pprice_dist": 0.026069965928508132,
          "rentry_pprice_dist_wallet_exposure_weighting": 40.07982457829586,
          "wallet_exposure_limit": 0.1},
 "short": {"auto_unstuck_ema_dist": 0.027176491406688787,
           "auto_unstuck_wallet_exposure_threshold": 0.12885127637961502,
           "backwards_tp": true,
           "ddown_factor": 2.7070428615744615,
           "ema_span_0": 2697.128844119324,
           "ema_span_1": 6447.080444219685,
           "enabled": true,
           "initial_eprice_ema_dist": -0.06825443443736125,
           "initial_qty_pct": 0.030808367328895872,
           "markup_range": 0.05741779134599193,
           "min_markup": 0.05961418505656056,
           "n_close_orders": 5,
           "rentry_pprice_dist": 0.0071099268989341935,
           "rentry_pprice_dist_wallet_exposure_weighting": 2.0998791637956686,
           "wallet_exposure_limit": 0.1}}