{
    "COTIUSDT": {
        "DGstd_long": 0.0018313421116340136,
        "DGstd_short": 0.005239649581019212,
        "adg_DGstd_ratio_long": 0.2251198946589244,
        "adg_DGstd_ratio_short": 0.14098197595616377,
        "adg_long": 0.0004122715432555013,
        "adg_per_exposure_long": 0.0041227154325550125,
        "adg_per_exposure_short": 0.007386961512499741,
        "adg_realized_long": 0.0004059622852896627,
        "adg_realized_per_exposure_long": 0.004059622852896627,
        "adg_realized_per_exposure_short": 0.008257269464058137,
        "adg_realized_short": 0.0008257269464058137,
        "adg_short": 0.0007386961512499741,
        "avg_fills_per_day_long": 9.551367088382198,
        "avg_fills_per_day_short": 52.32097864119161,
        "biggest_psize_long": 50520.0,
        "biggest_psize_quote_long": 10265.810103118247,
        "biggest_psize_quote_short": 10675.657000000008,
        "biggest_psize_short": 54809.0,
        "closest_bkr_long": 1.0,
        "closest_bkr_short": 1.0,
        "eqbal_ratio_mean_long": 0.999721260361521,
        "eqbal_ratio_mean_short": 0.9963540692728614,
        "eqbal_ratio_min_long": 0.9844040900233783,
        "eqbal_ratio_min_short": 0.9742227691510904,
        "exchange": "bybit",
        "fee_sum_long": -9.387020325,
        "fee_sum_short": -20.786164108,
        "final_balance_long": 103216.48066967449,
        "final_balance_short": 106649.71131589073,
        "final_equity_long": 103211.66128967449,
        "final_equity_short": 105740.38998589074,
        "gain_long": 0.03225867689999997,
        "gain_short": 0.06670497479999989,
        "hrs_stuck_avg": 9.649398625429555,
        "hrs_stuck_avg_long": 9.649398625429555,
        "hrs_stuck_avg_short": 4.197272047832586,
        "hrs_stuck_max": 164.46666666666667,
        "hrs_stuck_max_long": 164.46666666666667,
        "hrs_stuck_max_short": 134.66666666666666,
        "loss_sum_long": 0.0,
        "loss_sum_short": -854.0693980269334,
        "n_closes_long": 317,
        "n_closes_short": 3403,
        "n_days": 77.99930555555555,
        "n_entries_long": 428,
        "n_entries_short": 678,
        "n_fills_long": 745,
        "n_fills_short": 4081,
        "n_ientries_long": 10,
        "n_ientries_short": 11,
        "n_normal_closes_long": 27,
        "n_normal_closes_short": 39,
        "n_rentries_long": 135,
        "n_rentries_short": 31,
        "n_unstuck_closes_long": 290,
        "n_unstuck_closes_short": 3364,
        "n_unstuck_entries_long": 283,
        "n_unstuck_entries_short": 636,
        "net_pnl_plus_fees_long": 3216.4806696749974,
        "net_pnl_plus_fees_short": 6649.711315891989,
        "pa_distance_max_long": 0.2714029825530758,
        "pa_distance_max_short": 0.20477641746180061,
        "pa_distance_mean_long": 0.04587629272828444,
        "pa_distance_mean_short": 0.06462976006807977,
        "pa_distance_std_long": 0.04320009248818194,
        "pa_distance_std_short": 0.050031410750291966,
        "pnl_sum_long": 3225.8676899999973,
        "pnl_sum_short": 6670.497479999989,
        "profit_sum_long": 3225.8676899999973,
        "profit_sum_short": 7524.5668780269225,
        "starting_balance": 100000.0,
        "symbol": "COTIUSDT",
        "volume_quote_long": 93870.20325,
        "volume_quote_short": 207861.64108
    }
}