{
    "COTIUSDT": {
        "DGstd_long": 0.0013905145774592352,
        "DGstd_short": 0.00575183601190396,
        "adg_DGstd_ratio_long": 0.1558699152535888,
        "adg_DGstd_ratio_short": 0.18338967133570036,
        "adg_long": 0.00021673938934745082,
        "adg_per_exposure_long": 0.002167393893474508,
        "adg_per_exposure_short": 0.010548273157999128,
        "adg_realized_long": 0.00021382347635090504,
        "adg_realized_per_exposure_long": 0.0021382347635090504,
        "adg_realized_per_exposure_short": 0.01033592632617042,
        "adg_realized_short": 0.001033592632617042,
        "adg_short": 0.0010548273157999128,
        "avg_fills_per_day_long": 4.538501945352078,
        "avg_fills_per_day_short": 54.98766904976006,
        "biggest_psize_long": 51983.0,
        "biggest_psize_quote_long": 10073.9945,
        "biggest_psize_quote_short": 10850.075925777122,
        "biggest_psize_short": 53301.0,
        "closest_bkr_long": 1.0,
        "closest_bkr_short": 1.0,
        "eqbal_ratio_mean_long": 0.9993026894304948,
        "eqbal_ratio_mean_short": 0.9965026356330162,
        "eqbal_ratio_min_long": 0.9885412247466775,
        "eqbal_ratio_min_short": 0.9717690920145956,
        "exchange": "bybit",
        "fee_sum_long": -4.040369678000001,
        "fee_sum_short": -21.939756705,
        "final_balance_long": 101681.61255032163,
        "final_balance_short": 108391.32502751853,
        "final_equity_long": 101675.26712032163,
        "final_equity_short": 108320.54716329565,
        "gain_long": 0.0168565292,
        "gain_short": 0.0841326478422287,
        "hrs_stuck_avg": 7.458100929614874,
        "hrs_stuck_avg_long": 7.458100929614874,
        "hrs_stuck_avg_short": 3.836031420765027,
        "hrs_stuck_max": 196.08333333333334,
        "hrs_stuck_max_long": 196.08333333333334,
        "hrs_stuck_max_short": 134.51666666666668,
        "loss_sum_long": 0.0,
        "loss_sum_short": -423.41721741239195,
        "n_closes_long": 17,
        "n_closes_short": 3658,
        "n_days": 77.99930555555555,
        "n_entries_long": 337,
        "n_entries_short": 631,
        "n_fills_long": 354,
        "n_fills_short": 4289,
        "n_ientries_long": 11,
        "n_ientries_short": 11,
        "n_normal_closes_long": 17,
        "n_normal_closes_short": 43,
        "n_rentries_long": 268,
        "n_rentries_short": 35,
        "n_unstuck_closes_long": 0,
        "n_unstuck_closes_short": 3615,
        "n_unstuck_entries_long": 58,
        "n_unstuck_entries_short": 585,
        "net_pnl_plus_fees_long": 1681.6125503220003,
        "net_pnl_plus_fees_short": 8391.325027517869,
        "pa_distance_max_long": 0.3239567202844178,
        "pa_distance_max_short": 0.2199844527804601,
        "pa_distance_mean_long": 0.052567851445613135,
        "pa_distance_mean_short": 0.061914296014863354,
        "pa_distance_std_long": 0.04948361870488604,
        "pa_distance_std_short": 0.046645872065413,
        "pnl_sum_long": 1685.6529200000002,
        "pnl_sum_short": 8413.264784222869,
        "profit_sum_long": 1685.6529200000002,
        "profit_sum_short": 8836.682001635261,
        "starting_balance": 100000.0,
        "symbol": "COTIUSDT",
        "volume_quote_long": 40403.69678,
        "volume_quote_short": 219397.56705
    }
}