{"config_name": "recursive_grid_1_symbols_78days",
 "logging_level": 0,
 "long": {"auto_unstuck_ema_dist": 0.08880256229713365,
          "auto_unstuck_wallet_exposure_threshold": 0.6999691990294494,
          "backwards_tp": true,
          "ddown_factor": 0.05,
          "ema_span_0": 2497.9480706608992,
          "ema_span_1": 8985.05331173839,
          "enabled": true,
          "initial_eprice_ema_dist": -0.009022807325542354,
          "initial_qty_pct": 0.03633313842270153,
          "markup_range": 0.05839480505094444,
          "min_markup": 0.05346194173971235,
          "n_close_orders": 7,
          "rentry_pprice_dist": 0.02519940406247892,
          "rentry_pprice_dist_wallet_exposure_weighting": 25.255894825960343,
          "wallet_exposure_limit": 0.1},
 "short": {"auto_unstuck_ema_dist": 0.03383745628650982,
           "auto_unstuck_wallet_exposure_threshold": 0.07312138573504566,
           "backwards_tp": true,
           "ddown_factor": 2.581292608079315,
           "ema_span_0": 1785.8387334935228,
           "ema_span_1": 6340.408775263343,
           "enabled": true,
           "initial_eprice_ema_dist": -0.07030339960238552,
           "initial_qty_pct": 0.031077630238325445,
           "markup_range": 0.057240445616860695,
           "min_markup": 0.05421184198870713,
           "n_close_orders": 4,
           "rentry_pprice_dist": 0.008528386195796421,
           "rentry_pprice_dist_wallet_exposure_weighting": 1.9643290027026903,
           "wallet_exposure_limit": 0.1}}