{
    "COTIUSDT": {
        "DGstd_long": 0.002520715302531602,
        "DGstd_short": 0.005099244605888918,
        "adg_DGstd_ratio_long": 0.1930434301687816,
        "adg_DGstd_ratio_short": 0.12043055130382171,
        "adg_long": 0.0004866075284796385,
        "adg_per_exposure_long": 0.0048660752847963845,
        "adg_per_exposure_short": 0.006141048391202415,
        "adg_realized_long": 0.0004775087009485368,
        "adg_realized_per_exposure_long": 0.004775087009485368,
        "adg_realized_per_exposure_short": 0.006840929776867899,
        "adg_realized_short": 0.0006840929776867899,
        "adg_short": 0.0006141048391202415,
        "avg_fills_per_day_long": 17.000151354623885,
        "avg_fills_per_day_short": 13.897559629270205,
        "biggest_psize_long": 49910.0,
        "biggest_psize_quote_long": 10311.018391744781,
        "biggest_psize_quote_short": 10558.489700000006,
        "biggest_psize_short": 53461.0,
        "closest_bkr_long": 1.0,
        "closest_bkr_short": 1.0,
        "eqbal_ratio_mean_long": 0.999518143297872,
        "eqbal_ratio_mean_short": 0.9965834874929143,
        "eqbal_ratio_min_long": 0.9800828391369762,
        "eqbal_ratio_min_short": 0.9746342862268913,
        "exchange": "bybit",
        "fee_sum_long": -11.688514372,
        "fee_sum_short": -13.143024110000002,
        "final_balance_long": 103793.84200562816,
        "final_balance_short": 105478.87757588987,
        "final_equity_long": 103792.07793562816,
        "final_equity_short": 104737.31570588988,
        "gain_long": 0.03805530520000027,
        "gain_short": 0.054920206000000006,
        "hrs_stuck_avg": 11.277008032128515,
        "hrs_stuck_avg_long": 5.942804232804233,
        "hrs_stuck_avg_short": 11.277008032128515,
        "hrs_stuck_max": 372.65,
        "hrs_stuck_max_long": 196.08333333333334,
        "hrs_stuck_max_short": 372.65,
        "loss_sum_long": 0.0,
        "loss_sum_short": -159.44004225259343,
        "n_closes_long": 701,
        "n_closes_short": 894,
        "n_days": 77.99930555555555,
        "n_entries_long": 625,
        "n_entries_short": 190,
        "n_fills_long": 1326,
        "n_fills_short": 1084,
        "n_ientries_long": 7,
        "n_ientries_short": 9,
        "n_normal_closes_long": 24,
        "n_normal_closes_short": 22,
        "n_rentries_long": 251,
        "n_rentries_short": 23,
        "n_unstuck_closes_long": 677,
        "n_unstuck_closes_short": 872,
        "n_unstuck_entries_long": 367,
        "n_unstuck_entries_short": 158,
        "net_pnl_plus_fees_long": 3793.842005628027,
        "net_pnl_plus_fees_short": 5478.877575890001,
        "pa_distance_max_long": 0.2483948517352572,
        "pa_distance_max_short": 0.2021692924777977,
        "pa_distance_mean_long": 0.03921766239101864,
        "pa_distance_mean_short": 0.06793406375340204,
        "pa_distance_std_long": 0.03673599878845203,
        "pa_distance_std_short": 0.04950616814461858,
        "pnl_sum_long": 3805.530520000027,
        "pnl_sum_short": 5492.020600000001,
        "profit_sum_long": 3805.530520000027,
        "profit_sum_short": 5651.460642252595,
        "starting_balance": 100000.0,
        "symbol": "COTIUSDT",
        "volume_quote_long": 116885.14372,
        "volume_quote_short": 131430.24109999998
    }
}