{
    "COTIUSDT": {
        "DGstd_long": 0.0025615345190154026,
        "DGstd_short": 0.005582132903093468,
        "adg_DGstd_ratio_long": 0.1918704387978594,
        "adg_DGstd_ratio_short": 0.16898958947292977,
        "adg_long": 0.000491482752159349,
        "adg_per_exposure_long": 0.00491482752159349,
        "adg_per_exposure_short": 0.009433223476770988,
        "adg_realized_long": 0.00048169030909606114,
        "adg_realized_per_exposure_long": 0.004816903090960611,
        "adg_realized_per_exposure_short": 0.009299805470528444,
        "adg_realized_short": 0.0009299805470528444,
        "adg_short": 0.0009433223476770989,
        "avg_fills_per_day_long": 15.371931730161416,
        "avg_fills_per_day_short": 63.782619147250244,
        "biggest_psize_long": 49787.0,
        "biggest_psize_quote_long": 10307.299018353786,
        "biggest_psize_quote_short": 10762.844623873989,
        "biggest_psize_short": 53221.0,
        "closest_bkr_long": 1.0,
        "closest_bkr_short": 1.0,
        "eqbal_ratio_mean_long": 0.9995466557898699,
        "eqbal_ratio_mean_short": 0.9969472901092875,
        "eqbal_ratio_min_long": 0.9803155924011175,
        "eqbal_ratio_min_short": 0.9752537703650255,
        "exchange": "bybit",
        "fee_sum_long": -11.362164308,
        "fee_sum_short": -21.639318015,
        "final_balance_long": 103827.68495569215,
        "final_balance_short": 107519.72448811095,
        "final_equity_long": 103830.21374569215,
        "final_equity_short": 107403.14384198494,
        "gain_long": 0.038390471200000206,
        "gain_short": 0.07541363806126004,
        "hrs_stuck_avg": 9.221592775041051,
        "hrs_stuck_avg_long": 9.221592775041051,
        "hrs_stuck_avg_short": 3.167484489565708,
        "hrs_stuck_max": 198.01666666666668,
        "hrs_stuck_max_long": 198.01666666666668,
        "hrs_stuck_max_short": 134.53333333333333,
        "loss_sum_long": 0.0,
        "loss_sum_short": -779.6295323884693,
        "n_closes_long": 733,
        "n_closes_short": 4344,
        "n_days": 77.99930555555555,
        "n_entries_long": 466,
        "n_entries_short": 631,
        "n_fills_long": 1199,
        "n_fills_short": 4975,
        "n_ientries_long": 6,
        "n_ientries_short": 8,
        "n_normal_closes_long": 23,
        "n_normal_closes_short": 43,
        "n_rentries_long": 92,
        "n_rentries_short": 31,
        "n_unstuck_closes_long": 710,
        "n_unstuck_closes_short": 4301,
        "n_unstuck_entries_long": 368,
        "n_unstuck_entries_short": 592,
        "net_pnl_plus_fees_long": 3827.6849556920206,
        "net_pnl_plus_fees_short": 7519.724488111005,
        "pa_distance_max_long": 0.2447791250987355,
        "pa_distance_max_short": 0.19820903638677953,
        "pa_distance_mean_long": 0.03909906301536775,
        "pa_distance_mean_short": 0.06196959189526177,
        "pa_distance_std_long": 0.03570732736566074,
        "pa_distance_std_short": 0.045285203009589346,
        "pnl_sum_long": 3839.0471200000206,
        "pnl_sum_short": 7541.363806126004,
        "profit_sum_long": 3839.04712000002,
        "profit_sum_short": 8320.993338514472,
        "starting_balance": 100000.0,
        "symbol": "COTIUSDT",
        "volume_quote_long": 113621.64308000001,
        "volume_quote_short": 216393.18015
    }
}