{
    "COTIUSDT": {
        "DGstd_long": 0.0025795182596924397,
        "DGstd_short": 0.005428420807239693,
        "adg_DGstd_ratio_long": 0.21345562834096565,
        "adg_DGstd_ratio_short": 0.14519284378341604,
        "adg_long": 0.000550612690939644,
        "adg_per_exposure_long": 0.005506126909396439,
        "adg_per_exposure_short": 0.00788167854256198,
        "adg_realized_long": 0.0005403311595062465,
        "adg_realized_per_exposure_long": 0.0054033115950624655,
        "adg_realized_per_exposure_short": 0.008896882601814315,
        "adg_realized_short": 0.0008896882601814315,
        "adg_short": 0.000788167854256198,
        "avg_fills_per_day_long": 15.653985523375386,
        "avg_fills_per_day_short": 56.97486622922213,
        "biggest_psize_long": 50313.0,
        "biggest_psize_quote_long": 10360.213252743355,
        "biggest_psize_quote_short": 10729.138399999998,
        "biggest_psize_short": 55714.0,
        "closest_bkr_long": 1.0,
        "closest_bkr_short": 1.0,
        "eqbal_ratio_mean_long": 0.9997144216180409,
        "eqbal_ratio_mean_short": 0.9963491058178044,
        "eqbal_ratio_min_long": 0.981458602350705,
        "eqbal_ratio_min_short": 0.9730503550235614,
        "exchange": "bybit",
        "fee_sum_long": -12.35948214,
        "fee_sum_short": -23.976669194000003,
        "final_balance_long": 104303.43121785972,
        "final_balance_short": 107182.6513108053,
        "final_equity_long": 104303.43121785972,
        "final_equity_short": 106135.5215308053,
        "gain_long": 0.043157906999999995,
        "gain_short": 0.07206627980000024,
        "hrs_stuck_avg": 6.432932416953036,
        "hrs_stuck_avg_long": 6.432932416953036,
        "hrs_stuck_avg_short": 4.017131616595136,
        "hrs_stuck_max": 196.11666666666667,
        "hrs_stuck_max_long": 196.11666666666667,
        "hrs_stuck_max_short": 134.51666666666668,
        "loss_sum_long": 0.0,
        "loss_sum_short": -857.9560124953396,
        "n_closes_long": 590,
        "n_closes_short": 3666,
        "n_days": 77.99930555555555,
        "n_entries_long": 631,
        "n_entries_short": 778,
        "n_fills_long": 1221,
        "n_fills_short": 4444,
        "n_ientries_long": 5,
        "n_ientries_short": 12,
        "n_normal_closes_long": 24,
        "n_normal_closes_short": 48,
        "n_rentries_long": 255,
        "n_rentries_short": 35,
        "n_unstuck_closes_long": 566,
        "n_unstuck_closes_short": 3618,
        "n_unstuck_entries_long": 371,
        "n_unstuck_entries_short": 731,
        "net_pnl_plus_fees_long": 4303.431217859999,
        "net_pnl_plus_fees_short": 7182.6513108060235,
        "pa_distance_max_long": 0.22733485016728439,
        "pa_distance_max_short": 0.21211588447032648,
        "pa_distance_mean_long": 0.0384180933060707,
        "pa_distance_mean_short": 0.0626526353700541,
        "pa_distance_std_long": 0.03304477503345497,
        "pa_distance_std_short": 0.04516200912394812,
        "pnl_sum_long": 4315.7907,
        "pnl_sum_short": 7206.627980000024,
        "profit_sum_long": 4315.7907000000005,
        "profit_sum_short": 8064.5839924953625,
        "starting_balance": 100000.0,
        "symbol": "COTIUSDT",
        "volume_quote_long": 123594.8214,
        "volume_quote_short": 239766.69194000002
    }
}