{"config_name": "recursive_grid_1_symbols_78days",
 "logging_level": 0,
 "long": {"auto_unstuck_ema_dist": 0.017624471704289088,
          "auto_unstuck_wallet_exposure_threshold": 0.6898391928399461,
          "backwards_tp": true,
          "ddown_factor": 0.1755545248484542,
          "ema_span_0": 1548.877203943171,
          "ema_span_1": 8817.327107383153,
          "enabled": true,
          "initial_eprice_ema_dist": -0.009022807325542354,
          "initial_qty_pct": 0.014178106844573818,
          "markup_range": 0.05814053905398338,
          "min_markup": 0.05914769998916579,
          "n_close_orders": 13,
          "rentry_pprice_dist": 0.02519940406247892,
          "rentry_pprice_dist_wallet_exposure_weighting": 20.769363349423138,
          "wallet_exposure_limit": 0.1},
 "short": {"auto_unstuck_ema_dist": 0.03253667231885697,
           "auto_unstuck_wallet_exposure_threshold": 0.4252517224897049,
           "backwards_tp": true,
           "ddown_factor": 2.7840305977178965,
           "ema_span_0": 646.2507322922675,
           "ema_span_1": 6447.080444219685,
           "enabled": true,
           "initial_eprice_ema_dist": -0.07233816970165931,
           "initial_qty_pct": 0.030721878233410688,
           "markup_range": 0.05969903789681838,
           "min_markup": 0.055163652508716646,
           "n_close_orders": 4,
           "rentry_pprice_dist": 0.008465130154895431,
           "rentry_pprice_dist_wallet_exposure_weighting": 2.092491290019354,
           "wallet_exposure_limit": 0.1}}