{
    "COTIUSDT": {
        "DGstd_long": 0.0023236859176841637,
        "DGstd_short": 0.00493669590966945,
        "adg_DGstd_ratio_long": 0.14937663919426689,
        "adg_DGstd_ratio_short": 0.22993335742694113,
        "adg_long": 0.0003471043929267063,
        "adg_per_exposure_long": 0.0034710439292670626,
        "adg_per_exposure_short": 0.011351110651061438,
        "adg_realized_long": 0.00034003553614403437,
        "adg_realized_per_exposure_long": 0.0034003553614403437,
        "adg_realized_per_exposure_short": 0.01130920314834416,
        "adg_realized_short": 0.001130920314834416,
        "adg_short": 0.0011351110651061438,
        "avg_fills_per_day_long": 10.871891665702153,
        "avg_fills_per_day_short": 58.744112750291585,
        "biggest_psize_long": 49164.0,
        "biggest_psize_quote_long": 10205.095767326056,
        "biggest_psize_quote_short": 10932.657225130893,
        "biggest_psize_short": 54202.0,
        "closest_bkr_long": 1.0,
        "closest_bkr_short": 1.0,
        "eqbal_ratio_mean_long": 0.9993432211893375,
        "eqbal_ratio_mean_short": 0.9981320620006928,
        "eqbal_ratio_min_long": 0.977860973439007,
        "eqbal_ratio_min_short": 0.9778093664766865,
        "exchange": "bybit",
        "fee_sum_long": -9.242275605000001,
        "fee_sum_short": -32.28970477200001,
        "final_balance_long": 102687.27589439535,
        "final_balance_short": 109216.41177009723,
        "final_equity_long": 102687.27589439535,
        "final_equity_short": 109027.41370522811,
        "gain_long": 0.02696518170000021,
        "gain_short": 0.09248701474869096,
        "hrs_stuck_avg": 9.454461279461281,
        "hrs_stuck_avg_long": 9.454461279461281,
        "hrs_stuck_avg_short": 3.238725490196078,
        "hrs_stuck_max": 196.81666666666666,
        "hrs_stuck_max_long": 196.81666666666666,
        "hrs_stuck_max_short": 134.53333333333333,
        "loss_sum_long": -65.44701747568064,
        "loss_sum_short": -943.7066986809771,
        "n_closes_long": 440,
        "n_closes_short": 3917,
        "n_days": 77.99930555555555,
        "n_entries_long": 408,
        "n_entries_short": 665,
        "n_fills_long": 848,
        "n_fills_short": 4582,
        "n_ientries_long": 9,
        "n_ientries_short": 11,
        "n_normal_closes_long": 23,
        "n_normal_closes_short": 30,
        "n_rentries_long": 124,
        "n_rentries_short": 35,
        "n_unstuck_closes_long": 417,
        "n_unstuck_closes_short": 3887,
        "n_unstuck_entries_long": 275,
        "n_unstuck_entries_short": 619,
        "net_pnl_plus_fees_long": 2687.2758943950207,
        "net_pnl_plus_fees_short": 9216.411770097096,
        "pa_distance_max_long": 0.28397434517934267,
        "pa_distance_max_short": 0.1814568144710684,
        "pa_distance_mean_long": 0.04039705979286685,
        "pa_distance_mean_short": 0.05290972513398412,
        "pa_distance_std_long": 0.03890189297305777,
        "pa_distance_std_short": 0.03824050419148241,
        "pnl_sum_long": 2696.5181700000207,
        "pnl_sum_short": 9248.701474869096,
        "profit_sum_long": 2761.965187475702,
        "profit_sum_short": 10192.408173550071,
        "starting_balance": 100000.0,
        "symbol": "COTIUSDT",
        "volume_quote_long": 92422.75605,
        "volume_quote_short": 322897.04772000003
    }
}