{"config_name": "recursive_grid_0days",
 "logging_level": 0,
 "long": {"auto_unstuck_delay_minutes": 120,
          "auto_unstuck_ema_dist": 0,
          "auto_unstuck_qty_pct": 0.01,
          "auto_unstuck_wallet_exposure_threshold": 0.05,
          "backwards_tp": true,
          "ddown_factor": 2.3602582965020855,
          "ema_span_0": 120.4797953471262,
          "ema_span_1": 166.48238357350056,
          "enabled": true,
          "initial_eprice_ema_dist": -0.0006228758940931558,
          "initial_qty_pct": 0.010462821340143235,
          "markup_range": 0.0013109311712520082,
          "min_markup": 0.0015988390804505073,
          "n_close_orders": 8,
          "rentry_pprice_dist": 0.029664661889534538,
          "rentry_pprice_dist_wallet_exposure_weighting": 1.9518215338809086,
          "wallet_exposure_limit": 1},
 "short": {"auto_unstuck_delay_minutes": 120,
           "auto_unstuck_ema_dist": 0,
           "auto_unstuck_qty_pct": 0.01,
           "auto_unstuck_wallet_exposure_threshold": 0.05,
           "backwards_tp": true,
           "ddown_factor": 1.5455786004926524,
           "ema_span_0": 1338.8190643222188,
           "ema_span_1": 1053.3852627888903,
           "enabled": true,
           "initial_eprice_ema_dist": -0.0031515908390763736,
           "initial_qty_pct": 0.01383480648574903,
           "markup_range": 0.0034207683729451286,
           "min_markup": 0.005303933607697774,
           "n_close_orders": 15,
           "rentry_pprice_dist": 0.029336786163315195,
           "rentry_pprice_dist_wallet_exposure_weighting": 9.654630395909606,
           "wallet_exposure_limit": 1}}