{"config_name": "recursive_grid_0days",
 "logging_level": 0,
 "long": {"auto_unstuck_delay_minutes": 120,
          "auto_unstuck_ema_dist": 0,
          "auto_unstuck_qty_pct": 0.01,
          "auto_unstuck_wallet_exposure_threshold": 0.05,
          "backwards_tp": true,
          "ddown_factor": 2.336692424941889,
          "ema_span_0": 728.298192918612,
          "ema_span_1": 368.05706662205233,
          "enabled": true,
          "initial_eprice_ema_dist": 0.0029688815844064235,
          "initial_qty_pct": 0.013707092114184697,
          "markup_range": 0.002443121150015731,
          "min_markup": 0.003574163695759272,
          "n_close_orders": 16,
          "rentry_pprice_dist": 0.039483864440314174,
          "rentry_pprice_dist_wallet_exposure_weighting": 1.5704867133555622,
          "wallet_exposure_limit": 1},
 "short": {"auto_unstuck_delay_minutes": 120,
           "auto_unstuck_ema_dist": 0,
           "auto_unstuck_qty_pct": 0.01,
           "auto_unstuck_wallet_exposure_threshold": 0.05,
           "backwards_tp": true,
           "ddown_factor": 2.699741074574412,
           "ema_span_0": 178.49965628285025,
           "ema_span_1": 1236.0874041384286,
           "enabled": true,
           "initial_eprice_ema_dist": -0.0018847565219850331,
           "initial_qty_pct": 0.020224579242037653,
           "markup_range": 0.002364170873227417,
           "min_markup": 0.004560255195901688,
           "n_close_orders": 5,
           "rentry_pprice_dist": 0.03687749756373675,
           "rentry_pprice_dist_wallet_exposure_weighting": 0.41971094909048146,
           "wallet_exposure_limit": 1}}