{"config_name": "recursive_grid_0days",
 "logging_level": 0,
 "long": {"auto_unstuck_delay_minutes": 120,
          "auto_unstuck_ema_dist": 0,
          "auto_unstuck_qty_pct": 0.01,
          "auto_unstuck_wallet_exposure_threshold": 0.05,
          "backwards_tp": true,
          "ddown_factor": 1.7387035737087013,
          "ema_span_0": 890.9911227886728,
          "ema_span_1": 1216.4021884213203,
          "enabled": true,
          "initial_eprice_ema_dist": -0.08982574944876029,
          "initial_qty_pct": 0.01189056762005186,
          "markup_range": 0.001466463951368804,
          "min_markup": 0.002213920984072372,
          "n_close_orders": 4,
          "rentry_pprice_dist": 0.03453707295381622,
          "rentry_pprice_dist_wallet_exposure_weighting": 2.369013044054258,
          "wallet_exposure_limit": 1},
 "short": {"auto_unstuck_delay_minutes": 120,
           "auto_unstuck_ema_dist": 0,
           "auto_unstuck_qty_pct": 0.01,
           "auto_unstuck_wallet_exposure_threshold": 0.05,
           "backwards_tp": true,
           "ddown_factor": 1.0871680121638936,
           "ema_span_0": 858.6310991458354,
           "ema_span_1": 871.5753623817261,
           "enabled": true,
           "initial_eprice_ema_dist": -0.00939450025971369,
           "initial_qty_pct": 0.012199352455162323,
           "markup_range": 0.0022069131296615896,
           "min_markup": 0.0040552826803415785,
           "n_close_orders": 6,
           "rentry_pprice_dist": 0.046375659154572424,
           "rentry_pprice_dist_wallet_exposure_weighting": 2.8743693314501524,
           "wallet_exposure_limit": 1}}