{"config_name": "recursive_grid_0days",
 "logging_level": 0,
 "long": {"auto_unstuck_delay_minutes": 120,
          "auto_unstuck_ema_dist": 0,
          "auto_unstuck_qty_pct": 0.01,
          "auto_unstuck_wallet_exposure_threshold": 0.05,
          "backwards_tp": true,
          "ddown_factor": 0.1368559642467559,
          "ema_span_0": 388.1395901981704,
          "ema_span_1": 275.0612850941764,
          "enabled": true,
          "initial_eprice_ema_dist": -0.08603146329502963,
          "initial_qty_pct": 0.012355829335886677,
          "markup_range": 0.005464411616080121,
          "min_markup": 0.008291637067372556,
          "n_close_orders": 15,
          "rentry_pprice_dist": 0.03523201204867047,
          "rentry_pprice_dist_wallet_exposure_weighting": 2.2172270608757754,
          "wallet_exposure_limit": 1},
 "short": {"auto_unstuck_delay_minutes": 120,
           "auto_unstuck_ema_dist": 0,
           "auto_unstuck_qty_pct": 0.01,
           "auto_unstuck_wallet_exposure_threshold": 0.05,
           "backwards_tp": true,
           "ddown_factor": 1.3058460271681953,
           "ema_span_0": 65.57599891366576,
           "ema_span_1": 48.55584575825074,
           "enabled": true,
           "initial_eprice_ema_dist": -0.050789786484485885,
           "initial_qty_pct": 0.013761619510484355,
           "markup_range": 0.0018480702291614399,
           "min_markup": 0.003391920932671798,
           "n_close_orders": 11,
           "rentry_pprice_dist": 0.03887565626770108,
           "rentry_pprice_dist_wallet_exposure_weighting": 0.24059134643565705,
           "wallet_exposure_limit": 1}}