{"config_name": "recursive_grid_0days",
 "logging_level": 0,
 "long": {"auto_unstuck_delay_minutes": 120,
          "auto_unstuck_ema_dist": 0,
          "auto_unstuck_qty_pct": 0.01,
          "auto_unstuck_wallet_exposure_threshold": 0.05,
          "backwards_tp": true,
          "ddown_factor": 2.3602582965020855,
          "ema_span_0": 120.4797953471262,
          "ema_span_1": 166.48238357350056,
          "enabled": true,
          "initial_eprice_ema_dist": -0.0006228758940931558,
          "initial_qty_pct": 0.010462821340143235,
          "markup_range": 0.0013109311712520082,
          "min_markup": 0.0015988390804505073,
          "n_close_orders": 8,
          "rentry_pprice_dist": 0.029664661889534538,
          "rentry_pprice_dist_wallet_exposure_weighting": 1.9518215338809086,
          "wallet_exposure_limit": 1},
 "short": {"auto_unstuck_delay_minutes": 120,
           "auto_unstuck_ema_dist": 0,
           "auto_unstuck_qty_pct": 0.01,
           "auto_unstuck_wallet_exposure_threshold": 0.05,
           "backwards_tp": true,
           "ddown_factor": 2.2758544277108332,
           "ema_span_0": 256.3137390745723,
           "ema_span_1": 661.1519300727446,
           "enabled": true,
           "initial_eprice_ema_dist": 0.002997425906139028,
           "initial_qty_pct": 0.021765259921600232,
           "markup_range": 0.00018373530631410773,
           "min_markup": 0.004142822948411892,
           "n_close_orders": 15,
           "rentry_pprice_dist": 0.039389103041395764,
           "rentry_pprice_dist_wallet_exposure_weighting": 3.1397680664882923,
           "wallet_exposure_limit": 1}}