{"config_name": "recursive_grid_0days",
 "logging_level": 0,
 "long": {"auto_unstuck_delay_minutes": 120,
          "auto_unstuck_ema_dist": 0,
          "auto_unstuck_qty_pct": 0.01,
          "auto_unstuck_wallet_exposure_threshold": 0.05,
          "backwards_tp": true,
          "ddown_factor": 0.4206287172058482,
          "ema_span_0": 916.4180455223837,
          "ema_span_1": 1327.177889847555,
          "enabled": true,
          "initial_eprice_ema_dist": -0.002139994537450707,
          "initial_qty_pct": 0.011384387847759147,
          "markup_range": 0.004304904348260687,
          "min_markup": 0.008387425922321634,
          "n_close_orders": 8,
          "rentry_pprice_dist": 0.03263530569529707,
          "rentry_pprice_dist_wallet_exposure_weighting": 0.5771379152998195,
          "wallet_exposure_limit": 1},
 "short": {"auto_unstuck_delay_minutes": 120,
           "auto_unstuck_ema_dist": 0,
           "auto_unstuck_qty_pct": 0.01,
           "auto_unstuck_wallet_exposure_threshold": 0.05,
           "backwards_tp": true,
           "ddown_factor": 1.6400881258896283,
           "ema_span_0": 1124.5673444098093,
           "ema_span_1": 1238.29580462411,
           "enabled": true,
           "initial_eprice_ema_dist": -0.009006749300855479,
           "initial_qty_pct": 0.01000482810705799,
           "markup_range": 0.00015499126525161299,
           "min_markup": 0.0016838679268757846,
           "n_close_orders": 12,
           "rentry_pprice_dist": 0.049998685438496594,
           "rentry_pprice_dist_wallet_exposure_weighting": 16.991597539676636,
           "wallet_exposure_limit": 1}}