{"config_name": "recursive_grid_0days",
 "logging_level": 0,
 "long": {"auto_unstuck_delay_minutes": 120,
          "auto_unstuck_ema_dist": 0,
          "auto_unstuck_qty_pct": 0.01,
          "auto_unstuck_wallet_exposure_threshold": 0.05,
          "backwards_tp": true,
          "ddown_factor": 2.583886909265108,
          "ema_span_0": 160.2036035044118,
          "ema_span_1": 161.1513428941748,
          "enabled": true,
          "initial_eprice_ema_dist": 0.001975371600870204,
          "initial_qty_pct": 0.022019390665189167,
          "markup_range": 0.0029887140873306674,
          "min_markup": 0.0014758996981031416,
          "n_close_orders": 5,
          "rentry_pprice_dist": 0.02118506710915445,
          "rentry_pprice_dist_wallet_exposure_weighting": 1.1108815725309518,
          "wallet_exposure_limit": 1},
 "short": {"auto_unstuck_delay_minutes": 120,
           "auto_unstuck_ema_dist": 0,
           "auto_unstuck_qty_pct": 0.01,
           "auto_unstuck_wallet_exposure_threshold": 0.05,
           "backwards_tp": true,
           "ddown_factor": 1.110106467530348,
           "ema_span_0": 973.4229873749248,
           "ema_span_1": 958.1541188866846,
           "enabled": true,
           "initial_eprice_ema_dist": 0.0029977806557525254,
           "initial_qty_pct": 0.016324738674111442,
           "markup_range": 0.0011043535036331087,
           "min_markup": 0.002489943802584134,
           "n_close_orders": 9,
           "rentry_pprice_dist": 0.02709430582868433,
           "rentry_pprice_dist_wallet_exposure_weighting": 11.500513836921657,
           "wallet_exposure_limit": 1}}