{"config_name": "recursive_grid_0days",
 "logging_level": 0,
 "long": {"auto_unstuck_delay_minutes": 120,
          "auto_unstuck_ema_dist": 0,
          "auto_unstuck_qty_pct": 0.01,
          "auto_unstuck_wallet_exposure_threshold": 0.05,
          "backwards_tp": true,
          "ddown_factor": 0.6359521481225742,
          "ema_span_0": 675.7653150075105,
          "ema_span_1": 1245.8970999412052,
          "enabled": true,
          "initial_eprice_ema_dist": -0.0002331656409676974,
          "initial_qty_pct": 0.02088837671181572,
          "markup_range": 0.0025497687367048894,
          "min_markup": 0.008296441323430388,
          "n_close_orders": 9,
          "rentry_pprice_dist": 0.03650955469993642,
          "rentry_pprice_dist_wallet_exposure_weighting": 1.3681201805538916,
          "wallet_exposure_limit": 1},
 "short": {"auto_unstuck_delay_minutes": 120,
           "auto_unstuck_ema_dist": 0,
           "auto_unstuck_qty_pct": 0.01,
           "auto_unstuck_wallet_exposure_threshold": 0.05,
           "backwards_tp": true,
           "ddown_factor": 2.5298354019973357,
           "ema_span_0": 858.6563926123694,
           "ema_span_1": 779.9324272844686,
           "enabled": true,
           "initial_eprice_ema_dist": 0.002973568192565228,
           "initial_qty_pct": 0.011231687961085028,
           "markup_range": 0.0043836721219959384,
           "min_markup": 0.003397154095009373,
           "n_close_orders": 5,
           "rentry_pprice_dist": 0.047398231973480115,
           "rentry_pprice_dist_wallet_exposure_weighting": 6.0437613189943304,
           "wallet_exposure_limit": 1}}