{"config_name": "recursive_grid_0days",
 "logging_level": 0,
 "long": {"auto_unstuck_delay_minutes": 120,
          "auto_unstuck_ema_dist": 0,
          "auto_unstuck_qty_pct": 0.01,
          "auto_unstuck_wallet_exposure_threshold": 0.05,
          "backwards_tp": true,
          "ddown_factor": 0.8091123082798806,
          "ema_span_0": 1358.572775373062,
          "ema_span_1": 1041.5614546048996,
          "enabled": true,
          "initial_eprice_ema_dist": -0.0017236778343106749,
          "initial_qty_pct": 0.010702834275615204,
          "markup_range": 0.0005799934587062832,
          "min_markup": 0.0036399693960437645,
          "n_close_orders": 8,
          "rentry_pprice_dist": 0.027195074014125922,
          "rentry_pprice_dist_wallet_exposure_weighting": 3.451551087413407,
          "wallet_exposure_limit": 1},
 "short": {"auto_unstuck_delay_minutes": 120,
           "auto_unstuck_ema_dist": 0,
           "auto_unstuck_qty_pct": 0.01,
           "auto_unstuck_wallet_exposure_threshold": 0.05,
           "backwards_tp": true,
           "ddown_factor": 0.9727604077664379,
           "ema_span_0": 318.22426771510743,
           "ema_span_1": 858.2989883328457,
           "enabled": true,
           "initial_eprice_ema_dist": -0.0025575877568094056,
           "initial_qty_pct": 0.011770313126978446,
           "markup_range": 0.0029772007734779568,
           "min_markup": 0.008819296503460462,
           "n_close_orders": 7,
           "rentry_pprice_dist": 0.032609119614941555,
           "rentry_pprice_dist_wallet_exposure_weighting": 3.0098679892922675,
           "wallet_exposure_limit": 1}}