{"config_name": "recursive_grid_0days",
 "logging_level": 0,
 "long": {"auto_unstuck_delay_minutes": 120,
          "auto_unstuck_ema_dist": 0,
          "auto_unstuck_qty_pct": 0.01,
          "auto_unstuck_wallet_exposure_threshold": 0.05,
          "backwards_tp": true,
          "ddown_factor": 1.5213428448085882,
          "ema_span_0": 1016.2610693776749,
          "ema_span_1": 749.6093864181287,
          "enabled": true,
          "initial_eprice_ema_dist": 0.003,
          "initial_qty_pct": 0.014218778618065543,
          "markup_range": 0.0027211641924264262,
          "min_markup": 0.005467249019465325,
          "n_close_orders": 11,
          "rentry_pprice_dist": 0.03136839539166837,
          "rentry_pprice_dist_wallet_exposure_weighting": 10.728054258455577,
          "wallet_exposure_limit": 1},
 "short": {"auto_unstuck_delay_minutes": 120,
           "auto_unstuck_ema_dist": 0,
           "auto_unstuck_qty_pct": 0.01,
           "auto_unstuck_wallet_exposure_threshold": 0.05,
           "backwards_tp": true,
           "ddown_factor": 1.1963320619809854,
           "ema_span_0": 473.7639303589238,
           "ema_span_1": 382.4932985178262,
           "enabled": true,
           "initial_eprice_ema_dist": -0.005456890994231539,
           "initial_qty_pct": 0.023127245602966914,
           "markup_range": 0.004599570704888304,
           "min_markup": 0.004849288520329851,
           "n_close_orders": 3,
           "rentry_pprice_dist": 0.0341002107351647,
           "rentry_pprice_dist_wallet_exposure_weighting": 4.795798726471229,
           "wallet_exposure_limit": 1}}