{"config_name": "recursive_grid_0days",
 "logging_level": 0,
 "long": {"auto_unstuck_delay_minutes": 120,
          "auto_unstuck_ema_dist": 0,
          "auto_unstuck_qty_pct": 0.01,
          "auto_unstuck_wallet_exposure_threshold": 0.05,
          "backwards_tp": true,
          "ddown_factor": 0.9458689071676201,
          "ema_span_0": 212.73993000907225,
          "ema_span_1": 882.340759214176,
          "enabled": true,
          "initial_eprice_ema_dist": -0.037981021866383996,
          "initial_qty_pct": 0.01912235814460299,
          "markup_range": 0.005482475940580243,
          "min_markup": 0.004766679484210271,
          "n_close_orders": 2,
          "rentry_pprice_dist": 0.04504477924770627,
          "rentry_pprice_dist_wallet_exposure_weighting": 0.7587601804803278,
          "wallet_exposure_limit": 1},
 "short": {"auto_unstuck_delay_minutes": 120,
           "auto_unstuck_ema_dist": 0,
           "auto_unstuck_qty_pct": 0.01,
           "auto_unstuck_wallet_exposure_threshold": 0.05,
           "backwards_tp": true,
           "ddown_factor": 2.6465259418081155,
           "ema_span_0": 1106.3087021463616,
           "ema_span_1": 1392.197090016136,
           "enabled": true,
           "initial_eprice_ema_dist": 0.0029291483336787256,
           "initial_qty_pct": 0.01231682613606531,
           "markup_range": 0.005975153963123907,
           "min_markup": 0.006986906247853072,
           "n_close_orders": 13,
           "rentry_pprice_dist": 0.032593065179502986,
           "rentry_pprice_dist_wallet_exposure_weighting": 1.8873753086757523,
           "wallet_exposure_limit": 1}}