{"config_name": "recursive_grid_0days",
 "logging_level": 0,
 "long": {"auto_unstuck_delay_minutes": 120,
          "auto_unstuck_ema_dist": 0,
          "auto_unstuck_qty_pct": 0.01,
          "auto_unstuck_wallet_exposure_threshold": 0.05,
          "backwards_tp": true,
          "ddown_factor": 1.5697631809055101,
          "ema_span_0": 1017.825618597538,
          "ema_span_1": 418.95318096409284,
          "enabled": true,
          "initial_eprice_ema_dist": -0.009959214011215816,
          "initial_qty_pct": 0.010756910779543308,
          "markup_range": 0.0010026897320589037,
          "min_markup": 0.0022596132886762155,
          "n_close_orders": 6,
          "rentry_pprice_dist": 0.02727058405105273,
          "rentry_pprice_dist_wallet_exposure_weighting": 3.01079171867751,
          "wallet_exposure_limit": 1},
 "short": {"auto_unstuck_delay_minutes": 120,
           "auto_unstuck_ema_dist": 0,
           "auto_unstuck_qty_pct": 0.01,
           "auto_unstuck_wallet_exposure_threshold": 0.05,
           "backwards_tp": true,
           "ddown_factor": 1.007409972139902,
           "ema_span_0": 536.4828491360819,
           "ema_span_1": 1038.3872390032402,
           "enabled": true,
           "initial_eprice_ema_dist": 0.002999984880479396,
           "initial_qty_pct": 0.018599518982439882,
           "markup_range": 0.0038675946326847026,
           "min_markup": 0.00405450529690819,
           "n_close_orders": 14,
           "rentry_pprice_dist": 0.037605622856722656,
           "rentry_pprice_dist_wallet_exposure_weighting": 4.498966044925662,
           "wallet_exposure_limit": 1}}