{"config_name": "recursive_grid_0days",
 "logging_level": 0,
 "long": {"auto_unstuck_delay_minutes": 120,
          "auto_unstuck_ema_dist": 0,
          "auto_unstuck_qty_pct": 0.01,
          "auto_unstuck_wallet_exposure_threshold": 0.05,
          "backwards_tp": true,
          "ddown_factor": 0.9831500640073578,
          "ema_span_0": 609.8347614125533,
          "ema_span_1": 1006.1117956358215,
          "enabled": true,
          "initial_eprice_ema_dist": 0.002967333416847633,
          "initial_qty_pct": 0.011026647293164679,
          "markup_range": 0.004299004346719559,
          "min_markup": 0.009055822398912481,
          "n_close_orders": 13,
          "rentry_pprice_dist": 0.04467169267209627,
          "rentry_pprice_dist_wallet_exposure_weighting": 1.149522300771375,
          "wallet_exposure_limit": 1},
 "short": {"auto_unstuck_delay_minutes": 120,
           "auto_unstuck_ema_dist": 0,
           "auto_unstuck_qty_pct": 0.01,
           "auto_unstuck_wallet_exposure_threshold": 0.05,
           "backwards_tp": true,
           "ddown_factor": 0.9037680636823774,
           "ema_span_0": 292.01345655020276,
           "ema_span_1": 981.9064530850376,
           "enabled": true,
           "initial_eprice_ema_dist": -0.0027514804087228695,
           "initial_qty_pct": 0.016802507642199902,
           "markup_range": 0.003266383199468367,
           "min_markup": 0.007860344824913282,
           "n_close_orders": 7,
           "rentry_pprice_dist": 0.03695306857268699,
           "rentry_pprice_dist_wallet_exposure_weighting": 2.543165253920329,
           "wallet_exposure_limit": 1}}