{"config_name": "recursive_grid_0days",
 "logging_level": 0,
 "long": {"auto_unstuck_delay_minutes": 120,
          "auto_unstuck_ema_dist": 0,
          "auto_unstuck_qty_pct": 0.01,
          "auto_unstuck_wallet_exposure_threshold": 0.05,
          "backwards_tp": true,
          "ddown_factor": 0.6820234314032104,
          "ema_span_0": 1207.0411656378922,
          "ema_span_1": 1213.9740594953105,
          "enabled": true,
          "initial_eprice_ema_dist": 0.002843730659104161,
          "initial_qty_pct": 0.013581260472187433,
          "markup_range": 0.0013206259460842135,
          "min_markup": 0.004055580079786484,
          "n_close_orders": 11,
          "rentry_pprice_dist": 0.01594382493607837,
          "rentry_pprice_dist_wallet_exposure_weighting": 7.480941554654492,
          "wallet_exposure_limit": 1},
 "short": {"auto_unstuck_delay_minutes": 120,
           "auto_unstuck_ema_dist": 0,
           "auto_unstuck_qty_pct": 0.01,
           "auto_unstuck_wallet_exposure_threshold": 0.05,
           "backwards_tp": true,
           "ddown_factor": 2.297885882785144,
           "ema_span_0": 118.89243775407233,
           "ema_span_1": 882.6715634616128,
           "enabled": true,
           "initial_eprice_ema_dist": -0.0007555397650042811,
           "initial_qty_pct": 0.011770311046768792,
           "markup_range": 0.0026261004278800874,
           "min_markup": 0.004595253309558112,
           "n_close_orders": 11,
           "rentry_pprice_dist": 0.04099621026213019,
           "rentry_pprice_dist_wallet_exposure_weighting": 16.90647783918404,
           "wallet_exposure_limit": 1}}