{"config_name": "recursive_grid_0days",
 "logging_level": 0,
 "long": {"auto_unstuck_delay_minutes": 120,
          "auto_unstuck_ema_dist": 0,
          "auto_unstuck_qty_pct": 0.01,
          "auto_unstuck_wallet_exposure_threshold": 0.05,
          "backwards_tp": true,
          "ddown_factor": 1.1649207832787436,
          "ema_span_0": 210.25721798782686,
          "ema_span_1": 463.383458345308,
          "enabled": true,
          "initial_eprice_ema_dist": -0.002264901785342703,
          "initial_qty_pct": 0.010160385941617521,
          "markup_range": 0.0011159678228329884,
          "min_markup": 0.003937308792079468,
          "n_close_orders": 7,
          "rentry_pprice_dist": 0.047500939971454846,
          "rentry_pprice_dist_wallet_exposure_weighting": 9.685909411916949,
          "wallet_exposure_limit": 1},
 "short": {"auto_unstuck_delay_minutes": 120,
           "auto_unstuck_ema_dist": 0,
           "auto_unstuck_qty_pct": 0.01,
           "auto_unstuck_wallet_exposure_threshold": 0.05,
           "backwards_tp": true,
           "ddown_factor": 2.1998370675677053,
           "ema_span_0": 596.9915321563528,
           "ema_span_1": 1093.5450981109334,
           "enabled": true,
           "initial_eprice_ema_dist": -0.009286333913987175,
           "initial_qty_pct": 0.013879762486051241,
           "markup_range": 0.0035905723267659426,
           "min_markup": 0.001882644498533386,
           "n_close_orders": 7,
           "rentry_pprice_dist": 0.032594938534721854,
           "rentry_pprice_dist_wallet_exposure_weighting": 0.8601811558790388,
           "wallet_exposure_limit": 1}}