{"config_name": "recursive_grid_0days",
 "logging_level": 0,
 "long": {"auto_unstuck_delay_minutes": 120,
          "auto_unstuck_ema_dist": 0,
          "auto_unstuck_qty_pct": 0.01,
          "auto_unstuck_wallet_exposure_threshold": 0.05,
          "backwards_tp": true,
          "ddown_factor": 1.2176690339004235,
          "ema_span_0": 624.712046541063,
          "ema_span_1": 348.61457272862015,
          "enabled": true,
          "initial_eprice_ema_dist": 0.00280877930697983,
          "initial_qty_pct": 0.012205043322424959,
          "markup_range": 0.005356847847614142,
          "min_markup": 0.005895269455621546,
          "n_close_orders": 13,
          "rentry_pprice_dist": 0.04937529900356751,
          "rentry_pprice_dist_wallet_exposure_weighting": 0.7321029769275491,
          "wallet_exposure_limit": 1},
 "short": {"auto_unstuck_delay_minutes": 120,
           "auto_unstuck_ema_dist": 0,
           "auto_unstuck_qty_pct": 0.01,
           "auto_unstuck_wallet_exposure_threshold": 0.05,
           "backwards_tp": true,
           "ddown_factor": 0.6395614751028036,
           "ema_span_0": 928.9870697767467,
           "ema_span_1": 970.2260008746944,
           "enabled": true,
           "initial_eprice_ema_dist": -0.006970486469170834,
           "initial_qty_pct": 0.011780163820308968,
           "markup_range": 0.006870463204510814,
           "min_markup": 0.00855999285740651,
           "n_close_orders": 6,
           "rentry_pprice_dist": 0.03837845100686926,
           "rentry_pprice_dist_wallet_exposure_weighting": 1.816714871802681,
           "wallet_exposure_limit": 1}}