{"config_name": "recursive_grid_0days",
 "logging_level": 0,
 "long": {"auto_unstuck_delay_minutes": 120,
          "auto_unstuck_ema_dist": 0,
          "auto_unstuck_qty_pct": 0.01,
          "auto_unstuck_wallet_exposure_threshold": 0.05,
          "backwards_tp": true,
          "ddown_factor": 1.438778138303399,
          "ema_span_0": 602.3323490211033,
          "ema_span_1": 450.41927701975163,
          "enabled": true,
          "initial_eprice_ema_dist": 0.00042608554975636216,
          "initial_qty_pct": 0.011239430906555853,
          "markup_range": 0.0025138461014344643,
          "min_markup": 0.007435058268707118,
          "n_close_orders": 4,
          "rentry_pprice_dist": 0.028097232938392863,
          "rentry_pprice_dist_wallet_exposure_weighting": 6.7907176085201275,
          "wallet_exposure_limit": 1},
 "short": {"auto_unstuck_delay_minutes": 120,
           "auto_unstuck_ema_dist": 0,
           "auto_unstuck_qty_pct": 0.01,
           "auto_unstuck_wallet_exposure_threshold": 0.05,
           "backwards_tp": true,
           "ddown_factor": 2.0552087836312976,
           "ema_span_0": 1268.9539377150425,
           "ema_span_1": 1426.5033741504699,
           "enabled": true,
           "initial_eprice_ema_dist": 0.002966149538153635,
           "initial_qty_pct": 0.03575481161084705,
           "markup_range": 0.003766702704061157,
           "min_markup": 0.0016034024166463464,
           "n_close_orders": 15,
           "rentry_pprice_dist": 0.018765960294223727,
           "rentry_pprice_dist_wallet_exposure_weighting": 6.865918864643922,
           "wallet_exposure_limit": 1}}