{"config_name": "recursive_grid_0days",
 "logging_level": 0,
 "long": {"auto_unstuck_delay_minutes": 120,
          "auto_unstuck_ema_dist": 0,
          "auto_unstuck_qty_pct": 0.01,
          "auto_unstuck_wallet_exposure_threshold": 0.05,
          "backwards_tp": true,
          "ddown_factor": 1.2718080175558457,
          "ema_span_0": 435.81069739859566,
          "ema_span_1": 810.8603156250889,
          "enabled": true,
          "initial_eprice_ema_dist": -0.01177312836287908,
          "initial_qty_pct": 0.01039163601041924,
          "markup_range": 0.004763871437898163,
          "min_markup": 0.0023004952748961285,
          "n_close_orders": 10,
          "rentry_pprice_dist": 0.029063854519638083,
          "rentry_pprice_dist_wallet_exposure_weighting": 4.432978900239466,
          "wallet_exposure_limit": 1},
 "short": {"auto_unstuck_delay_minutes": 120,
           "auto_unstuck_ema_dist": 0,
           "auto_unstuck_qty_pct": 0.01,
           "auto_unstuck_wallet_exposure_threshold": 0.05,
           "backwards_tp": true,
           "ddown_factor": 1.5523744148642404,
           "ema_span_0": 716.7913826931,
           "ema_span_1": 821.6695742171605,
           "enabled": true,
           "initial_eprice_ema_dist": -0.006774800928002665,
           "initial_qty_pct": 0.018907895069642473,
           "markup_range": 0.01094023517563262,
           "min_markup": 0.009921451847605239,
           "n_close_orders": 4,
           "rentry_pprice_dist": 0.04175695093610265,
           "rentry_pprice_dist_wallet_exposure_weighting": 2.5869756949494054,
           "wallet_exposure_limit": 1}}