{"config_name": "recursive_grid_0days",
 "logging_level": 0,
 "long": {"auto_unstuck_delay_minutes": 120,
          "auto_unstuck_ema_dist": 0,
          "auto_unstuck_qty_pct": 0.01,
          "auto_unstuck_wallet_exposure_threshold": 0.05,
          "backwards_tp": true,
          "ddown_factor": 1.1390500852526395,
          "ema_span_0": 979.7392681008872,
          "ema_span_1": 972.4684243898562,
          "enabled": true,
          "initial_eprice_ema_dist": -0.0542651168403518,
          "initial_qty_pct": 0.016531874523208867,
          "markup_range": 0.006125441040561773,
          "min_markup": 0.001890345945629892,
          "n_close_orders": 4,
          "rentry_pprice_dist": 0.02960336647761808,
          "rentry_pprice_dist_wallet_exposure_weighting": 2.9618771133103885,
          "wallet_exposure_limit": 1},
 "short": {"auto_unstuck_delay_minutes": 120,
           "auto_unstuck_ema_dist": 0,
           "auto_unstuck_qty_pct": 0.01,
           "auto_unstuck_wallet_exposure_threshold": 0.05,
           "backwards_tp": true,
           "ddown_factor": 2.6465259418081155,
           "ema_span_0": 1106.3087021463616,
           "ema_span_1": 1392.197090016136,
           "enabled": true,
           "initial_eprice_ema_dist": 0.0029291483336787256,
           "initial_qty_pct": 0.01231682613606531,
           "markup_range": 0.005975153963123907,
           "min_markup": 0.006986906247853072,
           "n_close_orders": 13,
           "rentry_pprice_dist": 0.032593065179502986,
           "rentry_pprice_dist_wallet_exposure_weighting": 1.8873753086757523,
           "wallet_exposure_limit": 1}}