{"config_name": "recursive_grid_0days",
 "logging_level": 0,
 "long": {"auto_unstuck_delay_minutes": 120,
          "auto_unstuck_ema_dist": 0,
          "auto_unstuck_qty_pct": 0.01,
          "auto_unstuck_wallet_exposure_threshold": 0.05,
          "backwards_tp": true,
          "ddown_factor": 0.49962014508857006,
          "ema_span_0": 662.423079765778,
          "ema_span_1": 1215.0589605891234,
          "enabled": true,
          "initial_eprice_ema_dist": -0.008404526133162745,
          "initial_qty_pct": 0.014617788347835654,
          "markup_range": 0.003090982575626991,
          "min_markup": 0.00523214715059894,
          "n_close_orders": 13,
          "rentry_pprice_dist": 0.04756984014984003,
          "rentry_pprice_dist_wallet_exposure_weighting": 2.4799236109832203,
          "wallet_exposure_limit": 1},
 "short": {"auto_unstuck_delay_minutes": 120,
           "auto_unstuck_ema_dist": 0,
           "auto_unstuck_qty_pct": 0.01,
           "auto_unstuck_wallet_exposure_threshold": 0.05,
           "backwards_tp": true,
           "ddown_factor": 0.5470971322180204,
           "ema_span_0": 547.7861497828551,
           "ema_span_1": 152.40964610896407,
           "enabled": true,
           "initial_eprice_ema_dist": 0.002289095240377166,
           "initial_qty_pct": 0.013225096107875528,
           "markup_range": 0.002339435002622375,
           "min_markup": 0.004027772474418661,
           "n_close_orders": 16,
           "rentry_pprice_dist": 0.018466722543051074,
           "rentry_pprice_dist_wallet_exposure_weighting": 3.1702617420452874,
           "wallet_exposure_limit": 1}}