{"config_name": "recursive_grid_0days",
 "logging_level": 0,
 "long": {"auto_unstuck_delay_minutes": 120,
          "auto_unstuck_ema_dist": 0,
          "auto_unstuck_qty_pct": 0.01,
          "auto_unstuck_wallet_exposure_threshold": 0.05,
          "backwards_tp": true,
          "ddown_factor": 2.316172736698155,
          "ema_span_0": 608.1142940365892,
          "ema_span_1": 681.9241478016243,
          "enabled": true,
          "initial_eprice_ema_dist": -0.0004156758696676386,
          "initial_qty_pct": 0.011004023926913228,
          "markup_range": 0.0013990145960925276,
          "min_markup": 0.0038392699716518082,
          "n_close_orders": 8,
          "rentry_pprice_dist": 0.024114988085479974,
          "rentry_pprice_dist_wallet_exposure_weighting": 3.869699193598165,
          "wallet_exposure_limit": 1},
 "short": {"auto_unstuck_delay_minutes": 120,
           "auto_unstuck_ema_dist": 0,
           "auto_unstuck_qty_pct": 0.01,
           "auto_unstuck_wallet_exposure_threshold": 0.05,
           "backwards_tp": true,
           "ddown_factor": 2.297885882785144,
           "ema_span_0": 118.89243775407233,
           "ema_span_1": 882.6715634616128,
           "enabled": true,
           "initial_eprice_ema_dist": -0.0007555397650042811,
           "initial_qty_pct": 0.011770311046768792,
           "markup_range": 0.0026261004278800874,
           "min_markup": 0.004595253309558112,
           "n_close_orders": 11,
           "rentry_pprice_dist": 0.04099621026213019,
           "rentry_pprice_dist_wallet_exposure_weighting": 16.90647783918404,
           "wallet_exposure_limit": 1}}