{"config_name": "recursive_grid_0days",
 "logging_level": 0,
 "long": {"auto_unstuck_delay_minutes": 120,
          "auto_unstuck_ema_dist": 0,
          "auto_unstuck_qty_pct": 0.01,
          "auto_unstuck_wallet_exposure_threshold": 0.05,
          "backwards_tp": true,
          "ddown_factor": 0.11292835254607582,
          "ema_span_0": 616.2677393332958,
          "ema_span_1": 166.49072994972943,
          "enabled": true,
          "initial_eprice_ema_dist": 0.002787815019551518,
          "initial_qty_pct": 0.01723495690474764,
          "markup_range": 0.0043587354682822505,
          "min_markup": 0.0058203629817299134,
          "n_close_orders": 4,
          "rentry_pprice_dist": 0.029045103044760802,
          "rentry_pprice_dist_wallet_exposure_weighting": 4.273361959424855,
          "wallet_exposure_limit": 1},
 "short": {"auto_unstuck_delay_minutes": 120,
           "auto_unstuck_ema_dist": 0,
           "auto_unstuck_qty_pct": 0.01,
           "auto_unstuck_wallet_exposure_threshold": 0.05,
           "backwards_tp": true,
           "ddown_factor": 1.3935220163555802,
           "ema_span_0": 647.0249800611332,
           "ema_span_1": 741.024731452196,
           "enabled": true,
           "initial_eprice_ema_dist": -0.04078981266892904,
           "initial_qty_pct": 0.011042115819131925,
           "markup_range": 0.0032718149512038653,
           "min_markup": 0.0014521005710930977,
           "n_close_orders": 5,
           "rentry_pprice_dist": 0.042313323019841684,
           "rentry_pprice_dist_wallet_exposure_weighting": 9.682584206692592,
           "wallet_exposure_limit": 1}}