{"config_name": "recursive_grid_0days",
 "logging_level": 0,
 "long": {"auto_unstuck_delay_minutes": 120,
          "auto_unstuck_ema_dist": 0,
          "auto_unstuck_qty_pct": 0.01,
          "auto_unstuck_wallet_exposure_threshold": 0.05,
          "backwards_tp": true,
          "ddown_factor": 0.3204622448300988,
          "ema_span_0": 1383.2446300092795,
          "ema_span_1": 1225.4275421720067,
          "enabled": true,
          "initial_eprice_ema_dist": -0.0039856037117403514,
          "initial_qty_pct": 0.01219164749097957,
          "markup_range": 0.0021570260735279843,
          "min_markup": 0.0014613226021615517,
          "n_close_orders": 6,
          "rentry_pprice_dist": 0.04356097082617926,
          "rentry_pprice_dist_wallet_exposure_weighting": 0.12649830574426077,
          "wallet_exposure_limit": 1},
 "short": {"auto_unstuck_delay_minutes": 120,
           "auto_unstuck_ema_dist": 0,
           "auto_unstuck_qty_pct": 0.01,
           "auto_unstuck_wallet_exposure_threshold": 0.05,
           "backwards_tp": true,
           "ddown_factor": 1.6400881258896283,
           "ema_span_0": 1124.5673444098093,
           "ema_span_1": 1238.29580462411,
           "enabled": true,
           "initial_eprice_ema_dist": -0.009006749300855479,
           "initial_qty_pct": 0.01000482810705799,
           "markup_range": 0.00015499126525161299,
           "min_markup": 0.0016838679268757846,
           "n_close_orders": 12,
           "rentry_pprice_dist": 0.049998685438496594,
           "rentry_pprice_dist_wallet_exposure_weighting": 16.991597539676636,
           "wallet_exposure_limit": 1}}