{"config_name": "recursive_grid_0days",
 "logging_level": 0,
 "long": {"auto_unstuck_delay_minutes": 120,
          "auto_unstuck_ema_dist": 0,
          "auto_unstuck_qty_pct": 0.01,
          "auto_unstuck_wallet_exposure_threshold": 0.05,
          "backwards_tp": true,
          "ddown_factor": 2.070011278622829,
          "ema_span_0": 118.29922031835078,
          "ema_span_1": 862.1773666930102,
          "enabled": true,
          "initial_eprice_ema_dist": -0.008875332776838161,
          "initial_qty_pct": 0.01164552325857641,
          "markup_range": 0.005520488804420559,
          "min_markup": 0.003250849648848884,
          "n_close_orders": 11,
          "rentry_pprice_dist": 0.02755114630150652,
          "rentry_pprice_dist_wallet_exposure_weighting": 2.2040846589159657,
          "wallet_exposure_limit": 1},
 "short": {"auto_unstuck_delay_minutes": 120,
           "auto_unstuck_ema_dist": 0,
           "auto_unstuck_qty_pct": 0.01,
           "auto_unstuck_wallet_exposure_threshold": 0.05,
           "backwards_tp": true,
           "ddown_factor": 2.240019338621009,
           "ema_span_0": 1353.5157046891202,
           "ema_span_1": 762.4858184730213,
           "enabled": true,
           "initial_eprice_ema_dist": -0.030789000094189747,
           "initial_qty_pct": 0.011718461259472575,
           "markup_range": 0.002599840862973304,
           "min_markup": 0.005194533701582255,
           "n_close_orders": 4,
           "rentry_pprice_dist": 0.04133440449689739,
           "rentry_pprice_dist_wallet_exposure_weighting": 1.0977590619494173,
           "wallet_exposure_limit": 1}}