{"config_name": "recursive_grid_0days",
 "logging_level": 0,
 "long": {"auto_unstuck_delay_minutes": 120,
          "auto_unstuck_ema_dist": 0,
          "auto_unstuck_qty_pct": 0.01,
          "auto_unstuck_wallet_exposure_threshold": 0.05,
          "backwards_tp": true,
          "ddown_factor": 0.2520763054131316,
          "ema_span_0": 23.647997675531123,
          "ema_span_1": 219.0895284539382,
          "enabled": true,
          "initial_eprice_ema_dist": -0.0067348378998238895,
          "initial_qty_pct": 0.021074645394573727,
          "markup_range": 0.009503339022892288,
          "min_markup": 0.0037164102097653733,
          "n_close_orders": 3,
          "rentry_pprice_dist": 0.03336022209847499,
          "rentry_pprice_dist_wallet_exposure_weighting": 1.1957819278549142,
          "wallet_exposure_limit": 1},
 "short": {"auto_unstuck_delay_minutes": 120,
           "auto_unstuck_ema_dist": 0,
           "auto_unstuck_qty_pct": 0.01,
           "auto_unstuck_wallet_exposure_threshold": 0.05,
           "backwards_tp": true,
           "ddown_factor": 0.28969005414213894,
           "ema_span_0": 1369.6375180532486,
           "ema_span_1": 1403.545779808881,
           "enabled": true,
           "initial_eprice_ema_dist": -0.006130789480752758,
           "initial_qty_pct": 0.015325503967214759,
           "markup_range": 0.014493929757035673,
           "min_markup": 0.009270925698405378,
           "n_close_orders": 2,
           "rentry_pprice_dist": 0.03681768372510156,
           "rentry_pprice_dist_wallet_exposure_weighting": 7.834777532263882,
           "wallet_exposure_limit": 1}}