{"config_name": "recursive_grid_0days",
 "logging_level": 0,
 "long": {"auto_unstuck_delay_minutes": 120,
          "auto_unstuck_ema_dist": 0,
          "auto_unstuck_qty_pct": 0.01,
          "auto_unstuck_wallet_exposure_threshold": 0.05,
          "backwards_tp": true,
          "ddown_factor": 0.15969574631186373,
          "ema_span_0": 78.25042797912354,
          "ema_span_1": 1340.9411468279825,
          "enabled": true,
          "initial_eprice_ema_dist": -0.002064158949012438,
          "initial_qty_pct": 0.011604148709137403,
          "markup_range": 0.0028362638400434965,
          "min_markup": 0.0057038187873005505,
          "n_close_orders": 7,
          "rentry_pprice_dist": 0.007698210805738719,
          "rentry_pprice_dist_wallet_exposure_weighting": 5.9367516207433475,
          "wallet_exposure_limit": 1},
 "short": {"auto_unstuck_delay_minutes": 120,
           "auto_unstuck_ema_dist": 0,
           "auto_unstuck_qty_pct": 0.01,
           "auto_unstuck_wallet_exposure_threshold": 0.05,
           "backwards_tp": true,
           "ddown_factor": 0.3976430099033979,
           "ema_span_0": 867.238978732146,
           "ema_span_1": 789.1781687310062,
           "enabled": true,
           "initial_eprice_ema_dist": -0.0015185246490819469,
           "initial_qty_pct": 0.011412997299540642,
           "markup_range": 0.007244498057682766,
           "min_markup": 0.004885654022035027,
           "n_close_orders": 5,
           "rentry_pprice_dist": 0.019664446604709562,
           "rentry_pprice_dist_wallet_exposure_weighting": 3.5823004011805533,
           "wallet_exposure_limit": 1}}