{"config_name": "recursive_grid_0days",
 "logging_level": 0,
 "long": {"auto_unstuck_delay_minutes": 120,
          "auto_unstuck_ema_dist": 0,
          "auto_unstuck_qty_pct": 0.01,
          "auto_unstuck_wallet_exposure_threshold": 0.05,
          "backwards_tp": true,
          "ddown_factor": 0.669398937361575,
          "ema_span_0": 1383.3331658106865,
          "ema_span_1": 39.51749216017186,
          "enabled": true,
          "initial_eprice_ema_dist": 0.0004848199606328876,
          "initial_qty_pct": 0.017816171869779483,
          "markup_range": 0.009135579295017683,
          "min_markup": 0.009979933528916532,
          "n_close_orders": 2,
          "rentry_pprice_dist": 0.042096580914602715,
          "rentry_pprice_dist_wallet_exposure_weighting": 0.12357758766277843,
          "wallet_exposure_limit": 1},
 "short": {"auto_unstuck_delay_minutes": 120,
           "auto_unstuck_ema_dist": 0,
           "auto_unstuck_qty_pct": 0.01,
           "auto_unstuck_wallet_exposure_threshold": 0.05,
           "backwards_tp": true,
           "ddown_factor": 1.9263493244927148,
           "ema_span_0": 118.55050140006173,
           "ema_span_1": 26.177201866394913,
           "enabled": true,
           "initial_eprice_ema_dist": 0.0025358417694928597,
           "initial_qty_pct": 0.013336774243411415,
           "markup_range": 0.001532440082328491,
           "min_markup": 0.009942677716086415,
           "n_close_orders": 5,
           "rentry_pprice_dist": 0.049482671180504555,
           "rentry_pprice_dist_wallet_exposure_weighting": 0.3841564123775789,
           "wallet_exposure_limit": 1}}