{"config_name": "recursive_grid_0days",
 "logging_level": 0,
 "long": {"auto_unstuck_delay_minutes": 120,
          "auto_unstuck_ema_dist": 0,
          "auto_unstuck_qty_pct": 0.01,
          "auto_unstuck_wallet_exposure_threshold": 0.05,
          "backwards_tp": true,
          "ddown_factor": 0.1662104523642432,
          "ema_span_0": 22.785239990114853,
          "ema_span_1": 32.66697181363126,
          "enabled": true,
          "initial_eprice_ema_dist": -0.032431783417407684,
          "initial_qty_pct": 0.012900565534360633,
          "markup_range": 0.003609633675765616,
          "min_markup": 0.006142427773056204,
          "n_close_orders": 2,
          "rentry_pprice_dist": 0.03942779902003346,
          "rentry_pprice_dist_wallet_exposure_weighting": 1.2275207545761735,
          "wallet_exposure_limit": 1},
 "short": {"auto_unstuck_delay_minutes": 120,
           "auto_unstuck_ema_dist": 0,
           "auto_unstuck_qty_pct": 0.01,
           "auto_unstuck_wallet_exposure_threshold": 0.05,
           "backwards_tp": true,
           "ddown_factor": 0.9037680636823774,
           "ema_span_0": 292.01345655020276,
           "ema_span_1": 981.9064530850376,
           "enabled": true,
           "initial_eprice_ema_dist": -0.0027514804087228695,
           "initial_qty_pct": 0.016802507642199902,
           "markup_range": 0.003266383199468367,
           "min_markup": 0.007860344824913282,
           "n_close_orders": 7,
           "rentry_pprice_dist": 0.03695306857268699,
           "rentry_pprice_dist_wallet_exposure_weighting": 2.543165253920329,
           "wallet_exposure_limit": 1}}