{"config_name": "recursive_grid_0days",
 "logging_level": 0,
 "long": {"auto_unstuck_delay_minutes": 120,
          "auto_unstuck_ema_dist": 0,
          "auto_unstuck_qty_pct": 0.01,
          "auto_unstuck_wallet_exposure_threshold": 0.05,
          "backwards_tp": true,
          "ddown_factor": 0.24042182512842744,
          "ema_span_0": 335.99223160614673,
          "ema_span_1": 423.60561144447166,
          "enabled": true,
          "initial_eprice_ema_dist": -0.07946980151596433,
          "initial_qty_pct": 0.012420305169108319,
          "markup_range": 0.005382663097820749,
          "min_markup": 0.003505974125264987,
          "n_close_orders": 10,
          "rentry_pprice_dist": 0.02427005413532235,
          "rentry_pprice_dist_wallet_exposure_weighting": 1.745960920622754,
          "wallet_exposure_limit": 1},
 "short": {"auto_unstuck_delay_minutes": 120,
           "auto_unstuck_ema_dist": 0,
           "auto_unstuck_qty_pct": 0.01,
           "auto_unstuck_wallet_exposure_threshold": 0.05,
           "backwards_tp": true,
           "ddown_factor": 0.786565888512243,
           "ema_span_0": 1360.394446028515,
           "ema_span_1": 5,
           "enabled": true,
           "initial_eprice_ema_dist": 0.003,
           "initial_qty_pct": 0.010891717117855332,
           "markup_range": 0.0067824844844286475,
           "min_markup": 0.004972953205252971,
           "n_close_orders": 4,
           "rentry_pprice_dist": 0.03395018461886906,
           "rentry_pprice_dist_wallet_exposure_weighting": 5.459013290616585,
           "wallet_exposure_limit": 1}}