{"config_name": "recursive_grid_0days",
 "logging_level": 0,
 "long": {"auto_unstuck_delay_minutes": 120,
          "auto_unstuck_ema_dist": 0,
          "auto_unstuck_qty_pct": 0.01,
          "auto_unstuck_wallet_exposure_threshold": 0.05,
          "backwards_tp": true,
          "ddown_factor": 2.208015762129257,
          "ema_span_0": 333.090498081687,
          "ema_span_1": 464.5241627722567,
          "enabled": true,
          "initial_eprice_ema_dist": 0.0029914596709809532,
          "initial_qty_pct": 0.010491873557071294,
          "markup_range": 0.001996465084310474,
          "min_markup": 0.0031032996157285063,
          "n_close_orders": 6,
          "rentry_pprice_dist": 0.0328936001628217,
          "rentry_pprice_dist_wallet_exposure_weighting": 2.2385624687659167,
          "wallet_exposure_limit": 1},
 "short": {"auto_unstuck_delay_minutes": 120,
           "auto_unstuck_ema_dist": 0,
           "auto_unstuck_qty_pct": 0.01,
           "auto_unstuck_wallet_exposure_threshold": 0.05,
           "backwards_tp": true,
           "ddown_factor": 2.213923970776044,
           "ema_span_0": 1149.3450683159158,
           "ema_span_1": 46.2055349986496,
           "enabled": true,
           "initial_eprice_ema_dist": 0.003,
           "initial_qty_pct": 0.012253263285469664,
           "markup_range": 0.0008248254259328559,
           "min_markup": 0.0016640550227731096,
           "n_close_orders": 12,
           "rentry_pprice_dist": 0.04127875985649038,
           "rentry_pprice_dist_wallet_exposure_weighting": 3.4275679758513373,
           "wallet_exposure_limit": 1}}