{"config_name": "recursive_grid_0days",
 "logging_level": 0,
 "long": {"auto_unstuck_delay_minutes": 120,
          "auto_unstuck_ema_dist": 0,
          "auto_unstuck_qty_pct": 0.01,
          "auto_unstuck_wallet_exposure_threshold": 0.05,
          "backwards_tp": true,
          "ddown_factor": 0.3637592178962155,
          "ema_span_0": 197.32991423000806,
          "ema_span_1": 109.07538633645407,
          "enabled": true,
          "initial_eprice_ema_dist": -0.09184196685443088,
          "initial_qty_pct": 0.010997875314973192,
          "markup_range": 0.0036250553013352418,
          "min_markup": 0.006425362214423563,
          "n_close_orders": 9,
          "rentry_pprice_dist": 0.03256892471520947,
          "rentry_pprice_dist_wallet_exposure_weighting": 2.133780971656352,
          "wallet_exposure_limit": 1},
 "short": {"auto_unstuck_delay_minutes": 120,
           "auto_unstuck_ema_dist": 0,
           "auto_unstuck_qty_pct": 0.01,
           "auto_unstuck_wallet_exposure_threshold": 0.05,
           "backwards_tp": true,
           "ddown_factor": 1.1244123020305516,
           "ema_span_0": 1150.0042902691437,
           "ema_span_1": 1124.1819986963699,
           "enabled": true,
           "initial_eprice_ema_dist": -0.006218037870147272,
           "initial_qty_pct": 0.010764450920053369,
           "markup_range": 0.009844683805963515,
           "min_markup": 0.00938187085974474,
           "n_close_orders": 5,
           "rentry_pprice_dist": 0.0498707076663668,
           "rentry_pprice_dist_wallet_exposure_weighting": 11.49781266411907,
           "wallet_exposure_limit": 1}}