{"config_name": "recursive_grid_0days",
 "logging_level": 0,
 "long": {"auto_unstuck_delay_minutes": 120,
          "auto_unstuck_ema_dist": 0,
          "auto_unstuck_qty_pct": 0.01,
          "auto_unstuck_wallet_exposure_threshold": 0.05,
          "backwards_tp": true,
          "ddown_factor": 2.994834190251998,
          "ema_span_0": 756.5628616931731,
          "ema_span_1": 1129.9126126341366,
          "enabled": true,
          "initial_eprice_ema_dist": 0.002541615311706566,
          "initial_qty_pct": 0.020818301591062308,
          "markup_range": 6.939723751879763e-08,
          "min_markup": 0.005095337234902401,
          "n_close_orders": 11,
          "rentry_pprice_dist": 0.047593800710765855,
          "rentry_pprice_dist_wallet_exposure_weighting": 0.028196202939589198,
          "wallet_exposure_limit": 1},
 "short": {"auto_unstuck_delay_minutes": 120,
           "auto_unstuck_ema_dist": 0,
           "auto_unstuck_qty_pct": 0.01,
           "auto_unstuck_wallet_exposure_threshold": 0.05,
           "backwards_tp": true,
           "ddown_factor": 0.9727604077664379,
           "ema_span_0": 318.22426771510743,
           "ema_span_1": 858.2989883328457,
           "enabled": true,
           "initial_eprice_ema_dist": -0.0025575877568094056,
           "initial_qty_pct": 0.011770313126978446,
           "markup_range": 0.0029772007734779568,
           "min_markup": 0.008819296503460462,
           "n_close_orders": 7,
           "rentry_pprice_dist": 0.032609119614941555,
           "rentry_pprice_dist_wallet_exposure_weighting": 3.0098679892922675,
           "wallet_exposure_limit": 1}}