{"config_name": "recursive_grid_0days",
 "logging_level": 0,
 "long": {"auto_unstuck_delay_minutes": 120,
          "auto_unstuck_ema_dist": 0,
          "auto_unstuck_qty_pct": 0.01,
          "auto_unstuck_wallet_exposure_threshold": 0.05,
          "backwards_tp": true,
          "ddown_factor": 2.208015762129257,
          "ema_span_0": 333.090498081687,
          "ema_span_1": 464.5241627722567,
          "enabled": true,
          "initial_eprice_ema_dist": 0.0029914596709809532,
          "initial_qty_pct": 0.010491873557071294,
          "markup_range": 0.001996465084310474,
          "min_markup": 0.0031032996157285063,
          "n_close_orders": 6,
          "rentry_pprice_dist": 0.0328936001628217,
          "rentry_pprice_dist_wallet_exposure_weighting": 2.2385624687659167,
          "wallet_exposure_limit": 1},
 "short": {"auto_unstuck_delay_minutes": 120,
           "auto_unstuck_ema_dist": 0,
           "auto_unstuck_qty_pct": 0.01,
           "auto_unstuck_wallet_exposure_threshold": 0.05,
           "backwards_tp": true,
           "ddown_factor": 1.3935220163555802,
           "ema_span_0": 647.0249800611332,
           "ema_span_1": 741.024731452196,
           "enabled": true,
           "initial_eprice_ema_dist": -0.04078981266892904,
           "initial_qty_pct": 0.011042115819131925,
           "markup_range": 0.0032718149512038653,
           "min_markup": 0.0014521005710930977,
           "n_close_orders": 5,
           "rentry_pprice_dist": 0.042313323019841684,
           "rentry_pprice_dist_wallet_exposure_weighting": 9.682584206692592,
           "wallet_exposure_limit": 1}}