{"config_name": "recursive_grid_0days",
 "logging_level": 0,
 "long": {"auto_unstuck_delay_minutes": 120,
          "auto_unstuck_ema_dist": 0,
          "auto_unstuck_qty_pct": 0.01,
          "auto_unstuck_wallet_exposure_threshold": 0.05,
          "backwards_tp": true,
          "ddown_factor": 1.8817828642347703,
          "ema_span_0": 97.88388043909794,
          "ema_span_1": 106.41783228748595,
          "enabled": true,
          "initial_eprice_ema_dist": 0.0029565223621609827,
          "initial_qty_pct": 0.019754061554014865,
          "markup_range": 0.006519489925372328,
          "min_markup": 0.006352449566674008,
          "n_close_orders": 3,
          "rentry_pprice_dist": 0.04670610435147058,
          "rentry_pprice_dist_wallet_exposure_weighting": 0.24073584451889238,
          "wallet_exposure_limit": 1},
 "short": {"auto_unstuck_delay_minutes": 120,
           "auto_unstuck_ema_dist": 0,
           "auto_unstuck_qty_pct": 0.01,
           "auto_unstuck_wallet_exposure_threshold": 0.05,
           "backwards_tp": true,
           "ddown_factor": 1.6400881258896283,
           "ema_span_0": 1124.5673444098093,
           "ema_span_1": 1238.29580462411,
           "enabled": true,
           "initial_eprice_ema_dist": -0.009006749300855479,
           "initial_qty_pct": 0.01000482810705799,
           "markup_range": 0.00015499126525161299,
           "min_markup": 0.0016838679268757846,
           "n_close_orders": 12,
           "rentry_pprice_dist": 0.049998685438496594,
           "rentry_pprice_dist_wallet_exposure_weighting": 16.991597539676636,
           "wallet_exposure_limit": 1}}