{"config_name": "recursive_grid_0days",
 "logging_level": 0,
 "long": {"auto_unstuck_delay_minutes": 120,
          "auto_unstuck_ema_dist": 0,
          "auto_unstuck_qty_pct": 0.01,
          "auto_unstuck_wallet_exposure_threshold": 0.05,
          "backwards_tp": true,
          "ddown_factor": 2.994834190251998,
          "ema_span_0": 756.5628616931731,
          "ema_span_1": 1129.9126126341366,
          "enabled": true,
          "initial_eprice_ema_dist": 0.002541615311706566,
          "initial_qty_pct": 0.020818301591062308,
          "markup_range": 6.939723751879763e-08,
          "min_markup": 0.005095337234902401,
          "n_close_orders": 11,
          "rentry_pprice_dist": 0.047593800710765855,
          "rentry_pprice_dist_wallet_exposure_weighting": 0.028196202939589198,
          "wallet_exposure_limit": 1},
 "short": {"auto_unstuck_delay_minutes": 120,
           "auto_unstuck_ema_dist": 0,
           "auto_unstuck_qty_pct": 0.01,
           "auto_unstuck_wallet_exposure_threshold": 0.05,
           "backwards_tp": true,
           "ddown_factor": 0.5470971322180204,
           "ema_span_0": 547.7861497828551,
           "ema_span_1": 152.40964610896407,
           "enabled": true,
           "initial_eprice_ema_dist": 0.002289095240377166,
           "initial_qty_pct": 0.013225096107875528,
           "markup_range": 0.002339435002622375,
           "min_markup": 0.004027772474418661,
           "n_close_orders": 16,
           "rentry_pprice_dist": 0.018466722543051074,
           "rentry_pprice_dist_wallet_exposure_weighting": 3.1702617420452874,
           "wallet_exposure_limit": 1}}