{"config_name": "recursive_grid_0days",
 "logging_level": 0,
 "long": {"auto_unstuck_delay_minutes": 120,
          "auto_unstuck_ema_dist": 0,
          "auto_unstuck_qty_pct": 0.01,
          "auto_unstuck_wallet_exposure_threshold": 0.05,
          "backwards_tp": true,
          "ddown_factor": 1.4069551320771247,
          "ema_span_0": 1349.1523800476393,
          "ema_span_1": 1417.3270623134426,
          "enabled": true,
          "initial_eprice_ema_dist": 0.0016514164236817717,
          "initial_qty_pct": 0.014220972779020286,
          "markup_range": 0.00198486342905699,
          "min_markup": 0.006072969285693832,
          "n_close_orders": 10,
          "rentry_pprice_dist": 0.04488027885355811,
          "rentry_pprice_dist_wallet_exposure_weighting": 0.29448598026670003,
          "wallet_exposure_limit": 1},
 "short": {"auto_unstuck_delay_minutes": 120,
           "auto_unstuck_ema_dist": 0,
           "auto_unstuck_qty_pct": 0.01,
           "auto_unstuck_wallet_exposure_threshold": 0.05,
           "backwards_tp": true,
           "ddown_factor": 0.6911316315162889,
           "ema_span_0": 1404.8312978762303,
           "ema_span_1": 1420.87182753046,
           "enabled": true,
           "initial_eprice_ema_dist": -0.00938718495738028,
           "initial_qty_pct": 0.01088859214345425,
           "markup_range": 0.004569778047259771,
           "min_markup": 0.008877653463957353,
           "n_close_orders": 8,
           "rentry_pprice_dist": 0.03257403994063893,
           "rentry_pprice_dist_wallet_exposure_weighting": 8.05842613177501,
           "wallet_exposure_limit": 1}}