{"config_name": "recursive_grid_1_symbols_78days",
 "logging_level": 0,
 "long": {"auto_unstuck_ema_dist": 0.057084982912647776,
          "auto_unstuck_wallet_exposure_threshold": 0.853877698185767,
          "backwards_tp": true,
          "ddown_factor": 0.1636524660187012,
          "ema_span_0": 3124.2129922657427,
          "ema_span_1": 1935.2954640951054,
          "enabled": true,
          "initial_eprice_ema_dist": -0.00946413153315881,
          "initial_qty_pct": 0.017049261893161652,
          "markup_range": 0.037661510443185574,
          "min_markup": 0.05747425783186992,
          "n_close_orders": 10,
          "rentry_pprice_dist": 0.033728079475171424,
          "rentry_pprice_dist_wallet_exposure_weighting": 38.7074102761285,
          "wallet_exposure_limit": 0.1},
 "short": {"auto_unstuck_ema_dist": 0.05463819934731051,
           "auto_unstuck_wallet_exposure_threshold": 0.4895456440861171,
           "backwards_tp": true,
           "ddown_factor": 2.8312106169929017,
           "ema_span_0": 3606.4336883729097,
           "ema_span_1": 3307.533947261408,
           "enabled": true,
           "initial_eprice_ema_dist": -0.09117614029827062,
           "initial_qty_pct": 0.018918684991714195,
           "markup_range": 0.038561663815066975,
           "min_markup": 0.04505675533904372,
           "n_close_orders": 7,
           "rentry_pprice_dist": 0.010504223209823192,
           "rentry_pprice_dist_wallet_exposure_weighting": 1.0549339698771776,
           "wallet_exposure_limit": 0.1}}