{"config_name": "recursive_grid_1_symbols_78days",
 "logging_level": 0,
 "long": {"auto_unstuck_ema_dist": 0.025486811614302197,
          "auto_unstuck_wallet_exposure_threshold": 0.853877698185767,
          "backwards_tp": true,
          "ddown_factor": 2.69404107268271,
          "ema_span_0": 3094.32897728074,
          "ema_span_1": 3613.52413365511,
          "enabled": true,
          "initial_eprice_ema_dist": -0.06613837401509409,
          "initial_qty_pct": 0.040204481308466794,
          "markup_range": 0.020727010420721642,
          "min_markup": 0.04532918534168302,
          "n_close_orders": 14,
          "rentry_pprice_dist": 0.04139827818084291,
          "rentry_pprice_dist_wallet_exposure_weighting": 81.66614117839565,
          "wallet_exposure_limit": 0.1},
 "short": {"auto_unstuck_ema_dist": 0.03649498235795735,
           "auto_unstuck_wallet_exposure_threshold": 0.4104012549817594,
           "backwards_tp": true,
           "ddown_factor": 1.8386349624593328,
           "ema_span_0": 3355.087356653204,
           "ema_span_1": 9975.865587373946,
           "enabled": true,
           "initial_eprice_ema_dist": -0.014563534721216478,
           "initial_qty_pct": 0.046727157770401075,
           "markup_range": 0.0313591027389614,
           "min_markup": 0.038489974232313685,
           "n_close_orders": 6,
           "rentry_pprice_dist": 0.018491012019781414,
           "rentry_pprice_dist_wallet_exposure_weighting": 14.455224259103671,
           "wallet_exposure_limit": 0.1}}