{
    "AAVEUSDT": {
        "DGstd_long": 0.00035366837226447274,
        "DGstd_short": 0.0023057067756894556,
        "adg_DGstd_ratio_long": 0.04380648528385272,
        "adg_DGstd_ratio_short": 0.05544579492313904,
        "adg_long": 1.549296834496777e-05,
        "adg_per_exposure_long": 0.00015492968344967768,
        "adg_per_exposure_short": 0.0012784174503776967,
        "adg_realized_long": 1.5233545446635688e-05,
        "adg_realized_per_exposure_long": 0.00015233545446635688,
        "adg_realized_per_exposure_short": 0.0033644208638761164,
        "adg_realized_short": 0.00033644208638761164,
        "adg_short": 0.0001278417450377697,
        "avg_fills_per_day_long": 0.37179818196387077,
        "avg_fills_per_day_short": 1.897452790712168,
        "biggest_psize_long": 7.26,
        "biggest_psize_quote_long": 1204.6225,
        "biggest_psize_quote_short": 10276.753100000002,
        "biggest_psize_short": 76.21,
        "closest_bkr_long": 1.0,
        "closest_bkr_short": 1.0,
        "eqbal_ratio_mean_long": 0.9994000936437417,
        "eqbal_ratio_mean_short": 0.9986907235485871,
        "eqbal_ratio_min_long": 0.9974772938922327,
        "eqbal_ratio_min_short": 0.977282044613849,
        "exchange": "bybit",
        "fee_sum_long": -0.80408986,
        "fee_sum_short": -8.692209210000001,
        "final_balance_long": 100118.89031014,
        "final_balance_short": 102658.5077907899,
        "final_equity_long": 100118.89031014,
        "final_equity_short": 100968.7666907899,
        "gain_long": 0.0011969439999999993,
        "gain_short": 0.026671999999999984,
        "hrs_stuck_avg": 64.55114942528735,
        "hrs_stuck_avg_long": 64.55114942528735,
        "hrs_stuck_avg_short": 20.571245421245422,
        "hrs_stuck_max": 570.8666666666667,
        "hrs_stuck_max_long": 570.8666666666667,
        "hrs_stuck_max_short": 146.06666666666666,
        "loss_sum_long": 0.0,
        "loss_sum_short": 0.0,
        "n_closes_long": 10,
        "n_closes_short": 60,
        "n_days": 77.99930555555555,
        "n_entries_long": 19,
        "n_entries_short": 88,
        "n_fills_long": 29,
        "n_fills_short": 148,
        "n_ientries_long": 10,
        "n_ientries_short": 20,
        "n_normal_closes_long": 10,
        "n_normal_closes_short": 22,
        "n_rentries_long": 9,
        "n_rentries_short": 52,
        "n_unstuck_closes_long": 0,
        "n_unstuck_closes_short": 38,
        "n_unstuck_entries_long": 0,
        "n_unstuck_entries_short": 16,
        "net_pnl_plus_fees_long": 118.89031013999991,
        "net_pnl_plus_fees_short": 2658.5077907899986,
        "pa_distance_max_long": 0.4395619728500163,
        "pa_distance_max_short": 0.18496325366488814,
        "pa_distance_mean_long": 0.11313697631629183,
        "pa_distance_mean_short": 0.037181108623183017,
        "pa_distance_std_long": 0.08507280984891288,
        "pa_distance_std_short": 0.030140877881757577,
        "pnl_sum_long": 119.69439999999992,
        "pnl_sum_short": 2667.1999999999985,
        "profit_sum_long": 119.69439999999992,
        "profit_sum_short": 2667.1999999999985,
        "starting_balance": 100000.0,
        "symbol": "AAVEUSDT",
        "volume_quote_long": 8040.8986,
        "volume_quote_short": 86922.09209999998
    }
}