{
    "AAVEUSDT": {
        "DGstd_long": 0.002070060225586218,
        "DGstd_short": 0.003953074428119623,
        "adg_DGstd_ratio_long": 0.04994359180449143,
        "adg_DGstd_ratio_short": 0.11459755233074355,
        "adg_long": 0.00010338624291739151,
        "adg_per_exposure_long": 0.0010338624291739151,
        "adg_per_exposure_short": 0.004530126536437626,
        "adg_realized_long": 0.00010066104831540912,
        "adg_realized_per_exposure_long": 0.0010066104831540912,
        "adg_realized_per_exposure_short": 0.007148065563316042,
        "adg_realized_short": 0.0007148065563316042,
        "adg_short": 0.00045301265364376263,
        "avg_fills_per_day_long": 0.9230851414275413,
        "avg_fills_per_day_short": 4.743631976780421,
        "biggest_psize_long": 33.07,
        "biggest_psize_quote_long": 5918.603600000001,
        "biggest_psize_quote_short": 10584.287812419147,
        "biggest_psize_short": 81.7,
        "closest_bkr_long": 1.0,
        "closest_bkr_short": 1.0,
        "eqbal_ratio_mean_long": 0.9958677928476694,
        "eqbal_ratio_mean_short": 0.9978142547261022,
        "eqbal_ratio_min_long": 0.9842191465354059,
        "eqbal_ratio_min_short": 0.9722601888381036,
        "exchange": "bybit",
        "fee_sum_long": -3.04366031,
        "fee_sum_short": -16.27835048,
        "final_balance_long": 100788.19973969001,
        "final_balance_short": 105731.69263710092,
        "final_equity_long": 100782.81343969001,
        "final_equity_short": 103487.44644952007,
        "gain_long": 0.00791243399999998,
        "gain_short": 0.05747970987580863,
        "hrs_stuck_avg": 27.130193236714973,
        "hrs_stuck_avg_long": 27.130193236714973,
        "hrs_stuck_avg_short": 14.857010582010583,
        "hrs_stuck_max": 522.9166666666666,
        "hrs_stuck_max_long": 522.9166666666666,
        "hrs_stuck_max_short": 171.51666666666668,
        "loss_sum_long": 0.0,
        "loss_sum_short": -274.48395705976515,
        "n_closes_long": 6,
        "n_closes_short": 242,
        "n_days": 77.99930555555555,
        "n_entries_long": 66,
        "n_entries_short": 128,
        "n_fills_long": 72,
        "n_fills_short": 370,
        "n_ientries_long": 6,
        "n_ientries_short": 13,
        "n_normal_closes_long": 6,
        "n_normal_closes_short": 30,
        "n_rentries_long": 60,
        "n_rentries_short": 53,
        "n_unstuck_closes_long": 0,
        "n_unstuck_closes_short": 212,
        "n_unstuck_entries_long": 0,
        "n_unstuck_entries_short": 62,
        "net_pnl_plus_fees_long": 788.1997396899981,
        "net_pnl_plus_fees_short": 5731.692637100863,
        "pa_distance_max_long": 0.3645317680305708,
        "pa_distance_max_short": 0.21698007604207312,
        "pa_distance_mean_long": 0.11401270784198515,
        "pa_distance_mean_short": 0.04940435434711051,
        "pa_distance_std_long": 0.0832527904880207,
        "pa_distance_std_short": 0.039723514478646714,
        "pnl_sum_long": 791.243399999998,
        "pnl_sum_short": 5747.970987580863,
        "profit_sum_long": 791.2433999999981,
        "profit_sum_short": 6022.454944640627,
        "starting_balance": 100000.0,
        "symbol": "AAVEUSDT",
        "volume_quote_long": 30436.6031,
        "volume_quote_short": 162783.5048
    }
}