{"config_name": "recursive_grid_1_symbols_78days",
 "logging_level": 0,
 "long": {"auto_unstuck_ema_dist": 0.03717970239686559,
          "auto_unstuck_wallet_exposure_threshold": 0.7238032312838155,
          "backwards_tp": true,
          "ddown_factor": 0.60263805912155,
          "ema_span_0": 2507.246738633327,
          "ema_span_1": 3613.52413365511,
          "enabled": true,
          "initial_eprice_ema_dist": -0.09469987912419554,
          "initial_qty_pct": 0.03962579341102469,
          "markup_range": 0.047193215966759454,
          "min_markup": 0.032275768312098455,
          "n_close_orders": 6,
          "rentry_pprice_dist": 0.012235220520701631,
          "rentry_pprice_dist_wallet_exposure_weighting": 76.03551614577876,
          "wallet_exposure_limit": 0.1},
 "short": {"auto_unstuck_ema_dist": 0.05463819934731051,
           "auto_unstuck_wallet_exposure_threshold": 0.4895456440861171,
           "backwards_tp": true,
           "ddown_factor": 2.8312106169929017,
           "ema_span_0": 3606.4336883729097,
           "ema_span_1": 3307.533947261408,
           "enabled": true,
           "initial_eprice_ema_dist": -0.09117614029827062,
           "initial_qty_pct": 0.018918684991714195,
           "markup_range": 0.038561663815066975,
           "min_markup": 0.04505675533904372,
           "n_close_orders": 7,
           "rentry_pprice_dist": 0.010504223209823192,
           "rentry_pprice_dist_wallet_exposure_weighting": 1.0549339698771776,
           "wallet_exposure_limit": 0.1}}