{"config_name": "recursive_grid_1_symbols_78days",
 "logging_level": 0,
 "long": {"auto_unstuck_ema_dist": 0.06441097901036587,
          "auto_unstuck_wallet_exposure_threshold": 0.5364941491262966,
          "backwards_tp": true,
          "ddown_factor": 0.60263805912155,
          "ema_span_0": 1865.7252251730251,
          "ema_span_1": 6367.27958381059,
          "enabled": true,
          "initial_eprice_ema_dist": -0.0023871477209462116,
          "initial_qty_pct": 0.01600659168629183,
          "markup_range": 0.009848541513675337,
          "min_markup": 0.04043690055426057,
          "n_close_orders": 6,
          "rentry_pprice_dist": 0.03478798865913273,
          "rentry_pprice_dist_wallet_exposure_weighting": 15.043980606682902,
          "wallet_exposure_limit": 0.1},
 "short": {"auto_unstuck_ema_dist": 0.04098915476286372,
           "auto_unstuck_wallet_exposure_threshold": 0.163295458572443,
           "backwards_tp": true,
           "ddown_factor": 2.6513542074811003,
           "ema_span_0": 3809.086295512429,
           "ema_span_1": 8153.015095169656,
           "enabled": true,
           "initial_eprice_ema_dist": -0.09482225858016216,
           "initial_qty_pct": 0.01912065079078193,
           "markup_range": 0.047427280807640616,
           "min_markup": 0.05963506967127683,
           "n_close_orders": 7,
           "rentry_pprice_dist": 0.026802598655695734,
           "rentry_pprice_dist_wallet_exposure_weighting": 6.208610515578075,
           "wallet_exposure_limit": 0.1}}