{"config_name": "recursive_grid_1_symbols_78days",
 "logging_level": 0,
 "long": {"auto_unstuck_ema_dist": 0.029672448042338075,
          "auto_unstuck_wallet_exposure_threshold": 0.3116603468124516,
          "backwards_tp": true,
          "ddown_factor": 0.12400800988211721,
          "ema_span_0": 1441.2733889922267,
          "ema_span_1": 6880.546798290864,
          "enabled": true,
          "initial_eprice_ema_dist": -0.03298855133494347,
          "initial_qty_pct": 0.017049261893161652,
          "markup_range": 0.02204162400142357,
          "min_markup": 0.053733686069971094,
          "n_close_orders": 9,
          "rentry_pprice_dist": 0.033728079475171424,
          "rentry_pprice_dist_wallet_exposure_weighting": 12.57493854443535,
          "wallet_exposure_limit": 0.1},
 "short": {"auto_unstuck_ema_dist": 0.04098915476286372,
           "auto_unstuck_wallet_exposure_threshold": 0.163295458572443,
           "backwards_tp": true,
           "ddown_factor": 2.6513542074811003,
           "ema_span_0": 3809.086295512429,
           "ema_span_1": 8153.015095169656,
           "enabled": true,
           "initial_eprice_ema_dist": -0.09482225858016216,
           "initial_qty_pct": 0.01912065079078193,
           "markup_range": 0.047427280807640616,
           "min_markup": 0.05963506967127683,
           "n_close_orders": 7,
           "rentry_pprice_dist": 0.026802598655695734,
           "rentry_pprice_dist_wallet_exposure_weighting": 6.208610515578075,
           "wallet_exposure_limit": 0.1}}