{
    "AAVEUSDT": {
        "DGstd_long": 0.0009710202063092122,
        "DGstd_short": 0.0011026799784645996,
        "adg_DGstd_ratio_long": 0.09659636981156365,
        "adg_DGstd_ratio_short": 0.04450063940888563,
        "adg_long": 9.379702694314549e-05,
        "adg_per_exposure_long": 0.0009379702694314549,
        "adg_per_exposure_short": 0.0004906996410505092,
        "adg_realized_long": 9.314498083812239e-05,
        "adg_realized_per_exposure_long": 0.0009314498083812239,
        "adg_realized_per_exposure_short": 0.001274272689675282,
        "adg_realized_short": 0.0001274272689675282,
        "adg_short": 4.9069964105050914e-05,
        "avg_fills_per_day_long": 0.8974438874989984,
        "avg_fills_per_day_short": 0.33333630107105655,
        "biggest_psize_long": 80.02,
        "biggest_psize_quote_long": 10035.581852598192,
        "biggest_psize_quote_short": 3688.4320000000007,
        "biggest_psize_short": 27.47,
        "closest_bkr_long": 1.0,
        "closest_bkr_short": 1.0,
        "eqbal_ratio_mean_long": 0.9976168051288868,
        "eqbal_ratio_mean_short": 0.9997057941585474,
        "eqbal_ratio_min_long": 0.9842500074923508,
        "eqbal_ratio_min_short": 0.991519905517085,
        "exchange": "bybit",
        "fee_sum_long": -6.042907050000001,
        "fee_sum_short": -2.3048762400000005,
        "final_balance_long": 100729.13589294995,
        "final_balance_short": 100998.81572376001,
        "final_equity_long": 100721.21699294995,
        "final_equity_short": 100373.90832376001,
        "gain_long": 0.007351787999999914,
        "gain_short": 0.010011206000000002,
        "hrs_stuck_avg": 81.39057971014493,
        "hrs_stuck_avg_long": 81.39057971014493,
        "hrs_stuck_avg_short": 69.33271604938273,
        "hrs_stuck_max": 1134.9666666666667,
        "hrs_stuck_max_long": 1134.9666666666667,
        "hrs_stuck_max_short": 303.56666666666666,
        "loss_sum_long": -120.86753725799859,
        "loss_sum_short": 0.0,
        "n_closes_long": 33,
        "n_closes_short": 10,
        "n_days": 77.99930555555555,
        "n_entries_long": 37,
        "n_entries_short": 16,
        "n_fills_long": 70,
        "n_fills_short": 26,
        "n_ientries_long": 6,
        "n_ientries_short": 9,
        "n_normal_closes_long": 5,
        "n_normal_closes_short": 10,
        "n_rentries_long": 3,
        "n_rentries_short": 7,
        "n_unstuck_closes_long": 28,
        "n_unstuck_closes_short": 0,
        "n_unstuck_entries_long": 28,
        "n_unstuck_entries_short": 0,
        "net_pnl_plus_fees_long": 729.1358929499913,
        "net_pnl_plus_fees_short": 998.8157237600002,
        "pa_distance_max_long": 0.9106186477500282,
        "pa_distance_max_short": 0.1884480038830237,
        "pa_distance_mean_long": 0.28201319607123954,
        "pa_distance_mean_short": 0.04357518914193407,
        "pa_distance_std_long": 0.2453914200939193,
        "pa_distance_std_short": 0.03488588967202824,
        "pnl_sum_long": 735.1787999999914,
        "pnl_sum_short": 1001.1206000000002,
        "profit_sum_long": 856.04633725799,
        "profit_sum_short": 1001.1206000000002,
        "starting_balance": 100000.0,
        "symbol": "AAVEUSDT",
        "volume_quote_long": 60429.070499999994,
        "volume_quote_short": 23048.7624
    }
}