{
    "AAVEUSDT": {
        "DGstd_long": 0.0004887333116859748,
        "DGstd_short": 0.0033656233495398423,
        "adg_DGstd_ratio_long": 0.06335649070420736,
        "adg_DGstd_ratio_short": 0.08071503114319004,
        "adg_long": 3.096442751866894e-05,
        "adg_per_exposure_long": 0.0003096442751866894,
        "adg_per_exposure_short": 0.002716563934743559,
        "adg_realized_long": 3.0451347030613363e-05,
        "adg_realized_per_exposure_long": 0.0003045134703061336,
        "adg_realized_per_exposure_short": 0.004908125988287715,
        "adg_realized_short": 0.0004908125988287715,
        "adg_short": 0.0002716563934743559,
        "avg_fills_per_day_long": 0.3974394358924136,
        "avg_fills_per_day_short": 4.743631976780421,
        "biggest_psize_long": 10.6,
        "biggest_psize_quote_long": 1500.6620000000003,
        "biggest_psize_quote_short": 10401.431400000005,
        "biggest_psize_short": 77.91,
        "closest_bkr_long": 1.0,
        "closest_bkr_short": 1.0,
        "eqbal_ratio_mean_long": 0.9992999494081948,
        "eqbal_ratio_mean_short": 0.9990113007672445,
        "eqbal_ratio_min_long": 0.995798515193302,
        "eqbal_ratio_min_short": 0.9760467668613805,
        "exchange": "bybit",
        "fee_sum_long": -1.1044343500000002,
        "fee_sum_short": -9.61023823,
        "final_balance_long": 100237.79706564998,
        "final_balance_short": 103901.55206177,
        "final_equity_long": 100237.79706564998,
        "final_equity_short": 102069.55526177,
        "gain_long": 0.002389014999999997,
        "gain_short": 0.039111622999999984,
        "hrs_stuck_avg": 62.39944444444444,
        "hrs_stuck_avg_long": 62.39944444444444,
        "hrs_stuck_avg_short": 20.347644927536233,
        "hrs_stuck_max": 416.0833333333333,
        "hrs_stuck_max_long": 416.0833333333333,
        "hrs_stuck_max_short": 183.58333333333334,
        "loss_sum_long": 0.0,
        "loss_sum_short": -30.909709901974626,
        "n_closes_long": 12,
        "n_closes_short": 299,
        "n_days": 77.99930555555555,
        "n_entries_long": 19,
        "n_entries_short": 71,
        "n_fills_long": 31,
        "n_fills_short": 370,
        "n_ientries_long": 12,
        "n_ientries_short": 9,
        "n_normal_closes_long": 12,
        "n_normal_closes_short": 25,
        "n_rentries_long": 7,
        "n_rentries_short": 19,
        "n_unstuck_closes_long": 0,
        "n_unstuck_closes_short": 274,
        "n_unstuck_entries_long": 0,
        "n_unstuck_entries_short": 43,
        "net_pnl_plus_fees_long": 237.79706564999972,
        "net_pnl_plus_fees_short": 3901.552061769998,
        "pa_distance_max_long": 0.3913865606454813,
        "pa_distance_max_short": 0.19307506988152473,
        "pa_distance_mean_long": 0.09597571682736354,
        "pa_distance_mean_short": 0.04534823024321215,
        "pa_distance_std_long": 0.07976060817351359,
        "pa_distance_std_short": 0.035121432690597185,
        "pnl_sum_long": 238.90149999999971,
        "pnl_sum_short": 3911.162299999998,
        "profit_sum_long": 238.90149999999971,
        "profit_sum_short": 3942.0720099019727,
        "starting_balance": 100000.0,
        "symbol": "AAVEUSDT",
        "volume_quote_long": 11044.343500000003,
        "volume_quote_short": 96102.3823
    }
}