{"config_name": "recursive_grid_1_symbols_78days",
 "logging_level": 0,
 "long": {"auto_unstuck_ema_dist": 0.025486811614302197,
          "auto_unstuck_wallet_exposure_threshold": 0.853877698185767,
          "backwards_tp": true,
          "ddown_factor": 2.69404107268271,
          "ema_span_0": 3094.32897728074,
          "ema_span_1": 3613.52413365511,
          "enabled": true,
          "initial_eprice_ema_dist": -0.06613837401509409,
          "initial_qty_pct": 0.040204481308466794,
          "markup_range": 0.020727010420721642,
          "min_markup": 0.04532918534168302,
          "n_close_orders": 14,
          "rentry_pprice_dist": 0.04139827818084291,
          "rentry_pprice_dist_wallet_exposure_weighting": 81.66614117839565,
          "wallet_exposure_limit": 0.1},
 "short": {"auto_unstuck_ema_dist": 0.06448065738493355,
           "auto_unstuck_wallet_exposure_threshold": 0.38619977183692555,
           "backwards_tp": true,
           "ddown_factor": 0.44434205238982627,
           "ema_span_0": 3730.9480867669636,
           "ema_span_1": 3126.20346324155,
           "enabled": true,
           "initial_eprice_ema_dist": -0.0716338576338285,
           "initial_qty_pct": 0.049665032340746526,
           "markup_range": 0.038261267940674235,
           "min_markup": 0.03446188620570691,
           "n_close_orders": 5,
           "rentry_pprice_dist": 0.020747310822553742,
           "rentry_pprice_dist_wallet_exposure_weighting": 11.207138465976742,
           "wallet_exposure_limit": 0.1}}