{"config_name": "recursive_grid_1_symbols_78days",
 "logging_level": 0,
 "long": {"auto_unstuck_ema_dist": 0.07748644077065865,
          "auto_unstuck_wallet_exposure_threshold": 0.4645506305551429,
          "backwards_tp": true,
          "ddown_factor": 1.9617422796458204,
          "ema_span_0": 3228.7596837555247,
          "ema_span_1": 1630.8638580005268,
          "enabled": true,
          "initial_eprice_ema_dist": -0.09688703904371404,
          "initial_qty_pct": 0.026466587770794477,
          "markup_range": 0.044679535278505385,
          "min_markup": 0.048809316665376995,
          "n_close_orders": 10,
          "rentry_pprice_dist": 0.018198719600998857,
          "rentry_pprice_dist_wallet_exposure_weighting": 81.24865917319006,
          "wallet_exposure_limit": 0.1},
 "short": {"auto_unstuck_ema_dist": 0.06481566330058595,
           "auto_unstuck_wallet_exposure_threshold": 0.7221097104153171,
           "backwards_tp": true,
           "ddown_factor": 0.24686889504426818,
           "ema_span_0": 2451.4008436738054,
           "ema_span_1": 3615.571044245482,
           "enabled": true,
           "initial_eprice_ema_dist": -0.02425729551178328,
           "initial_qty_pct": 0.03961502336396902,
           "markup_range": 0.05970413339658107,
           "min_markup": 0.047160354330902696,
           "n_close_orders": 5,
           "rentry_pprice_dist": 0.030877744565627238,
           "rentry_pprice_dist_wallet_exposure_weighting": 76.08665721691759,
           "wallet_exposure_limit": 0.1}}