{"config_name": "recursive_grid_1_symbols_78days",
 "logging_level": 0,
 "long": {"auto_unstuck_ema_dist": 0.057084982912647776,
          "auto_unstuck_wallet_exposure_threshold": 0.853877698185767,
          "backwards_tp": true,
          "ddown_factor": 0.1636524660187012,
          "ema_span_0": 3124.2129922657427,
          "ema_span_1": 1935.2954640951054,
          "enabled": true,
          "initial_eprice_ema_dist": -0.00946413153315881,
          "initial_qty_pct": 0.017049261893161652,
          "markup_range": 0.037661510443185574,
          "min_markup": 0.05747425783186992,
          "n_close_orders": 10,
          "rentry_pprice_dist": 0.033728079475171424,
          "rentry_pprice_dist_wallet_exposure_weighting": 38.7074102761285,
          "wallet_exposure_limit": 0.1},
 "short": {"auto_unstuck_ema_dist": 0.07727755939135082,
           "auto_unstuck_wallet_exposure_threshold": 0.11016398790588222,
           "backwards_tp": true,
           "ddown_factor": 2.8312106169929017,
           "ema_span_0": 1724.8838140049434,
           "ema_span_1": 2659.8754634133993,
           "enabled": true,
           "initial_eprice_ema_dist": -0.009544754752523615,
           "initial_qty_pct": 0.019971363212651767,
           "markup_range": 0.030603064491234525,
           "min_markup": 0.052400419481960114,
           "n_close_orders": 7,
           "rentry_pprice_dist": 0.005535894955465423,
           "rentry_pprice_dist_wallet_exposure_weighting": 10.87928015190139,
           "wallet_exposure_limit": 0.1}}