{"config_name": "recursive_grid_1_symbols_78days",
 "logging_level": 0,
 "long": {"auto_unstuck_ema_dist": 0.057084982912647776,
          "auto_unstuck_wallet_exposure_threshold": 0.853877698185767,
          "backwards_tp": true,
          "ddown_factor": 0.1636524660187012,
          "ema_span_0": 3124.2129922657427,
          "ema_span_1": 1935.2954640951054,
          "enabled": true,
          "initial_eprice_ema_dist": -0.00946413153315881,
          "initial_qty_pct": 0.017049261893161652,
          "markup_range": 0.037661510443185574,
          "min_markup": 0.05747425783186992,
          "n_close_orders": 10,
          "rentry_pprice_dist": 0.033728079475171424,
          "rentry_pprice_dist_wallet_exposure_weighting": 38.7074102761285,
          "wallet_exposure_limit": 0.1},
 "short": {"auto_unstuck_ema_dist": 0.07803553215640786,
           "auto_unstuck_wallet_exposure_threshold": 0.17027647418532144,
           "backwards_tp": true,
           "ddown_factor": 2.1678826412392684,
           "ema_span_0": 1041.599951489448,
           "ema_span_1": 2522.291068714261,
           "enabled": true,
           "initial_eprice_ema_dist": -0.005461211195214005,
           "initial_qty_pct": 0.042339870989100255,
           "markup_range": 0.048304372105380494,
           "min_markup": 0.05983759286002311,
           "n_close_orders": 5,
           "rentry_pprice_dist": 0.005677827230536737,
           "rentry_pprice_dist_wallet_exposure_weighting": 14.274231037935127,
           "wallet_exposure_limit": 0.1}}