{"config_name": "recursive_grid_1_symbols_78days",
 "logging_level": 0,
 "long": {"auto_unstuck_ema_dist": 0.057084982912647776,
          "auto_unstuck_wallet_exposure_threshold": 0.853877698185767,
          "backwards_tp": true,
          "ddown_factor": 0.1636524660187012,
          "ema_span_0": 3124.2129922657427,
          "ema_span_1": 1935.2954640951054,
          "enabled": true,
          "initial_eprice_ema_dist": -0.00946413153315881,
          "initial_qty_pct": 0.017049261893161652,
          "markup_range": 0.037661510443185574,
          "min_markup": 0.05747425783186992,
          "n_close_orders": 10,
          "rentry_pprice_dist": 0.033728079475171424,
          "rentry_pprice_dist_wallet_exposure_weighting": 38.7074102761285,
          "wallet_exposure_limit": 0.1},
 "short": {"auto_unstuck_ema_dist": 0.07787139880236363,
           "auto_unstuck_wallet_exposure_threshold": 0.0365908999747119,
           "backwards_tp": true,
           "ddown_factor": 2.8923960608843986,
           "ema_span_0": 1724.8838140049434,
           "ema_span_1": 2826.9096145129156,
           "enabled": true,
           "initial_eprice_ema_dist": -0.061586349762878474,
           "initial_qty_pct": 0.01757906507588724,
           "markup_range": 0.04906695814262791,
           "min_markup": 0.054693814879591025,
           "n_close_orders": 13,
           "rentry_pprice_dist": 0.0104887365975411,
           "rentry_pprice_dist_wallet_exposure_weighting": 10.160236686256145,
           "wallet_exposure_limit": 0.1}}