{
    "AAVEUSDT": {
        "DGstd_long": 0.0020235725321168883,
        "DGstd_short": 0.004726938183094695,
        "adg_DGstd_ratio_long": 0.18961211570414777,
        "adg_DGstd_ratio_short": 0.09241224935530117,
        "adg_long": 0.0003836938690954827,
        "adg_per_exposure_long": 0.003836938690954827,
        "adg_per_exposure_short": 0.004368269900632412,
        "adg_realized_long": 0.00037679291564862716,
        "adg_realized_per_exposure_long": 0.0037679291564862716,
        "adg_realized_per_exposure_short": 0.006944228251311024,
        "adg_realized_short": 0.0006944228251311024,
        "adg_short": 0.00043682699006324116,
        "avg_fills_per_day_long": 1.448730846962669,
        "avg_fills_per_day_short": 2.1923272108904106,
        "biggest_psize_long": 87.48,
        "biggest_psize_quote_long": 10200.724000000002,
        "biggest_psize_quote_short": 10567.043010314277,
        "biggest_psize_short": 82.41,
        "closest_bkr_long": 1.0,
        "closest_bkr_short": 1.0,
        "eqbal_ratio_mean_long": 1.0000395904053425,
        "eqbal_ratio_mean_short": 0.9969645094486246,
        "eqbal_ratio_min_long": 0.9885741864160783,
        "eqbal_ratio_min_short": 0.9723505085089632,
        "exchange": "bybit",
        "fee_sum_long": -7.074481939999999,
        "fee_sum_short": -12.680112309999998,
        "final_balance_long": 102982.00211805991,
        "final_balance_short": 105563.83977737578,
        "final_equity_long": 102982.00211805991,
        "final_equity_short": 103332.18258769005,
        "gain_long": 0.02989076599999997,
        "gain_short": 0.055765198896857174,
        "hrs_stuck_avg": 28.799743589743592,
        "hrs_stuck_avg_long": 28.799743589743592,
        "hrs_stuck_avg_short": 23.399791666666665,
        "hrs_stuck_max": 268.28333333333336,
        "hrs_stuck_max_long": 268.28333333333336,
        "hrs_stuck_max_short": 233.5,
        "loss_sum_long": 0.0,
        "loss_sum_short": -65.85355766840276,
        "n_closes_long": 34,
        "n_closes_short": 121,
        "n_days": 77.99930555555555,
        "n_entries_long": 79,
        "n_entries_short": 50,
        "n_fills_long": 113,
        "n_fills_short": 171,
        "n_ientries_long": 7,
        "n_ientries_short": 7,
        "n_normal_closes_long": 34,
        "n_normal_closes_short": 32,
        "n_rentries_long": 20,
        "n_rentries_short": 23,
        "n_unstuck_closes_long": 0,
        "n_unstuck_closes_short": 89,
        "n_unstuck_entries_long": 52,
        "n_unstuck_entries_short": 20,
        "net_pnl_plus_fees_long": 2982.002118059997,
        "net_pnl_plus_fees_short": 5563.839777375717,
        "pa_distance_max_long": 0.28852242593018257,
        "pa_distance_max_short": 0.21643358976811344,
        "pa_distance_mean_long": 0.04783298374398184,
        "pa_distance_mean_short": 0.06240428794132753,
        "pa_distance_std_long": 0.034304238269771574,
        "pa_distance_std_short": 0.044324660438216354,
        "pnl_sum_long": 2989.076599999997,
        "pnl_sum_short": 5576.519889685717,
        "profit_sum_long": 2989.076599999997,
        "profit_sum_short": 5642.373447354119,
        "starting_balance": 100000.0,
        "symbol": "AAVEUSDT",
        "volume_quote_long": 70744.8194,
        "volume_quote_short": 126801.1231
    }
}