{"config_name": "recursive_grid_1_symbols_78days",
 "logging_level": 0,
 "long": {"auto_unstuck_ema_dist": 0.010945438575150734,
          "auto_unstuck_wallet_exposure_threshold": 0.8441958814851076,
          "backwards_tp": true,
          "ddown_factor": 0.60263805912155,
          "ema_span_0": 3532.4418829125875,
          "ema_span_1": 1611.9228642490305,
          "enabled": true,
          "initial_eprice_ema_dist": -0.04524366392870939,
          "initial_qty_pct": 0.013711377274580184,
          "markup_range": 0.056743609956934685,
          "min_markup": 0.057016342431824595,
          "n_close_orders": 5,
          "rentry_pprice_dist": 0.033728079475171424,
          "rentry_pprice_dist_wallet_exposure_weighting": 38.7074102761285,
          "wallet_exposure_limit": 0.1},
 "short": {"auto_unstuck_ema_dist": 0.07787139880236363,
           "auto_unstuck_wallet_exposure_threshold": 0.0365908999747119,
           "backwards_tp": true,
           "ddown_factor": 2.8923960608843986,
           "ema_span_0": 1724.8838140049434,
           "ema_span_1": 2826.9096145129156,
           "enabled": true,
           "initial_eprice_ema_dist": -0.061586349762878474,
           "initial_qty_pct": 0.01757906507588724,
           "markup_range": 0.04906695814262791,
           "min_markup": 0.054693814879591025,
           "n_close_orders": 13,
           "rentry_pprice_dist": 0.0104887365975411,
           "rentry_pprice_dist_wallet_exposure_weighting": 10.160236686256145,
           "wallet_exposure_limit": 0.1}}