{
    "AAVEUSDT": {
        "DGstd_long": 0.0028823342987839866,
        "DGstd_short": 0.0046214926720056105,
        "adg_DGstd_ratio_long": 0.14698363500693695,
        "adg_DGstd_ratio_short": 0.1290345836622523,
        "adg_long": 0.0004236559725404411,
        "adg_per_exposure_long": 0.00423655972540441,
        "adg_per_exposure_short": 0.005963323828303939,
        "adg_realized_long": 0.0004143921323862543,
        "adg_realized_per_exposure_long": 0.004143921323862543,
        "adg_realized_per_exposure_short": 0.008870971160455099,
        "adg_realized_short": 0.0008870971160455099,
        "adg_short": 0.0005963323828303939,
        "avg_fills_per_day_long": 2.8846410669610663,
        "avg_fills_per_day_short": 3.9615737319598647,
        "biggest_psize_long": 78.15,
        "biggest_psize_quote_long": 10261.097794460162,
        "biggest_psize_quote_short": 10727.467555093555,
        "biggest_psize_short": 86.58,
        "closest_bkr_long": 1.0,
        "closest_bkr_short": 1.0,
        "eqbal_ratio_mean_long": 0.999573517366902,
        "eqbal_ratio_mean_short": 0.997637864134959,
        "eqbal_ratio_min_long": 0.9805966038535691,
        "eqbal_ratio_min_short": 0.9695660769209359,
        "exchange": "bybit",
        "fee_sum_long": -17.59742834,
        "fee_sum_short": -18.75363303,
        "final_balance_long": 103284.34227166015,
        "final_balance_short": 107161.0103118763,
        "final_equity_long": 103282.64397166015,
        "final_equity_short": 104612.43686696986,
        "gain_long": 0.03301939699999997,
        "gain_short": 0.07179763944906456,
        "hrs_stuck_avg": 19.705087719298245,
        "hrs_stuck_avg_long": 19.705087719298245,
        "hrs_stuck_avg_short": 11.773480083857441,
        "hrs_stuck_max": 237.6,
        "hrs_stuck_max_long": 237.6,
        "hrs_stuck_max_short": 183.2,
        "loss_sum_long": -499.1427600289246,
        "loss_sum_short": -21.323217722854075,
        "n_closes_long": 100,
        "n_closes_short": 223,
        "n_days": 77.99930555555555,
        "n_entries_long": 125,
        "n_entries_short": 86,
        "n_fills_long": 225,
        "n_fills_short": 309,
        "n_ientries_long": 9,
        "n_ientries_short": 13,
        "n_normal_closes_long": 19,
        "n_normal_closes_short": 96,
        "n_rentries_long": 40,
        "n_rentries_short": 34,
        "n_unstuck_closes_long": 81,
        "n_unstuck_closes_short": 127,
        "n_unstuck_entries_long": 76,
        "n_unstuck_entries_short": 39,
        "net_pnl_plus_fees_long": 3284.342271659997,
        "net_pnl_plus_fees_short": 7161.0103118764555,
        "pa_distance_max_long": 0.2404078069487038,
        "pa_distance_max_short": 0.23313869150700364,
        "pa_distance_mean_long": 0.0483360533642648,
        "pa_distance_mean_short": 0.04764024702163947,
        "pa_distance_std_long": 0.035891260151951196,
        "pa_distance_std_short": 0.042908631915550076,
        "pnl_sum_long": 3301.939699999997,
        "pnl_sum_short": 7179.763944906455,
        "profit_sum_long": 3801.082460028922,
        "profit_sum_short": 7201.087162629309,
        "starting_balance": 100000.0,
        "symbol": "AAVEUSDT",
        "volume_quote_long": 175974.2834,
        "volume_quote_short": 187536.33029999997
    }
}