{
    "AAVEUSDT": {
        "DGstd_long": 0.002145622506310222,
        "DGstd_short": 0.005292962736094541,
        "adg_DGstd_ratio_long": 0.20855073853027867,
        "adg_DGstd_ratio_short": 0.06440599799145245,
        "adg_long": 0.00044747115829818425,
        "adg_per_exposure_long": 0.004474711582981843,
        "adg_per_exposure_short": 0.003408985473497377,
        "adg_realized_long": 0.00043980915960317724,
        "adg_realized_per_exposure_long": 0.004398091596031772,
        "adg_realized_per_exposure_short": 0.007472237534513759,
        "adg_realized_short": 0.0007472237534513759,
        "adg_short": 0.0003408985473497377,
        "avg_fills_per_day_long": 1.6153989974981973,
        "avg_fills_per_day_short": 2.615407900711367,
        "biggest_psize_long": 79.38,
        "biggest_psize_quote_long": 10253.235499999999,
        "biggest_psize_quote_short": 10611.799999999997,
        "biggest_psize_short": 89.55,
        "closest_bkr_long": 1.0,
        "closest_bkr_short": 1.0,
        "eqbal_ratio_mean_long": 0.9995188023837135,
        "eqbal_ratio_mean_short": 0.995391777313479,
        "eqbal_ratio_min_long": 0.982276504116987,
        "eqbal_ratio_min_short": 0.9603369808001924,
        "exchange": "bybit",
        "fee_sum_long": -10.409322480000004,
        "fee_sum_short": -13.365290039999998,
        "final_balance_long": 103489.22007752005,
        "final_balance_short": 105999.1797099599,
        "final_equity_long": 103486.72107752005,
        "final_equity_short": 102549.8387099599,
        "gain_long": 0.03499629399999999,
        "gain_short": 0.060125450000000004,
        "hrs_stuck_avg": 25.643607305936072,
        "hrs_stuck_avg_long": 25.643607305936072,
        "hrs_stuck_avg_short": 20.347644927536233,
        "hrs_stuck_max": 268.28333333333336,
        "hrs_stuck_max_long": 268.28333333333336,
        "hrs_stuck_max_short": 257.21666666666664,
        "loss_sum_long": 0.0,
        "loss_sum_short": -83.29724771327882,
        "n_closes_long": 45,
        "n_closes_short": 155,
        "n_days": 77.99930555555555,
        "n_entries_long": 81,
        "n_entries_short": 49,
        "n_fills_long": 126,
        "n_fills_short": 204,
        "n_ientries_long": 11,
        "n_ientries_short": 9,
        "n_normal_closes_long": 31,
        "n_normal_closes_short": 47,
        "n_rentries_long": 28,
        "n_rentries_short": 23,
        "n_unstuck_closes_long": 14,
        "n_unstuck_closes_short": 108,
        "n_unstuck_entries_long": 42,
        "n_unstuck_entries_short": 17,
        "net_pnl_plus_fees_long": 3489.2200775199994,
        "net_pnl_plus_fees_short": 5999.17970996,
        "pa_distance_max_long": 0.24211856560048142,
        "pa_distance_max_short": 0.28376309538694455,
        "pa_distance_mean_long": 0.053928999862286574,
        "pa_distance_mean_short": 0.06565591791371238,
        "pa_distance_std_long": 0.03997266516345338,
        "pa_distance_std_short": 0.05670595284654685,
        "pnl_sum_long": 3499.6293999999994,
        "pnl_sum_short": 6012.545,
        "profit_sum_long": 3499.6293999999994,
        "profit_sum_short": 6095.842247713277,
        "starting_balance": 100000.0,
        "symbol": "AAVEUSDT",
        "volume_quote_long": 104093.2248,
        "volume_quote_short": 133652.9004
    }
}