{
    "AAVEUSDT": {
        "DGstd_long": 0.0027724796108154082,
        "DGstd_short": 0.004619554997657971,
        "adg_DGstd_ratio_long": 0.20566964894147266,
        "adg_DGstd_ratio_short": 0.13814736503151184,
        "adg_long": 0.0005702149082537957,
        "adg_per_exposure_long": 0.005702149082537957,
        "adg_per_exposure_short": 0.006381793505446005,
        "adg_realized_long": 0.0005585640862169061,
        "adg_realized_per_exposure_long": 0.005585640862169061,
        "adg_realized_per_exposure_short": 0.009338296774599186,
        "adg_realized_short": 0.0009338296774599186,
        "adg_short": 0.0006381793505446005,
        "avg_fills_per_day_long": 3.153874233210766,
        "avg_fills_per_day_short": 1.4359102199983975,
        "biggest_psize_long": 79.44,
        "biggest_psize_quote_long": 10366.921255476576,
        "biggest_psize_quote_short": 10766.621430523523,
        "biggest_psize_short": 86.72,
        "closest_bkr_long": 1.0,
        "closest_bkr_short": 1.0,
        "eqbal_ratio_mean_long": 0.9995740259544476,
        "eqbal_ratio_mean_short": 0.9982235168408561,
        "eqbal_ratio_min_long": 0.9831228237235208,
        "eqbal_ratio_min_short": 0.9691331431213358,
        "exchange": "bybit",
        "fee_sum_long": -17.73631666,
        "fee_sum_short": -16.31630556,
        "final_balance_long": 104451.79088333988,
        "final_balance_short": 107551.97986391652,
        "final_equity_long": 104456.81088333989,
        "final_equity_short": 104949.91849444005,
        "gain_long": 0.04469527199999993,
        "gain_short": 0.07568296169476481,
        "hrs_stuck_avg": 21.033520599250938,
        "hrs_stuck_avg_long": 21.033520599250938,
        "hrs_stuck_avg_short": 20.347644927536233,
        "hrs_stuck_max": 262.4,
        "hrs_stuck_max_long": 262.4,
        "hrs_stuck_max_short": 152.93333333333334,
        "loss_sum_long": -182.2220290204188,
        "loss_sum_short": 0.0,
        "n_closes_long": 126,
        "n_closes_short": 49,
        "n_days": 77.99930555555555,
        "n_entries_long": 120,
        "n_entries_short": 63,
        "n_fills_long": 246,
        "n_fills_short": 112,
        "n_ientries_long": 10,
        "n_ientries_short": 10,
        "n_normal_closes_long": 25,
        "n_normal_closes_short": 49,
        "n_rentries_long": 24,
        "n_rentries_short": 53,
        "n_unstuck_closes_long": 101,
        "n_unstuck_closes_short": 0,
        "n_unstuck_entries_long": 86,
        "n_unstuck_entries_short": 0,
        "net_pnl_plus_fees_long": 4451.790883339993,
        "net_pnl_plus_fees_short": 7551.979863916481,
        "pa_distance_max_long": 0.2623362633229845,
        "pa_distance_max_short": 0.23567330941358003,
        "pa_distance_mean_long": 0.055699435351212606,
        "pa_distance_mean_short": 0.04968486661225646,
        "pa_distance_std_long": 0.04312109188242527,
        "pa_distance_std_short": 0.04299815859513235,
        "pnl_sum_long": 4469.527199999993,
        "pnl_sum_short": 7568.296169476481,
        "profit_sum_long": 4651.749229020412,
        "profit_sum_short": 7568.29616947648,
        "starting_balance": 100000.0,
        "symbol": "AAVEUSDT",
        "volume_quote_long": 177363.16660000003,
        "volume_quote_short": 163163.0556
    }
}