{"config_name": "recursive_grid_1_symbols_78days",
 "logging_level": 0,
 "long": {"auto_unstuck_ema_dist": 0.038754995456253695,
          "auto_unstuck_wallet_exposure_threshold": 0.8660946706688978,
          "backwards_tp": true,
          "ddown_factor": 0.5855170796811918,
          "ema_span_0": 1023.5600756007932,
          "ema_span_1": 1934.1178144962369,
          "enabled": true,
          "initial_eprice_ema_dist": -0.0672574940281501,
          "initial_qty_pct": 0.014568223584480022,
          "markup_range": 0.05555978020760005,
          "min_markup": 0.05875291998722644,
          "n_close_orders": 10,
          "rentry_pprice_dist": 0.03470127782313436,
          "rentry_pprice_dist_wallet_exposure_weighting": 40.85175170267009,
          "wallet_exposure_limit": 0.1},
 "short": {"auto_unstuck_ema_dist": 0.08020948622419309,
           "auto_unstuck_wallet_exposure_threshold": 0.02996772918406654,
           "backwards_tp": true,
           "ddown_factor": 2.7128572675977787,
           "ema_span_0": 2692.876397275798,
           "ema_span_1": 2826.9096145129156,
           "enabled": true,
           "initial_eprice_ema_dist": -0.005461211195214005,
           "initial_qty_pct": 0.020095356867986004,
           "markup_range": 0.04773341996950596,
           "min_markup": 0.05851338825655221,
           "n_close_orders": 7,
           "rentry_pprice_dist": 0.007604799301694802,
           "rentry_pprice_dist_wallet_exposure_weighting": 14.274231037935127,
           "wallet_exposure_limit": 0.1}}