{
    "AAVEUSDT": {
        "DGstd_long": 0.0026171387641887446,
        "DGstd_short": 0.004529426001975234,
        "adg_DGstd_ratio_long": 0.1555683518017197,
        "adg_DGstd_ratio_short": 0.1639855790722597,
        "adg_long": 0.0004071439639812326,
        "adg_per_exposure_long": 0.004071439639812326,
        "adg_per_exposure_short": 0.0074276054579885875,
        "adg_realized_long": 0.00039785869404806995,
        "adg_realized_per_exposure_long": 0.0039785869404806995,
        "adg_realized_per_exposure_short": 0.010181640998123687,
        "adg_realized_short": 0.0010181640998123687,
        "adg_short": 0.0007427605457988588,
        "avg_fills_per_day_long": 1.230780188570055,
        "avg_fills_per_day_short": 1.6795021323195543,
        "biggest_psize_long": 83.09,
        "biggest_psize_quote_long": 10211.531700000001,
        "biggest_psize_quote_short": 10838.146251181288,
        "biggest_psize_short": 86.77,
        "closest_bkr_long": 1.0,
        "closest_bkr_short": 1.0,
        "eqbal_ratio_mean_long": 0.9985911273632653,
        "eqbal_ratio_mean_short": 0.9983214760722919,
        "eqbal_ratio_min_long": 0.9805918800979215,
        "eqbal_ratio_min_short": 0.9706837051458254,
        "exchange": "bybit",
        "fee_sum_long": -6.7020268000000005,
        "fee_sum_short": -18.11337831,
        "final_balance_long": 103151.2869732,
        "final_balance_short": 108261.09727050868,
        "final_equity_long": 103157.2017732,
        "final_equity_short": 105801.21972168997,
        "gain_long": 0.031579890000000006,
        "gain_short": 0.08279210648818716,
        "hrs_stuck_avg": 28.799743589743592,
        "hrs_stuck_avg_long": 28.799743589743592,
        "hrs_stuck_avg_short": 17.17415902140673,
        "hrs_stuck_max": 335.28333333333336,
        "hrs_stuck_max_long": 335.28333333333336,
        "hrs_stuck_max_short": 152.93333333333334,
        "loss_sum_long": 0.0,
        "loss_sum_short": 0.0,
        "n_closes_long": 42,
        "n_closes_short": 62,
        "n_days": 77.99930555555555,
        "n_entries_long": 54,
        "n_entries_short": 69,
        "n_fills_long": 96,
        "n_fills_short": 131,
        "n_ientries_long": 7,
        "n_ientries_short": 11,
        "n_normal_closes_long": 42,
        "n_normal_closes_short": 62,
        "n_rentries_long": 23,
        "n_rentries_short": 58,
        "n_unstuck_closes_long": 0,
        "n_unstuck_closes_short": 0,
        "n_unstuck_entries_long": 24,
        "n_unstuck_entries_short": 0,
        "net_pnl_plus_fees_long": 3151.2869732000004,
        "net_pnl_plus_fees_short": 8261.097270508717,
        "pa_distance_max_long": 0.26747720872042025,
        "pa_distance_max_short": 0.2265075075553282,
        "pa_distance_mean_long": 0.0649824209050527,
        "pa_distance_mean_short": 0.0479443900771516,
        "pa_distance_std_long": 0.04449457616825289,
        "pa_distance_std_short": 0.041430175317311295,
        "pnl_sum_long": 3157.9890000000005,
        "pnl_sum_short": 8279.210648818716,
        "profit_sum_long": 3157.9889999999996,
        "profit_sum_short": 8279.210648818716,
        "starting_balance": 100000.0,
        "symbol": "AAVEUSDT",
        "volume_quote_long": 67020.268,
        "volume_quote_short": 181133.7831
    }
}