{"config_name": "recursive_grid_1_symbols_78days",
 "logging_level": 0,
 "long": {"auto_unstuck_ema_dist": 0.038754995456253695,
          "auto_unstuck_wallet_exposure_threshold": 0.8660946706688978,
          "backwards_tp": true,
          "ddown_factor": 0.4664591986235414,
          "ema_span_0": 1705.4180280876908,
          "ema_span_1": 3383.2442057575354,
          "enabled": true,
          "initial_eprice_ema_dist": -0.0518739710691542,
          "initial_qty_pct": 0.01641599250522976,
          "markup_range": 0.055653462911018824,
          "min_markup": 0.058422626280144836,
          "n_close_orders": 11,
          "rentry_pprice_dist": 0.03470127782313436,
          "rentry_pprice_dist_wallet_exposure_weighting": 34.73147460985511,
          "wallet_exposure_limit": 0.1},
 "short": {"auto_unstuck_ema_dist": 0.05519971184872083,
           "auto_unstuck_wallet_exposure_threshold": 0,
           "backwards_tp": true,
           "ddown_factor": 2.751052540310794,
           "ema_span_0": 2804.455850964596,
           "ema_span_1": 2598.383110521404,
           "enabled": true,
           "initial_eprice_ema_dist": -0.004839159394415359,
           "initial_qty_pct": 0.01859427572732732,
           "markup_range": 0.05132624732471194,
           "min_markup": 0.05736297276224378,
           "n_close_orders": 7,
           "rentry_pprice_dist": 0.007166238749137309,
           "rentry_pprice_dist_wallet_exposure_weighting": 15.589651975893183,
           "wallet_exposure_limit": 0.1}}