{"config_name": "neat_grid_0days",
 "logging_level": 0,
 "long": {"auto_unstuck_delay_minutes": 787.8331786172365,
          "auto_unstuck_ema_dist": -0.03667792420395926,
          "auto_unstuck_qty_pct": 0.015701803652422408,
          "auto_unstuck_wallet_exposure_threshold": 0.2366608266262224,
          "backwards_tp": true,
          "ema_span_0": 1408.695261728532,
          "ema_span_1": 1371.4335463754119,
          "enabled": true,
          "eprice_exp_base": 1.028828281639147,
          "eqty_exp_base": 1.8128074445730387,
          "grid_span": 0.24550538193223348,
          "initial_eprice_ema_dist": 0.0020315599365626704,
          "initial_qty_pct": 0.010578020662333943,
          "markup_range": 0.008288451334210495,
          "max_n_entry_orders": 11,
          "min_markup": 0.008739490567265194,
          "n_close_orders": 14,
          "wallet_exposure_limit": 1},
 "short": {"auto_unstuck_delay_minutes": 1237.4999373069681,
           "auto_unstuck_ema_dist": 0.003,
           "auto_unstuck_qty_pct": 0.01,
           "auto_unstuck_wallet_exposure_threshold": 0.9,
           "backwards_tp": true,
           "ema_span_0": 5,
           "ema_span_1": 1440,
           "enabled": true,
           "eprice_exp_base": 1,
           "eqty_exp_base": 2.1989590660571885,
           "grid_span": 0.33892290410490394,
           "initial_eprice_ema_dist": -0.018790813290638135,
           "initial_qty_pct": 0.01,
           "markup_range": 0.0071795431272730845,
           "max_n_entry_orders": 15,
           "min_markup": 0.001,
           "n_close_orders": 11,
           "wallet_exposure_limit": 1}}