{"config_name": "neat_grid_0days",
 "logging_level": 0,
 "long": {"auto_unstuck_delay_minutes": 155.94365352081996,
          "auto_unstuck_ema_dist": -0.031330482695477675,
          "auto_unstuck_qty_pct": 0.011037485750127569,
          "auto_unstuck_wallet_exposure_threshold": 0.16443170038577976,
          "backwards_tp": true,
          "ema_span_0": 1440,
          "ema_span_1": 5,
          "enabled": true,
          "eprice_exp_base": 1.1727247100550446,
          "eqty_exp_base": 1,
          "grid_span": 0.18183233414625083,
          "initial_eprice_ema_dist": 0.003,
          "initial_qty_pct": 0.025220122290467033,
          "markup_range": 0.0,
          "max_n_entry_orders": 12,
          "min_markup": 0.007132025701123874,
          "n_close_orders": 10,
          "wallet_exposure_limit": 1},
 "short": {"auto_unstuck_delay_minutes": 785.4006834037972,
           "auto_unstuck_ema_dist": -0.051730367436705775,
           "auto_unstuck_qty_pct": 0.07554281736406125,
           "auto_unstuck_wallet_exposure_threshold": 0.19751925574898466,
           "backwards_tp": true,
           "ema_span_0": 59.69206088029268,
           "ema_span_1": 1041.8244783192151,
           "enabled": true,
           "eprice_exp_base": 1.4714498227465853,
           "eqty_exp_base": 1.000835550801169,
           "grid_span": 0.2306934353010229,
           "initial_eprice_ema_dist": 0.002057489932875474,
           "initial_qty_pct": 0.010019782803655964,
           "markup_range": 0.007097203768417678,
           "max_n_entry_orders": 10,
           "min_markup": 0.0022751390977693514,
           "n_close_orders": 8,
           "wallet_exposure_limit": 1}}