{"config_name": "neat_grid_0days",
 "logging_level": 0,
 "long": {"auto_unstuck_delay_minutes": 781.1069973944801,
          "auto_unstuck_ema_dist": -0.04041194891053113,
          "auto_unstuck_qty_pct": 0.013039336957362266,
          "auto_unstuck_wallet_exposure_threshold": 0.21005762329714173,
          "backwards_tp": true,
          "ema_span_0": 1089.3533422202247,
          "ema_span_1": 645.6438460818256,
          "enabled": true,
          "eprice_exp_base": 1.432400111323191,
          "eqty_exp_base": 2.6182858260856072,
          "grid_span": 0.1564882409441415,
          "initial_eprice_ema_dist": 0.002991926780557061,
          "initial_qty_pct": 0.01136107219949211,
          "markup_range": 0.005102629400112615,
          "max_n_entry_orders": 7,
          "min_markup": 0.007082499507288377,
          "n_close_orders": 4,
          "wallet_exposure_limit": 1},
 "short": {"auto_unstuck_delay_minutes": 1359.4689326610724,
           "auto_unstuck_ema_dist": -0.051663487918414464,
           "auto_unstuck_qty_pct": 0.023890178075515717,
           "auto_unstuck_wallet_exposure_threshold": 0.31982471830433074,
           "backwards_tp": true,
           "ema_span_0": 603.9681152694282,
           "ema_span_1": 652.061371013621,
           "enabled": true,
           "eprice_exp_base": 1.1901842714517454,
           "eqty_exp_base": 2.043075923187924,
           "grid_span": 0.3213746699018658,
           "initial_eprice_ema_dist": 0.0025192013399443778,
           "initial_qty_pct": 0.012239306507351184,
           "markup_range": 0.01467108329388343,
           "max_n_entry_orders": 9,
           "min_markup": 0.005722437728137075,
           "n_close_orders": 11,
           "wallet_exposure_limit": 1}}