{"config_name": "neat_grid_0days",
 "logging_level": 0,
 "long": {"auto_unstuck_delay_minutes": 1331.226465586936,
          "auto_unstuck_ema_dist": -0.030710010040956193,
          "auto_unstuck_qty_pct": 0.03676623799976378,
          "auto_unstuck_wallet_exposure_threshold": 0.20764442753029602,
          "backwards_tp": true,
          "ema_span_0": 1186.5927337355176,
          "ema_span_1": 1356.4151160645233,
          "enabled": true,
          "eprice_exp_base": 1.0875539616837926,
          "eqty_exp_base": 1.0938030782556694,
          "grid_span": 0.23278354062771792,
          "initial_eprice_ema_dist": -0.0017085068565601475,
          "initial_qty_pct": 0.012827758694628896,
          "markup_range": 0.005819836750669177,
          "max_n_entry_orders": 7,
          "min_markup": 0.007150033801455687,
          "n_close_orders": 13,
          "wallet_exposure_limit": 1},
 "short": {"auto_unstuck_delay_minutes": 1385.0434034935572,
           "auto_unstuck_ema_dist": -0.07336392221453619,
           "auto_unstuck_qty_pct": 0.041647237096289036,
           "auto_unstuck_wallet_exposure_threshold": 0.2567189717660962,
           "backwards_tp": true,
           "ema_span_0": 698.9439556665241,
           "ema_span_1": 1420.4838396465016,
           "enabled": true,
           "eprice_exp_base": 1.0674267479608834,
           "eqty_exp_base": 1.7934484576941174,
           "grid_span": 0.12653934155635077,
           "initial_eprice_ema_dist": -0.0030766630450440135,
           "initial_qty_pct": 0.014586123518883684,
           "markup_range": 0.002806837580842318,
           "max_n_entry_orders": 13,
           "min_markup": 0.0035574376635588885,
           "n_close_orders": 10,
           "wallet_exposure_limit": 1}}