{"config_name": "neat_grid_0days",
 "logging_level": 0,
 "long": {"auto_unstuck_delay_minutes": 960.3746234843208,
          "auto_unstuck_ema_dist": -0.048457382791266664,
          "auto_unstuck_qty_pct": 0.012067551003702359,
          "auto_unstuck_wallet_exposure_threshold": 0.10629829000150466,
          "backwards_tp": true,
          "ema_span_0": 640.991129390323,
          "ema_span_1": 1271.5823282216813,
          "enabled": true,
          "eprice_exp_base": 1,
          "eqty_exp_base": 1.3478568273779048,
          "grid_span": 0.11618801342028731,
          "initial_eprice_ema_dist": 0.0026706178053054848,
          "initial_qty_pct": 0.010122020357749307,
          "markup_range": 0.0010743063424602571,
          "max_n_entry_orders": 10,
          "min_markup": 0.0011759232733491204,
          "n_close_orders": 2,
          "wallet_exposure_limit": 1},
 "short": {"auto_unstuck_delay_minutes": 1308.2186661925077,
           "auto_unstuck_ema_dist": -0.0934750257166494,
           "auto_unstuck_qty_pct": 0.03224513039791049,
           "auto_unstuck_wallet_exposure_threshold": 0.15770154600814495,
           "backwards_tp": true,
           "ema_span_0": 1349.2901787249195,
           "ema_span_1": 1070.06420992335,
           "enabled": true,
           "eprice_exp_base": 1.296171087672084,
           "eqty_exp_base": 3.9822375184209213,
           "grid_span": 0.10851564083207263,
           "initial_eprice_ema_dist": 0.00044471489783528395,
           "initial_qty_pct": 0.012984863540821682,
           "markup_range": 0.003038702058401756,
           "max_n_entry_orders": 7,
           "min_markup": 0.0039073711030456265,
           "n_close_orders": 14,
           "wallet_exposure_limit": 1}}