{"config_name": "neat_grid_0days",
 "logging_level": 0,
 "long": {"auto_unstuck_delay_minutes": 339.5994790758884,
          "auto_unstuck_ema_dist": 0.0028645899693683047,
          "auto_unstuck_qty_pct": 0.03132265768095036,
          "auto_unstuck_wallet_exposure_threshold": 0.5165572182325465,
          "backwards_tp": true,
          "ema_span_0": 947.0451699075273,
          "ema_span_1": 1248.1815407884644,
          "enabled": true,
          "eprice_exp_base": 1.000017561978332,
          "eqty_exp_base": 1.3417570761590465,
          "grid_span": 0.11678506903035124,
          "initial_eprice_ema_dist": -0.003104386303793998,
          "initial_qty_pct": 0.014727651883826838,
          "markup_range": 0.0027997015874740134,
          "max_n_entry_orders": 7,
          "min_markup": 0.005332057497285101,
          "n_close_orders": 3,
          "wallet_exposure_limit": 1},
 "short": {"auto_unstuck_delay_minutes": 1440,
           "auto_unstuck_ema_dist": -0.024956187873325486,
           "auto_unstuck_qty_pct": 0.025331561929904593,
           "auto_unstuck_wallet_exposure_threshold": 0.8190738579260033,
           "backwards_tp": true,
           "ema_span_0": 1319.491611923442,
           "ema_span_1": 631.2541202301663,
           "enabled": true,
           "eprice_exp_base": 1,
           "eqty_exp_base": 1.924938541206917,
           "grid_span": 0.1,
           "initial_eprice_ema_dist": -0.038361414732497656,
           "initial_qty_pct": 0.01,
           "markup_range": 0.007839481909906635,
           "max_n_entry_orders": 7,
           "min_markup": 0.007377404605166538,
           "n_close_orders": 2,
           "wallet_exposure_limit": 1}}