{"config_name": "neat_grid_0days",
 "logging_level": 0,
 "long": {"auto_unstuck_delay_minutes": 1115.3699947528382,
          "auto_unstuck_ema_dist": -0.07044616473225777,
          "auto_unstuck_qty_pct": 0.014138674595555215,
          "auto_unstuck_wallet_exposure_threshold": 0.3582822546886966,
          "backwards_tp": true,
          "ema_span_0": 1357.8879697613952,
          "ema_span_1": 1208.1677908379454,
          "enabled": true,
          "eprice_exp_base": 1.0292116781885243,
          "eqty_exp_base": 1.0457803499101623,
          "grid_span": 0.21224632585700248,
          "initial_eprice_ema_dist": 0.002977611590072709,
          "initial_qty_pct": 0.011868191457964613,
          "markup_range": 0.005979515810240324,
          "max_n_entry_orders": 7,
          "min_markup": 0.009737673233377476,
          "n_close_orders": 11,
          "wallet_exposure_limit": 1},
 "short": {"auto_unstuck_delay_minutes": 975.8964491754076,
           "auto_unstuck_ema_dist": -0.010233189214371316,
           "auto_unstuck_qty_pct": 0.012389522982621573,
           "auto_unstuck_wallet_exposure_threshold": 0.6029963414394741,
           "backwards_tp": true,
           "ema_span_0": 1403.619056789173,
           "ema_span_1": 1237.3464438209855,
           "enabled": true,
           "eprice_exp_base": 1.1207151465218443,
           "eqty_exp_base": 3.065396314071371,
           "grid_span": 0.18430668521285287,
           "initial_eprice_ema_dist": -0.0033768145227362966,
           "initial_qty_pct": 0.0157733605014578,
           "markup_range": 0.012073959848216125,
           "max_n_entry_orders": 8,
           "min_markup": 0.005377618159652788,
           "n_close_orders": 2,
           "wallet_exposure_limit": 1}}