{"config_name": "neat_grid_0days",
 "logging_level": 0,
 "long": {"auto_unstuck_delay_minutes": 1121.9715986864321,
          "auto_unstuck_ema_dist": -0.0017489403356026865,
          "auto_unstuck_qty_pct": 0.06007674825845512,
          "auto_unstuck_wallet_exposure_threshold": 0.8623820562773659,
          "backwards_tp": true,
          "ema_span_0": 973.6632787113003,
          "ema_span_1": 1363.5306741727518,
          "enabled": true,
          "eprice_exp_base": 1,
          "eqty_exp_base": 1.1894520330866076,
          "grid_span": 0.2521910391570215,
          "initial_eprice_ema_dist": 0.0029999889024638357,
          "initial_qty_pct": 0.01106606068884545,
          "markup_range": 0.007130633295116195,
          "max_n_entry_orders": 8,
          "min_markup": 0.008461526030130253,
          "n_close_orders": 2,
          "wallet_exposure_limit": 1},
 "short": {"auto_unstuck_delay_minutes": 831.6168268061238,
           "auto_unstuck_ema_dist": -0.034844460612906275,
           "auto_unstuck_qty_pct": 0.043536320765597346,
           "auto_unstuck_wallet_exposure_threshold": 0.6928853433538196,
           "backwards_tp": true,
           "ema_span_0": 1395.1139139848885,
           "ema_span_1": 904.0127022319762,
           "enabled": true,
           "eprice_exp_base": 1.051714084978681,
           "eqty_exp_base": 2.2330269073990845,
           "grid_span": 0.3706598794902383,
           "initial_eprice_ema_dist": -0.004119371354244461,
           "initial_qty_pct": 0.01192080261923647,
           "markup_range": 0.001959166357056209,
           "max_n_entry_orders": 15,
           "min_markup": 0.002573110213104516,
           "n_close_orders": 6,
           "wallet_exposure_limit": 1}}