{"config_name": "neat_grid_0days",
 "logging_level": 0,
 "long": {"auto_unstuck_delay_minutes": 1336.7573258048772,
          "auto_unstuck_ema_dist": -0.014550216868585193,
          "auto_unstuck_qty_pct": 0.01262055538167958,
          "auto_unstuck_wallet_exposure_threshold": 0.6566527773619127,
          "backwards_tp": true,
          "ema_span_0": 1129.8787463090673,
          "ema_span_1": 1436.0225720093367,
          "enabled": true,
          "eprice_exp_base": 1.0683988051320632,
          "eqty_exp_base": 1.5167267263064024,
          "grid_span": 0.3139622716948075,
          "initial_eprice_ema_dist": 0.002995109017244704,
          "initial_qty_pct": 0.011416419921925604,
          "markup_range": 0.010135576363240492,
          "max_n_entry_orders": 8,
          "min_markup": 0.006870955611556277,
          "n_close_orders": 2,
          "wallet_exposure_limit": 1},
 "short": {"auto_unstuck_delay_minutes": 499.03080240035354,
           "auto_unstuck_ema_dist": -0.012937470138787493,
           "auto_unstuck_qty_pct": 0.08184399474128605,
           "auto_unstuck_wallet_exposure_threshold": 0.31955219894094267,
           "backwards_tp": true,
           "ema_span_0": 1393.1943456501938,
           "ema_span_1": 1213.4786702019649,
           "enabled": true,
           "eprice_exp_base": 1,
           "eqty_exp_base": 3.9364141783750206,
           "grid_span": 0.23776868983487773,
           "initial_eprice_ema_dist": 0.0019516399682863506,
           "initial_qty_pct": 0.01141009878899957,
           "markup_range": 0.014146927149232493,
           "max_n_entry_orders": 10,
           "min_markup": 0.004404602431267672,
           "n_close_orders": 3,
           "wallet_exposure_limit": 1}}