{"config_name": "neat_grid_0days",
 "logging_level": 0,
 "long": {"auto_unstuck_delay_minutes": 960.3746234843208,
          "auto_unstuck_ema_dist": -0.048457382791266664,
          "auto_unstuck_qty_pct": 0.012067551003702359,
          "auto_unstuck_wallet_exposure_threshold": 0.10629829000150466,
          "backwards_tp": true,
          "ema_span_0": 640.991129390323,
          "ema_span_1": 1271.5823282216813,
          "enabled": true,
          "eprice_exp_base": 1,
          "eqty_exp_base": 1.3478568273779048,
          "grid_span": 0.11618801342028731,
          "initial_eprice_ema_dist": 0.0026706178053054848,
          "initial_qty_pct": 0.010122020357749307,
          "markup_range": 0.0010743063424602571,
          "max_n_entry_orders": 10,
          "min_markup": 0.0011759232733491204,
          "n_close_orders": 2,
          "wallet_exposure_limit": 1},
 "short": {"auto_unstuck_delay_minutes": 1318.4104516749699,
           "auto_unstuck_ema_dist": -0.058460092111090795,
           "auto_unstuck_qty_pct": 0.05060642147387394,
           "auto_unstuck_wallet_exposure_threshold": 0.4810293299944333,
           "backwards_tp": true,
           "ema_span_0": 193.7350833651077,
           "ema_span_1": 1420.5056364308696,
           "enabled": true,
           "eprice_exp_base": 1.0680518200636575,
           "eqty_exp_base": 1.5232525875138057,
           "grid_span": 0.1353572630706144,
           "initial_eprice_ema_dist": 0.003,
           "initial_qty_pct": 0.010311415469551343,
           "markup_range": 0.00011398986805161363,
           "max_n_entry_orders": 10,
           "min_markup": 0.0018696417860710735,
           "n_close_orders": 10,
           "wallet_exposure_limit": 1}}