{"config_name": "neat_grid_0days",
 "logging_level": 0,
 "long": {"auto_unstuck_delay_minutes": 481.33617143618267,
          "auto_unstuck_ema_dist": -0.02295645486848954,
          "auto_unstuck_qty_pct": 0.1,
          "auto_unstuck_wallet_exposure_threshold": 0.1,
          "backwards_tp": true,
          "ema_span_0": 1153.1277657912685,
          "ema_span_1": 1063.2580321837377,
          "enabled": true,
          "eprice_exp_base": 3.589340929477798,
          "eqty_exp_base": 2.1822994067159325,
          "grid_span": 0.1,
          "initial_eprice_ema_dist": -0.07647189648423881,
          "initial_qty_pct": 0.01,
          "markup_range": 0.0,
          "max_n_entry_orders": 13,
          "min_markup": 0.00271604128139237,
          "n_close_orders": 9,
          "wallet_exposure_limit": 1.0},
 "short": {"auto_unstuck_delay_minutes": 1324.548096125597,
           "auto_unstuck_ema_dist": 0.003,
           "auto_unstuck_qty_pct": 0.01,
           "auto_unstuck_wallet_exposure_threshold": 0.7972370683779827,
           "backwards_tp": true,
           "ema_span_0": 876.7331039674688,
           "ema_span_1": 5,
           "enabled": true,
           "eprice_exp_base": 1,
           "eqty_exp_base": 1.000331797229858,
           "grid_span": 0.1,
           "initial_eprice_ema_dist": -0.004377725366949421,
           "initial_qty_pct": 0.018677319150808995,
           "markup_range": 0.012665935669425445,
           "max_n_entry_orders": 7,
           "min_markup": 0.01,
           "n_close_orders": 10,
           "wallet_exposure_limit": 1}}