{"config_name": "neat_grid_0days",
 "logging_level": 0,
 "long": {"auto_unstuck_delay_minutes": 1417.5595161289157,
          "auto_unstuck_ema_dist": -0.034328822169178735,
          "auto_unstuck_qty_pct": 0.04196890107888902,
          "auto_unstuck_wallet_exposure_threshold": 0.15702577867185727,
          "backwards_tp": true,
          "ema_span_0": 699.9315721565192,
          "ema_span_1": 97.24843819473062,
          "enabled": true,
          "eprice_exp_base": 1.000000113879665,
          "eqty_exp_base": 1.4543933682296195,
          "grid_span": 0.18293760608303983,
          "initial_eprice_ema_dist": 0.0017019501975442835,
          "initial_qty_pct": 0.017471325290169197,
          "markup_range": 0.007100615368681533,
          "max_n_entry_orders": 9,
          "min_markup": 0.009480804499218239,
          "n_close_orders": 8,
          "wallet_exposure_limit": 1},
 "short": {"auto_unstuck_delay_minutes": 1385.0434034935572,
           "auto_unstuck_ema_dist": -0.07336392221453619,
           "auto_unstuck_qty_pct": 0.041647237096289036,
           "auto_unstuck_wallet_exposure_threshold": 0.2567189717660962,
           "backwards_tp": true,
           "ema_span_0": 698.9439556665241,
           "ema_span_1": 1420.4838396465016,
           "enabled": true,
           "eprice_exp_base": 1.0674267479608834,
           "eqty_exp_base": 1.7934484576941174,
           "grid_span": 0.12653934155635077,
           "initial_eprice_ema_dist": -0.0030766630450440135,
           "initial_qty_pct": 0.014586123518883684,
           "markup_range": 0.002806837580842318,
           "max_n_entry_orders": 13,
           "min_markup": 0.0035574376635588885,
           "n_close_orders": 10,
           "wallet_exposure_limit": 1}}