{"config_name": "neat_grid_0days",
 "logging_level": 0,
 "long": {"auto_unstuck_delay_minutes": 1174.4957493303018,
          "auto_unstuck_ema_dist": -0.03256348980375066,
          "auto_unstuck_qty_pct": 0.017510348425941624,
          "auto_unstuck_wallet_exposure_threshold": 0.7761913402202594,
          "backwards_tp": true,
          "ema_span_0": 934.7386114305474,
          "ema_span_1": 1357.07877191991,
          "enabled": true,
          "eprice_exp_base": 1.0120865382439177,
          "eqty_exp_base": 1.320710372420871,
          "grid_span": 0.30224181950552237,
          "initial_eprice_ema_dist": 0.00294606034102475,
          "initial_qty_pct": 0.010089718048227872,
          "markup_range": 0.005864151461505409,
          "max_n_entry_orders": 7,
          "min_markup": 0.009613517511271272,
          "n_close_orders": 11,
          "wallet_exposure_limit": 1},
 "short": {"auto_unstuck_delay_minutes": 1440,
           "auto_unstuck_ema_dist": -0.05710761176778564,
           "auto_unstuck_qty_pct": 0.01,
           "auto_unstuck_wallet_exposure_threshold": 0.6992146886012615,
           "backwards_tp": true,
           "ema_span_0": 1127.6865426361305,
           "ema_span_1": 35.87560614031918,
           "enabled": true,
           "eprice_exp_base": 1.4491264014055243,
           "eqty_exp_base": 2.8505990988397607,
           "grid_span": 0.45421682700153465,
           "initial_eprice_ema_dist": -0.010156975933813053,
           "initial_qty_pct": 0.01,
           "markup_range": 0.0,
           "max_n_entry_orders": 9,
           "min_markup": 0.01,
           "n_close_orders": 13,
           "wallet_exposure_limit": 1}}