{"config_name": "neat_grid_0days",
 "logging_level": 0,
 "long": {"auto_unstuck_delay_minutes": 1253.4046838701397,
          "auto_unstuck_ema_dist": -0.038304871892965775,
          "auto_unstuck_qty_pct": 0.011009382613533916,
          "auto_unstuck_wallet_exposure_threshold": 0.7565350300248895,
          "backwards_tp": true,
          "ema_span_0": 535.751315950031,
          "ema_span_1": 436.03558382513296,
          "enabled": true,
          "eprice_exp_base": 1.1783337963433893,
          "eqty_exp_base": 1.0000124766419358,
          "grid_span": 0.32119215268552676,
          "initial_eprice_ema_dist": 0.002997427280291333,
          "initial_qty_pct": 0.014236466472424011,
          "markup_range": 0.0038804863508184796,
          "max_n_entry_orders": 7,
          "min_markup": 0.004239300939060961,
          "n_close_orders": 4,
          "wallet_exposure_limit": 1},
 "short": {"auto_unstuck_delay_minutes": 1087.7476999109492,
           "auto_unstuck_ema_dist": -0.0034658854376765497,
           "auto_unstuck_qty_pct": 0.05187352535060557,
           "auto_unstuck_wallet_exposure_threshold": 0.14798692619223092,
           "backwards_tp": true,
           "ema_span_0": 638.9806474895937,
           "ema_span_1": 603.075615225178,
           "enabled": true,
           "eprice_exp_base": 1.2098530047923792,
           "eqty_exp_base": 2.581343663099173,
           "grid_span": 0.2958953726316062,
           "initial_eprice_ema_dist": -0.0016116329600583104,
           "initial_qty_pct": 0.02004914461143985,
           "markup_range": 0.0005562750621565159,
           "max_n_entry_orders": 11,
           "min_markup": 0.007760528893120093,
           "n_close_orders": 8,
           "wallet_exposure_limit": 1}}