{"config_name": "neat_grid_0days",
 "logging_level": 0,
 "long": {"auto_unstuck_delay_minutes": 781.1069973944801,
          "auto_unstuck_ema_dist": -0.04041194891053113,
          "auto_unstuck_qty_pct": 0.013039336957362266,
          "auto_unstuck_wallet_exposure_threshold": 0.21005762329714173,
          "backwards_tp": true,
          "ema_span_0": 1089.3533422202247,
          "ema_span_1": 645.6438460818256,
          "enabled": true,
          "eprice_exp_base": 1.432400111323191,
          "eqty_exp_base": 2.6182858260856072,
          "grid_span": 0.1564882409441415,
          "initial_eprice_ema_dist": 0.002991926780557061,
          "initial_qty_pct": 0.01136107219949211,
          "markup_range": 0.005102629400112615,
          "max_n_entry_orders": 7,
          "min_markup": 0.007082499507288377,
          "n_close_orders": 4,
          "wallet_exposure_limit": 1},
 "short": {"auto_unstuck_delay_minutes": 1292.3642218373102,
           "auto_unstuck_ema_dist": 0.0012893259061435207,
           "auto_unstuck_qty_pct": 0.015027018538810765,
           "auto_unstuck_wallet_exposure_threshold": 0.38886320039115374,
           "backwards_tp": true,
           "ema_span_0": 1295.4428901703836,
           "ema_span_1": 1281.3196012693616,
           "enabled": true,
           "eprice_exp_base": 1.2583345395632914,
           "eqty_exp_base": 1.2487561820451594,
           "grid_span": 0.17048401906152855,
           "initial_eprice_ema_dist": -0.007486011963225201,
           "initial_qty_pct": 0.011893585474493814,
           "markup_range": 0.006166383965142319,
           "max_n_entry_orders": 8,
           "min_markup": 0.0027262762638605533,
           "n_close_orders": 2,
           "wallet_exposure_limit": 1}}