{"config_name": "neat_grid_0days",
 "logging_level": 0,
 "long": {"auto_unstuck_delay_minutes": 920.6873097451435,
          "auto_unstuck_ema_dist": -0.008960377763974401,
          "auto_unstuck_qty_pct": 0.018710940226582512,
          "auto_unstuck_wallet_exposure_threshold": 0.18971281109312993,
          "backwards_tp": true,
          "ema_span_0": 60.03772161351416,
          "ema_span_1": 1190.4675258476373,
          "enabled": true,
          "eprice_exp_base": 1.2008545071500585,
          "eqty_exp_base": 2.0366095527917594,
          "grid_span": 0.2406939573172345,
          "initial_eprice_ema_dist": 0.002815561363705389,
          "initial_qty_pct": 0.012504443843115734,
          "markup_range": 0.004268329742834503,
          "max_n_entry_orders": 9,
          "min_markup": 0.009816126119305007,
          "n_close_orders": 10,
          "wallet_exposure_limit": 1},
 "short": {"auto_unstuck_delay_minutes": 853.872837912171,
           "auto_unstuck_ema_dist": -0.08571722772879244,
           "auto_unstuck_qty_pct": 0.01,
           "auto_unstuck_wallet_exposure_threshold": 0.8346181381557768,
           "backwards_tp": true,
           "ema_span_0": 5,
           "ema_span_1": 5,
           "enabled": true,
           "eprice_exp_base": 1,
           "eqty_exp_base": 1,
           "grid_span": 0.3132614235836164,
           "initial_eprice_ema_dist": -0.03569088172243363,
           "initial_qty_pct": 0.04890885068969343,
           "markup_range": 0.06,
           "max_n_entry_orders": 8,
           "min_markup": 0.004945749887456755,
           "n_close_orders": 15,
           "wallet_exposure_limit": 1}}