{"config_name": "neat_grid_0days",
 "logging_level": 0,
 "long": {"auto_unstuck_delay_minutes": 1414.4282366995724,
          "auto_unstuck_ema_dist": -0.044875848013224855,
          "auto_unstuck_qty_pct": 0.05240307219025504,
          "auto_unstuck_wallet_exposure_threshold": 0.36045190376272707,
          "backwards_tp": true,
          "ema_span_0": 570.9395098454575,
          "ema_span_1": 769.3916393939735,
          "enabled": true,
          "eprice_exp_base": 1,
          "eqty_exp_base": 1.3609288115127196,
          "grid_span": 0.3918007175578283,
          "initial_eprice_ema_dist": 0.0012610700563151043,
          "initial_qty_pct": 0.010000198752665156,
          "markup_range": 0.005873500724456789,
          "max_n_entry_orders": 10,
          "min_markup": 0.0010724149708929486,
          "n_close_orders": 5,
          "wallet_exposure_limit": 1},
 "short": {"auto_unstuck_delay_minutes": 713.0321204229263,
           "auto_unstuck_ema_dist": -0.014542428369896438,
           "auto_unstuck_qty_pct": 0.013907379781884778,
           "auto_unstuck_wallet_exposure_threshold": 0.6530546433637955,
           "backwards_tp": true,
           "ema_span_0": 947.0580692722051,
           "ema_span_1": 160.13035459440877,
           "enabled": true,
           "eprice_exp_base": 1.0644292630119851,
           "eqty_exp_base": 3.1915918730418125,
           "grid_span": 0.1703529192128918,
           "initial_eprice_ema_dist": 0.002737828864714413,
           "initial_qty_pct": 0.020398493957508514,
           "markup_range": 0.0009027464686587076,
           "max_n_entry_orders": 8,
           "min_markup": 0.003561365224395573,
           "n_close_orders": 11,
           "wallet_exposure_limit": 1}}