{"config_name": "neat_grid_0days",
 "logging_level": 0,
 "long": {"auto_unstuck_delay_minutes": 744.3161590927804,
          "auto_unstuck_ema_dist": -0.000832856043586223,
          "auto_unstuck_qty_pct": 0.019838123633531574,
          "auto_unstuck_wallet_exposure_threshold": 0.41716875965941924,
          "backwards_tp": true,
          "ema_span_0": 7.808799208124387,
          "ema_span_1": 1109.859386607598,
          "enabled": true,
          "eprice_exp_base": 1.0007124828485983,
          "eqty_exp_base": 2.134319566846371,
          "grid_span": 0.22689293427171217,
          "initial_eprice_ema_dist": -0.0007614403447673986,
          "initial_qty_pct": 0.010641439103372646,
          "markup_range": 0.006215298659219062,
          "max_n_entry_orders": 7,
          "min_markup": 0.005790448305888321,
          "n_close_orders": 12,
          "wallet_exposure_limit": 1},
 "short": {"auto_unstuck_delay_minutes": 694.5776174271347,
           "auto_unstuck_ema_dist": 0.003,
           "auto_unstuck_qty_pct": 0.01,
           "auto_unstuck_wallet_exposure_threshold": 0.8516850225357508,
           "backwards_tp": true,
           "ema_span_0": 781.0838183820601,
           "ema_span_1": 1440,
           "enabled": true,
           "eprice_exp_base": 1,
           "eqty_exp_base": 1,
           "grid_span": 0.1,
           "initial_eprice_ema_dist": -0.007066412432970459,
           "initial_qty_pct": 0.01,
           "markup_range": 0.007894010406167714,
           "max_n_entry_orders": 21,
           "min_markup": 0.0028096975912699877,
           "n_close_orders": 2,
           "wallet_exposure_limit": 1}}