{"config_name": "neat_grid_0days",
 "logging_level": 0,
 "long": {"auto_unstuck_delay_minutes": 967.8704613384448,
          "auto_unstuck_ema_dist": -0.00430860988089121,
          "auto_unstuck_qty_pct": 0.03110114936351113,
          "auto_unstuck_wallet_exposure_threshold": 0.3211902353219198,
          "backwards_tp": true,
          "ema_span_0": 1092.5619013698165,
          "ema_span_1": 657.0811302336189,
          "enabled": true,
          "eprice_exp_base": 1.0929579684999111,
          "eqty_exp_base": 1.1250604087209037,
          "grid_span": 0.17813497022131788,
          "initial_eprice_ema_dist": 0.002949091134383945,
          "initial_qty_pct": 0.01675904385574124,
          "markup_range": 0.003909823304475158,
          "max_n_entry_orders": 8,
          "min_markup": 0.004112467060262994,
          "n_close_orders": 13,
          "wallet_exposure_limit": 1},
 "short": {"auto_unstuck_delay_minutes": 138.47510543401285,
           "auto_unstuck_ema_dist": -0.026104083052092178,
           "auto_unstuck_qty_pct": 0.09220308028194235,
           "auto_unstuck_wallet_exposure_threshold": 0.8353909309746814,
           "backwards_tp": true,
           "ema_span_0": 1287.2764975454397,
           "ema_span_1": 713.763901421996,
           "enabled": true,
           "eprice_exp_base": 1.0001961910938257,
           "eqty_exp_base": 3.701393428040084,
           "grid_span": 0.4597819350546342,
           "initial_eprice_ema_dist": 0.0013891750965880102,
           "initial_qty_pct": 0.010094487280677668,
           "markup_range": 0.0009843307459434908,
           "max_n_entry_orders": 15,
           "min_markup": 0.009367326571610046,
           "n_close_orders": 8,
           "wallet_exposure_limit": 1}}