{"config_name": "neat_grid_0days",
 "logging_level": 0,
 "long": {"auto_unstuck_delay_minutes": 1264.832731300227,
          "auto_unstuck_ema_dist": -0.08083792347406027,
          "auto_unstuck_qty_pct": 0.012853547037121455,
          "auto_unstuck_wallet_exposure_threshold": 0.5582109765618942,
          "backwards_tp": true,
          "ema_span_0": 541.567614510742,
          "ema_span_1": 1078.5296328393224,
          "enabled": true,
          "eprice_exp_base": 1,
          "eqty_exp_base": 1.0005819440698485,
          "grid_span": 0.2711056474770498,
          "initial_eprice_ema_dist": 0.002985660919622032,
          "initial_qty_pct": 0.013813961403116136,
          "markup_range": 0.0033777601558035272,
          "max_n_entry_orders": 10,
          "min_markup": 0.005815912498007505,
          "n_close_orders": 10,
          "wallet_exposure_limit": 1},
 "short": {"auto_unstuck_delay_minutes": 713.0321204229263,
           "auto_unstuck_ema_dist": -0.014542428369896438,
           "auto_unstuck_qty_pct": 0.013907379781884778,
           "auto_unstuck_wallet_exposure_threshold": 0.6530546433637955,
           "backwards_tp": true,
           "ema_span_0": 947.0580692722051,
           "ema_span_1": 160.13035459440877,
           "enabled": true,
           "eprice_exp_base": 1.0644292630119851,
           "eqty_exp_base": 3.1915918730418125,
           "grid_span": 0.1703529192128918,
           "initial_eprice_ema_dist": 0.002737828864714413,
           "initial_qty_pct": 0.020398493957508514,
           "markup_range": 0.0009027464686587076,
           "max_n_entry_orders": 8,
           "min_markup": 0.003561365224395573,
           "n_close_orders": 11,
           "wallet_exposure_limit": 1}}