{"config_name": "neat_grid_0days",
 "logging_level": 0,
 "long": {"auto_unstuck_delay_minutes": 1131.0015267851397,
          "auto_unstuck_ema_dist": -0.01859596413323666,
          "auto_unstuck_qty_pct": 0.02595210471203942,
          "auto_unstuck_wallet_exposure_threshold": 0.2623799879648312,
          "backwards_tp": true,
          "ema_span_0": 899.0026815371901,
          "ema_span_1": 1125.307982244615,
          "enabled": true,
          "eprice_exp_base": 1.0541779740942405,
          "eqty_exp_base": 2.5720941056223525,
          "grid_span": 0.174508531856097,
          "initial_eprice_ema_dist": -0.0015518626326071123,
          "initial_qty_pct": 0.011270553964198814,
          "markup_range": 0.01243371291639932,
          "max_n_entry_orders": 8,
          "min_markup": 0.009263338040545684,
          "n_close_orders": 6,
          "wallet_exposure_limit": 1},
 "short": {"auto_unstuck_delay_minutes": 1001.7030082245074,
           "auto_unstuck_ema_dist": 0.0028531406753069194,
           "auto_unstuck_qty_pct": 0.01001281808926318,
           "auto_unstuck_wallet_exposure_threshold": 0.2547324941646131,
           "backwards_tp": true,
           "ema_span_0": 521.5320708307191,
           "ema_span_1": 816.2784461391484,
           "enabled": true,
           "eprice_exp_base": 1.0700039340495753,
           "eqty_exp_base": 2.76745883879376,
           "grid_span": 0.14137276698452633,
           "initial_eprice_ema_dist": -0.005176577977884642,
           "initial_qty_pct": 0.011323622492658574,
           "markup_range": 0.005212070894250841,
           "max_n_entry_orders": 9,
           "min_markup": 0.007306767380411044,
           "n_close_orders": 8,
           "wallet_exposure_limit": 1}}