{"config_name": "neat_grid_0days",
 "logging_level": 0,
 "long": {"auto_unstuck_delay_minutes": 993.7814307498402,
          "auto_unstuck_ema_dist": -0.007734310682095207,
          "auto_unstuck_qty_pct": 0.02536329029066099,
          "auto_unstuck_wallet_exposure_threshold": 0.7035050857482972,
          "backwards_tp": true,
          "ema_span_0": 1108.2301634741325,
          "ema_span_1": 719.7077806417232,
          "enabled": true,
          "eprice_exp_base": 1.2088101381396004,
          "eqty_exp_base": 1,
          "grid_span": 0.34931722625222184,
          "initial_eprice_ema_dist": -0.001910275836387482,
          "initial_qty_pct": 0.020813780098028922,
          "markup_range": 0.007043133330542731,
          "max_n_entry_orders": 7,
          "min_markup": 0.005247763058916779,
          "n_close_orders": 12,
          "wallet_exposure_limit": 1},
 "short": {"auto_unstuck_delay_minutes": 1199.575986513761,
           "auto_unstuck_ema_dist": -0.0276807668538851,
           "auto_unstuck_qty_pct": 0.014194895762101853,
           "auto_unstuck_wallet_exposure_threshold": 0.23779680841281398,
           "backwards_tp": true,
           "ema_span_0": 1435.7339050305416,
           "ema_span_1": 1001.660962550113,
           "enabled": true,
           "eprice_exp_base": 1.0935525759003504,
           "eqty_exp_base": 2.194831874580071,
           "grid_span": 0.22341365787785836,
           "initial_eprice_ema_dist": -0.00564141388955288,
           "initial_qty_pct": 0.029417261203643512,
           "markup_range": 0.00505651513183205,
           "max_n_entry_orders": 11,
           "min_markup": 0.004408394558572047,
           "n_close_orders": 15,
           "wallet_exposure_limit": 1}}