{"config_name": "neat_grid_0days",
 "logging_level": 0,
 "long": {"auto_unstuck_delay_minutes": 1131.0015267851397,
          "auto_unstuck_ema_dist": -0.01859596413323666,
          "auto_unstuck_qty_pct": 0.02595210471203942,
          "auto_unstuck_wallet_exposure_threshold": 0.2623799879648312,
          "backwards_tp": true,
          "ema_span_0": 899.0026815371901,
          "ema_span_1": 1125.307982244615,
          "enabled": true,
          "eprice_exp_base": 1.0541779740942405,
          "eqty_exp_base": 2.5720941056223525,
          "grid_span": 0.174508531856097,
          "initial_eprice_ema_dist": -0.0015518626326071123,
          "initial_qty_pct": 0.011270553964198814,
          "markup_range": 0.01243371291639932,
          "max_n_entry_orders": 8,
          "min_markup": 0.009263338040545684,
          "n_close_orders": 6,
          "wallet_exposure_limit": 1},
 "short": {"auto_unstuck_delay_minutes": 1204.4388668800677,
           "auto_unstuck_ema_dist": -0.07312660865417604,
           "auto_unstuck_qty_pct": 0.09093957209613962,
           "auto_unstuck_wallet_exposure_threshold": 0.2712652223013797,
           "backwards_tp": true,
           "ema_span_0": 1440,
           "ema_span_1": 1440,
           "enabled": true,
           "eprice_exp_base": 1,
           "eqty_exp_base": 4,
           "grid_span": 0.24351707826763674,
           "initial_eprice_ema_dist": -0.008745084054168847,
           "initial_qty_pct": 0.03173495679723363,
           "markup_range": 0.011681196671586201,
           "max_n_entry_orders": 19,
           "min_markup": 0.002538621370916175,
           "n_close_orders": 4,
           "wallet_exposure_limit": 1}}