{"config_name": "neat_grid_0days",
 "logging_level": 0,
 "long": {"auto_unstuck_delay_minutes": 960.3746234843208,
          "auto_unstuck_ema_dist": -0.048457382791266664,
          "auto_unstuck_qty_pct": 0.012067551003702359,
          "auto_unstuck_wallet_exposure_threshold": 0.10629829000150466,
          "backwards_tp": true,
          "ema_span_0": 640.991129390323,
          "ema_span_1": 1271.5823282216813,
          "enabled": true,
          "eprice_exp_base": 1,
          "eqty_exp_base": 1.3478568273779048,
          "grid_span": 0.11618801342028731,
          "initial_eprice_ema_dist": 0.0026706178053054848,
          "initial_qty_pct": 0.010122020357749307,
          "markup_range": 0.0010743063424602571,
          "max_n_entry_orders": 10,
          "min_markup": 0.0011759232733491204,
          "n_close_orders": 2,
          "wallet_exposure_limit": 1},
 "short": {"auto_unstuck_delay_minutes": 1418.6562462352065,
           "auto_unstuck_ema_dist": -0.010470212167376786,
           "auto_unstuck_qty_pct": 0.01415059629736314,
           "auto_unstuck_wallet_exposure_threshold": 0.11782315379780525,
           "backwards_tp": true,
           "ema_span_0": 1164.6212365288327,
           "ema_span_1": 105.65666924479203,
           "enabled": true,
           "eprice_exp_base": 1.0109543575180266,
           "eqty_exp_base": 1.0364562994716724,
           "grid_span": 0.14634275259638022,
           "initial_eprice_ema_dist": 0.002998965557466333,
           "initial_qty_pct": 0.014359937543700914,
           "markup_range": 0.0004219128490180443,
           "max_n_entry_orders": 7,
           "min_markup": 0.0014767028993130347,
           "n_close_orders": 3,
           "wallet_exposure_limit": 1}}