{"config_name": "neat_grid_0days",
 "logging_level": 0,
 "long": {"auto_unstuck_delay_minutes": 520.3285904559001,
          "auto_unstuck_ema_dist": -0.017174109942522626,
          "auto_unstuck_qty_pct": 0.07810375032195041,
          "auto_unstuck_wallet_exposure_threshold": 0.3240180166266071,
          "backwards_tp": true,
          "ema_span_0": 968.8584219537111,
          "ema_span_1": 972.4746626778939,
          "enabled": true,
          "eprice_exp_base": 1.1731663758816118,
          "eqty_exp_base": 2.2763816726503254,
          "grid_span": 0.11871965205016287,
          "initial_eprice_ema_dist": -0.0002491323917988226,
          "initial_qty_pct": 0.011407671746307885,
          "markup_range": 0.007093503414663383,
          "max_n_entry_orders": 8,
          "min_markup": 0.00675592571088514,
          "n_close_orders": 2,
          "wallet_exposure_limit": 1},
 "short": {"auto_unstuck_delay_minutes": 1034.5591778608916,
           "auto_unstuck_ema_dist": 0.002632971785857589,
           "auto_unstuck_qty_pct": 0.010288601427811163,
           "auto_unstuck_wallet_exposure_threshold": 0.3646283137875909,
           "backwards_tp": true,
           "ema_span_0": 1429.7196272807514,
           "ema_span_1": 1012.6362684123183,
           "enabled": true,
           "eprice_exp_base": 1.0813619357542266,
           "eqty_exp_base": 3.8613910841788557,
           "grid_span": 0.13278949373095877,
           "initial_eprice_ema_dist": -0.00014197257902766626,
           "initial_qty_pct": 0.013472704427205835,
           "markup_range": 0.002532548146178754,
           "max_n_entry_orders": 20,
           "min_markup": 0.005542276301552574,
           "n_close_orders": 6,
           "wallet_exposure_limit": 1}}