{"config_name": "neat_grid_0days",
 "logging_level": 0,
 "long": {"auto_unstuck_delay_minutes": 1331.226465586936,
          "auto_unstuck_ema_dist": -0.030710010040956193,
          "auto_unstuck_qty_pct": 0.03676623799976378,
          "auto_unstuck_wallet_exposure_threshold": 0.20764442753029602,
          "backwards_tp": true,
          "ema_span_0": 1186.5927337355176,
          "ema_span_1": 1356.4151160645233,
          "enabled": true,
          "eprice_exp_base": 1.0875539616837926,
          "eqty_exp_base": 1.0938030782556694,
          "grid_span": 0.23278354062771792,
          "initial_eprice_ema_dist": -0.0017085068565601475,
          "initial_qty_pct": 0.012827758694628896,
          "markup_range": 0.005819836750669177,
          "max_n_entry_orders": 7,
          "min_markup": 0.007150033801455687,
          "n_close_orders": 13,
          "wallet_exposure_limit": 1},
 "short": {"auto_unstuck_delay_minutes": 694.5776174271347,
           "auto_unstuck_ema_dist": 0.003,
           "auto_unstuck_qty_pct": 0.01,
           "auto_unstuck_wallet_exposure_threshold": 0.8516850225357508,
           "backwards_tp": true,
           "ema_span_0": 781.0838183820601,
           "ema_span_1": 1440,
           "enabled": true,
           "eprice_exp_base": 1,
           "eqty_exp_base": 1,
           "grid_span": 0.1,
           "initial_eprice_ema_dist": -0.007066412432970459,
           "initial_qty_pct": 0.01,
           "markup_range": 0.007894010406167714,
           "max_n_entry_orders": 21,
           "min_markup": 0.0028096975912699877,
           "n_close_orders": 2,
           "wallet_exposure_limit": 1}}