{"config_name": "neat_grid_0days",
 "logging_level": 0,
 "long": {"auto_unstuck_delay_minutes": 1417.5595161289157,
          "auto_unstuck_ema_dist": -0.034328822169178735,
          "auto_unstuck_qty_pct": 0.04196890107888902,
          "auto_unstuck_wallet_exposure_threshold": 0.15702577867185727,
          "backwards_tp": true,
          "ema_span_0": 699.9315721565192,
          "ema_span_1": 97.24843819473062,
          "enabled": true,
          "eprice_exp_base": 1.000000113879665,
          "eqty_exp_base": 1.4543933682296195,
          "grid_span": 0.18293760608303983,
          "initial_eprice_ema_dist": 0.0017019501975442835,
          "initial_qty_pct": 0.017471325290169197,
          "markup_range": 0.007100615368681533,
          "max_n_entry_orders": 9,
          "min_markup": 0.009480804499218239,
          "n_close_orders": 8,
          "wallet_exposure_limit": 1},
 "short": {"auto_unstuck_delay_minutes": 1440,
           "auto_unstuck_ema_dist": -0.0500150211110256,
           "auto_unstuck_qty_pct": 0.011934357993227224,
           "auto_unstuck_wallet_exposure_threshold": 0.5456342074520889,
           "backwards_tp": true,
           "ema_span_0": 1340.9912942813796,
           "ema_span_1": 1325.815993595614,
           "enabled": true,
           "eprice_exp_base": 1.010201287616513,
           "eqty_exp_base": 2.8993618137479764,
           "grid_span": 0.1605333319858612,
           "initial_eprice_ema_dist": 0.003,
           "initial_qty_pct": 0.01,
           "markup_range": 0.0,
           "max_n_entry_orders": 20,
           "min_markup": 0.008824619416875382,
           "n_close_orders": 6,
           "wallet_exposure_limit": 1}}