{"config_name": "neat_grid_0days",
 "logging_level": 0,
 "long": {"auto_unstuck_delay_minutes": 777.1446894871469,
          "auto_unstuck_ema_dist": -0.07634652922708725,
          "auto_unstuck_qty_pct": 0.05015558321629691,
          "auto_unstuck_wallet_exposure_threshold": 0.3916111139946495,
          "backwards_tp": true,
          "ema_span_0": 1181.3441795167764,
          "ema_span_1": 941.512749685682,
          "enabled": true,
          "eprice_exp_base": 1.1088473775036012,
          "eqty_exp_base": 1.6297775418124265,
          "grid_span": 0.25460237376135436,
          "initial_eprice_ema_dist": 0.002950809528467142,
          "initial_qty_pct": 0.011109927320126365,
          "markup_range": 0.006998691376285849,
          "max_n_entry_orders": 8,
          "min_markup": 0.008615916545048294,
          "n_close_orders": 5,
          "wallet_exposure_limit": 1},
 "short": {"auto_unstuck_delay_minutes": 779.4937631903803,
           "auto_unstuck_ema_dist": -0.09059141530018994,
           "auto_unstuck_qty_pct": 0.030190248656495958,
           "auto_unstuck_wallet_exposure_threshold": 0.16656753914639674,
           "backwards_tp": true,
           "ema_span_0": 560.5725837372815,
           "ema_span_1": 682.643601180339,
           "enabled": true,
           "eprice_exp_base": 1.2343150273880885,
           "eqty_exp_base": 3.7828761721681,
           "grid_span": 0.1824047658902641,
           "initial_eprice_ema_dist": 0.002946770070514348,
           "initial_qty_pct": 0.021382527309153382,
           "markup_range": 0.0032343642961400864,
           "max_n_entry_orders": 15,
           "min_markup": 0.004032169043735039,
           "n_close_orders": 5,
           "wallet_exposure_limit": 1}}