{"config_name": "neat_grid_0days",
 "logging_level": 0,
 "long": {"auto_unstuck_delay_minutes": 1148.7575947594983,
          "auto_unstuck_ema_dist": -0.06610522537199073,
          "auto_unstuck_qty_pct": 0.010165215395132595,
          "auto_unstuck_wallet_exposure_threshold": 0.3873247866501045,
          "backwards_tp": true,
          "ema_span_0": 1227.9019518904095,
          "ema_span_1": 1349.2435607355044,
          "enabled": true,
          "eprice_exp_base": 1.0961280971510308,
          "eqty_exp_base": 1.5404861920168187,
          "grid_span": 0.1246561754214835,
          "initial_eprice_ema_dist": 0.002999804308312542,
          "initial_qty_pct": 0.012390499644160674,
          "markup_range": 0.0022193519972044684,
          "max_n_entry_orders": 7,
          "min_markup": 0.003874867616229977,
          "n_close_orders": 12,
          "wallet_exposure_limit": 1},
 "short": {"auto_unstuck_delay_minutes": 623.126819956726,
           "auto_unstuck_ema_dist": -0.010922190667161416,
           "auto_unstuck_qty_pct": 0.012098610151262523,
           "auto_unstuck_wallet_exposure_threshold": 0.10890746646936905,
           "backwards_tp": true,
           "ema_span_0": 244.99074513219674,
           "ema_span_1": 1114.3205322867243,
           "enabled": true,
           "eprice_exp_base": 1.1021157016173453,
           "eqty_exp_base": 3.9977518186954897,
           "grid_span": 0.10479836087159557,
           "initial_eprice_ema_dist": -0.0008342868467760277,
           "initial_qty_pct": 0.01828067622047387,
           "markup_range": 0.006647972445654155,
           "max_n_entry_orders": 11,
           "min_markup": 0.009998674496324486,
           "n_close_orders": 8,
           "wallet_exposure_limit": 1}}