{"config_name": "neat_grid_0days",
 "logging_level": 0,
 "long": {"auto_unstuck_delay_minutes": 1029.31238137175,
          "auto_unstuck_ema_dist": -0.015119024911923571,
          "auto_unstuck_qty_pct": 0.08039112000641081,
          "auto_unstuck_wallet_exposure_threshold": 0.5758136613539955,
          "backwards_tp": true,
          "ema_span_0": 375.78327414326486,
          "ema_span_1": 193.60052305861757,
          "enabled": true,
          "eprice_exp_base": 1.214587112175182,
          "eqty_exp_base": 1.3985953899599415,
          "grid_span": 0.1921348326406074,
          "initial_eprice_ema_dist": 0.0026409555733552356,
          "initial_qty_pct": 0.011831419575377413,
          "markup_range": 0.005971093436837054,
          "max_n_entry_orders": 7,
          "min_markup": 0.0030271572687066363,
          "n_close_orders": 3,
          "wallet_exposure_limit": 1},
 "short": {"auto_unstuck_delay_minutes": 1440,
           "auto_unstuck_ema_dist": 0.0027918371751723455,
           "auto_unstuck_qty_pct": 0.010008155005446263,
           "auto_unstuck_wallet_exposure_threshold": 0.39755507702124293,
           "backwards_tp": true,
           "ema_span_0": 1317.472949332417,
           "ema_span_1": 1200.8633102910494,
           "enabled": true,
           "eprice_exp_base": 1.082025308539617,
           "eqty_exp_base": 3.610682845300553,
           "grid_span": 0.1704280416138739,
           "initial_eprice_ema_dist": -0.014545118540521401,
           "initial_qty_pct": 0.010529563634420244,
           "markup_range": 0.005292800676210645,
           "max_n_entry_orders": 11,
           "min_markup": 0.00999971269019128,
           "n_close_orders": 10,
           "wallet_exposure_limit": 1}}