{"config_name": "neat_grid_0days",
 "logging_level": 0,
 "long": {"auto_unstuck_delay_minutes": 1334.2098689886839,
          "auto_unstuck_ema_dist": -0.029938464971292558,
          "auto_unstuck_qty_pct": 0.01322957213435129,
          "auto_unstuck_wallet_exposure_threshold": 0.44124299054739075,
          "backwards_tp": true,
          "ema_span_0": 1022.2174206769037,
          "ema_span_1": 1202.5749343987134,
          "enabled": true,
          "eprice_exp_base": 1.0557824156015634,
          "eqty_exp_base": 1.2686235112800972,
          "grid_span": 0.2873494680415634,
          "initial_eprice_ema_dist": -0.08719536914198235,
          "initial_qty_pct": 0.010089167863931646,
          "markup_range": 0.0026829860287574977,
          "max_n_entry_orders": 12,
          "min_markup": 0.003194751705619432,
          "n_close_orders": 8,
          "wallet_exposure_limit": 1},
 "short": {"auto_unstuck_delay_minutes": 623.126819956726,
           "auto_unstuck_ema_dist": -0.010922190667161416,
           "auto_unstuck_qty_pct": 0.012098610151262523,
           "auto_unstuck_wallet_exposure_threshold": 0.10890746646936905,
           "backwards_tp": true,
           "ema_span_0": 244.99074513219674,
           "ema_span_1": 1114.3205322867243,
           "enabled": true,
           "eprice_exp_base": 1.1021157016173453,
           "eqty_exp_base": 3.9977518186954897,
           "grid_span": 0.10479836087159557,
           "initial_eprice_ema_dist": -0.0008342868467760277,
           "initial_qty_pct": 0.01828067622047387,
           "markup_range": 0.006647972445654155,
           "max_n_entry_orders": 11,
           "min_markup": 0.009998674496324486,
           "n_close_orders": 8,
           "wallet_exposure_limit": 1}}