{"config_name": "neat_grid_0days",
 "logging_level": 0,
 "long": {"auto_unstuck_delay_minutes": 1278.4254065822352,
          "auto_unstuck_ema_dist": -0.029627972916044323,
          "auto_unstuck_qty_pct": 0.010149460102845714,
          "auto_unstuck_wallet_exposure_threshold": 0.49261238267423857,
          "backwards_tp": true,
          "ema_span_0": 1172.7828815354887,
          "ema_span_1": 1306.9040552780662,
          "enabled": true,
          "eprice_exp_base": 1.002455041325814,
          "eqty_exp_base": 1.996555354220001,
          "grid_span": 0.12616534691015155,
          "initial_eprice_ema_dist": -0.06382614152119226,
          "initial_qty_pct": 0.010031129570869544,
          "markup_range": 0.0029718165961309345,
          "max_n_entry_orders": 10,
          "min_markup": 0.002658068109447345,
          "n_close_orders": 6,
          "wallet_exposure_limit": 1},
 "short": {"auto_unstuck_delay_minutes": 1407.6807818207787,
           "auto_unstuck_ema_dist": -0.006778335727737885,
           "auto_unstuck_qty_pct": 0.014087701589334754,
           "auto_unstuck_wallet_exposure_threshold": 0.13123791548024152,
           "backwards_tp": true,
           "ema_span_0": 1227.3728686012935,
           "ema_span_1": 1129.9829631455764,
           "enabled": true,
           "eprice_exp_base": 1.0788617301729184,
           "eqty_exp_base": 2.8442772777773904,
           "grid_span": 0.17214574961987536,
           "initial_eprice_ema_dist": -0.0008494689085988029,
           "initial_qty_pct": 0.010347078653780381,
           "markup_range": 0.002123747989666032,
           "max_n_entry_orders": 8,
           "min_markup": 0.008717136677346285,
           "n_close_orders": 14,
           "wallet_exposure_limit": 1}}