{"config_name": "neat_grid_0days",
 "logging_level": 0,
 "long": {"auto_unstuck_delay_minutes": 1232.8988841979901,
          "auto_unstuck_ema_dist": -0.016748364003455786,
          "auto_unstuck_qty_pct": 0.011155559136564472,
          "auto_unstuck_wallet_exposure_threshold": 0.680732371421344,
          "backwards_tp": true,
          "ema_span_0": 748.4978236668502,
          "ema_span_1": 524.1979616418802,
          "enabled": true,
          "eprice_exp_base": 1.0000088753984597,
          "eqty_exp_base": 2.1280622372741735,
          "grid_span": 0.17889505470021103,
          "initial_eprice_ema_dist": 0.0029999672120743057,
          "initial_qty_pct": 0.01591926851963001,
          "markup_range": 0.0014520739419980643,
          "max_n_entry_orders": 9,
          "min_markup": 0.0028487964278350653,
          "n_close_orders": 5,
          "wallet_exposure_limit": 1},
 "short": {"auto_unstuck_delay_minutes": 907.707604617173,
           "auto_unstuck_ema_dist": 0.003,
           "auto_unstuck_qty_pct": 0.01,
           "auto_unstuck_wallet_exposure_threshold": 0.16835780430465794,
           "backwards_tp": true,
           "ema_span_0": 551.0004511359443,
           "ema_span_1": 1169.924177613991,
           "enabled": true,
           "eprice_exp_base": 1,
           "eqty_exp_base": 3.6132937962607756,
           "grid_span": 0.4400963034537022,
           "initial_eprice_ema_dist": -0.04428189478784108,
           "initial_qty_pct": 0.01,
           "markup_range": 0.007037437329408645,
           "max_n_entry_orders": 10,
           "min_markup": 0.0014599476135195243,
           "n_close_orders": 6,
           "wallet_exposure_limit": 1}}