{"config_name": "neat_grid_0days",
 "logging_level": 0,
 "long": {"auto_unstuck_delay_minutes": 1312.9236090872914,
          "auto_unstuck_ema_dist": -0.05364601981103215,
          "auto_unstuck_qty_pct": 0.01841319241552632,
          "auto_unstuck_wallet_exposure_threshold": 0.7629305551536341,
          "backwards_tp": true,
          "ema_span_0": 817.6765950526462,
          "ema_span_1": 739.8764895895879,
          "enabled": true,
          "eprice_exp_base": 1.0703003148629697,
          "eqty_exp_base": 1.3106940841521368,
          "grid_span": 0.33290426286021313,
          "initial_eprice_ema_dist": -0.005719966234491855,
          "initial_qty_pct": 0.0265410127263459,
          "markup_range": 0.0017384690727468763,
          "max_n_entry_orders": 8,
          "min_markup": 0.004439483179768639,
          "n_close_orders": 12,
          "wallet_exposure_limit": 1},
 "short": {"auto_unstuck_delay_minutes": 1400.6900593576077,
           "auto_unstuck_ema_dist": -0.06435512785338308,
           "auto_unstuck_qty_pct": 0.010143924542001982,
           "auto_unstuck_wallet_exposure_threshold": 0.6328201381858855,
           "backwards_tp": true,
           "ema_span_0": 1143.4233809386437,
           "ema_span_1": 1415.7036255054181,
           "enabled": true,
           "eprice_exp_base": 1.0545235691054802,
           "eqty_exp_base": 1.3932137933386775,
           "grid_span": 0.549288828005579,
           "initial_eprice_ema_dist": 0.002950447910776513,
           "initial_qty_pct": 0.01625984787620682,
           "markup_range": 0.0033917464927030734,
           "max_n_entry_orders": 22,
           "min_markup": 0.004038401461269915,
           "n_close_orders": 3,
           "wallet_exposure_limit": 1}}