{"config_name": "neat_grid_0days",
 "logging_level": 0,
 "long": {"auto_unstuck_delay_minutes": 1178.864914744815,
          "auto_unstuck_ema_dist": -0.09366403693429062,
          "auto_unstuck_qty_pct": 0.01346809944182025,
          "auto_unstuck_wallet_exposure_threshold": 0.7790790903429815,
          "backwards_tp": true,
          "ema_span_0": 883.3406828944145,
          "ema_span_1": 422.519629540615,
          "enabled": true,
          "eprice_exp_base": 1.2697939105088614,
          "eqty_exp_base": 2.2046793957345505,
          "grid_span": 0.2834976304280092,
          "initial_eprice_ema_dist": 0.002994426644819609,
          "initial_qty_pct": 0.011648078888927308,
          "markup_range": 0.008336844046428342,
          "max_n_entry_orders": 7,
          "min_markup": 0.0043058686997747165,
          "n_close_orders": 6,
          "wallet_exposure_limit": 1},
 "short": {"auto_unstuck_delay_minutes": 985.9342694636125,
           "auto_unstuck_ema_dist": -0.0165075907113428,
           "auto_unstuck_qty_pct": 0.013184063447006945,
           "auto_unstuck_wallet_exposure_threshold": 0.1913487457434161,
           "backwards_tp": true,
           "ema_span_0": 1227.917246956021,
           "ema_span_1": 584.4472988824474,
           "enabled": true,
           "eprice_exp_base": 1.3781266136534174,
           "eqty_exp_base": 1.251153931037694,
           "grid_span": 0.23778616253835247,
           "initial_eprice_ema_dist": -0.004454992589175792,
           "initial_qty_pct": 0.010965863309892031,
           "markup_range": 0.0045180557475988405,
           "max_n_entry_orders": 8,
           "min_markup": 0.004239992204731155,
           "n_close_orders": 7,
           "wallet_exposure_limit": 1}}