{"config_name": "neat_grid_0days",
 "logging_level": 0,
 "long": {"auto_unstuck_delay_minutes": 1413.664236410988,
          "auto_unstuck_ema_dist": 0.003,
          "auto_unstuck_qty_pct": 0.071339656663934,
          "auto_unstuck_wallet_exposure_threshold": 0.1,
          "backwards_tp": true,
          "ema_span_0": 1440,
          "ema_span_1": 197.3664988460256,
          "enabled": true,
          "eprice_exp_base": 1,
          "eqty_exp_base": 1,
          "grid_span": 0.1,
          "initial_eprice_ema_dist": 0.003,
          "initial_qty_pct": 0.0334129505581067,
          "markup_range": 0.0,
          "max_n_entry_orders": 11,
          "min_markup": 0.00924454929972874,
          "n_close_orders": 2,
          "wallet_exposure_limit": 1.0},
 "short": {"auto_unstuck_delay_minutes": 1420.9651479537285,
           "auto_unstuck_ema_dist": -0.033631641830101304,
           "auto_unstuck_qty_pct": 0.020401806530856124,
           "auto_unstuck_wallet_exposure_threshold": 0.2938345281297234,
           "backwards_tp": true,
           "ema_span_0": 1011.4518973719919,
           "ema_span_1": 798.0567764621785,
           "enabled": true,
           "eprice_exp_base": 1.0680920722213172,
           "eqty_exp_base": 2.2829103749222863,
           "grid_span": 0.14874815958874757,
           "initial_eprice_ema_dist": -0.011196204261857148,
           "initial_qty_pct": 0.017998783074008304,
           "markup_range": 0.0074045251026196865,
           "max_n_entry_orders": 9,
           "min_markup": 0.005606728427408416,
           "n_close_orders": 4,
           "wallet_exposure_limit": 1}}