{"config_name": "neat_grid_0days",
 "logging_level": 0,
 "long": {"auto_unstuck_delay_minutes": 744.3161590927804,
          "auto_unstuck_ema_dist": -0.000832856043586223,
          "auto_unstuck_qty_pct": 0.019838123633531574,
          "auto_unstuck_wallet_exposure_threshold": 0.41716875965941924,
          "backwards_tp": true,
          "ema_span_0": 7.808799208124387,
          "ema_span_1": 1109.859386607598,
          "enabled": true,
          "eprice_exp_base": 1.0007124828485983,
          "eqty_exp_base": 2.134319566846371,
          "grid_span": 0.22689293427171217,
          "initial_eprice_ema_dist": -0.0007614403447673986,
          "initial_qty_pct": 0.010641439103372646,
          "markup_range": 0.006215298659219062,
          "max_n_entry_orders": 7,
          "min_markup": 0.005790448305888321,
          "n_close_orders": 12,
          "wallet_exposure_limit": 1},
 "short": {"auto_unstuck_delay_minutes": 1278.9447745660573,
           "auto_unstuck_ema_dist": -0.014614502702101335,
           "auto_unstuck_qty_pct": 0.01661511462751747,
           "auto_unstuck_wallet_exposure_threshold": 0.4367564656424801,
           "backwards_tp": true,
           "ema_span_0": 1377.1724191049236,
           "ema_span_1": 904.7743747036709,
           "enabled": true,
           "eprice_exp_base": 1.2844196746243386,
           "eqty_exp_base": 1.6525884050686455,
           "grid_span": 0.4425860447472405,
           "initial_eprice_ema_dist": 0.0009022720849045805,
           "initial_qty_pct": 0.010001758155469056,
           "markup_range": 0.008902967231539416,
           "max_n_entry_orders": 9,
           "min_markup": 0.0074502696582370315,
           "n_close_orders": 6,
           "wallet_exposure_limit": 1}}