{"config_name": "neat_grid_0days",
 "logging_level": 0,
 "long": {"auto_unstuck_delay_minutes": 1319.5334467681841,
          "auto_unstuck_ema_dist": -0.03962978897027502,
          "auto_unstuck_qty_pct": 0.014304096053519982,
          "auto_unstuck_wallet_exposure_threshold": 0.8060863175421003,
          "backwards_tp": true,
          "ema_span_0": 1310.3036036326434,
          "ema_span_1": 1048.301378276395,
          "enabled": true,
          "eprice_exp_base": 1.2015984811282348,
          "eqty_exp_base": 1.6270726549779497,
          "grid_span": 0.25742975024377085,
          "initial_eprice_ema_dist": -0.0020815060164468425,
          "initial_qty_pct": 0.010219888813938467,
          "markup_range": 0.011345722573192685,
          "max_n_entry_orders": 9,
          "min_markup": 0.009540359804499406,
          "n_close_orders": 6,
          "wallet_exposure_limit": 1},
 "short": {"auto_unstuck_delay_minutes": 799.9569792006992,
           "auto_unstuck_ema_dist": -0.018597537646096538,
           "auto_unstuck_qty_pct": 0.055220276487529585,
           "auto_unstuck_wallet_exposure_threshold": 0.19955577235205618,
           "backwards_tp": true,
           "ema_span_0": 1008.0914015796933,
           "ema_span_1": 1083.336836507491,
           "enabled": true,
           "eprice_exp_base": 1.143424545343761,
           "eqty_exp_base": 1.5799199348833062,
           "grid_span": 0.17527323178873047,
           "initial_eprice_ema_dist": -0.0058279511456999075,
           "initial_qty_pct": 0.017128542485555447,
           "markup_range": 0.010000873003413202,
           "max_n_entry_orders": 10,
           "min_markup": 0.005966950872680734,
           "n_close_orders": 13,
           "wallet_exposure_limit": 1}}