{"config_name": "neat_grid_0days",
 "logging_level": 0,
 "long": {"auto_unstuck_delay_minutes": 1265.7838754296538,
          "auto_unstuck_ema_dist": -0.06471473431395526,
          "auto_unstuck_qty_pct": 0.010464331949163241,
          "auto_unstuck_wallet_exposure_threshold": 0.17464091478002294,
          "backwards_tp": true,
          "ema_span_0": 943.2448356148792,
          "ema_span_1": 820.8819738892381,
          "enabled": true,
          "eprice_exp_base": 1,
          "eqty_exp_base": 2.0087265176135896,
          "grid_span": 0.1940170791808782,
          "initial_eprice_ema_dist": -0.00015488096602346368,
          "initial_qty_pct": 0.012758286055725376,
          "markup_range": 0.010366993385046798,
          "max_n_entry_orders": 10,
          "min_markup": 0.0098001174850661,
          "n_close_orders": 14,
          "wallet_exposure_limit": 1},
 "short": {"auto_unstuck_delay_minutes": 1276.9585492362228,
           "auto_unstuck_ema_dist": 0.0003589026186420672,
           "auto_unstuck_qty_pct": 0.01065341279786918,
           "auto_unstuck_wallet_exposure_threshold": 0.4485184935411343,
           "backwards_tp": true,
           "ema_span_0": 1404.741127860066,
           "ema_span_1": 433.3044015504771,
           "enabled": true,
           "eprice_exp_base": 1.0494553587184254,
           "eqty_exp_base": 2.776739073463017,
           "grid_span": 0.23922085689837175,
           "initial_eprice_ema_dist": 0.0021016467250918234,
           "initial_qty_pct": 0.010724779268518572,
           "markup_range": 0.003095913404981876,
           "max_n_entry_orders": 7,
           "min_markup": 0.008272653452198245,
           "n_close_orders": 3,
           "wallet_exposure_limit": 1}}