{"config_name": "neat_grid_0days",
 "logging_level": 0,
 "long": {"auto_unstuck_delay_minutes": 1172.076881059696,
          "auto_unstuck_ema_dist": -0.030649119106413502,
          "auto_unstuck_qty_pct": 0.010476690975528039,
          "auto_unstuck_wallet_exposure_threshold": 0.39786129304483797,
          "backwards_tp": true,
          "ema_span_0": 399.0713694743538,
          "ema_span_1": 401.81939037800004,
          "enabled": true,
          "eprice_exp_base": 1.1193394360064075,
          "eqty_exp_base": 1.3999177144726729,
          "grid_span": 0.26333910388927434,
          "initial_eprice_ema_dist": -0.008522957329779665,
          "initial_qty_pct": 0.013039812107477552,
          "markup_range": 0.008402166816178527,
          "max_n_entry_orders": 7,
          "min_markup": 0.004114684444119201,
          "n_close_orders": 9,
          "wallet_exposure_limit": 1},
 "short": {"auto_unstuck_delay_minutes": 588.7421095814785,
           "auto_unstuck_ema_dist": -0.025370088603363913,
           "auto_unstuck_qty_pct": 0.02967467661795904,
           "auto_unstuck_wallet_exposure_threshold": 0.1286684245685954,
           "backwards_tp": true,
           "ema_span_0": 16.492111569470666,
           "ema_span_1": 1161.2555541952477,
           "enabled": true,
           "eprice_exp_base": 1.139474579381085,
           "eqty_exp_base": 1.6709866630057106,
           "grid_span": 0.4005802186055973,
           "initial_eprice_ema_dist": 0.0009348669026815328,
           "initial_qty_pct": 0.0138647650719264,
           "markup_range": 0.011957096314795305,
           "max_n_entry_orders": 8,
           "min_markup": 0.00894632431408863,
           "n_close_orders": 10,
           "wallet_exposure_limit": 1}}