{"config_name": "neat_grid_0days",
 "logging_level": 0,
 "long": {"auto_unstuck_delay_minutes": 724.9952620857599,
          "auto_unstuck_ema_dist": -0.009412852770201562,
          "auto_unstuck_qty_pct": 0.013710698282969577,
          "auto_unstuck_wallet_exposure_threshold": 0.19993580440002118,
          "backwards_tp": true,
          "ema_span_0": 1021.063058531578,
          "ema_span_1": 1427.5059348230843,
          "enabled": true,
          "eprice_exp_base": 1.1709333618683002,
          "eqty_exp_base": 1.2727312289052846,
          "grid_span": 0.16615323718905609,
          "initial_eprice_ema_dist": 0.003,
          "initial_qty_pct": 0.01819571321711823,
          "markup_range": 0.004992543479838617,
          "max_n_entry_orders": 7,
          "min_markup": 0.0038858885051931296,
          "n_close_orders": 6,
          "wallet_exposure_limit": 1},
 "short": {"auto_unstuck_delay_minutes": 694.5776174271347,
           "auto_unstuck_ema_dist": 0.003,
           "auto_unstuck_qty_pct": 0.01,
           "auto_unstuck_wallet_exposure_threshold": 0.8516850225357508,
           "backwards_tp": true,
           "ema_span_0": 781.0838183820601,
           "ema_span_1": 1440,
           "enabled": true,
           "eprice_exp_base": 1,
           "eqty_exp_base": 1,
           "grid_span": 0.1,
           "initial_eprice_ema_dist": -0.007066412432970459,
           "initial_qty_pct": 0.01,
           "markup_range": 0.007894010406167714,
           "max_n_entry_orders": 21,
           "min_markup": 0.0028096975912699877,
           "n_close_orders": 2,
           "wallet_exposure_limit": 1}}