{"config_name": "neat_grid_0days",
 "logging_level": 0,
 "long": {"auto_unstuck_delay_minutes": 1348.1645182578902,
          "auto_unstuck_ema_dist": -0.1,
          "auto_unstuck_qty_pct": 0.019282574436315286,
          "auto_unstuck_wallet_exposure_threshold": 0.1,
          "backwards_tp": true,
          "ema_span_0": 5,
          "ema_span_1": 217.7660549162885,
          "enabled": true,
          "eprice_exp_base": 1,
          "eqty_exp_base": 2.598458917338344,
          "grid_span": 0.29473183417962856,
          "initial_eprice_ema_dist": -0.008308278247972482,
          "initial_qty_pct": 0.01,
          "markup_range": 0.0015446755748809576,
          "max_n_entry_orders": 11,
          "min_markup": 0.003934544128024333,
          "n_close_orders": 13,
          "wallet_exposure_limit": 1},
 "short": {"auto_unstuck_delay_minutes": 1278.9447745660573,
           "auto_unstuck_ema_dist": -0.014614502702101335,
           "auto_unstuck_qty_pct": 0.01661511462751747,
           "auto_unstuck_wallet_exposure_threshold": 0.4367564656424801,
           "backwards_tp": true,
           "ema_span_0": 1377.1724191049236,
           "ema_span_1": 904.7743747036709,
           "enabled": true,
           "eprice_exp_base": 1.2844196746243386,
           "eqty_exp_base": 1.6525884050686455,
           "grid_span": 0.4425860447472405,
           "initial_eprice_ema_dist": 0.0009022720849045805,
           "initial_qty_pct": 0.010001758155469056,
           "markup_range": 0.008902967231539416,
           "max_n_entry_orders": 9,
           "min_markup": 0.0074502696582370315,
           "n_close_orders": 6,
           "wallet_exposure_limit": 1}}