{"config_name": "neat_grid_0days",
 "logging_level": 0,
 "long": {"auto_unstuck_delay_minutes": 1414.307031833748,
          "auto_unstuck_ema_dist": -0.012435443488528533,
          "auto_unstuck_qty_pct": 0.012511551338462903,
          "auto_unstuck_wallet_exposure_threshold": 0.6200303452867397,
          "backwards_tp": true,
          "ema_span_0": 1223.7491034942766,
          "ema_span_1": 1185.0332221577303,
          "enabled": true,
          "eprice_exp_base": 1.0033366336805396,
          "eqty_exp_base": 3.291597029505056,
          "grid_span": 0.14745071175982866,
          "initial_eprice_ema_dist": 0.002837042259130256,
          "initial_qty_pct": 0.010025837313728908,
          "markup_range": 0.002507629438487384,
          "max_n_entry_orders": 19,
          "min_markup": 0.008565624894416276,
          "n_close_orders": 8,
          "wallet_exposure_limit": 1},
 "short": {"auto_unstuck_delay_minutes": 1161.4411702489633,
           "auto_unstuck_ema_dist": -0.004617109849520608,
           "auto_unstuck_qty_pct": 0.01648366731345862,
           "auto_unstuck_wallet_exposure_threshold": 0.7094846767314997,
           "backwards_tp": true,
           "ema_span_0": 1440,
           "ema_span_1": 1438.151047326744,
           "enabled": true,
           "eprice_exp_base": 1.2439694930330072,
           "eqty_exp_base": 1.231452107109689,
           "grid_span": 0.4365969496517578,
           "initial_eprice_ema_dist": -0.0019017444320947494,
           "initial_qty_pct": 0.01,
           "markup_range": 0.003842107206680762,
           "max_n_entry_orders": 9,
           "min_markup": 0.001638247139852082,
           "n_close_orders": 2,
           "wallet_exposure_limit": 1}}