{"config_name": "neat_grid_0days",
 "logging_level": 0,
 "long": {"auto_unstuck_delay_minutes": 405.24146898117715,
          "auto_unstuck_ema_dist": -0.03885698302425642,
          "auto_unstuck_qty_pct": 0.03476111629371799,
          "auto_unstuck_wallet_exposure_threshold": 0.8526861756891532,
          "backwards_tp": true,
          "ema_span_0": 5,
          "ema_span_1": 131.29014773750748,
          "enabled": true,
          "eprice_exp_base": 1.367806009208528,
          "eqty_exp_base": 2.7218335748962565,
          "grid_span": 0.1478827475632273,
          "initial_eprice_ema_dist": -0.07911455948944206,
          "initial_qty_pct": 0.034924917518855236,
          "markup_range": 0.04165581518122997,
          "max_n_entry_orders": 12,
          "min_markup": 0.001,
          "n_close_orders": 16,
          "wallet_exposure_limit": 1},
 "short": {"auto_unstuck_delay_minutes": 930.2434764891894,
           "auto_unstuck_ema_dist": 0.003,
           "auto_unstuck_qty_pct": 0.06035040116241251,
           "auto_unstuck_wallet_exposure_threshold": 0.9,
           "backwards_tp": true,
           "ema_span_0": 671.0177112498625,
           "ema_span_1": 5,
           "enabled": true,
           "eprice_exp_base": 1.3717625649798975,
           "eqty_exp_base": 3.344488665295607,
           "grid_span": 0.12479961039908576,
           "initial_eprice_ema_dist": 0.003,
           "initial_qty_pct": 0.05,
           "markup_range": 0.0026779029034888196,
           "max_n_entry_orders": 10,
           "min_markup": 0.001,
           "n_close_orders": 2,
           "wallet_exposure_limit": 1}}