{"config_name": "neat_grid_0days",
 "logging_level": 0,
 "long": {"auto_unstuck_delay_minutes": 1029.31238137175,
          "auto_unstuck_ema_dist": -0.015119024911923571,
          "auto_unstuck_qty_pct": 0.08039112000641081,
          "auto_unstuck_wallet_exposure_threshold": 0.5758136613539955,
          "backwards_tp": true,
          "ema_span_0": 375.78327414326486,
          "ema_span_1": 193.60052305861757,
          "enabled": true,
          "eprice_exp_base": 1.214587112175182,
          "eqty_exp_base": 1.3985953899599415,
          "grid_span": 0.1921348326406074,
          "initial_eprice_ema_dist": 0.0026409555733552356,
          "initial_qty_pct": 0.011831419575377413,
          "markup_range": 0.005971093436837054,
          "max_n_entry_orders": 7,
          "min_markup": 0.0030271572687066363,
          "n_close_orders": 3,
          "wallet_exposure_limit": 1},
 "short": {"auto_unstuck_delay_minutes": 1278.9447745660573,
           "auto_unstuck_ema_dist": -0.014614502702101335,
           "auto_unstuck_qty_pct": 0.01661511462751747,
           "auto_unstuck_wallet_exposure_threshold": 0.4367564656424801,
           "backwards_tp": true,
           "ema_span_0": 1377.1724191049236,
           "ema_span_1": 904.7743747036709,
           "enabled": true,
           "eprice_exp_base": 1.2844196746243386,
           "eqty_exp_base": 1.6525884050686455,
           "grid_span": 0.4425860447472405,
           "initial_eprice_ema_dist": 0.0009022720849045805,
           "initial_qty_pct": 0.010001758155469056,
           "markup_range": 0.008902967231539416,
           "max_n_entry_orders": 9,
           "min_markup": 0.0074502696582370315,
           "n_close_orders": 6,
           "wallet_exposure_limit": 1}}