{"config_name": "neat_grid_0days",
 "logging_level": 0,
 "long": {"auto_unstuck_delay_minutes": 598.2677947514356,
          "auto_unstuck_ema_dist": -0.04609893110399657,
          "auto_unstuck_qty_pct": 0.010123567719253442,
          "auto_unstuck_wallet_exposure_threshold": 0.1024154079615063,
          "backwards_tp": true,
          "ema_span_0": 402.55872805583687,
          "ema_span_1": 416.43411767122376,
          "enabled": true,
          "eprice_exp_base": 1.1161528887519947,
          "eqty_exp_base": 1.5905756340469075,
          "grid_span": 0.18153523109118677,
          "initial_eprice_ema_dist": -0.016680959698188717,
          "initial_qty_pct": 0.015209747553002216,
          "markup_range": 0.004610308754286902,
          "max_n_entry_orders": 13,
          "min_markup": 0.001645743561515607,
          "n_close_orders": 8,
          "wallet_exposure_limit": 1},
 "short": {"auto_unstuck_delay_minutes": 1410.940593670589,
           "auto_unstuck_ema_dist": -0.07281608439778194,
           "auto_unstuck_qty_pct": 0.023258970877219003,
           "auto_unstuck_wallet_exposure_threshold": 0.1367812697667717,
           "backwards_tp": true,
           "ema_span_0": 1231.4464720480123,
           "ema_span_1": 1313.1322586860886,
           "enabled": true,
           "eprice_exp_base": 1.2035171545378207,
           "eqty_exp_base": 3.153807577849342,
           "grid_span": 0.10938390474490967,
           "initial_eprice_ema_dist": -0.0004210038383766818,
           "initial_qty_pct": 0.015536851964612568,
           "markup_range": 0.0020031224138641677,
           "max_n_entry_orders": 10,
           "min_markup": 0.006649259780135027,
           "n_close_orders": 13,
           "wallet_exposure_limit": 1}}