{"config_name": "neat_grid_0days",
 "logging_level": 0,
 "long": {"auto_unstuck_delay_minutes": 1271.7794886183383,
          "auto_unstuck_ema_dist": -0.005581941244785879,
          "auto_unstuck_qty_pct": 0.010170091330110483,
          "auto_unstuck_wallet_exposure_threshold": 0.3806590313382323,
          "backwards_tp": true,
          "ema_span_0": 956.2302813651238,
          "ema_span_1": 1265.2351101148524,
          "enabled": true,
          "eprice_exp_base": 1.051767207536531,
          "eqty_exp_base": 1.7035756385736616,
          "grid_span": 0.17037951780238555,
          "initial_eprice_ema_dist": -0.003123429996222736,
          "initial_qty_pct": 0.012441166898920027,
          "markup_range": 0.0008494533549618005,
          "max_n_entry_orders": 7,
          "min_markup": 0.009134769067758976,
          "n_close_orders": 13,
          "wallet_exposure_limit": 1},
 "short": {"auto_unstuck_delay_minutes": 1366.7111509488582,
           "auto_unstuck_ema_dist": -0.03889387628187589,
           "auto_unstuck_qty_pct": 0.033318103776090915,
           "auto_unstuck_wallet_exposure_threshold": 0.5617409724650149,
           "backwards_tp": true,
           "ema_span_0": 1434.230346305967,
           "ema_span_1": 1415.6198154555825,
           "enabled": true,
           "eprice_exp_base": 1.03902578446112,
           "eqty_exp_base": 3.0200874334452035,
           "grid_span": 0.20892599684241026,
           "initial_eprice_ema_dist": -0.0031620299428871835,
           "initial_qty_pct": 0.01420151405657421,
           "markup_range": 0.0012068521329553369,
           "max_n_entry_orders": 21,
           "min_markup": 0.009912203050077612,
           "n_close_orders": 15,
           "wallet_exposure_limit": 1}}