{"config_name": "recursive_grid_0days",
 "logging_level": 0,
 "long": {"auto_unstuck_delay_minutes": 0,
          "auto_unstuck_ema_dist": 0,
          "auto_unstuck_qty_pct": 0,
          "auto_unstuck_wallet_exposure_threshold": 0.0,
          "backwards_tp": true,
          "ddown_factor": 1.4026251919198502,
          "ema_span_0": 991.1601774811496,
          "ema_span_1": 967.6078068597097,
          "enabled": true,
          "initial_eprice_ema_dist": -0.0013705759607982536,
          "initial_qty_pct": 0.01099558849045541,
          "markup_range": 0.003028882218683161,
          "min_markup": 0.0028309397765345374,
          "n_close_orders": 2,
          "rentry_pprice_dist": 0.02010617855435312,
          "rentry_pprice_dist_wallet_exposure_weighting": 2.3227593045078776,
          "wallet_exposure_limit": 1},
 "short": {"auto_unstuck_delay_minutes": 0,
           "auto_unstuck_ema_dist": 0,
           "auto_unstuck_qty_pct": 0,
           "auto_unstuck_wallet_exposure_threshold": 0.0,
           "backwards_tp": true,
           "ddown_factor": 1.0376355203597838,
           "ema_span_0": 633.386007336164,
           "ema_span_1": 887.3728270616908,
           "enabled": true,
           "initial_eprice_ema_dist": -0.01,
           "initial_qty_pct": 0.013699748249200672,
           "markup_range": 0.008459985981420575,
           "min_markup": 0.006781846332321432,
           "n_close_orders": 11,
           "rentry_pprice_dist": 0.035444110685798405,
           "rentry_pprice_dist_wallet_exposure_weighting": 5.226529926365776,
           "wallet_exposure_limit": 1}}