{"config_name": "recursive_grid_0days",
 "logging_level": 0,
 "long": {"auto_unstuck_delay_minutes": 0,
          "auto_unstuck_ema_dist": 0,
          "auto_unstuck_qty_pct": 0,
          "auto_unstuck_wallet_exposure_threshold": 0.0,
          "backwards_tp": true,
          "ddown_factor": 1.751402066478981,
          "ema_span_0": 815.6758472397362,
          "ema_span_1": 893.4578952035137,
          "enabled": true,
          "initial_eprice_ema_dist": -0.0012125170160610596,
          "initial_qty_pct": 0.008391926393526834,
          "markup_range": 1.5033008696905663e-05,
          "min_markup": 0.004859883745516535,
          "n_close_orders": 11,
          "rentry_pprice_dist": 0.02584774452073919,
          "rentry_pprice_dist_wallet_exposure_weighting": 4.251130139100051,
          "wallet_exposure_limit": 1},
 "short": {"auto_unstuck_delay_minutes": 0,
           "auto_unstuck_ema_dist": 0,
           "auto_unstuck_qty_pct": 0,
           "auto_unstuck_wallet_exposure_threshold": 0.0,
           "backwards_tp": true,
           "ddown_factor": 1.9816750005613653,
           "ema_span_0": 1343.0840284833462,
           "ema_span_1": 1433.3384671326917,
           "enabled": true,
           "initial_eprice_ema_dist": 0.003,
           "initial_qty_pct": 0.012726350096647744,
           "markup_range": 0.003708085932055071,
           "min_markup": 0.0019460025801372946,
           "n_close_orders": 7,
           "rentry_pprice_dist": 0.04997483217140227,
           "rentry_pprice_dist_wallet_exposure_weighting": 3.5184360991196204,
           "wallet_exposure_limit": 1}}