{"config_name": "recursive_grid_0days",
 "logging_level": 0,
 "long": {"auto_unstuck_delay_minutes": 0,
          "auto_unstuck_ema_dist": 0,
          "auto_unstuck_qty_pct": 0,
          "auto_unstuck_wallet_exposure_threshold": 0.0,
          "backwards_tp": true,
          "ddown_factor": 1.4924103298895497,
          "ema_span_0": 1435.6248632028244,
          "ema_span_1": 1281.8077876186157,
          "enabled": true,
          "initial_eprice_ema_dist": -0.0030841936613471383,
          "initial_qty_pct": 0.013726934435758566,
          "markup_range": 0.0011017226348451418,
          "min_markup": 0.00367146705463104,
          "n_close_orders": 6,
          "rentry_pprice_dist": 0.0395894695116373,
          "rentry_pprice_dist_wallet_exposure_weighting": 1.3240390856851025,
          "wallet_exposure_limit": 1},
 "short": {"auto_unstuck_delay_minutes": 0,
           "auto_unstuck_ema_dist": 0,
           "auto_unstuck_qty_pct": 0,
           "auto_unstuck_wallet_exposure_threshold": 0.0,
           "backwards_tp": true,
           "ddown_factor": 0.6862259336459262,
           "ema_span_0": 1109.3310320534958,
           "ema_span_1": 477.15132300439143,
           "enabled": true,
           "initial_eprice_ema_dist": -0.009105244413307135,
           "initial_qty_pct": 0.012697680183739304,
           "markup_range": 0.002420323227669815,
           "min_markup": 0.0036091761047438217,
           "n_close_orders": 7,
           "rentry_pprice_dist": 0.04368376393736118,
           "rentry_pprice_dist_wallet_exposure_weighting": 0.6843364150871896,
           "wallet_exposure_limit": 1}}