{"config_name": "recursive_grid_0days",
 "logging_level": 0,
 "long": {"auto_unstuck_delay_minutes": 0,
          "auto_unstuck_ema_dist": 0,
          "auto_unstuck_qty_pct": 0,
          "auto_unstuck_wallet_exposure_threshold": 0.0,
          "backwards_tp": true,
          "ddown_factor": 2.9981343043546285,
          "ema_span_0": 616.1697130798476,
          "ema_span_1": 1204.4785222119897,
          "enabled": true,
          "initial_eprice_ema_dist": -0.003286700364198224,
          "initial_qty_pct": 0.011197307005157007,
          "markup_range": 0.0005545569384790453,
          "min_markup": 0.0017689918321148578,
          "n_close_orders": 7,
          "rentry_pprice_dist": 0.04967264374776934,
          "rentry_pprice_dist_wallet_exposure_weighting": 4.687857504261405,
          "wallet_exposure_limit": 1},
 "short": {"auto_unstuck_delay_minutes": 0,
           "auto_unstuck_ema_dist": 0,
           "auto_unstuck_qty_pct": 0,
           "auto_unstuck_wallet_exposure_threshold": 0.0,
           "backwards_tp": true,
           "ddown_factor": 2.051721682840642,
           "ema_span_0": 1360.642957935954,
           "ema_span_1": 1074.7246305737328,
           "enabled": true,
           "initial_eprice_ema_dist": 0.0008969338667493432,
           "initial_qty_pct": 0.01577818768030297,
           "markup_range": 0.005534066319481284,
           "min_markup": 0.003995770267067804,
           "n_close_orders": 12,
           "rentry_pprice_dist": 0.04497421082218448,
           "rentry_pprice_dist_wallet_exposure_weighting": 5.627273643280507,
           "wallet_exposure_limit": 1}}