{"config_name": "recursive_grid_0days",
 "logging_level": 0,
 "long": {"auto_unstuck_delay_minutes": 0,
          "auto_unstuck_ema_dist": 0,
          "auto_unstuck_qty_pct": 0,
          "auto_unstuck_wallet_exposure_threshold": 0.0,
          "backwards_tp": true,
          "ddown_factor": 1.6171096195489716,
          "ema_span_0": 1440,
          "ema_span_1": 1013.2405026276444,
          "enabled": true,
          "initial_eprice_ema_dist": -0.000899262565851091,
          "initial_qty_pct": 0.006110808513615911,
          "markup_range": 0.0009147783462165784,
          "min_markup": 0.0011141231482822372,
          "n_close_orders": 12,
          "rentry_pprice_dist": 0.03590399957769143,
          "rentry_pprice_dist_wallet_exposure_weighting": 7.076815297324709,
          "wallet_exposure_limit": 1},
 "short": {"auto_unstuck_delay_minutes": 0,
           "auto_unstuck_ema_dist": 0,
           "auto_unstuck_qty_pct": 0,
           "auto_unstuck_wallet_exposure_threshold": 0.0,
           "backwards_tp": true,
           "ddown_factor": 0.3371466143965313,
           "ema_span_0": 1087.6046787389146,
           "ema_span_1": 1375.8236443434478,
           "enabled": true,
           "initial_eprice_ema_dist": -0.0056029314032308075,
           "initial_qty_pct": 0.011213071705653516,
           "markup_range": 0.002603946800314544,
           "min_markup": 0.005178835176920965,
           "n_close_orders": 4,
           "rentry_pprice_dist": 0.03826562236454964,
           "rentry_pprice_dist_wallet_exposure_weighting": 8.13841305577217,
           "wallet_exposure_limit": 1}}