{"config_name": "recursive_grid_0days",
 "logging_level": 0,
 "long": {"auto_unstuck_delay_minutes": 0,
          "auto_unstuck_ema_dist": 0,
          "auto_unstuck_qty_pct": 0,
          "auto_unstuck_wallet_exposure_threshold": 0.0,
          "backwards_tp": true,
          "ddown_factor": 2.341754829883286,
          "ema_span_0": 1381.696357194486,
          "ema_span_1": 898.3018642104006,
          "enabled": true,
          "initial_eprice_ema_dist": -0.007502246912564987,
          "initial_qty_pct": 0.008190405753175794,
          "markup_range": 0.001181834027785448,
          "min_markup": 0.005822096880760171,
          "n_close_orders": 9,
          "rentry_pprice_dist": 0.04401027773725582,
          "rentry_pprice_dist_wallet_exposure_weighting": 1.6448002396478179,
          "wallet_exposure_limit": 1},
 "short": {"auto_unstuck_delay_minutes": 0,
           "auto_unstuck_ema_dist": 0,
           "auto_unstuck_qty_pct": 0,
           "auto_unstuck_wallet_exposure_threshold": 0.0,
           "backwards_tp": true,
           "ddown_factor": 0.5534871384395967,
           "ema_span_0": 497.72417068282743,
           "ema_span_1": 402.4310180281065,
           "enabled": true,
           "initial_eprice_ema_dist": -0.006937579282307286,
           "initial_qty_pct": 0.019998967246795736,
           "markup_range": 0.004075980963864618,
           "min_markup": 0.008206347744760006,
           "n_close_orders": 5,
           "rentry_pprice_dist": 0.02201269981773479,
           "rentry_pprice_dist_wallet_exposure_weighting": 8.86096231397286,
           "wallet_exposure_limit": 1}}