{"config_name": "recursive_grid_0days",
 "logging_level": 0,
 "long": {"auto_unstuck_delay_minutes": 0,
          "auto_unstuck_ema_dist": 0,
          "auto_unstuck_qty_pct": 0,
          "auto_unstuck_wallet_exposure_threshold": 0.0,
          "backwards_tp": true,
          "ddown_factor": 0.8250877969133658,
          "ema_span_0": 958.7180455395061,
          "ema_span_1": 1040.8913901615765,
          "enabled": true,
          "initial_eprice_ema_dist": 0.0018251771825541457,
          "initial_qty_pct": 0.00683638989611143,
          "markup_range": 0.003498007385158342,
          "min_markup": 0.004393179018755488,
          "n_close_orders": 9,
          "rentry_pprice_dist": 0.03766658262453406,
          "rentry_pprice_dist_wallet_exposure_weighting": 0.741142232660412,
          "wallet_exposure_limit": 1},
 "short": {"auto_unstuck_delay_minutes": 0,
           "auto_unstuck_ema_dist": 0,
           "auto_unstuck_qty_pct": 0,
           "auto_unstuck_wallet_exposure_threshold": 0.0,
           "backwards_tp": true,
           "ddown_factor": 1.9620860718857802,
           "ema_span_0": 791.3031842348479,
           "ema_span_1": 1387.1962962780071,
           "enabled": true,
           "initial_eprice_ema_dist": 0.0029710000304895273,
           "initial_qty_pct": 0.005584090472977711,
           "markup_range": 0.00011421390958197202,
           "min_markup": 0.0017914627562805843,
           "n_close_orders": 9,
           "rentry_pprice_dist": 0.05360531489608533,
           "rentry_pprice_dist_wallet_exposure_weighting": 7.8830810004983505,
           "wallet_exposure_limit": 1}}