{"config_name": "recursive_grid_0days",
 "logging_level": 0,
 "long": {"auto_unstuck_delay_minutes": 0,
          "auto_unstuck_ema_dist": 0,
          "auto_unstuck_qty_pct": 0,
          "auto_unstuck_wallet_exposure_threshold": 0.0,
          "backwards_tp": true,
          "ddown_factor": 2.1737768366463537,
          "ema_span_0": 896.2340233374994,
          "ema_span_1": 589.5963101508198,
          "enabled": true,
          "initial_eprice_ema_dist": 0.001218085131085882,
          "initial_qty_pct": 0.01415394363069659,
          "markup_range": 0.0021746648607091,
          "min_markup": 0.0033774997082325585,
          "n_close_orders": 7,
          "rentry_pprice_dist": 0.04824834814203018,
          "rentry_pprice_dist_wallet_exposure_weighting": 2.204716000948487,
          "wallet_exposure_limit": 1},
 "short": {"auto_unstuck_delay_minutes": 0,
           "auto_unstuck_ema_dist": 0,
           "auto_unstuck_qty_pct": 0,
           "auto_unstuck_wallet_exposure_threshold": 0.0,
           "backwards_tp": true,
           "ddown_factor": 2.0575484627542227,
           "ema_span_0": 1067.5582564003012,
           "ema_span_1": 422.8511433535947,
           "enabled": true,
           "initial_eprice_ema_dist": 0.0002492545114339976,
           "initial_qty_pct": 0.007658054470493523,
           "markup_range": 0.00214324393092925,
           "min_markup": 0.003279407549061367,
           "n_close_orders": 3,
           "rentry_pprice_dist": 0.05854209606514442,
           "rentry_pprice_dist_wallet_exposure_weighting": 0.2201369583826327,
           "wallet_exposure_limit": 1}}