{"config_name": "recursive_grid_0days",
 "logging_level": 0,
 "long": {"auto_unstuck_delay_minutes": 0,
          "auto_unstuck_ema_dist": 0,
          "auto_unstuck_qty_pct": 0,
          "auto_unstuck_wallet_exposure_threshold": 0.0,
          "backwards_tp": true,
          "ddown_factor": 0.20443456141807378,
          "ema_span_0": 1143.7590608148823,
          "ema_span_1": 505.9599590814514,
          "enabled": true,
          "initial_eprice_ema_dist": -0.005136515186398207,
          "initial_qty_pct": 0.015849222061658383,
          "markup_range": 0.001174404553658167,
          "min_markup": 0.00794335339529394,
          "n_close_orders": 6,
          "rentry_pprice_dist": 0.024182428093108357,
          "rentry_pprice_dist_wallet_exposure_weighting": 0.8585615928827853,
          "wallet_exposure_limit": 1},
 "short": {"auto_unstuck_delay_minutes": 0,
           "auto_unstuck_ema_dist": 0,
           "auto_unstuck_qty_pct": 0,
           "auto_unstuck_wallet_exposure_threshold": 0.0,
           "backwards_tp": true,
           "ddown_factor": 1.3919250201018858,
           "ema_span_0": 1060.2158960918268,
           "ema_span_1": 1177.1731290956418,
           "enabled": true,
           "initial_eprice_ema_dist": 0.0027981313427130673,
           "initial_qty_pct": 0.011437346366293797,
           "markup_range": 0.0037064397591261796,
           "min_markup": 0.004152807034102169,
           "n_close_orders": 11,
           "rentry_pprice_dist": 0.04733475424553607,
           "rentry_pprice_dist_wallet_exposure_weighting": 9.908369167484524,
           "wallet_exposure_limit": 1}}