{"config_name": "recursive_grid_0days",
 "logging_level": 0,
 "long": {"auto_unstuck_delay_minutes": 0,
          "auto_unstuck_ema_dist": 0,
          "auto_unstuck_qty_pct": 0,
          "auto_unstuck_wallet_exposure_threshold": 0.0,
          "backwards_tp": true,
          "ddown_factor": 2.8325993977343975,
          "ema_span_0": 613.1010610726044,
          "ema_span_1": 1410.3032274120324,
          "enabled": true,
          "initial_eprice_ema_dist": -0.000841409724236921,
          "initial_qty_pct": 0.013424367818308908,
          "markup_range": 0.0074865593717514155,
          "min_markup": 0.005133150021766462,
          "n_close_orders": 5,
          "rentry_pprice_dist": 0.03967014370693948,
          "rentry_pprice_dist_wallet_exposure_weighting": 6.736819016528358,
          "wallet_exposure_limit": 1},
 "short": {"auto_unstuck_delay_minutes": 0,
           "auto_unstuck_ema_dist": 0,
           "auto_unstuck_qty_pct": 0,
           "auto_unstuck_wallet_exposure_threshold": 0.0,
           "backwards_tp": true,
           "ddown_factor": 1.1787474697966132,
           "ema_span_0": 594.5285391720925,
           "ema_span_1": 1100.1015396187781,
           "enabled": true,
           "initial_eprice_ema_dist": -9.581890405466732e-05,
           "initial_qty_pct": 0.010775651749424698,
           "markup_range": 0.006696796121318975,
           "min_markup": 0.007960166759427366,
           "n_close_orders": 15,
           "rentry_pprice_dist": 0.049530953687867536,
           "rentry_pprice_dist_wallet_exposure_weighting": 10,
           "wallet_exposure_limit": 1}}