{"config_name": "recursive_grid_0days",
 "logging_level": 0,
 "long": {"auto_unstuck_delay_minutes": 0,
          "auto_unstuck_ema_dist": 0,
          "auto_unstuck_qty_pct": 0,
          "auto_unstuck_wallet_exposure_threshold": 0.0,
          "backwards_tp": true,
          "ddown_factor": 1.1205260260426775,
          "ema_span_0": 1212.0546329433664,
          "ema_span_1": 1228.777699166912,
          "enabled": true,
          "initial_eprice_ema_dist": -0.002142947667564575,
          "initial_qty_pct": 0.009765274489990797,
          "markup_range": 0.005762749404703746,
          "min_markup": 0.005770414975020122,
          "n_close_orders": 3,
          "rentry_pprice_dist": 0.03505831567224242,
          "rentry_pprice_dist_wallet_exposure_weighting": 3.940481762043566,
          "wallet_exposure_limit": 1},
 "short": {"auto_unstuck_delay_minutes": 0,
           "auto_unstuck_ema_dist": 0,
           "auto_unstuck_qty_pct": 0,
           "auto_unstuck_wallet_exposure_threshold": 0.0,
           "backwards_tp": true,
           "ddown_factor": 2.7465097299671224,
           "ema_span_0": 1229.4937379669102,
           "ema_span_1": 1339.649707108857,
           "enabled": true,
           "initial_eprice_ema_dist": -0.006967989062541248,
           "initial_qty_pct": 0.006706950324019554,
           "markup_range": 0.0008049961427947836,
           "min_markup": 0.009760061711514244,
           "n_close_orders": 13,
           "rentry_pprice_dist": 0.04125837059356699,
           "rentry_pprice_dist_wallet_exposure_weighting": 7.373845083350206,
           "wallet_exposure_limit": 1}}