{"config_name": "recursive_grid_0days",
 "logging_level": 0,
 "long": {"auto_unstuck_delay_minutes": 0,
          "auto_unstuck_ema_dist": 0,
          "auto_unstuck_qty_pct": 0,
          "auto_unstuck_wallet_exposure_threshold": 0.0,
          "backwards_tp": true,
          "ddown_factor": 2.1343720276998734,
          "ema_span_0": 1104.4173663030556,
          "ema_span_1": 1073.0110657345351,
          "enabled": true,
          "initial_eprice_ema_dist": -0.007979467962263412,
          "initial_qty_pct": 0.012814138826955496,
          "markup_range": 0.0039876600910200575,
          "min_markup": 0.004313593884777903,
          "n_close_orders": 5,
          "rentry_pprice_dist": 0.033295986545100735,
          "rentry_pprice_dist_wallet_exposure_weighting": 4.157710045355585,
          "wallet_exposure_limit": 1},
 "short": {"auto_unstuck_delay_minutes": 0,
           "auto_unstuck_ema_dist": 0,
           "auto_unstuck_qty_pct": 0,
           "auto_unstuck_wallet_exposure_threshold": 0.0,
           "backwards_tp": true,
           "ddown_factor": 0.4349078091765308,
           "ema_span_0": 509.31743476678673,
           "ema_span_1": 1144.5630320954324,
           "enabled": true,
           "initial_eprice_ema_dist": -0.0014527910592694283,
           "initial_qty_pct": 0.01759587907076947,
           "markup_range": 0.0022565799978959988,
           "min_markup": 0.006253966055522724,
           "n_close_orders": 11,
           "rentry_pprice_dist": 0.027457325020295305,
           "rentry_pprice_dist_wallet_exposure_weighting": 3.1844709926438637,
           "wallet_exposure_limit": 1}}