{"config_name": "recursive_grid_0days",
 "logging_level": 0,
 "long": {"auto_unstuck_delay_minutes": 0,
          "auto_unstuck_ema_dist": 0,
          "auto_unstuck_qty_pct": 0,
          "auto_unstuck_wallet_exposure_threshold": 0.0,
          "backwards_tp": true,
          "ddown_factor": 1.7178340719098681,
          "ema_span_0": 415.15061957302555,
          "ema_span_1": 1089.7877857241194,
          "enabled": true,
          "initial_eprice_ema_dist": -0.00201450643275256,
          "initial_qty_pct": 0.005416436126375446,
          "markup_range": 0.0022723318779975525,
          "min_markup": 0.002190136171187756,
          "n_close_orders": 7,
          "rentry_pprice_dist": 0.02639571495087306,
          "rentry_pprice_dist_wallet_exposure_weighting": 8.457003519600361,
          "wallet_exposure_limit": 1},
 "short": {"auto_unstuck_delay_minutes": 0,
           "auto_unstuck_ema_dist": 0,
           "auto_unstuck_qty_pct": 0,
           "auto_unstuck_wallet_exposure_threshold": 0.0,
           "backwards_tp": true,
           "ddown_factor": 1.184583982179656,
           "ema_span_0": 609.2059106712003,
           "ema_span_1": 1035.9339038412597,
           "enabled": true,
           "initial_eprice_ema_dist": -0.000460772865694403,
           "initial_qty_pct": 0.005111532123228903,
           "markup_range": 0.005300685769543917,
           "min_markup": 0.007228483290157517,
           "n_close_orders": 3,
           "rentry_pprice_dist": 0.024515932877781435,
           "rentry_pprice_dist_wallet_exposure_weighting": 0.22969875704421283,
           "wallet_exposure_limit": 1}}