{"config_name": "recursive_grid_0days",
 "logging_level": 0,
 "long": {"auto_unstuck_delay_minutes": 0,
          "auto_unstuck_ema_dist": 0,
          "auto_unstuck_qty_pct": 0,
          "auto_unstuck_wallet_exposure_threshold": 0.0,
          "backwards_tp": true,
          "ddown_factor": 1.7178340719098681,
          "ema_span_0": 415.15061957302555,
          "ema_span_1": 1089.7877857241194,
          "enabled": true,
          "initial_eprice_ema_dist": -0.00201450643275256,
          "initial_qty_pct": 0.005416436126375446,
          "markup_range": 0.0022723318779975525,
          "min_markup": 0.002190136171187756,
          "n_close_orders": 7,
          "rentry_pprice_dist": 0.02639571495087306,
          "rentry_pprice_dist_wallet_exposure_weighting": 8.457003519600361,
          "wallet_exposure_limit": 1},
 "short": {"auto_unstuck_delay_minutes": 0,
           "auto_unstuck_ema_dist": 0,
           "auto_unstuck_qty_pct": 0,
           "auto_unstuck_wallet_exposure_threshold": 0.0,
           "backwards_tp": true,
           "ddown_factor": 1.3389007463645637,
           "ema_span_0": 1341.506280103092,
           "ema_span_1": 1335.774321360955,
           "enabled": true,
           "initial_eprice_ema_dist": -0.01,
           "initial_qty_pct": 0.012307899823146454,
           "markup_range": 0.0021274643394395315,
           "min_markup": 0.002253642765114612,
           "n_close_orders": 5,
           "rentry_pprice_dist": 0.028205288209876715,
           "rentry_pprice_dist_wallet_exposure_weighting": 1.2168814665980414,
           "wallet_exposure_limit": 1}}