{"config_name": "recursive_grid_0days",
 "logging_level": 0,
 "long": {"auto_unstuck_delay_minutes": 1100.0766974686742,
          "auto_unstuck_ema_dist": -0.08514628223981162,
          "auto_unstuck_qty_pct": 0.014754655707221693,
          "auto_unstuck_wallet_exposure_threshold": 0.5590674894077008,
          "backwards_tp": true,
          "ddown_factor": 2.384812053735167,
          "ema_span_0": 1098.6132497794993,
          "ema_span_1": 5,
          "enabled": true,
          "initial_eprice_ema_dist": 0.003,
          "initial_qty_pct": 0.011799827841045437,
          "markup_range": 0.004116742277219143,
          "min_markup": 0.007502084320029683,
          "n_close_orders": 5,
          "rentry_pprice_dist": 0.047706307783281277,
          "rentry_pprice_dist_wallet_exposure_weighting": 4.36567006885887,
          "wallet_exposure_limit": 1},
 "short": {"auto_unstuck_delay_minutes": 1136.5639902572202,
           "auto_unstuck_ema_dist": -0.03249431179808732,
           "auto_unstuck_qty_pct": 0.010024693852036394,
           "auto_unstuck_wallet_exposure_threshold": 0.4699506453067689,
           "backwards_tp": true,
           "ddown_factor": 2.529874825638356,
           "ema_span_0": 40.37118344267121,
           "ema_span_1": 172.14766479298305,
           "enabled": true,
           "initial_eprice_ema_dist": 0.003,
           "initial_qty_pct": 0.02486026228576442,
           "markup_range": 0.0006655785085890444,
           "min_markup": 0.0020956238458942783,
           "n_close_orders": 8,
           "rentry_pprice_dist": 0.030224319455928468,
           "rentry_pprice_dist_wallet_exposure_weighting": 3.043221774162653,
           "wallet_exposure_limit": 1}}