{"config_name": "recursive_grid_0days",
 "logging_level": 0,
 "long": {"auto_unstuck_delay_minutes": 1052.5741701219606,
          "auto_unstuck_ema_dist": -0.003920847299713015,
          "auto_unstuck_qty_pct": 0.01007162584317069,
          "auto_unstuck_wallet_exposure_threshold": 0.25039934646309026,
          "backwards_tp": true,
          "ddown_factor": 2.252008167660829,
          "ema_span_0": 1305.7793335310762,
          "ema_span_1": 1339.9745955301835,
          "enabled": true,
          "initial_eprice_ema_dist": -0.004741343084621099,
          "initial_qty_pct": 0.01168569454282777,
          "markup_range": 0.007025950093798064,
          "min_markup": 0.006926547608866835,
          "n_close_orders": 3,
          "rentry_pprice_dist": 0.04599814009331318,
          "rentry_pprice_dist_wallet_exposure_weighting": 0.4132239431731345,
          "wallet_exposure_limit": 1},
 "short": {"auto_unstuck_delay_minutes": 1435.6212509574864,
           "auto_unstuck_ema_dist": -0.02510013549296421,
           "auto_unstuck_qty_pct": 0.010561316199080555,
           "auto_unstuck_wallet_exposure_threshold": 0.6914900613763959,
           "backwards_tp": true,
           "ddown_factor": 0.7148297240876768,
           "ema_span_0": 806.817483260335,
           "ema_span_1": 668.0962529929567,
           "enabled": true,
           "initial_eprice_ema_dist": -0.0034432416696724985,
           "initial_qty_pct": 0.02683981829657858,
           "markup_range": 0.008772367039441148,
           "min_markup": 0.009079014494137078,
           "n_close_orders": 3,
           "rentry_pprice_dist": 0.016708378857278574,
           "rentry_pprice_dist_wallet_exposure_weighting": 17.180108929415532,
           "wallet_exposure_limit": 1}}