{"config_name": "recursive_grid_0days",
 "logging_level": 0,
 "long": {"auto_unstuck_delay_minutes": 959.3933621132613,
          "auto_unstuck_ema_dist": -0.03739002270588952,
          "auto_unstuck_qty_pct": 0.019443258238830766,
          "auto_unstuck_wallet_exposure_threshold": 0.6704584441710191,
          "backwards_tp": true,
          "ddown_factor": 2.045279670830235,
          "ema_span_0": 282.2744831006996,
          "ema_span_1": 1360.8419350294173,
          "enabled": true,
          "initial_eprice_ema_dist": -0.002213574653587452,
          "initial_qty_pct": 0.010089198717637898,
          "markup_range": 7.44385703419553e-05,
          "min_markup": 0.0020412525153861005,
          "n_close_orders": 11,
          "rentry_pprice_dist": 0.01659986404565183,
          "rentry_pprice_dist_wallet_exposure_weighting": 0.24146001070661147,
          "wallet_exposure_limit": 1},
 "short": {"auto_unstuck_delay_minutes": 1066.2595873334237,
           "auto_unstuck_ema_dist": -0.015090502372218921,
           "auto_unstuck_qty_pct": 0.03260301507555985,
           "auto_unstuck_wallet_exposure_threshold": 0.7681442055997482,
           "backwards_tp": true,
           "ddown_factor": 2.3725892964402804,
           "ema_span_0": 1071.8679377026435,
           "ema_span_1": 1016.0825715931339,
           "enabled": true,
           "initial_eprice_ema_dist": 0.002942559478912205,
           "initial_qty_pct": 0.017000131542512315,
           "markup_range": 0.0017476955511264416,
           "min_markup": 0.0029577699393889666,
           "n_close_orders": 14,
           "rentry_pprice_dist": 0.023234104444286405,
           "rentry_pprice_dist_wallet_exposure_weighting": 4.8565222730924935,
           "wallet_exposure_limit": 1}}