{"config_name": "recursive_grid_0days",
 "logging_level": 0,
 "long": {"auto_unstuck_delay_minutes": 1175.7488875333333,
          "auto_unstuck_ema_dist": -0.06773019924460438,
          "auto_unstuck_qty_pct": 0.01781714116311864,
          "auto_unstuck_wallet_exposure_threshold": 0.6493195428077282,
          "backwards_tp": true,
          "ddown_factor": 0.33573022137094516,
          "ema_span_0": 287.3861125957884,
          "ema_span_1": 928.775575738627,
          "enabled": true,
          "initial_eprice_ema_dist": -0.029576057113978576,
          "initial_qty_pct": 0.01149130596549378,
          "markup_range": 0.0037557470639028013,
          "min_markup": 0.00883496068712517,
          "n_close_orders": 13,
          "rentry_pprice_dist": 0.027523509427529368,
          "rentry_pprice_dist_wallet_exposure_weighting": 0.996650969727125,
          "wallet_exposure_limit": 1},
 "short": {"auto_unstuck_delay_minutes": 1140.7178138382837,
           "auto_unstuck_ema_dist": -0.0007501592435774812,
           "auto_unstuck_qty_pct": 0.017814566954545166,
           "auto_unstuck_wallet_exposure_threshold": 0.4236354833048852,
           "backwards_tp": true,
           "ddown_factor": 2.180523028362061,
           "ema_span_0": 1020.11748837132,
           "ema_span_1": 1024.1403015076385,
           "enabled": true,
           "initial_eprice_ema_dist": 0.003,
           "initial_qty_pct": 0.04379136301057834,
           "markup_range": 0.010731543339000263,
           "min_markup": 0.007894643223954218,
           "n_close_orders": 12,
           "rentry_pprice_dist": 0.033202180286167136,
           "rentry_pprice_dist_wallet_exposure_weighting": 4.84553413226079,
           "wallet_exposure_limit": 1}}