{"config_name": "recursive_grid_0days",
 "logging_level": 0,
 "long": {"auto_unstuck_delay_minutes": 1326.6824594067612,
          "auto_unstuck_ema_dist": -0.04123898835843348,
          "auto_unstuck_qty_pct": 0.015652849693422424,
          "auto_unstuck_wallet_exposure_threshold": 0.6557735993238923,
          "backwards_tp": true,
          "ddown_factor": 2.8258428332034904,
          "ema_span_0": 1297.8576890377162,
          "ema_span_1": 1408.7367229897266,
          "enabled": true,
          "initial_eprice_ema_dist": 0.002372596272655519,
          "initial_qty_pct": 0.01829313189456477,
          "markup_range": 0.001966269584924063,
          "min_markup": 0.00654436692475975,
          "n_close_orders": 5,
          "rentry_pprice_dist": 0.04239548258648859,
          "rentry_pprice_dist_wallet_exposure_weighting": 0.9010689882788017,
          "wallet_exposure_limit": 1},
 "short": {"auto_unstuck_delay_minutes": 1383.5460213320812,
           "auto_unstuck_ema_dist": -0.01530300035975927,
           "auto_unstuck_qty_pct": 0.011121360242413204,
           "auto_unstuck_wallet_exposure_threshold": 0.5101214298612292,
           "backwards_tp": true,
           "ddown_factor": 2.6267885091021514,
           "ema_span_0": 376.2450293728551,
           "ema_span_1": 648.2386688571398,
           "enabled": true,
           "initial_eprice_ema_dist": -0.002572647151640155,
           "initial_qty_pct": 0.022649883740129016,
           "markup_range": 0.0014629773606196423,
           "min_markup": 0.0043239815749193545,
           "n_close_orders": 4,
           "rentry_pprice_dist": 0.037140118967160074,
           "rentry_pprice_dist_wallet_exposure_weighting": 0.4833542849061831,
           "wallet_exposure_limit": 1}}