{"config_name": "recursive_grid_0days",
 "logging_level": 0,
 "long": {"auto_unstuck_delay_minutes": 933.5545649415141,
          "auto_unstuck_ema_dist": -0.020916694921813597,
          "auto_unstuck_qty_pct": 0.010402250527463207,
          "auto_unstuck_wallet_exposure_threshold": 0.10818819844689886,
          "backwards_tp": true,
          "ddown_factor": 0.7725183750348136,
          "ema_span_0": 904.0667177141111,
          "ema_span_1": 835.0872345033705,
          "enabled": true,
          "initial_eprice_ema_dist": -0.09500750313373799,
          "initial_qty_pct": 0.012139930921967928,
          "markup_range": 0.004893935309566844,
          "min_markup": 0.0049365164293177916,
          "n_close_orders": 13,
          "rentry_pprice_dist": 0.029283212468838724,
          "rentry_pprice_dist_wallet_exposure_weighting": 0.8099500717531118,
          "wallet_exposure_limit": 1},
 "short": {"auto_unstuck_delay_minutes": 1092.055229211736,
           "auto_unstuck_ema_dist": -0.03383240561699953,
           "auto_unstuck_qty_pct": 0.020929986722580424,
           "auto_unstuck_wallet_exposure_threshold": 0.4507773451589427,
           "backwards_tp": true,
           "ddown_factor": 2.251404841380241,
           "ema_span_0": 332.1323424914465,
           "ema_span_1": 611.3988437739725,
           "enabled": true,
           "initial_eprice_ema_dist": -0.0034363991468286514,
           "initial_qty_pct": 0.015177195886619683,
           "markup_range": 0.0030337325581531794,
           "min_markup": 0.002751517117800208,
           "n_close_orders": 8,
           "rentry_pprice_dist": 0.019453320055873184,
           "rentry_pprice_dist_wallet_exposure_weighting": 3.888733212449491,
           "wallet_exposure_limit": 1}}