{"config_name": "recursive_grid_0days",
 "logging_level": 0,
 "long": {"auto_unstuck_delay_minutes": 933.5545649415141,
          "auto_unstuck_ema_dist": -0.020916694921813597,
          "auto_unstuck_qty_pct": 0.010402250527463207,
          "auto_unstuck_wallet_exposure_threshold": 0.10818819844689886,
          "backwards_tp": true,
          "ddown_factor": 0.7725183750348136,
          "ema_span_0": 904.0667177141111,
          "ema_span_1": 835.0872345033705,
          "enabled": true,
          "initial_eprice_ema_dist": -0.09500750313373799,
          "initial_qty_pct": 0.012139930921967928,
          "markup_range": 0.004893935309566844,
          "min_markup": 0.0049365164293177916,
          "n_close_orders": 13,
          "rentry_pprice_dist": 0.029283212468838724,
          "rentry_pprice_dist_wallet_exposure_weighting": 0.8099500717531118,
          "wallet_exposure_limit": 1},
 "short": {"auto_unstuck_delay_minutes": 754.205632034632,
           "auto_unstuck_ema_dist": -0.003526950303230414,
           "auto_unstuck_qty_pct": 0.010026297043304766,
           "auto_unstuck_wallet_exposure_threshold": 0.5499048313948989,
           "backwards_tp": true,
           "ddown_factor": 1.3146649036481972,
           "ema_span_0": 643.8976532235419,
           "ema_span_1": 681.5373896361046,
           "enabled": true,
           "initial_eprice_ema_dist": -0.0016257760804812232,
           "initial_qty_pct": 0.013814663871023833,
           "markup_range": 0.013331732415678414,
           "min_markup": 0.009992373907778547,
           "n_close_orders": 7,
           "rentry_pprice_dist": 0.025953758568424915,
           "rentry_pprice_dist_wallet_exposure_weighting": 4.780456169823601,
           "wallet_exposure_limit": 1}}