{"config_name": "recursive_grid_0days",
 "logging_level": 0,
 "long": {"auto_unstuck_delay_minutes": 1168.1958329575507,
          "auto_unstuck_ema_dist": -0.012912001034555143,
          "auto_unstuck_qty_pct": 0.012546693655526938,
          "auto_unstuck_wallet_exposure_threshold": 0.20833894628040595,
          "backwards_tp": true,
          "ddown_factor": 1.615808193068187,
          "ema_span_0": 686.2286818957755,
          "ema_span_1": 123.87983410479042,
          "enabled": true,
          "initial_eprice_ema_dist": -0.0015859203938363487,
          "initial_qty_pct": 0.01165365067917482,
          "markup_range": 0.0034569431354466804,
          "min_markup": 0.008071651348011766,
          "n_close_orders": 11,
          "rentry_pprice_dist": 0.049610566521138995,
          "rentry_pprice_dist_wallet_exposure_weighting": 0.8512369650667241,
          "wallet_exposure_limit": 1},
 "short": {"auto_unstuck_delay_minutes": 797.0347847268555,
           "auto_unstuck_ema_dist": -0.00305653374017019,
           "auto_unstuck_qty_pct": 0.023449935983428333,
           "auto_unstuck_wallet_exposure_threshold": 0.6602385992955259,
           "backwards_tp": true,
           "ddown_factor": 0.5331102866411135,
           "ema_span_0": 1367.253382237758,
           "ema_span_1": 624.7931570803265,
           "enabled": true,
           "initial_eprice_ema_dist": -0.008627186422771155,
           "initial_qty_pct": 0.014854210381528047,
           "markup_range": 0.004209787989222997,
           "min_markup": 0.004040674109366223,
           "n_close_orders": 4,
           "rentry_pprice_dist": 0.01559591043789603,
           "rentry_pprice_dist_wallet_exposure_weighting": 3.2487971852856212,
           "wallet_exposure_limit": 1}}