{"config_name": "recursive_grid_0days",
 "logging_level": 0,
 "long": {"auto_unstuck_delay_minutes": 730.3312186368985,
          "auto_unstuck_ema_dist": 0.0022383320584140045,
          "auto_unstuck_qty_pct": 0.02284785160997343,
          "auto_unstuck_wallet_exposure_threshold": 0.6993046320092303,
          "backwards_tp": true,
          "ddown_factor": 1.3706317384714013,
          "ema_span_0": 910.92182139162,
          "ema_span_1": 445.39025158429376,
          "enabled": true,
          "initial_eprice_ema_dist": -0.02342585771336536,
          "initial_qty_pct": 0.012912925438952264,
          "markup_range": 0.0010252134174917747,
          "min_markup": 0.00582271675896672,
          "n_close_orders": 9,
          "rentry_pprice_dist": 0.01951170191144171,
          "rentry_pprice_dist_wallet_exposure_weighting": 3.4355029441536544,
          "wallet_exposure_limit": 1},
 "short": {"auto_unstuck_delay_minutes": 1207.5880933221017,
           "auto_unstuck_ema_dist": 0.0026397394336455837,
           "auto_unstuck_qty_pct": 0.042658108594644153,
           "auto_unstuck_wallet_exposure_threshold": 0.32521584619725424,
           "backwards_tp": true,
           "ddown_factor": 0.9271430073809548,
           "ema_span_0": 1060.6087477697195,
           "ema_span_1": 5,
           "enabled": true,
           "initial_eprice_ema_dist": -0.004460639211257628,
           "initial_qty_pct": 0.014984561806980722,
           "markup_range": 0.003761840090902962,
           "min_markup": 0.005347642715216169,
           "n_close_orders": 10,
           "rentry_pprice_dist": 0.01716612420162902,
           "rentry_pprice_dist_wallet_exposure_weighting": 4.609061996889854,
           "wallet_exposure_limit": 1}}