{"config_name": "recursive_grid_0days",
 "logging_level": 0,
 "long": {"auto_unstuck_delay_minutes": 1281.7273305342342,
          "auto_unstuck_ema_dist": -0.017742864046926567,
          "auto_unstuck_qty_pct": 0.01021284562832472,
          "auto_unstuck_wallet_exposure_threshold": 0.4014512475386008,
          "backwards_tp": true,
          "ddown_factor": 0.4200306299813098,
          "ema_span_0": 580.9868844969941,
          "ema_span_1": 563.0060658876628,
          "enabled": true,
          "initial_eprice_ema_dist": -0.07744842086413276,
          "initial_qty_pct": 0.01,
          "markup_range": 0.012945597681200044,
          "min_markup": 0.006950946045861591,
          "n_close_orders": 6,
          "rentry_pprice_dist": 0.04636637275027759,
          "rentry_pprice_dist_wallet_exposure_weighting": 0.10032687556162916,
          "wallet_exposure_limit": 1},
 "short": {"auto_unstuck_delay_minutes": 1135.2496761839336,
           "auto_unstuck_ema_dist": -0.03864983824667042,
           "auto_unstuck_qty_pct": 0.03519039447115108,
           "auto_unstuck_wallet_exposure_threshold": 0.18166949649508227,
           "backwards_tp": true,
           "ddown_factor": 2.792308392000087,
           "ema_span_0": 615.7739298203456,
           "ema_span_1": 1297.0916592147078,
           "enabled": true,
           "initial_eprice_ema_dist": -0.008494182330344468,
           "initial_qty_pct": 0.014550968639651394,
           "markup_range": 0.0026100116495867336,
           "min_markup": 0.0022819983606354797,
           "n_close_orders": 8,
           "rentry_pprice_dist": 0.037719250371598824,
           "rentry_pprice_dist_wallet_exposure_weighting": 2.3323670261749943,
           "wallet_exposure_limit": 1}}