{"config_name": "recursive_grid_0days",
 "logging_level": 0,
 "long": {"auto_unstuck_delay_minutes": 1133.5455396076816,
          "auto_unstuck_ema_dist": -0.004710557764050445,
          "auto_unstuck_qty_pct": 0.03964236728860161,
          "auto_unstuck_wallet_exposure_threshold": 0.45621867392956356,
          "backwards_tp": true,
          "ddown_factor": 1.849160021904362,
          "ema_span_0": 28.281272578153466,
          "ema_span_1": 5.012448083591491,
          "enabled": true,
          "initial_eprice_ema_dist": 0.003,
          "initial_qty_pct": 0.011495775357664509,
          "markup_range": 0.0017590601541578152,
          "min_markup": 0.0019419930076712746,
          "n_close_orders": 6,
          "rentry_pprice_dist": 0.015024781549036277,
          "rentry_pprice_dist_wallet_exposure_weighting": 6.079346889259036,
          "wallet_exposure_limit": 1},
 "short": {"auto_unstuck_delay_minutes": 1239.5398828537122,
           "auto_unstuck_ema_dist": 0.0011002178656988298,
           "auto_unstuck_qty_pct": 0.040879571278322355,
           "auto_unstuck_wallet_exposure_threshold": 0.8965749947588251,
           "backwards_tp": true,
           "ddown_factor": 1.7047054543885927,
           "ema_span_0": 379.214100284615,
           "ema_span_1": 1421.6821458320787,
           "enabled": true,
           "initial_eprice_ema_dist": -0.0003425739829469274,
           "initial_qty_pct": 0.014884243887259483,
           "markup_range": 0.005591416742867247,
           "min_markup": 0.004547267453440362,
           "n_close_orders": 11,
           "rentry_pprice_dist": 0.04413645431110037,
           "rentry_pprice_dist_wallet_exposure_weighting": 7.462635340608269,
           "wallet_exposure_limit": 1}}