{"config_name": "recursive_grid_0days",
 "logging_level": 0,
 "long": {"auto_unstuck_delay_minutes": 1091.9249122302017,
          "auto_unstuck_ema_dist": -0.08514350453347158,
          "auto_unstuck_qty_pct": 0.010358255142866238,
          "auto_unstuck_wallet_exposure_threshold": 0.5807792212712123,
          "backwards_tp": true,
          "ddown_factor": 2.208932570232063,
          "ema_span_0": 775.5641240096238,
          "ema_span_1": 588.0992743341152,
          "enabled": true,
          "initial_eprice_ema_dist": 0.0011088603456135102,
          "initial_qty_pct": 0.010855596003675212,
          "markup_range": 0.004565117890083648,
          "min_markup": 0.0070493794542243375,
          "n_close_orders": 11,
          "rentry_pprice_dist": 0.0246999068091038,
          "rentry_pprice_dist_wallet_exposure_weighting": 4.048541794732258,
          "wallet_exposure_limit": 1},
 "short": {"auto_unstuck_delay_minutes": 1130.958835691042,
           "auto_unstuck_ema_dist": -0.06545187903619279,
           "auto_unstuck_qty_pct": 0.0162176148117012,
           "auto_unstuck_wallet_exposure_threshold": 0.46790674855753145,
           "backwards_tp": true,
           "ddown_factor": 1.230633039977133,
           "ema_span_0": 1086.1941501192775,
           "ema_span_1": 306.66570353503636,
           "enabled": true,
           "initial_eprice_ema_dist": -0.00698790263377885,
           "initial_qty_pct": 0.017784905525295602,
           "markup_range": 0.006696134467265205,
           "min_markup": 0.009806604851310555,
           "n_close_orders": 15,
           "rentry_pprice_dist": 0.021213796043163872,
           "rentry_pprice_dist_wallet_exposure_weighting": 2.5343514407640697,
           "wallet_exposure_limit": 1}}