{"config_name": "recursive_grid_0days",
 "logging_level": 0,
 "long": {"auto_unstuck_delay_minutes": 1241.6815220008489,
          "auto_unstuck_ema_dist": -0.02376976141604809,
          "auto_unstuck_qty_pct": 0.010100461731487462,
          "auto_unstuck_wallet_exposure_threshold": 0.29418031881816764,
          "backwards_tp": true,
          "ddown_factor": 1.3693858643857795,
          "ema_span_0": 862.7600943888548,
          "ema_span_1": 1198.4225018913592,
          "enabled": true,
          "initial_eprice_ema_dist": -0.0021686862799339054,
          "initial_qty_pct": 0.014040301197421301,
          "markup_range": 0.0024085468748786553,
          "min_markup": 0.0015046592390348095,
          "n_close_orders": 11,
          "rentry_pprice_dist": 0.02270171112131856,
          "rentry_pprice_dist_wallet_exposure_weighting": 0.876542348502689,
          "wallet_exposure_limit": 1},
 "short": {"auto_unstuck_delay_minutes": 1302.9622602969205,
           "auto_unstuck_ema_dist": -0.009790478051886362,
           "auto_unstuck_qty_pct": 0.010160647602187432,
           "auto_unstuck_wallet_exposure_threshold": 0.6451895370758047,
           "backwards_tp": true,
           "ddown_factor": 1.920468386542543,
           "ema_span_0": 11.379338818164452,
           "ema_span_1": 8.954540549950563,
           "enabled": true,
           "initial_eprice_ema_dist": -0.09951272600741466,
           "initial_qty_pct": 0.013176849249050184,
           "markup_range": 0.0,
           "min_markup": 0.002307822281199439,
           "n_close_orders": 14,
           "rentry_pprice_dist": 0.03322325467189492,
           "rentry_pprice_dist_wallet_exposure_weighting": 0.003190094921757007,
           "wallet_exposure_limit": 1}}