{"config_name": "recursive_grid_0days",
 "logging_level": 0,
 "long": {"auto_unstuck_delay_minutes": 732.7686184891085,
          "auto_unstuck_ema_dist": -0.006657340033211711,
          "auto_unstuck_qty_pct": 0.07682928370784717,
          "auto_unstuck_wallet_exposure_threshold": 0.6125578243524623,
          "backwards_tp": true,
          "ddown_factor": 1.904079027728059,
          "ema_span_0": 1220.5815966434714,
          "ema_span_1": 1015.895581170476,
          "enabled": true,
          "initial_eprice_ema_dist": -0.0014359310106724496,
          "initial_qty_pct": 0.010969479927716562,
          "markup_range": 0.0017172536366672367,
          "min_markup": 0.006373584482299822,
          "n_close_orders": 12,
          "rentry_pprice_dist": 0.029168761669657896,
          "rentry_pprice_dist_wallet_exposure_weighting": 0.7205584019066883,
          "wallet_exposure_limit": 1},
 "short": {"auto_unstuck_delay_minutes": 1009.6753820967954,
           "auto_unstuck_ema_dist": -0.07816917545100273,
           "auto_unstuck_qty_pct": 0.05013860336591601,
           "auto_unstuck_wallet_exposure_threshold": 0.11822720433405498,
           "backwards_tp": true,
           "ddown_factor": 2.8039257314001715,
           "ema_span_0": 390.64874703640373,
           "ema_span_1": 18.186533411524646,
           "enabled": true,
           "initial_eprice_ema_dist": 0.0022048153602927368,
           "initial_qty_pct": 0.02126638244632184,
           "markup_range": 0.0026283081578392666,
           "min_markup": 0.005662571039090008,
           "n_close_orders": 14,
           "rentry_pprice_dist": 0.03607299936416167,
           "rentry_pprice_dist_wallet_exposure_weighting": 4.84553413226079,
           "wallet_exposure_limit": 1}}