{"config_name": "recursive_grid_0days",
 "logging_level": 0,
 "long": {"auto_unstuck_delay_minutes": 1186.66815236254,
          "auto_unstuck_ema_dist": -0.028514116133529693,
          "auto_unstuck_qty_pct": 0.019652947306750237,
          "auto_unstuck_wallet_exposure_threshold": 0.865249740544604,
          "backwards_tp": true,
          "ddown_factor": 1.689373541671018,
          "ema_span_0": 636.6177330233982,
          "ema_span_1": 618.5301142517727,
          "enabled": true,
          "initial_eprice_ema_dist": -0.06061375330279619,
          "initial_qty_pct": 0.01134900890303829,
          "markup_range": 0.010440204702372191,
          "min_markup": 0.005086072205860171,
          "n_close_orders": 10,
          "rentry_pprice_dist": 0.03203753030408284,
          "rentry_pprice_dist_wallet_exposure_weighting": 5.953133649148345,
          "wallet_exposure_limit": 1},
 "short": {"auto_unstuck_delay_minutes": 1310.6545383409416,
           "auto_unstuck_ema_dist": -0.08443986013634777,
           "auto_unstuck_qty_pct": 0.010006301564272103,
           "auto_unstuck_wallet_exposure_threshold": 0.20424238658555713,
           "backwards_tp": true,
           "ddown_factor": 2.0481881821416263,
           "ema_span_0": 760.9107180914353,
           "ema_span_1": 777.0631710058001,
           "enabled": true,
           "initial_eprice_ema_dist": -0.00031091581030473313,
           "initial_qty_pct": 0.014579915507288821,
           "markup_range": 0.003689240959080322,
           "min_markup": 0.007902039558060259,
           "n_close_orders": 10,
           "rentry_pprice_dist": 0.026707183027526813,
           "rentry_pprice_dist_wallet_exposure_weighting": 7.1416148000397115,
           "wallet_exposure_limit": 1}}