{"config_name": "recursive_grid_0days",
 "logging_level": 0,
 "long": {"auto_unstuck_delay_minutes": 1189.249021252608,
          "auto_unstuck_ema_dist": -0.002600576888307725,
          "auto_unstuck_qty_pct": 0.010432413005248893,
          "auto_unstuck_wallet_exposure_threshold": 0.15506845826751264,
          "backwards_tp": true,
          "ddown_factor": 0.4733818995593758,
          "ema_span_0": 770.5033138499789,
          "ema_span_1": 733.8822261725988,
          "enabled": true,
          "initial_eprice_ema_dist": 0.002908227600931329,
          "initial_qty_pct": 0.013110481863277613,
          "markup_range": 0.0037062698420862895,
          "min_markup": 0.008860305049431824,
          "n_close_orders": 13,
          "rentry_pprice_dist": 0.02562924412872706,
          "rentry_pprice_dist_wallet_exposure_weighting": 2.6390306662146283,
          "wallet_exposure_limit": 1},
 "short": {"auto_unstuck_delay_minutes": 1127.3053395235543,
           "auto_unstuck_ema_dist": -0.08951543432812178,
           "auto_unstuck_qty_pct": 0.0469716914800046,
           "auto_unstuck_wallet_exposure_threshold": 0.42863660991765623,
           "backwards_tp": true,
           "ddown_factor": 0.7706338302931464,
           "ema_span_0": 235.67545241423448,
           "ema_span_1": 259.79916833305566,
           "enabled": true,
           "initial_eprice_ema_dist": -0.014701052169419674,
           "initial_qty_pct": 0.022435172350807737,
           "markup_range": 0.0049902329557523035,
           "min_markup": 0.004568053625888946,
           "n_close_orders": 8,
           "rentry_pprice_dist": 0.030972137990625835,
           "rentry_pprice_dist_wallet_exposure_weighting": 4.262392375213503,
           "wallet_exposure_limit": 1}}