{"config_name": "recursive_grid_0days",
 "logging_level": 0,
 "long": {"auto_unstuck_delay_minutes": 1425.0759274643879,
          "auto_unstuck_ema_dist": -0.03092668328276308,
          "auto_unstuck_qty_pct": 0.012057677251555241,
          "auto_unstuck_wallet_exposure_threshold": 0.4691699788964982,
          "backwards_tp": true,
          "ddown_factor": 1.3664735826044883,
          "ema_span_0": 500.4097395114556,
          "ema_span_1": 481.2778919040329,
          "enabled": true,
          "initial_eprice_ema_dist": 0.002950424607624244,
          "initial_qty_pct": 0.01281340574111698,
          "markup_range": 0.006231870987400575,
          "min_markup": 0.004514594069757063,
          "n_close_orders": 4,
          "rentry_pprice_dist": 0.04900709833647481,
          "rentry_pprice_dist_wallet_exposure_weighting": 0.9233148759458772,
          "wallet_exposure_limit": 1},
 "short": {"auto_unstuck_delay_minutes": 832.63382674548,
           "auto_unstuck_ema_dist": -0.05946831304409592,
           "auto_unstuck_qty_pct": 0.017814566954545166,
           "auto_unstuck_wallet_exposure_threshold": 0.11469455758204185,
           "backwards_tp": true,
           "ddown_factor": 2.92483127735093,
           "ema_span_0": 574.8187494519742,
           "ema_span_1": 57.57397496828237,
           "enabled": true,
           "initial_eprice_ema_dist": -0.09289472462788682,
           "initial_qty_pct": 0.013373874215066132,
           "markup_range": 0.0017494164911519595,
           "min_markup": 0.0042648708233958945,
           "n_close_orders": 8,
           "rentry_pprice_dist": 0.045222014404374046,
           "rentry_pprice_dist_wallet_exposure_weighting": 1.004968448825124,
           "wallet_exposure_limit": 1}}