{"config_name": "recursive_grid_0days",
 "logging_level": 0,
 "long": {"auto_unstuck_delay_minutes": 976.1241959670339,
          "auto_unstuck_ema_dist": -0.006520856833877502,
          "auto_unstuck_qty_pct": 0.03141852642466559,
          "auto_unstuck_wallet_exposure_threshold": 0.18455013218148056,
          "backwards_tp": true,
          "ddown_factor": 1.9974346865242991,
          "ema_span_0": 1296.9662225857348,
          "ema_span_1": 357.0107660929787,
          "enabled": true,
          "initial_eprice_ema_dist": 0.003,
          "initial_qty_pct": 0.017094006441248796,
          "markup_range": 0.006766714139571341,
          "min_markup": 0.00924309771757737,
          "n_close_orders": 3,
          "rentry_pprice_dist": 0.03980847511721127,
          "rentry_pprice_dist_wallet_exposure_weighting": 1.85289834095499,
          "wallet_exposure_limit": 1},
 "short": {"auto_unstuck_delay_minutes": 796.2671985747518,
           "auto_unstuck_ema_dist": -0.030801145365585283,
           "auto_unstuck_qty_pct": 0.01,
           "auto_unstuck_wallet_exposure_threshold": 0.19263833769750122,
           "backwards_tp": true,
           "ddown_factor": 2.966819935470706,
           "ema_span_0": 1152.0214193291188,
           "ema_span_1": 1192.2680492422191,
           "enabled": true,
           "initial_eprice_ema_dist": 0.0001698208326533056,
           "initial_qty_pct": 0.016834052820737758,
           "markup_range": 0.0027146217923400503,
           "min_markup": 0.009919588498828744,
           "n_close_orders": 9,
           "rentry_pprice_dist": 0.03369003526688093,
           "rentry_pprice_dist_wallet_exposure_weighting": 6.433729627585897,
           "wallet_exposure_limit": 1}}