{"config_name": "recursive_grid_0days",
 "logging_level": 0,
 "long": {"auto_unstuck_delay_minutes": 1175.7488875333333,
          "auto_unstuck_ema_dist": -0.06773019924460438,
          "auto_unstuck_qty_pct": 0.01781714116311864,
          "auto_unstuck_wallet_exposure_threshold": 0.6493195428077282,
          "backwards_tp": true,
          "ddown_factor": 0.33573022137094516,
          "ema_span_0": 287.3861125957884,
          "ema_span_1": 928.775575738627,
          "enabled": true,
          "initial_eprice_ema_dist": -0.029576057113978576,
          "initial_qty_pct": 0.01149130596549378,
          "markup_range": 0.0037557470639028013,
          "min_markup": 0.00883496068712517,
          "n_close_orders": 13,
          "rentry_pprice_dist": 0.027523509427529368,
          "rentry_pprice_dist_wallet_exposure_weighting": 0.996650969727125,
          "wallet_exposure_limit": 1},
 "short": {"auto_unstuck_delay_minutes": 1401.750725951102,
           "auto_unstuck_ema_dist": -0.010751917265482356,
           "auto_unstuck_qty_pct": 0.02997862937933847,
           "auto_unstuck_wallet_exposure_threshold": 0.32521584619725424,
           "backwards_tp": true,
           "ddown_factor": 1.956277735294926,
           "ema_span_0": 783.5871146860993,
           "ema_span_1": 982.9217376711995,
           "enabled": true,
           "initial_eprice_ema_dist": -0.022815792042906746,
           "initial_qty_pct": 0.033499048810206516,
           "markup_range": 0.008772367039441148,
           "min_markup": 0.006268495992377401,
           "n_close_orders": 8,
           "rentry_pprice_dist": 0.03664996661242492,
           "rentry_pprice_dist_wallet_exposure_weighting": 1.2472076089912318,
           "wallet_exposure_limit": 1.0}}