{"config_name": "recursive_grid_0days",
 "logging_level": 0,
 "long": {"auto_unstuck_delay_minutes": 1042.9465386695038,
          "auto_unstuck_ema_dist": -0.012739535558294653,
          "auto_unstuck_qty_pct": 0.01054920619287729,
          "auto_unstuck_wallet_exposure_threshold": 0.13763901997540193,
          "backwards_tp": true,
          "ddown_factor": 2.8982916169424264,
          "ema_span_0": 1133.5172283678778,
          "ema_span_1": 1181.0020025594736,
          "enabled": true,
          "initial_eprice_ema_dist": 0.0029985289734769964,
          "initial_qty_pct": 0.02212235919306313,
          "markup_range": 0.0041215968172634496,
          "min_markup": 0.008727150134471149,
          "n_close_orders": 6,
          "rentry_pprice_dist": 0.03262111826555454,
          "rentry_pprice_dist_wallet_exposure_weighting": 1.3566784656800706,
          "wallet_exposure_limit": 1},
 "short": {"auto_unstuck_delay_minutes": 1249.0344849668122,
           "auto_unstuck_ema_dist": -0.08382852078295529,
           "auto_unstuck_qty_pct": 0.01828851679952936,
           "auto_unstuck_wallet_exposure_threshold": 0.3038594538484629,
           "backwards_tp": true,
           "ddown_factor": 0.7893037356855567,
           "ema_span_0": 17.932777365670283,
           "ema_span_1": 12.058267154382575,
           "enabled": true,
           "initial_eprice_ema_dist": -0.08939869959568195,
           "initial_qty_pct": 0.014728160057521821,
           "markup_range": 0.006585109719498326,
           "min_markup": 0.005682577802739656,
           "n_close_orders": 7,
           "rentry_pprice_dist": 0.019642008368284183,
           "rentry_pprice_dist_wallet_exposure_weighting": 11.776134014760085,
           "wallet_exposure_limit": 1}}