{"config_name": "recursive_grid_0days",
 "logging_level": 0,
 "long": {"auto_unstuck_delay_minutes": 960.0269735094156,
          "auto_unstuck_ema_dist": -0.02592392619816825,
          "auto_unstuck_qty_pct": 0.010937140701386516,
          "auto_unstuck_wallet_exposure_threshold": 0.35020790961311576,
          "backwards_tp": true,
          "ddown_factor": 2.0302778810863837,
          "ema_span_0": 1399.2964472826893,
          "ema_span_1": 957.728426225106,
          "enabled": true,
          "initial_eprice_ema_dist": -0.010544098395606999,
          "initial_qty_pct": 0.011216838386519951,
          "markup_range": 0.0,
          "min_markup": 0.005483537902914839,
          "n_close_orders": 5,
          "rentry_pprice_dist": 0.02510119060007329,
          "rentry_pprice_dist_wallet_exposure_weighting": 2.4240727359656593,
          "wallet_exposure_limit": 1},
 "short": {"auto_unstuck_delay_minutes": 1129.2955171542465,
           "auto_unstuck_ema_dist": -0.03950898578871404,
           "auto_unstuck_qty_pct": 0.03795250552410517,
           "auto_unstuck_wallet_exposure_threshold": 0.2155401719670245,
           "backwards_tp": true,
           "ddown_factor": 1.920706088711893,
           "ema_span_0": 1092.4619906796183,
           "ema_span_1": 1082.2896383241623,
           "enabled": true,
           "initial_eprice_ema_dist": -0.0014985872139409622,
           "initial_qty_pct": 0.02663730578095126,
           "markup_range": 0.002293685021679321,
           "min_markup": 0.006738443883950546,
           "n_close_orders": 7,
           "rentry_pprice_dist": 0.02781227627598016,
           "rentry_pprice_dist_wallet_exposure_weighting": 0.9826124066213908,
           "wallet_exposure_limit": 1}}