{"config_name": "recursive_grid_0days",
 "logging_level": 0,
 "long": {"auto_unstuck_delay_minutes": 755.330530562327,
          "auto_unstuck_ema_dist": -0.0561265621598862,
          "auto_unstuck_qty_pct": 0.03175866223135546,
          "auto_unstuck_wallet_exposure_threshold": 0.3567488580126656,
          "backwards_tp": true,
          "ddown_factor": 2.832627822612122,
          "ema_span_0": 1214.3235903868142,
          "ema_span_1": 989.9185151901853,
          "enabled": true,
          "initial_eprice_ema_dist": 0.0029995106311747465,
          "initial_qty_pct": 0.018084791276372983,
          "markup_range": 0.003753700561421403,
          "min_markup": 0.01,
          "n_close_orders": 11,
          "rentry_pprice_dist": 0.043816964917970325,
          "rentry_pprice_dist_wallet_exposure_weighting": 1.9017318634796494,
          "wallet_exposure_limit": 1},
 "short": {"auto_unstuck_delay_minutes": 632.1240158344632,
           "auto_unstuck_ema_dist": -0.018827968178889376,
           "auto_unstuck_qty_pct": 0.09383092048972241,
           "auto_unstuck_wallet_exposure_threshold": 0.45117347164579463,
           "backwards_tp": true,
           "ddown_factor": 2.383256384319745,
           "ema_span_0": 1196.245483232301,
           "ema_span_1": 1198.2037083687096,
           "enabled": true,
           "initial_eprice_ema_dist": 0.003,
           "initial_qty_pct": 0.011890233225453002,
           "markup_range": 0.00043272352119213604,
           "min_markup": 0.0017267028860183224,
           "n_close_orders": 11,
           "rentry_pprice_dist": 0.03721477551118811,
           "rentry_pprice_dist_wallet_exposure_weighting": 6.841003673193187,
           "wallet_exposure_limit": 1}}