{"config_name": "recursive_grid_0days",
 "logging_level": 0,
 "long": {"auto_unstuck_delay_minutes": 880.7911891013566,
          "auto_unstuck_ema_dist": -0.08337198620957337,
          "auto_unstuck_qty_pct": 0.01,
          "auto_unstuck_wallet_exposure_threshold": 0.10937687484700666,
          "backwards_tp": true,
          "ddown_factor": 0.7495375573053057,
          "ema_span_0": 526.7945939438425,
          "ema_span_1": 1154.9467434509893,
          "enabled": true,
          "initial_eprice_ema_dist": -0.00966382968077766,
          "initial_qty_pct": 0.014609791763791246,
          "markup_range": 0.013522389431807443,
          "min_markup": 0.007781442532229525,
          "n_close_orders": 14,
          "rentry_pprice_dist": 0.04101548293351519,
          "rentry_pprice_dist_wallet_exposure_weighting": 0.0,
          "wallet_exposure_limit": 1},
 "short": {"auto_unstuck_delay_minutes": 1384.3603393337523,
           "auto_unstuck_ema_dist": 0.0024853636647473713,
           "auto_unstuck_qty_pct": 0.06558568990335342,
           "auto_unstuck_wallet_exposure_threshold": 0.5760045344127737,
           "backwards_tp": true,
           "ddown_factor": 2.027712494059968,
           "ema_span_0": 1148.9580006997223,
           "ema_span_1": 804.2632673694641,
           "enabled": true,
           "initial_eprice_ema_dist": 0.001997853862534355,
           "initial_qty_pct": 0.010884095096774585,
           "markup_range": 0.001760745822400736,
           "min_markup": 0.002887650471616504,
           "n_close_orders": 11,
           "rentry_pprice_dist": 0.032530208495394716,
           "rentry_pprice_dist_wallet_exposure_weighting": 18.518026084279576,
           "wallet_exposure_limit": 1}}