{"config_name": "recursive_grid_0days",
 "logging_level": 0,
 "long": {"auto_unstuck_delay_minutes": 1005.9764255117444,
          "auto_unstuck_ema_dist": -0.02527871383434574,
          "auto_unstuck_qty_pct": 0.016319595431852484,
          "auto_unstuck_wallet_exposure_threshold": 0.7302389116575592,
          "backwards_tp": true,
          "ddown_factor": 0.11316946876798886,
          "ema_span_0": 487.4689773538222,
          "ema_span_1": 273.695426801299,
          "enabled": true,
          "initial_eprice_ema_dist": -0.06907314696250821,
          "initial_qty_pct": 0.013992561351949234,
          "markup_range": 0.005100744511658945,
          "min_markup": 0.00674490457090242,
          "n_close_orders": 15,
          "rentry_pprice_dist": 0.03114698956136648,
          "rentry_pprice_dist_wallet_exposure_weighting": 3.908216177093718,
          "wallet_exposure_limit": 1},
 "short": {"auto_unstuck_delay_minutes": 1313.280706346231,
           "auto_unstuck_ema_dist": -0.009390067851713594,
           "auto_unstuck_qty_pct": 0.013876466275643312,
           "auto_unstuck_wallet_exposure_threshold": 0.568069916392998,
           "backwards_tp": true,
           "ddown_factor": 2.8760418086116264,
           "ema_span_0": 1299.905234937302,
           "ema_span_1": 1244.8268358319644,
           "enabled": true,
           "initial_eprice_ema_dist": -0.01172374417752559,
           "initial_qty_pct": 0.018736313456172063,
           "markup_range": 0.0018764944648489764,
           "min_markup": 0.005171910073259376,
           "n_close_orders": 3,
           "rentry_pprice_dist": 0.04325067040709819,
           "rentry_pprice_dist_wallet_exposure_weighting": 0.0038176782160157597,
           "wallet_exposure_limit": 1}}