{"config_name": "recursive_grid_0days",
 "logging_level": 0,
 "long": {"auto_unstuck_delay_minutes": 1281.7273305342342,
          "auto_unstuck_ema_dist": -0.017742864046926567,
          "auto_unstuck_qty_pct": 0.01021284562832472,
          "auto_unstuck_wallet_exposure_threshold": 0.4014512475386008,
          "backwards_tp": true,
          "ddown_factor": 0.4200306299813098,
          "ema_span_0": 580.9868844969941,
          "ema_span_1": 563.0060658876628,
          "enabled": true,
          "initial_eprice_ema_dist": -0.07744842086413276,
          "initial_qty_pct": 0.01,
          "markup_range": 0.012945597681200044,
          "min_markup": 0.006950946045861591,
          "n_close_orders": 6,
          "rentry_pprice_dist": 0.04636637275027759,
          "rentry_pprice_dist_wallet_exposure_weighting": 0.10032687556162916,
          "wallet_exposure_limit": 1},
 "short": {"auto_unstuck_delay_minutes": 1369.2714698202462,
           "auto_unstuck_ema_dist": 0.0013200273166717384,
           "auto_unstuck_qty_pct": 0.013635012018200646,
           "auto_unstuck_wallet_exposure_threshold": 0.5895246874364509,
           "backwards_tp": true,
           "ddown_factor": 2.698777215106034,
           "ema_span_0": 562.4659497418509,
           "ema_span_1": 1082.6632777060822,
           "enabled": true,
           "initial_eprice_ema_dist": 0.002619553444545556,
           "initial_qty_pct": 0.021807398493813763,
           "markup_range": 0.0053504596154854145,
           "min_markup": 0.008241652500442504,
           "n_close_orders": 8,
           "rentry_pprice_dist": 0.03863216249326461,
           "rentry_pprice_dist_wallet_exposure_weighting": 4.4885245164214947e-05,
           "wallet_exposure_limit": 1}}