{"config_name": "recursive_grid_0days",
 "logging_level": 0,
 "long": {"auto_unstuck_delay_minutes": 1231.6426410653428,
          "auto_unstuck_ema_dist": -0.05748370761878396,
          "auto_unstuck_qty_pct": 0.028789749824382857,
          "auto_unstuck_wallet_exposure_threshold": 0.5079444259373056,
          "backwards_tp": true,
          "ddown_factor": 2.0637690064248755,
          "ema_span_0": 109.69336505104252,
          "ema_span_1": 856.6580528313107,
          "enabled": true,
          "initial_eprice_ema_dist": -0.008767349614441582,
          "initial_qty_pct": 0.011176027939568284,
          "markup_range": 0.005229384349149898,
          "min_markup": 0.0032251654438817836,
          "n_close_orders": 11,
          "rentry_pprice_dist": 0.027464918695270225,
          "rentry_pprice_dist_wallet_exposure_weighting": 2.365643487175211,
          "wallet_exposure_limit": 1},
 "short": {"auto_unstuck_delay_minutes": 1163.7666887890598,
           "auto_unstuck_ema_dist": -0.000132176988752781,
           "auto_unstuck_qty_pct": 0.014196431422344799,
           "auto_unstuck_wallet_exposure_threshold": 0.6178833704992835,
           "backwards_tp": true,
           "ddown_factor": 2.4162363927264856,
           "ema_span_0": 1301.4291548032984,
           "ema_span_1": 1210.2408904102049,
           "enabled": true,
           "initial_eprice_ema_dist": 0.003,
           "initial_qty_pct": 0.020196845570659296,
           "markup_range": 0.0012401572544369862,
           "min_markup": 0.00990852417256265,
           "n_close_orders": 6,
           "rentry_pprice_dist": 0.044351366134989405,
           "rentry_pprice_dist_wallet_exposure_weighting": 5.58825902541902,
           "wallet_exposure_limit": 1}}