{"config_name": "recursive_grid_0days",
 "logging_level": 0,
 "long": {"auto_unstuck_delay_minutes": 1398.1181079437133,
          "auto_unstuck_ema_dist": -0.013115087818873395,
          "auto_unstuck_qty_pct": 0.010000667748955186,
          "auto_unstuck_wallet_exposure_threshold": 0.8032577491740576,
          "backwards_tp": true,
          "ddown_factor": 2.1744675323183857,
          "ema_span_0": 809.5619076211942,
          "ema_span_1": 737.4926518587565,
          "enabled": true,
          "initial_eprice_ema_dist": 0.001149486425892842,
          "initial_qty_pct": 0.012084488052874341,
          "markup_range": 0.0042637052765998025,
          "min_markup": 0.004751676442621341,
          "n_close_orders": 15,
          "rentry_pprice_dist": 0.025684955830758825,
          "rentry_pprice_dist_wallet_exposure_weighting": 0.16531887293418637,
          "wallet_exposure_limit": 1},
 "short": {"auto_unstuck_delay_minutes": 1440,
           "auto_unstuck_ema_dist": -0.011615973905896452,
           "auto_unstuck_qty_pct": 0.02039382067182543,
           "auto_unstuck_wallet_exposure_threshold": 0.20491821483672984,
           "backwards_tp": true,
           "ddown_factor": 0.9897776029281264,
           "ema_span_0": 683.0419299338574,
           "ema_span_1": 338.63601775786185,
           "enabled": true,
           "initial_eprice_ema_dist": -0.009990769587706316,
           "initial_qty_pct": 0.01611898044191092,
           "markup_range": 0.004301852689653033,
           "min_markup": 0.004279484178107451,
           "n_close_orders": 7,
           "rentry_pprice_dist": 0.038751422975829154,
           "rentry_pprice_dist_wallet_exposure_weighting": 1.1282379249831684,
           "wallet_exposure_limit": 1}}