{"config_name": "recursive_grid_0days",
 "logging_level": 0,
 "long": {"auto_unstuck_delay_minutes": 904.9947406434911,
          "auto_unstuck_ema_dist": -0.09399676690093967,
          "auto_unstuck_qty_pct": 0.021741212502926505,
          "auto_unstuck_wallet_exposure_threshold": 0.2547265703246677,
          "backwards_tp": true,
          "ddown_factor": 1.5179851568221148,
          "ema_span_0": 1327.4204788153281,
          "ema_span_1": 1008.3429496874716,
          "enabled": true,
          "initial_eprice_ema_dist": -0.014915614832761243,
          "initial_qty_pct": 0.011872857032750388,
          "markup_range": 0.00441133216828404,
          "min_markup": 0.004061302076425527,
          "n_close_orders": 12,
          "rentry_pprice_dist": 0.0238140555191627,
          "rentry_pprice_dist_wallet_exposure_weighting": 0.81116494876772,
          "wallet_exposure_limit": 1},
 "short": {"auto_unstuck_delay_minutes": 1369.7756532104097,
           "auto_unstuck_ema_dist": -0.014044269301170862,
           "auto_unstuck_qty_pct": 0.047477864945509055,
           "auto_unstuck_wallet_exposure_threshold": 0.20286896136568175,
           "backwards_tp": true,
           "ddown_factor": 2.9702143734475817,
           "ema_span_0": 915.3740543874582,
           "ema_span_1": 1294.804699335215,
           "enabled": true,
           "initial_eprice_ema_dist": -0.006239803957795685,
           "initial_qty_pct": 0.011218032232250512,
           "markup_range": 0.0017539437786151823,
           "min_markup": 0.009300530544366262,
           "n_close_orders": 5,
           "rentry_pprice_dist": 0.04092874411878766,
           "rentry_pprice_dist_wallet_exposure_weighting": 1.50434712308107,
           "wallet_exposure_limit": 1}}