{"config_name": "recursive_grid_0days",
 "logging_level": 0,
 "long": {"auto_unstuck_delay_minutes": 1130.4258390416232,
          "auto_unstuck_ema_dist": -0.001177420451322489,
          "auto_unstuck_qty_pct": 0.014538264740531534,
          "auto_unstuck_wallet_exposure_threshold": 0.540542775511676,
          "backwards_tp": true,
          "ddown_factor": 2.3129147398488588,
          "ema_span_0": 838.1891618239406,
          "ema_span_1": 1287.2881988165607,
          "enabled": true,
          "initial_eprice_ema_dist": -0.005210595108129266,
          "initial_qty_pct": 0.011315474958555283,
          "markup_range": 0.004742886981873786,
          "min_markup": 0.004835825498409354,
          "n_close_orders": 8,
          "rentry_pprice_dist": 0.049909561111052006,
          "rentry_pprice_dist_wallet_exposure_weighting": 0.6289051346089495,
          "wallet_exposure_limit": 1},
 "short": {"auto_unstuck_delay_minutes": 885.4559495711408,
           "auto_unstuck_ema_dist": -0.004223949743684749,
           "auto_unstuck_qty_pct": 0.01160484815304665,
           "auto_unstuck_wallet_exposure_threshold": 0.3531511209528394,
           "backwards_tp": true,
           "ddown_factor": 2.6713587561871646,
           "ema_span_0": 616.2886189112709,
           "ema_span_1": 1111.895448213266,
           "enabled": true,
           "initial_eprice_ema_dist": 0.0025151563317642647,
           "initial_qty_pct": 0.02787248224085459,
           "markup_range": 0.004603816551260978,
           "min_markup": 0.004841763690358786,
           "n_close_orders": 9,
           "rentry_pprice_dist": 0.04840308469312945,
           "rentry_pprice_dist_wallet_exposure_weighting": 0.761278168452739,
           "wallet_exposure_limit": 1}}