{"config_name": "recursive_grid_0days",
 "logging_level": 0,
 "long": {"auto_unstuck_delay_minutes": 857.8358156689582,
          "auto_unstuck_ema_dist": -0.02833905417361909,
          "auto_unstuck_qty_pct": 0.03919761625782286,
          "auto_unstuck_wallet_exposure_threshold": 0.2748885151160188,
          "backwards_tp": true,
          "ddown_factor": 0.40674383781724993,
          "ema_span_0": 891.488531341741,
          "ema_span_1": 995.3234447214816,
          "enabled": true,
          "initial_eprice_ema_dist": -0.08841119070255744,
          "initial_qty_pct": 0.013175195676453089,
          "markup_range": 0.006795708202300384,
          "min_markup": 0.0030231794368025438,
          "n_close_orders": 10,
          "rentry_pprice_dist": 0.021885830680328518,
          "rentry_pprice_dist_wallet_exposure_weighting": 2.411557668847137,
          "wallet_exposure_limit": 1},
 "short": {"auto_unstuck_delay_minutes": 412.52984172503324,
           "auto_unstuck_ema_dist": -0.023934531345005675,
           "auto_unstuck_qty_pct": 0.035769166001733674,
           "auto_unstuck_wallet_exposure_threshold": 0.42887256488752173,
           "backwards_tp": true,
           "ddown_factor": 2.5533437036715987,
           "ema_span_0": 1002.3802338936906,
           "ema_span_1": 1378.5896143468967,
           "enabled": true,
           "initial_eprice_ema_dist": -0.0007090604073529968,
           "initial_qty_pct": 0.04379136301057834,
           "markup_range": 9.47153264298968e-08,
           "min_markup": 0.0013203614122733944,
           "n_close_orders": 7,
           "rentry_pprice_dist": 0.017105688909238487,
           "rentry_pprice_dist_wallet_exposure_weighting": 0.0,
           "wallet_exposure_limit": 1}}