{"config_name": "recursive_grid_0days",
 "logging_level": 0,
 "long": {"auto_unstuck_delay_minutes": 1248.0863803645975,
          "auto_unstuck_ema_dist": -0.012557415351156991,
          "auto_unstuck_qty_pct": 0.015320605190041137,
          "auto_unstuck_wallet_exposure_threshold": 0.7673618971503481,
          "backwards_tp": true,
          "ddown_factor": 2.4102798302990585,
          "ema_span_0": 539.5222040777102,
          "ema_span_1": 181.5993235880529,
          "enabled": true,
          "initial_eprice_ema_dist": -0.0022746898459031586,
          "initial_qty_pct": 0.011971200021888832,
          "markup_range": 0.004099720290731829,
          "min_markup": 0.0032378021374773374,
          "n_close_orders": 5,
          "rentry_pprice_dist": 0.037890630322675686,
          "rentry_pprice_dist_wallet_exposure_weighting": 1.515625145583001,
          "wallet_exposure_limit": 1},
 "short": {"auto_unstuck_delay_minutes": 1113.811098815208,
           "auto_unstuck_ema_dist": -0.09724721214450179,
           "auto_unstuck_qty_pct": 0.01155632430882212,
           "auto_unstuck_wallet_exposure_threshold": 0.22086512687468596,
           "backwards_tp": true,
           "ddown_factor": 2.93468658399188,
           "ema_span_0": 1432.6190303949681,
           "ema_span_1": 1148.559675041859,
           "enabled": true,
           "initial_eprice_ema_dist": 0.002999829096116756,
           "initial_qty_pct": 0.018150888349426634,
           "markup_range": 0.005751866650489925,
           "min_markup": 0.0034262816735101567,
           "n_close_orders": 5,
           "rentry_pprice_dist": 0.03326672022274697,
           "rentry_pprice_dist_wallet_exposure_weighting": 0.43576075800800357,
           "wallet_exposure_limit": 1}}