{"config_name": "recursive_grid_0days",
 "logging_level": 0,
 "long": {"auto_unstuck_delay_minutes": 452.8383148519595,
          "auto_unstuck_ema_dist": -0.015369003312624195,
          "auto_unstuck_qty_pct": 0.010171141837166399,
          "auto_unstuck_wallet_exposure_threshold": 0.1091678525927996,
          "backwards_tp": true,
          "ddown_factor": 0.8316033738578285,
          "ema_span_0": 1275.723153859215,
          "ema_span_1": 351.35466806696525,
          "enabled": true,
          "initial_eprice_ema_dist": -0.003160931566549799,
          "initial_qty_pct": 0.01166280881433603,
          "markup_range": 0.004432830216164361,
          "min_markup": 0.006847493753716176,
          "n_close_orders": 16,
          "rentry_pprice_dist": 0.02508725057478151,
          "rentry_pprice_dist_wallet_exposure_weighting": 10.867689432141612,
          "wallet_exposure_limit": 1},
 "short": {"auto_unstuck_delay_minutes": 856.5481953024466,
           "auto_unstuck_ema_dist": -0.09518733942156989,
           "auto_unstuck_qty_pct": 0.021750774966528295,
           "auto_unstuck_wallet_exposure_threshold": 0.39356103925995656,
           "backwards_tp": true,
           "ddown_factor": 1.119929568875716,
           "ema_span_0": 1221.3141882462473,
           "ema_span_1": 1024.1403015076385,
           "enabled": true,
           "initial_eprice_ema_dist": -0.0028156138821526537,
           "initial_qty_pct": 0.0104252248108135,
           "markup_range": 0.024563901654361717,
           "min_markup": 0.0084473770766781,
           "n_close_orders": 2,
           "rentry_pprice_dist": 0.03664996661242492,
           "rentry_pprice_dist_wallet_exposure_weighting": 7.0066737115797615,
           "wallet_exposure_limit": 1}}