{"config_name": "recursive_grid_0days",
 "logging_level": 0,
 "long": {"auto_unstuck_delay_minutes": 1433.7697471320566,
          "auto_unstuck_ema_dist": -0.01827822594562229,
          "auto_unstuck_qty_pct": 0.01449476853039029,
          "auto_unstuck_wallet_exposure_threshold": 0.12380184410065403,
          "backwards_tp": true,
          "ddown_factor": 1.647174238927783,
          "ema_span_0": 393.71735239717617,
          "ema_span_1": 90.30319448544071,
          "enabled": true,
          "initial_eprice_ema_dist": 0.0018176867817512822,
          "initial_qty_pct": 0.015651960309827823,
          "markup_range": 0.00740385446952138,
          "min_markup": 0.0055677153471033235,
          "n_close_orders": 4,
          "rentry_pprice_dist": 0.04223755005790013,
          "rentry_pprice_dist_wallet_exposure_weighting": 0.007262432438397744,
          "wallet_exposure_limit": 1},
 "short": {"auto_unstuck_delay_minutes": 1172.1446653305688,
           "auto_unstuck_ema_dist": -0.04152491765429062,
           "auto_unstuck_qty_pct": 0.013739424516083168,
           "auto_unstuck_wallet_exposure_threshold": 0.17035071996250412,
           "backwards_tp": true,
           "ddown_factor": 1.028681500698495,
           "ema_span_0": 646.0047455795236,
           "ema_span_1": 894.9772318324017,
           "enabled": true,
           "initial_eprice_ema_dist": -0.022815792042906746,
           "initial_qty_pct": 0.014096466087233915,
           "markup_range": 0.008514841737862803,
           "min_markup": 0.007894643223954218,
           "n_close_orders": 12,
           "rentry_pprice_dist": 0.035780586199451715,
           "rentry_pprice_dist_wallet_exposure_weighting": 5.0001739769666385,
           "wallet_exposure_limit": 1}}