{"config_name": "recursive_grid_0days",
 "logging_level": 0,
 "long": {"auto_unstuck_delay_minutes": 1189.249021252608,
          "auto_unstuck_ema_dist": -0.002600576888307725,
          "auto_unstuck_qty_pct": 0.010432413005248893,
          "auto_unstuck_wallet_exposure_threshold": 0.15506845826751264,
          "backwards_tp": true,
          "ddown_factor": 0.4733818995593758,
          "ema_span_0": 770.5033138499789,
          "ema_span_1": 733.8822261725988,
          "enabled": true,
          "initial_eprice_ema_dist": 0.002908227600931329,
          "initial_qty_pct": 0.013110481863277613,
          "markup_range": 0.0037062698420862895,
          "min_markup": 0.008860305049431824,
          "n_close_orders": 13,
          "rentry_pprice_dist": 0.02562924412872706,
          "rentry_pprice_dist_wallet_exposure_weighting": 2.6390306662146283,
          "wallet_exposure_limit": 1},
 "short": {"auto_unstuck_delay_minutes": 1368.3799518962082,
           "auto_unstuck_ema_dist": -0.033727459406720256,
           "auto_unstuck_qty_pct": 0.010309552691897882,
           "auto_unstuck_wallet_exposure_threshold": 0.6148474326887754,
           "backwards_tp": true,
           "ddown_factor": 1.2302316461464946,
           "ema_span_0": 1394.7416011264659,
           "ema_span_1": 1400.2272145992763,
           "enabled": true,
           "initial_eprice_ema_dist": -0.0011006675262684792,
           "initial_qty_pct": 0.010205995910114419,
           "markup_range": 0.018181003938671114,
           "min_markup": 0.00986965447971635,
           "n_close_orders": 4,
           "rentry_pprice_dist": 0.048234051305973594,
           "rentry_pprice_dist_wallet_exposure_weighting": 10.008443462744069,
           "wallet_exposure_limit": 1}}