{"config_name": "recursive_grid_0days",
 "logging_level": 0,
 "long": {"auto_unstuck_delay_minutes": 708.7993847749706,
          "auto_unstuck_ema_dist": -0.03492615226391918,
          "auto_unstuck_qty_pct": 0.026455118290724795,
          "auto_unstuck_wallet_exposure_threshold": 0.278002259283257,
          "backwards_tp": true,
          "ddown_factor": 2.8388446679798194,
          "ema_span_0": 1138.4259474262597,
          "ema_span_1": 148.9859201292907,
          "enabled": true,
          "initial_eprice_ema_dist": 0.002628310251767923,
          "initial_qty_pct": 0.019807408608063477,
          "markup_range": 0.0022836794369231407,
          "min_markup": 0.007694350533403305,
          "n_close_orders": 16,
          "rentry_pprice_dist": 0.03347728268553789,
          "rentry_pprice_dist_wallet_exposure_weighting": 0.0,
          "wallet_exposure_limit": 1},
 "short": {"auto_unstuck_delay_minutes": 1377.1519699877722,
           "auto_unstuck_ema_dist": -0.029640293535384565,
           "auto_unstuck_qty_pct": 0.01358695151176679,
           "auto_unstuck_wallet_exposure_threshold": 0.8144571236420198,
           "backwards_tp": true,
           "ddown_factor": 1.7976462695272,
           "ema_span_0": 390.17817755367633,
           "ema_span_1": 1200.43696047037,
           "enabled": true,
           "initial_eprice_ema_dist": -0.00444319554923519,
           "initial_qty_pct": 0.010675647793337533,
           "markup_range": 0.00014241414979329007,
           "min_markup": 0.0035134463807143385,
           "n_close_orders": 11,
           "rentry_pprice_dist": 0.04013927675712447,
           "rentry_pprice_dist_wallet_exposure_weighting": 0.9945346124595819,
           "wallet_exposure_limit": 1}}