{"config_name": "recursive_grid_0days",
 "logging_level": 0,
 "long": {"auto_unstuck_delay_minutes": 827.202471355724,
          "auto_unstuck_ema_dist": -0.0375922669201304,
          "auto_unstuck_qty_pct": 0.023776905802935667,
          "auto_unstuck_wallet_exposure_threshold": 0.5189881514875958,
          "backwards_tp": true,
          "ddown_factor": 1.1309489151187235,
          "ema_span_0": 635.1280631733061,
          "ema_span_1": 583.1989441011461,
          "enabled": true,
          "initial_eprice_ema_dist": -0.08668068249460394,
          "initial_qty_pct": 0.011170650577892235,
          "markup_range": 0.001656252914261926,
          "min_markup": 0.001994520306322353,
          "n_close_orders": 4,
          "rentry_pprice_dist": 0.02026663408731323,
          "rentry_pprice_dist_wallet_exposure_weighting": 0.3319582688865554,
          "wallet_exposure_limit": 1},
 "short": {"auto_unstuck_delay_minutes": 1331.581739508667,
           "auto_unstuck_ema_dist": -0.0895857921693148,
           "auto_unstuck_qty_pct": 0.017055090155035296,
           "auto_unstuck_wallet_exposure_threshold": 0.16718970868617195,
           "backwards_tp": true,
           "ddown_factor": 0.8636202976918781,
           "ema_span_0": 1268.8193577152765,
           "ema_span_1": 1406.7360802569547,
           "enabled": true,
           "initial_eprice_ema_dist": 0.002992266668504045,
           "initial_qty_pct": 0.023186356354383163,
           "markup_range": 0.02744240403264854,
           "min_markup": 0.00807348272065401,
           "n_close_orders": 11,
           "rentry_pprice_dist": 0.03410951604872415,
           "rentry_pprice_dist_wallet_exposure_weighting": 3.2346987184076035,
           "wallet_exposure_limit": 1}}