{"config_name": "recursive_grid_0days",
 "logging_level": 0,
 "long": {"auto_unstuck_delay_minutes": 854.093969550663,
          "auto_unstuck_ema_dist": -0.0025428899313089215,
          "auto_unstuck_qty_pct": 0.010104487892205685,
          "auto_unstuck_wallet_exposure_threshold": 0.1945709997641796,
          "backwards_tp": true,
          "ddown_factor": 2.494574436848078,
          "ema_span_0": 200.0448942819352,
          "ema_span_1": 1399.916929545641,
          "enabled": true,
          "initial_eprice_ema_dist": 0.0007717882959243405,
          "initial_qty_pct": 0.021932908268113595,
          "markup_range": 0.003106333131450836,
          "min_markup": 0.006462948657990403,
          "n_close_orders": 12,
          "rentry_pprice_dist": 0.04658718932303478,
          "rentry_pprice_dist_wallet_exposure_weighting": 0.11164577870792912,
          "wallet_exposure_limit": 1},
 "short": {"auto_unstuck_delay_minutes": 1090.3626847943638,
           "auto_unstuck_ema_dist": -0.04039869244614019,
           "auto_unstuck_qty_pct": 0.010216733029066446,
           "auto_unstuck_wallet_exposure_threshold": 0.2601129807836539,
           "backwards_tp": true,
           "ddown_factor": 2.6478474118114437,
           "ema_span_0": 886.8535941648428,
           "ema_span_1": 1193.5266707977642,
           "enabled": true,
           "initial_eprice_ema_dist": 0.0008267368720492104,
           "initial_qty_pct": 0.021286206447811293,
           "markup_range": 0.010793276681727821,
           "min_markup": 0.005997205936931843,
           "n_close_orders": 6,
           "rentry_pprice_dist": 0.047169638102813674,
           "rentry_pprice_dist_wallet_exposure_weighting": 0.0,
           "wallet_exposure_limit": 1}}