{"config_name": "recursive_grid_0days",
 "logging_level": 0,
 "long": {"auto_unstuck_delay_minutes": 1168.1958329575507,
          "auto_unstuck_ema_dist": -0.012912001034555143,
          "auto_unstuck_qty_pct": 0.012546693655526938,
          "auto_unstuck_wallet_exposure_threshold": 0.20833894628040595,
          "backwards_tp": true,
          "ddown_factor": 1.615808193068187,
          "ema_span_0": 686.2286818957755,
          "ema_span_1": 123.87983410479042,
          "enabled": true,
          "initial_eprice_ema_dist": -0.0015859203938363487,
          "initial_qty_pct": 0.01165365067917482,
          "markup_range": 0.0034569431354466804,
          "min_markup": 0.008071651348011766,
          "n_close_orders": 11,
          "rentry_pprice_dist": 0.049610566521138995,
          "rentry_pprice_dist_wallet_exposure_weighting": 0.8512369650667241,
          "wallet_exposure_limit": 1},
 "short": {"auto_unstuck_delay_minutes": 1384.3603393337523,
           "auto_unstuck_ema_dist": 0.0024853636647473713,
           "auto_unstuck_qty_pct": 0.06558568990335342,
           "auto_unstuck_wallet_exposure_threshold": 0.5760045344127737,
           "backwards_tp": true,
           "ddown_factor": 2.027712494059968,
           "ema_span_0": 1148.9580006997223,
           "ema_span_1": 804.2632673694641,
           "enabled": true,
           "initial_eprice_ema_dist": 0.001997853862534355,
           "initial_qty_pct": 0.010884095096774585,
           "markup_range": 0.001760745822400736,
           "min_markup": 0.002887650471616504,
           "n_close_orders": 11,
           "rentry_pprice_dist": 0.032530208495394716,
           "rentry_pprice_dist_wallet_exposure_weighting": 18.518026084279576,
           "wallet_exposure_limit": 1}}