{"config_name": "recursive_grid_0days",
 "logging_level": 0,
 "long": {"auto_unstuck_delay_minutes": 1010.9617461964966,
          "auto_unstuck_ema_dist": -0.0449323418843014,
          "auto_unstuck_qty_pct": 0.013686819229151177,
          "auto_unstuck_wallet_exposure_threshold": 0.6543131814798637,
          "backwards_tp": true,
          "ddown_factor": 1.3360937437116451,
          "ema_span_0": 337.5583185863284,
          "ema_span_1": 540.9651637988226,
          "enabled": true,
          "initial_eprice_ema_dist": 0.0014899952793059747,
          "initial_qty_pct": 0.016377342959578715,
          "markup_range": 0.0031271553103385872,
          "min_markup": 0.0031949145656978203,
          "n_close_orders": 12,
          "rentry_pprice_dist": 0.02503333188219508,
          "rentry_pprice_dist_wallet_exposure_weighting": 4.148170179549651,
          "wallet_exposure_limit": 1},
 "short": {"auto_unstuck_delay_minutes": 705.1598139875407,
           "auto_unstuck_ema_dist": -0.015790826195680056,
           "auto_unstuck_qty_pct": 0.015251349303554573,
           "auto_unstuck_wallet_exposure_threshold": 0.6021712984492144,
           "backwards_tp": true,
           "ddown_factor": 2.8641312781000035,
           "ema_span_0": 528.0792345865252,
           "ema_span_1": 1427.8569193225999,
           "enabled": true,
           "initial_eprice_ema_dist": 0.0029859142327868025,
           "initial_qty_pct": 0.015831624685142317,
           "markup_range": 0.0034417331607668536,
           "min_markup": 0.0037124919129803416,
           "n_close_orders": 12,
           "rentry_pprice_dist": 0.040274614221498035,
           "rentry_pprice_dist_wallet_exposure_weighting": 0.003551950736988942,
           "wallet_exposure_limit": 1}}