{"config_name": "recursive_grid_0days",
 "logging_level": 0,
 "long": {"auto_unstuck_delay_minutes": 956.8198234244884,
          "auto_unstuck_ema_dist": -0.021642950054863008,
          "auto_unstuck_qty_pct": 0.010104987796422913,
          "auto_unstuck_wallet_exposure_threshold": 0.7124493689546159,
          "backwards_tp": true,
          "ddown_factor": 2.957797475000641,
          "ema_span_0": 926.3852512814625,
          "ema_span_1": 725.7927512168585,
          "enabled": true,
          "initial_eprice_ema_dist": -0.02132019865854527,
          "initial_qty_pct": 0.018650942543656877,
          "markup_range": 0.002981943413449591,
          "min_markup": 0.001779544783736224,
          "n_close_orders": 3,
          "rentry_pprice_dist": 0.03412535440172993,
          "rentry_pprice_dist_wallet_exposure_weighting": 5.77408928833069,
          "wallet_exposure_limit": 1},
 "short": {"auto_unstuck_delay_minutes": 716.1934540142364,
           "auto_unstuck_ema_dist": -0.006220709366664253,
           "auto_unstuck_qty_pct": 0.02192813843914405,
           "auto_unstuck_wallet_exposure_threshold": 0.6673650434630152,
           "backwards_tp": true,
           "ddown_factor": 1.956277735294926,
           "ema_span_0": 213.99430040888603,
           "ema_span_1": 227.58638007063354,
           "enabled": true,
           "initial_eprice_ema_dist": 0.002532193342430311,
           "initial_qty_pct": 0.011426377254480192,
           "markup_range": 0.002817064692348116,
           "min_markup": 0.007950902266049836,
           "n_close_orders": 6,
           "rentry_pprice_dist": 0.03004139279071143,
           "rentry_pprice_dist_wallet_exposure_weighting": 3.745258900375952,
           "wallet_exposure_limit": 1}}