{"config_name": "recursive_grid_0days",
 "logging_level": 0,
 "long": {"auto_unstuck_delay_minutes": 878.8439316189509,
          "auto_unstuck_ema_dist": -0.027074135092344097,
          "auto_unstuck_qty_pct": 0.015107463684303813,
          "auto_unstuck_wallet_exposure_threshold": 0.5827549057117383,
          "backwards_tp": true,
          "ddown_factor": 0.17853722080286868,
          "ema_span_0": 1134.9830174549247,
          "ema_span_1": 1021.239871317313,
          "enabled": true,
          "initial_eprice_ema_dist": 0.0029913840835538944,
          "initial_qty_pct": 0.010053681481523467,
          "markup_range": 0.0018181234226242122,
          "min_markup": 0.0020651824582331277,
          "n_close_orders": 9,
          "rentry_pprice_dist": 0.008663494829004833,
          "rentry_pprice_dist_wallet_exposure_weighting": 2.4581395171454616,
          "wallet_exposure_limit": 1},
 "short": {"auto_unstuck_delay_minutes": 927.5130044330807,
           "auto_unstuck_ema_dist": -0.007464576553170371,
           "auto_unstuck_qty_pct": 0.010284838388516168,
           "auto_unstuck_wallet_exposure_threshold": 0.32625544210811896,
           "backwards_tp": true,
           "ddown_factor": 2.8214869919468186,
           "ema_span_0": 577.6715931946267,
           "ema_span_1": 5.117325556913231,
           "enabled": true,
           "initial_eprice_ema_dist": -0.008112104945327653,
           "initial_qty_pct": 0.013072529157739826,
           "markup_range": 0.0,
           "min_markup": 0.0019828730791326995,
           "n_close_orders": 7,
           "rentry_pprice_dist": 0.01792890937176877,
           "rentry_pprice_dist_wallet_exposure_weighting": 5.573245451847114,
           "wallet_exposure_limit": 1}}