{"config_name": "recursive_grid_0days",
 "logging_level": 0,
 "long": {"auto_unstuck_delay_minutes": 1339.1865422605786,
          "auto_unstuck_ema_dist": -0.008820788740679682,
          "auto_unstuck_qty_pct": 0.0426943188630646,
          "auto_unstuck_wallet_exposure_threshold": 0.1635952804712599,
          "backwards_tp": true,
          "ddown_factor": 0.1681718444888247,
          "ema_span_0": 653.6849192955965,
          "ema_span_1": 227.5333807116893,
          "enabled": true,
          "initial_eprice_ema_dist": -0.0030739368686215746,
          "initial_qty_pct": 0.02568019576967234,
          "markup_range": 8.020159895770236e-18,
          "min_markup": 0.005358167510947481,
          "n_close_orders": 12,
          "rentry_pprice_dist": 0.028331976945844457,
          "rentry_pprice_dist_wallet_exposure_weighting": 1.901734260763618,
          "wallet_exposure_limit": 1},
 "short": {"auto_unstuck_delay_minutes": 21.55836393188097,
           "auto_unstuck_ema_dist": -0.0031592729426018836,
           "auto_unstuck_qty_pct": 0.06490423002636772,
           "auto_unstuck_wallet_exposure_threshold": 0.10151667160345075,
           "backwards_tp": true,
           "ddown_factor": 2.022489320158654,
           "ema_span_0": 1225.72283663952,
           "ema_span_1": 1416.3542783184882,
           "enabled": true,
           "initial_eprice_ema_dist": 0.002916968423894917,
           "initial_qty_pct": 0.03575387693572197,
           "markup_range": 0.0036818721376397573,
           "min_markup": 0.001601105039524659,
           "n_close_orders": 15,
           "rentry_pprice_dist": 0.018952680698201267,
           "rentry_pprice_dist_wallet_exposure_weighting": 6.905760081415692,
           "wallet_exposure_limit": 1}}