{"config_name": "recursive_grid_0days",
 "logging_level": 0,
 "long": {"auto_unstuck_delay_minutes": 0,
          "auto_unstuck_ema_dist": 0,
          "auto_unstuck_qty_pct": 0,
          "auto_unstuck_wallet_exposure_threshold": 0.0,
          "backwards_tp": true,
          "ddown_factor": 0.1,
          "ema_span_0": 340.6376838624222,
          "ema_span_1": 327.30382150450987,
          "enabled": true,
          "initial_eprice_ema_dist": 0.002970401120999516,
          "initial_qty_pct": 0.026949226779437802,
          "markup_range": 0.003395219087017561,
          "min_markup": 0.001679729879897897,
          "n_close_orders": 3,
          "rentry_pprice_dist": 0.01836913327854358,
          "rentry_pprice_dist_wallet_exposure_weighting": 3.1091289377259486,
          "wallet_exposure_limit": 1},
 "short": {"auto_unstuck_delay_minutes": 0,
           "auto_unstuck_ema_dist": 0,
           "auto_unstuck_qty_pct": 0,
           "auto_unstuck_wallet_exposure_threshold": 0.0,
           "backwards_tp": true,
           "ddown_factor": 1.3091588459918009,
           "ema_span_0": 635.5815758559542,
           "ema_span_1": 1214.8051385531357,
           "enabled": true,
           "initial_eprice_ema_dist": 0.003,
           "initial_qty_pct": 0.010989306554467037,
           "markup_range": 0.005151262096278822,
           "min_markup": 0.005281647783923184,
           "n_close_orders": 8,
           "rentry_pprice_dist": 0.03396413799128969,
           "rentry_pprice_dist_wallet_exposure_weighting": 8.747366897910728,
           "wallet_exposure_limit": 1}}