{"config_name": "recursive_grid_0days",
 "logging_level": 0,
 "long": {"auto_unstuck_delay_minutes": 0,
          "auto_unstuck_ema_dist": 0,
          "auto_unstuck_qty_pct": 0,
          "auto_unstuck_wallet_exposure_threshold": 0.0,
          "backwards_tp": true,
          "ddown_factor": 0.7653697354559647,
          "ema_span_0": 1254.6529894423643,
          "ema_span_1": 1174.8252279310752,
          "enabled": true,
          "initial_eprice_ema_dist": 0.002967809678931789,
          "initial_qty_pct": 0.014848566082789947,
          "markup_range": 0.005307565777449499,
          "min_markup": 0.006214289495789974,
          "n_close_orders": 14,
          "rentry_pprice_dist": 0.03835580412864876,
          "rentry_pprice_dist_wallet_exposure_weighting": 5.250915249371453,
          "wallet_exposure_limit": 1},
 "short": {"auto_unstuck_delay_minutes": 0,
           "auto_unstuck_ema_dist": 0,
           "auto_unstuck_qty_pct": 0,
           "auto_unstuck_wallet_exposure_threshold": 0.0,
           "backwards_tp": true,
           "ddown_factor": 2.2878884662576016,
           "ema_span_0": 258.5386120268814,
           "ema_span_1": 660.7382156688566,
           "enabled": true,
           "initial_eprice_ema_dist": 0.002997794432821678,
           "initial_qty_pct": 0.022246857475513547,
           "markup_range": 0.00018949393405573269,
           "min_markup": 0.004145482905214101,
           "n_close_orders": 15,
           "rentry_pprice_dist": 0.03930460958932621,
           "rentry_pprice_dist_wallet_exposure_weighting": 3.076942848133305,
           "wallet_exposure_limit": 1}}