{"config_name": "recursive_grid_0days",
 "logging_level": 0,
 "long": {"auto_unstuck_delay_minutes": 0,
          "auto_unstuck_ema_dist": 0,
          "auto_unstuck_qty_pct": 0,
          "auto_unstuck_wallet_exposure_threshold": 0.0,
          "backwards_tp": true,
          "ddown_factor": 2.04659393273433,
          "ema_span_0": 1394.727621278244,
          "ema_span_1": 1401.5918225937091,
          "enabled": true,
          "initial_eprice_ema_dist": 0.0028632770875165127,
          "initial_qty_pct": 0.010641658394578483,
          "markup_range": 0.0010143082920238513,
          "min_markup": 0.002014941297936092,
          "n_close_orders": 15,
          "rentry_pprice_dist": 0.024418150635967775,
          "rentry_pprice_dist_wallet_exposure_weighting": 9.139093827897192,
          "wallet_exposure_limit": 1},
 "short": {"auto_unstuck_delay_minutes": 0,
           "auto_unstuck_ema_dist": 0,
           "auto_unstuck_qty_pct": 0,
           "auto_unstuck_wallet_exposure_threshold": 0.0,
           "backwards_tp": true,
           "ddown_factor": 2.2878884662576016,
           "ema_span_0": 258.5386120268814,
           "ema_span_1": 660.7382156688566,
           "enabled": true,
           "initial_eprice_ema_dist": 0.002997794432821678,
           "initial_qty_pct": 0.022246857475513547,
           "markup_range": 0.00018949393405573269,
           "min_markup": 0.004145482905214101,
           "n_close_orders": 15,
           "rentry_pprice_dist": 0.03930460958932621,
           "rentry_pprice_dist_wallet_exposure_weighting": 3.076942848133305,
           "wallet_exposure_limit": 1}}