{"config_name": "recursive_grid_0days",
 "logging_level": 0,
 "long": {"auto_unstuck_delay_minutes": 0,
          "auto_unstuck_ema_dist": 0,
          "auto_unstuck_qty_pct": 0,
          "auto_unstuck_wallet_exposure_threshold": 0.0,
          "backwards_tp": true,
          "ddown_factor": 2.815419886225072,
          "ema_span_0": 1146.3068167506208,
          "ema_span_1": 1254.7784846188367,
          "enabled": true,
          "initial_eprice_ema_dist": -0.015872100970266992,
          "initial_qty_pct": 0.011622081725542731,
          "markup_range": 0.00391286271664109,
          "min_markup": 0.004922637704583438,
          "n_close_orders": 13,
          "rentry_pprice_dist": 0.03857957349361461,
          "rentry_pprice_dist_wallet_exposure_weighting": 0.7617723571104548,
          "wallet_exposure_limit": 1},
 "short": {"auto_unstuck_delay_minutes": 0,
           "auto_unstuck_ema_dist": 0,
           "auto_unstuck_qty_pct": 0,
           "auto_unstuck_wallet_exposure_threshold": 0.0,
           "backwards_tp": true,
           "ddown_factor": 1.6607528373675338,
           "ema_span_0": 941.2214003305071,
           "ema_span_1": 1388.1347948775729,
           "enabled": true,
           "initial_eprice_ema_dist": 0.0029928004980484756,
           "initial_qty_pct": 0.010438683140754372,
           "markup_range": 0.0062743153844938395,
           "min_markup": 0.0023844486767568215,
           "n_close_orders": 8,
           "rentry_pprice_dist": 0.04903857035854818,
           "rentry_pprice_dist_wallet_exposure_weighting": 0.062302905620518184,
           "wallet_exposure_limit": 1}}