{"config_name": "recursive_grid_0days",
 "logging_level": 0,
 "long": {"auto_unstuck_delay_minutes": 0,
          "auto_unstuck_ema_dist": 0,
          "auto_unstuck_qty_pct": 0,
          "auto_unstuck_wallet_exposure_threshold": 0.0,
          "backwards_tp": true,
          "ddown_factor": 0.16043342340946445,
          "ema_span_0": 1172.058871153507,
          "ema_span_1": 661.618219350329,
          "enabled": true,
          "initial_eprice_ema_dist": -0.0020017538591551465,
          "initial_qty_pct": 0.012486687472807281,
          "markup_range": 0.008858119807622,
          "min_markup": 0.009157042398389803,
          "n_close_orders": 14,
          "rentry_pprice_dist": 0.03589457475408594,
          "rentry_pprice_dist_wallet_exposure_weighting": 3.685160630152667,
          "wallet_exposure_limit": 1},
 "short": {"auto_unstuck_delay_minutes": 0,
           "auto_unstuck_ema_dist": 0,
           "auto_unstuck_qty_pct": 0,
           "auto_unstuck_wallet_exposure_threshold": 0.0,
           "backwards_tp": true,
           "ddown_factor": 0.8323308586819218,
           "ema_span_0": 542.5391297230934,
           "ema_span_1": 216.96534160005547,
           "enabled": true,
           "initial_eprice_ema_dist": -0.00040598827165208627,
           "initial_qty_pct": 0.03316619975752982,
           "markup_range": 0.006785565818803851,
           "min_markup": 0.009134254214327496,
           "n_close_orders": 11,
           "rentry_pprice_dist": 0.04998148819402588,
           "rentry_pprice_dist_wallet_exposure_weighting": 4.338990974315802,
           "wallet_exposure_limit": 1}}