{"config_name": "recursive_grid_0days",
 "logging_level": 0,
 "long": {"auto_unstuck_delay_minutes": 0,
          "auto_unstuck_ema_dist": 0,
          "auto_unstuck_qty_pct": 0,
          "auto_unstuck_wallet_exposure_threshold": 0.0,
          "backwards_tp": true,
          "ddown_factor": 1.201929796710072,
          "ema_span_0": 198.06033709198732,
          "ema_span_1": 1332.3053708614711,
          "enabled": true,
          "initial_eprice_ema_dist": 0.0020043144020953003,
          "initial_qty_pct": 0.010012416347867705,
          "markup_range": 0.0,
          "min_markup": 0.0017486345839017525,
          "n_close_orders": 10,
          "rentry_pprice_dist": 0.01639994517048948,
          "rentry_pprice_dist_wallet_exposure_weighting": 1.0572240867562281,
          "wallet_exposure_limit": 1},
 "short": {"auto_unstuck_delay_minutes": 0,
           "auto_unstuck_ema_dist": 0,
           "auto_unstuck_qty_pct": 0,
           "auto_unstuck_wallet_exposure_threshold": 0.0,
           "backwards_tp": true,
           "ddown_factor": 2.1046720583884397,
           "ema_span_0": 1313.7196375962321,
           "ema_span_1": 1190.3258024168938,
           "enabled": true,
           "initial_eprice_ema_dist": -0.0022803166966440763,
           "initial_qty_pct": 0.010275551718156025,
           "markup_range": 0.002158039877136304,
           "min_markup": 0.0026163883025740187,
           "n_close_orders": 10,
           "rentry_pprice_dist": 0.03880111046986761,
           "rentry_pprice_dist_wallet_exposure_weighting": 3.1412930124454124,
           "wallet_exposure_limit": 1}}