{"config_name": "recursive_grid_0days",
 "logging_level": 0,
 "long": {"auto_unstuck_delay_minutes": 0,
          "auto_unstuck_ema_dist": 0,
          "auto_unstuck_qty_pct": 0,
          "auto_unstuck_wallet_exposure_threshold": 0.0,
          "backwards_tp": true,
          "ddown_factor": 1.5461985464782428,
          "ema_span_0": 364.2272325724241,
          "ema_span_1": 594.1024050898172,
          "enabled": true,
          "initial_eprice_ema_dist": -0.002130173964308897,
          "initial_qty_pct": 0.013725410527474278,
          "markup_range": 0.005375627507967965,
          "min_markup": 0.004671880564115746,
          "n_close_orders": 6,
          "rentry_pprice_dist": 0.034442264175821746,
          "rentry_pprice_dist_wallet_exposure_weighting": 1.353925149419821,
          "wallet_exposure_limit": 1},
 "short": {"auto_unstuck_delay_minutes": 0,
           "auto_unstuck_ema_dist": 0,
           "auto_unstuck_qty_pct": 0,
           "auto_unstuck_wallet_exposure_threshold": 0.0,
           "backwards_tp": true,
           "ddown_factor": 1.4053645884706416,
           "ema_span_0": 1113.121397511967,
           "ema_span_1": 1331.1771198959239,
           "enabled": true,
           "initial_eprice_ema_dist": -0.001747039436050655,
           "initial_qty_pct": 0.012459926912385785,
           "markup_range": 0.006452754952394939,
           "min_markup": 0.00804538048130471,
           "n_close_orders": 3,
           "rentry_pprice_dist": 0.03798327906933808,
           "rentry_pprice_dist_wallet_exposure_weighting": 4.159586289875702,
           "wallet_exposure_limit": 1}}