{"config_name": "recursive_grid_0days",
 "logging_level": 0,
 "long": {"auto_unstuck_delay_minutes": 0,
          "auto_unstuck_ema_dist": 0,
          "auto_unstuck_qty_pct": 0,
          "auto_unstuck_wallet_exposure_threshold": 0.0,
          "backwards_tp": true,
          "ddown_factor": 1.8979153713573576,
          "ema_span_0": 521.8261172243124,
          "ema_span_1": 447.91875367343675,
          "enabled": true,
          "initial_eprice_ema_dist": -0.0009765505663611158,
          "initial_qty_pct": 0.015893768418455936,
          "markup_range": 0.005776352701437755,
          "min_markup": 0.0029189157065454205,
          "n_close_orders": 4,
          "rentry_pprice_dist": 0.03359686850407097,
          "rentry_pprice_dist_wallet_exposure_weighting": 4.583882214773407,
          "wallet_exposure_limit": 1},
 "short": {"auto_unstuck_delay_minutes": 0,
           "auto_unstuck_ema_dist": 0,
           "auto_unstuck_qty_pct": 0,
           "auto_unstuck_wallet_exposure_threshold": 0.0,
           "backwards_tp": true,
           "ddown_factor": 0.7706339807684736,
           "ema_span_0": 677.1021283794993,
           "ema_span_1": 1318.4982479666978,
           "enabled": true,
           "initial_eprice_ema_dist": 0.0029991255995086515,
           "initial_qty_pct": 0.02516505583101841,
           "markup_range": 0.005230204966195761,
           "min_markup": 0.0066376935715114225,
           "n_close_orders": 14,
           "rentry_pprice_dist": 0.04413600411500561,
           "rentry_pprice_dist_wallet_exposure_weighting": 5.91209537293085,
           "wallet_exposure_limit": 1}}