{"config_name": "recursive_grid_0days",
 "logging_level": 0,
 "long": {"auto_unstuck_delay_minutes": 0,
          "auto_unstuck_ema_dist": 0,
          "auto_unstuck_qty_pct": 0,
          "auto_unstuck_wallet_exposure_threshold": 0.0,
          "backwards_tp": true,
          "ddown_factor": 1.8981935789943887,
          "ema_span_0": 522.2919873119456,
          "ema_span_1": 446.45700551844067,
          "enabled": true,
          "initial_eprice_ema_dist": -0.0009879726913093183,
          "initial_qty_pct": 0.015889774759966294,
          "markup_range": 0.005765038625444491,
          "min_markup": 0.002884737420875877,
          "n_close_orders": 4,
          "rentry_pprice_dist": 0.03358290238845474,
          "rentry_pprice_dist_wallet_exposure_weighting": 4.569210689710411,
          "wallet_exposure_limit": 1},
 "short": {"auto_unstuck_delay_minutes": 0,
           "auto_unstuck_ema_dist": 0,
           "auto_unstuck_qty_pct": 0,
           "auto_unstuck_wallet_exposure_threshold": 0.0,
           "backwards_tp": true,
           "ddown_factor": 0.32033076456772064,
           "ema_span_0": 1012.3787728641611,
           "ema_span_1": 1417.895274835943,
           "enabled": true,
           "initial_eprice_ema_dist": -0.01144113672388679,
           "initial_qty_pct": 0.01733669830832025,
           "markup_range": 0.0033128426348597913,
           "min_markup": 0.0025653651865453855,
           "n_close_orders": 15,
           "rentry_pprice_dist": 0.042584218705970275,
           "rentry_pprice_dist_wallet_exposure_weighting": 4.146704957043915,
           "wallet_exposure_limit": 1}}