{"config_name": "recursive_grid_0days",
 "logging_level": 0,
 "long": {"auto_unstuck_delay_minutes": 0,
          "auto_unstuck_ema_dist": 0,
          "auto_unstuck_qty_pct": 0,
          "auto_unstuck_wallet_exposure_threshold": 0.0,
          "backwards_tp": true,
          "ddown_factor": 0.10093297273088256,
          "ema_span_0": 763.2792711520029,
          "ema_span_1": 503.5408115016056,
          "enabled": true,
          "initial_eprice_ema_dist": 0.0004844348197827805,
          "initial_qty_pct": 0.018533678157357163,
          "markup_range": 0.003993503745065493,
          "min_markup": 0.0038745982310159017,
          "n_close_orders": 14,
          "rentry_pprice_dist": 0.03812235131324815,
          "rentry_pprice_dist_wallet_exposure_weighting": 2.218890240291262,
          "wallet_exposure_limit": 1},
 "short": {"auto_unstuck_delay_minutes": 0,
           "auto_unstuck_ema_dist": 0,
           "auto_unstuck_qty_pct": 0,
           "auto_unstuck_wallet_exposure_threshold": 0.0,
           "backwards_tp": true,
           "ddown_factor": 1.824468156049018,
           "ema_span_0": 1015.3224063868583,
           "ema_span_1": 919.5872067212234,
           "enabled": true,
           "initial_eprice_ema_dist": 0.0007543709857916002,
           "initial_qty_pct": 0.013687475437914105,
           "markup_range": 0.005429315309837571,
           "min_markup": 0.005399008297919615,
           "n_close_orders": 8,
           "rentry_pprice_dist": 0.036793292876018346,
           "rentry_pprice_dist_wallet_exposure_weighting": 0.9372052455316632,
           "wallet_exposure_limit": 1}}