{"config_name": "recursive_grid_0days",
 "logging_level": 0,
 "long": {"auto_unstuck_delay_minutes": 0,
          "auto_unstuck_ema_dist": 0,
          "auto_unstuck_qty_pct": 0,
          "auto_unstuck_wallet_exposure_threshold": 0.0,
          "backwards_tp": true,
          "ddown_factor": 1.7294094096440715,
          "ema_span_0": 919.4746782476612,
          "ema_span_1": 1260.9491691435032,
          "enabled": true,
          "initial_eprice_ema_dist": 0.0027927178373080893,
          "initial_qty_pct": 0.012364277580243865,
          "markup_range": 0.0029604789302481436,
          "min_markup": 0.00645507503644722,
          "n_close_orders": 2,
          "rentry_pprice_dist": 0.04464993599627999,
          "rentry_pprice_dist_wallet_exposure_weighting": 1.2454619334419774,
          "wallet_exposure_limit": 1},
 "short": {"auto_unstuck_delay_minutes": 0,
           "auto_unstuck_ema_dist": 0,
           "auto_unstuck_qty_pct": 0,
           "auto_unstuck_wallet_exposure_threshold": 0.0,
           "backwards_tp": true,
           "ddown_factor": 0.7041919922834868,
           "ema_span_0": 408.91718708015577,
           "ema_span_1": 1279.4910083316965,
           "enabled": true,
           "initial_eprice_ema_dist": 0.0023396211755454008,
           "initial_qty_pct": 0.010092270632725548,
           "markup_range": 0.0017001146006469696,
           "min_markup": 0.009020276568031105,
           "n_close_orders": 4,
           "rentry_pprice_dist": 0.049149736719787486,
           "rentry_pprice_dist_wallet_exposure_weighting": 11.766183853310343,
           "wallet_exposure_limit": 1}}