{"config_name": "recursive_grid_0days",
 "logging_level": 0,
 "long": {"auto_unstuck_delay_minutes": 0,
          "auto_unstuck_ema_dist": 0,
          "auto_unstuck_qty_pct": 0,
          "auto_unstuck_wallet_exposure_threshold": 0.0,
          "backwards_tp": true,
          "ddown_factor": 1.7560468766278186,
          "ema_span_0": 1197.266090087891,
          "ema_span_1": 1371.087008083502,
          "enabled": true,
          "initial_eprice_ema_dist": 0.0008188190944102743,
          "initial_qty_pct": 0.01,
          "markup_range": 0.0033872534137404375,
          "min_markup": 0.0014494001172908303,
          "n_close_orders": 3,
          "rentry_pprice_dist": 0.025829988005512266,
          "rentry_pprice_dist_wallet_exposure_weighting": 1.5582174247173548,
          "wallet_exposure_limit": 1},
 "short": {"auto_unstuck_delay_minutes": 0,
           "auto_unstuck_ema_dist": 0,
           "auto_unstuck_qty_pct": 0,
           "auto_unstuck_wallet_exposure_threshold": 0.0,
           "backwards_tp": true,
           "ddown_factor": 0.13883633792071867,
           "ema_span_0": 1345.3047874363324,
           "ema_span_1": 1218.360279959761,
           "enabled": true,
           "initial_eprice_ema_dist": 0.003,
           "initial_qty_pct": 0.015996034884217615,
           "markup_range": 0.0033491417705474465,
           "min_markup": 0.006856088152299718,
           "n_close_orders": 4,
           "rentry_pprice_dist": 0.03894963694089124,
           "rentry_pprice_dist_wallet_exposure_weighting": 5.275502473860412,
           "wallet_exposure_limit": 1}}