{"config_name": "recursive_grid_0days",
 "logging_level": 0,
 "long": {"auto_unstuck_delay_minutes": 0,
          "auto_unstuck_ema_dist": 0,
          "auto_unstuck_qty_pct": 0,
          "auto_unstuck_wallet_exposure_threshold": 0.0,
          "backwards_tp": true,
          "ddown_factor": 1.8981935789943887,
          "ema_span_0": 522.2919873119456,
          "ema_span_1": 446.45700551844067,
          "enabled": true,
          "initial_eprice_ema_dist": -0.0009879726913093183,
          "initial_qty_pct": 0.015889774759966294,
          "markup_range": 0.005765038625444491,
          "min_markup": 0.002884737420875877,
          "n_close_orders": 4,
          "rentry_pprice_dist": 0.03358290238845474,
          "rentry_pprice_dist_wallet_exposure_weighting": 4.569210689710411,
          "wallet_exposure_limit": 1},
 "short": {"auto_unstuck_delay_minutes": 0,
           "auto_unstuck_ema_dist": 0,
           "auto_unstuck_qty_pct": 0,
           "auto_unstuck_wallet_exposure_threshold": 0.0,
           "backwards_tp": true,
           "ddown_factor": 1.6376029718585785,
           "ema_span_0": 962.8137006425673,
           "ema_span_1": 1377.3666428583508,
           "enabled": true,
           "initial_eprice_ema_dist": -0.00042359546301878,
           "initial_qty_pct": 0.014332052901216422,
           "markup_range": 0.002691433908478117,
           "min_markup": 0.007370697453387455,
           "n_close_orders": 9,
           "rentry_pprice_dist": 0.03977514709631026,
           "rentry_pprice_dist_wallet_exposure_weighting": 1.2615182863111678,
           "wallet_exposure_limit": 1}}