{"config_name": "recursive_grid_0days",
 "logging_level": 0,
 "long": {"auto_unstuck_delay_minutes": 0,
          "auto_unstuck_ema_dist": 0,
          "auto_unstuck_qty_pct": 0,
          "auto_unstuck_wallet_exposure_threshold": 0.0,
          "backwards_tp": true,
          "ddown_factor": 1.7386927860299446,
          "ema_span_0": 890.9820203424026,
          "ema_span_1": 1216.4034096600176,
          "enabled": true,
          "initial_eprice_ema_dist": -0.08982611668975714,
          "initial_qty_pct": 0.011890881904099785,
          "markup_range": 0.001466782060000688,
          "min_markup": 0.00221405222769989,
          "n_close_orders": 4,
          "rentry_pprice_dist": 0.03453897853973611,
          "rentry_pprice_dist_wallet_exposure_weighting": 2.3692914925413744,
          "wallet_exposure_limit": 1},
 "short": {"auto_unstuck_delay_minutes": 0,
           "auto_unstuck_ema_dist": 0,
           "auto_unstuck_qty_pct": 0,
           "auto_unstuck_wallet_exposure_threshold": 0.0,
           "backwards_tp": true,
           "ddown_factor": 2.3997672102837906,
           "ema_span_0": 995.5160673294987,
           "ema_span_1": 1164.0558306214878,
           "enabled": true,
           "initial_eprice_ema_dist": -0.0022183041464622394,
           "initial_qty_pct": 0.01163049828157602,
           "markup_range": 0.0028183959844192107,
           "min_markup": 0.004682218870427307,
           "n_close_orders": 8,
           "rentry_pprice_dist": 0.03342509008485666,
           "rentry_pprice_dist_wallet_exposure_weighting": 1.0210932865643407,
           "wallet_exposure_limit": 1}}