{"config_name": "recursive_grid_0days",
 "logging_level": 0,
 "long": {"auto_unstuck_delay_minutes": 0,
          "auto_unstuck_ema_dist": 0,
          "auto_unstuck_qty_pct": 0,
          "auto_unstuck_wallet_exposure_threshold": 0.0,
          "backwards_tp": true,
          "ddown_factor": 0.3499284965953004,
          "ema_span_0": 457.07277137640875,
          "ema_span_1": 64.76045675504193,
          "enabled": true,
          "initial_eprice_ema_dist": -0.006708654491967442,
          "initial_qty_pct": 0.010563024016371474,
          "markup_range": 0.0011088422746533913,
          "min_markup": 0.0016587568921342909,
          "n_close_orders": 8,
          "rentry_pprice_dist": 0.01859951015466201,
          "rentry_pprice_dist_wallet_exposure_weighting": 3.4934649129515796,
          "wallet_exposure_limit": 1},
 "short": {"auto_unstuck_delay_minutes": 0,
           "auto_unstuck_ema_dist": 0,
           "auto_unstuck_qty_pct": 0,
           "auto_unstuck_wallet_exposure_threshold": 0.0,
           "backwards_tp": true,
           "ddown_factor": 0.9919597556980649,
           "ema_span_0": 468.4712781667621,
           "ema_span_1": 1295.4227202674967,
           "enabled": true,
           "initial_eprice_ema_dist": -0.008325991694993021,
           "initial_qty_pct": 0.011354570300185845,
           "markup_range": 0.0006315663979612978,
           "min_markup": 0.0016288555353478147,
           "n_close_orders": 3,
           "rentry_pprice_dist": 0.012426297175450726,
           "rentry_pprice_dist_wallet_exposure_weighting": 6.793847521641847,
           "wallet_exposure_limit": 1}}