{"config_name": "recursive_grid_0days",
 "logging_level": 0,
 "long": {"auto_unstuck_delay_minutes": 0,
          "auto_unstuck_ema_dist": 0,
          "auto_unstuck_qty_pct": 0,
          "auto_unstuck_wallet_exposure_threshold": 0.0,
          "backwards_tp": true,
          "ddown_factor": 0.8305712639672379,
          "ema_span_0": 1165.0363884732335,
          "ema_span_1": 1439.3575350055733,
          "enabled": true,
          "initial_eprice_ema_dist": 0.0027137968712681944,
          "initial_qty_pct": 0.010905320910205067,
          "markup_range": 0.0029937483241515416,
          "min_markup": 0.007759412770228708,
          "n_close_orders": 13,
          "rentry_pprice_dist": 0.03857376065934982,
          "rentry_pprice_dist_wallet_exposure_weighting": 1.5048601892275786,
          "wallet_exposure_limit": 1},
 "short": {"auto_unstuck_delay_minutes": 0,
           "auto_unstuck_ema_dist": 0,
           "auto_unstuck_qty_pct": 0,
           "auto_unstuck_wallet_exposure_threshold": 0.0,
           "backwards_tp": true,
           "ddown_factor": 0.9358299338204812,
           "ema_span_0": 1400.084675844023,
           "ema_span_1": 1336.4712546460833,
           "enabled": true,
           "initial_eprice_ema_dist": -0.003875708032798708,
           "initial_qty_pct": 0.012595208570948497,
           "markup_range": 0.008362480010398998,
           "min_markup": 0.0021567178528943743,
           "n_close_orders": 10,
           "rentry_pprice_dist": 0.03553762859172663,
           "rentry_pprice_dist_wallet_exposure_weighting": 16.09425424745991,
           "wallet_exposure_limit": 1}}