{"config_name": "recursive_grid_0days",
 "logging_level": 0,
 "long": {"auto_unstuck_delay_minutes": 0,
          "auto_unstuck_ema_dist": 0,
          "auto_unstuck_qty_pct": 0,
          "auto_unstuck_wallet_exposure_threshold": 0.0,
          "backwards_tp": true,
          "ddown_factor": 0.20815517631888417,
          "ema_span_0": 763.2604171132867,
          "ema_span_1": 1199.7648187204315,
          "enabled": true,
          "initial_eprice_ema_dist": 0.0010509267651074912,
          "initial_qty_pct": 0.013504515621994005,
          "markup_range": 0.006252815955610204,
          "min_markup": 0.005641977545817022,
          "n_close_orders": 8,
          "rentry_pprice_dist": 0.030334032021768684,
          "rentry_pprice_dist_wallet_exposure_weighting": 1.6982209295583048,
          "wallet_exposure_limit": 1},
 "short": {"auto_unstuck_delay_minutes": 0,
           "auto_unstuck_ema_dist": 0,
           "auto_unstuck_qty_pct": 0,
           "auto_unstuck_wallet_exposure_threshold": 0.0,
           "backwards_tp": true,
           "ddown_factor": 0.783683581536061,
           "ema_span_0": 297.61135403844094,
           "ema_span_1": 1380.7684274645835,
           "enabled": true,
           "initial_eprice_ema_dist": 0.0018562219639456292,
           "initial_qty_pct": 0.015364698356030219,
           "markup_range": 0.0033095614430639635,
           "min_markup": 0.00859212204937614,
           "n_close_orders": 8,
           "rentry_pprice_dist": 0.049891430053396864,
           "rentry_pprice_dist_wallet_exposure_weighting": 2.1070111199738117,
           "wallet_exposure_limit": 1}}