{"config_name": "recursive_grid_0days",
 "logging_level": 0,
 "long": {"auto_unstuck_delay_minutes": 0,
          "auto_unstuck_ema_dist": 0,
          "auto_unstuck_qty_pct": 0,
          "auto_unstuck_wallet_exposure_threshold": 0.0,
          "backwards_tp": true,
          "ddown_factor": 2.302679301717022,
          "ema_span_0": 556.4130465642911,
          "ema_span_1": 532.6817898746216,
          "enabled": true,
          "initial_eprice_ema_dist": 0.003,
          "initial_qty_pct": 0.012346858005364955,
          "markup_range": 0.0030452820682302095,
          "min_markup": 0.003022542606628625,
          "n_close_orders": 9,
          "rentry_pprice_dist": 0.04154127281874992,
          "rentry_pprice_dist_wallet_exposure_weighting": 6.3844498140289785,
          "wallet_exposure_limit": 1},
 "short": {"auto_unstuck_delay_minutes": 0,
           "auto_unstuck_ema_dist": 0,
           "auto_unstuck_qty_pct": 0,
           "auto_unstuck_wallet_exposure_threshold": 0.0,
           "backwards_tp": true,
           "ddown_factor": 2.0067293079917974,
           "ema_span_0": 779.4828735035393,
           "ema_span_1": 224.84137848683727,
           "enabled": true,
           "initial_eprice_ema_dist": 0.001947806127694001,
           "initial_qty_pct": 0.014707766938850536,
           "markup_range": 0.0043847984028582785,
           "min_markup": 0.0014712884203297834,
           "n_close_orders": 2,
           "rentry_pprice_dist": 0.04919171750223548,
           "rentry_pprice_dist_wallet_exposure_weighting": 17.667459370767503,
           "wallet_exposure_limit": 1}}