{"config_name": "recursive_grid_0days",
 "logging_level": 0,
 "long": {"auto_unstuck_delay_minutes": 0,
          "auto_unstuck_ema_dist": 0,
          "auto_unstuck_qty_pct": 0,
          "auto_unstuck_wallet_exposure_threshold": 0.0,
          "backwards_tp": true,
          "ddown_factor": 0.49924193253485766,
          "ema_span_0": 227.1046873845894,
          "ema_span_1": 7.0192556449584815,
          "enabled": true,
          "initial_eprice_ema_dist": 0.0029977451521854895,
          "initial_qty_pct": 0.012272878670744431,
          "markup_range": 0.0003455222232415497,
          "min_markup": 0.002152736513619394,
          "n_close_orders": 4,
          "rentry_pprice_dist": 0.047418498817548387,
          "rentry_pprice_dist_wallet_exposure_weighting": 4.892128528008462,
          "wallet_exposure_limit": 1},
 "short": {"auto_unstuck_delay_minutes": 0,
           "auto_unstuck_ema_dist": 0,
           "auto_unstuck_qty_pct": 0,
           "auto_unstuck_wallet_exposure_threshold": 0.0,
           "backwards_tp": true,
           "ddown_factor": 2.053215140998631,
           "ema_span_0": 1331.1694508775838,
           "ema_span_1": 251.50509193813033,
           "enabled": true,
           "initial_eprice_ema_dist": 0.0019171388360342966,
           "initial_qty_pct": 0.012467869416344075,
           "markup_range": 1.4550666379238006e-05,
           "min_markup": 0.002770195369984775,
           "n_close_orders": 7,
           "rentry_pprice_dist": 0.03748235823602342,
           "rentry_pprice_dist_wallet_exposure_weighting": 19.162818715237737,
           "wallet_exposure_limit": 1}}