{"config_name": "recursive_grid_0days",
 "logging_level": 0,
 "long": {"auto_unstuck_delay_minutes": 0,
          "auto_unstuck_ema_dist": 0,
          "auto_unstuck_qty_pct": 0,
          "auto_unstuck_wallet_exposure_threshold": 0.0,
          "backwards_tp": true,
          "ddown_factor": 0.36257365288883064,
          "ema_span_0": 1386.3586932180335,
          "ema_span_1": 1412.4870562660906,
          "enabled": true,
          "initial_eprice_ema_dist": 0.003,
          "initial_qty_pct": 0.011655631787713658,
          "markup_range": 0.004330411196173348,
          "min_markup": 0.005888790202963922,
          "n_close_orders": 8,
          "rentry_pprice_dist": 0.03816232268284147,
          "rentry_pprice_dist_wallet_exposure_weighting": 3.9217922948964827,
          "wallet_exposure_limit": 1},
 "short": {"auto_unstuck_delay_minutes": 0,
           "auto_unstuck_ema_dist": 0,
           "auto_unstuck_qty_pct": 0,
           "auto_unstuck_wallet_exposure_threshold": 0.0,
           "backwards_tp": true,
           "ddown_factor": 0.10000539802999024,
           "ema_span_0": 1216.337683598099,
           "ema_span_1": 1401.0622073811878,
           "enabled": true,
           "initial_eprice_ema_dist": -0.014031371442247049,
           "initial_qty_pct": 0.014108820080407048,
           "markup_range": 0.002385412917832454,
           "min_markup": 0.006522583787505151,
           "n_close_orders": 3,
           "rentry_pprice_dist": 0.04348484685377315,
           "rentry_pprice_dist_wallet_exposure_weighting": 1.3584482206851567,
           "wallet_exposure_limit": 1}}