{"config_name": "recursive_grid_0days",
 "logging_level": 0,
 "long": {"auto_unstuck_delay_minutes": 0,
          "auto_unstuck_ema_dist": 0,
          "auto_unstuck_qty_pct": 0,
          "auto_unstuck_wallet_exposure_threshold": 0.0,
          "backwards_tp": true,
          "ddown_factor": 1.1248531544141962,
          "ema_span_0": 1186.3590035211168,
          "ema_span_1": 1058.7589853437244,
          "enabled": true,
          "initial_eprice_ema_dist": 7.821644162415775e-05,
          "initial_qty_pct": 0.016632820027745628,
          "markup_range": 0.00185294973869869,
          "min_markup": 0.002226060525893644,
          "n_close_orders": 6,
          "rentry_pprice_dist": 0.04732616866964753,
          "rentry_pprice_dist_wallet_exposure_weighting": 0.2931303551610137,
          "wallet_exposure_limit": 1},
 "short": {"auto_unstuck_delay_minutes": 0,
           "auto_unstuck_ema_dist": 0,
           "auto_unstuck_qty_pct": 0,
           "auto_unstuck_wallet_exposure_threshold": 0.0,
           "backwards_tp": true,
           "ddown_factor": 0.45295998767680984,
           "ema_span_0": 1312.9273384348437,
           "ema_span_1": 1370.6726256740603,
           "enabled": true,
           "initial_eprice_ema_dist": 0.00011438341391725922,
           "initial_qty_pct": 0.012113568602906804,
           "markup_range": 0.00417852007374919,
           "min_markup": 0.009633563673637798,
           "n_close_orders": 6,
           "rentry_pprice_dist": 0.04075278037224734,
           "rentry_pprice_dist_wallet_exposure_weighting": 14.539498477071472,
           "wallet_exposure_limit": 1}}