{"config_name": "recursive_grid_0days",
 "logging_level": 0,
 "long": {"auto_unstuck_delay_minutes": 0,
          "auto_unstuck_ema_dist": 0,
          "auto_unstuck_qty_pct": 0,
          "auto_unstuck_wallet_exposure_threshold": 0.0,
          "backwards_tp": true,
          "ddown_factor": 0.7793822227889958,
          "ema_span_0": 1216.8894496067744,
          "ema_span_1": 1249.0683005919316,
          "enabled": true,
          "initial_eprice_ema_dist": 0.003,
          "initial_qty_pct": 0.012147896104977799,
          "markup_range": 0.000996284663550936,
          "min_markup": 0.002198009587087069,
          "n_close_orders": 3,
          "rentry_pprice_dist": 0.015118625162435957,
          "rentry_pprice_dist_wallet_exposure_weighting": 0.5449310891282235,
          "wallet_exposure_limit": 1},
 "short": {"auto_unstuck_delay_minutes": 0,
           "auto_unstuck_ema_dist": 0,
           "auto_unstuck_qty_pct": 0,
           "auto_unstuck_wallet_exposure_threshold": 0.0,
           "backwards_tp": true,
           "ddown_factor": 1.823625654625338,
           "ema_span_0": 1438.8529476817914,
           "ema_span_1": 805.3175496491666,
           "enabled": true,
           "initial_eprice_ema_dist": -0.0014828475927116814,
           "initial_qty_pct": 0.013509573073577724,
           "markup_range": 0.004487214190333937,
           "min_markup": 0.0062821420695721554,
           "n_close_orders": 12,
           "rentry_pprice_dist": 0.03020012766532168,
           "rentry_pprice_dist_wallet_exposure_weighting": 0.6738976652028318,
           "wallet_exposure_limit": 1}}