{"config_name": "recursive_grid_0days",
 "logging_level": 0,
 "long": {"auto_unstuck_delay_minutes": 0,
          "auto_unstuck_ema_dist": 0,
          "auto_unstuck_qty_pct": 0,
          "auto_unstuck_wallet_exposure_threshold": 0.0,
          "backwards_tp": true,
          "ddown_factor": 1.0267343703157072,
          "ema_span_0": 864.3001771975022,
          "ema_span_1": 1344.4400643180006,
          "enabled": true,
          "initial_eprice_ema_dist": -0.003903566023681527,
          "initial_qty_pct": 0.010322646860212238,
          "markup_range": 0.0009345649514453265,
          "min_markup": 0.0013438640277420501,
          "n_close_orders": 10,
          "rentry_pprice_dist": 0.0185069180672829,
          "rentry_pprice_dist_wallet_exposure_weighting": 1.9757051220586637,
          "wallet_exposure_limit": 1},
 "short": {"auto_unstuck_delay_minutes": 0,
           "auto_unstuck_ema_dist": 0,
           "auto_unstuck_qty_pct": 0,
           "auto_unstuck_wallet_exposure_threshold": 0.0,
           "backwards_tp": true,
           "ddown_factor": 1.9973957216326403,
           "ema_span_0": 421.7553586252077,
           "ema_span_1": 520.5828106201627,
           "enabled": true,
           "initial_eprice_ema_dist": 0.003,
           "initial_qty_pct": 0.01196624726203134,
           "markup_range": 0.0,
           "min_markup": 0.00292982078297503,
           "n_close_orders": 5,
           "rentry_pprice_dist": 0.023709704519460886,
           "rentry_pprice_dist_wallet_exposure_weighting": 3.3012492626694554,
           "wallet_exposure_limit": 1}}