{"config_name": "recursive_grid_0days",
 "logging_level": 0,
 "long": {"auto_unstuck_delay_minutes": 0,
          "auto_unstuck_ema_dist": 0,
          "auto_unstuck_qty_pct": 0,
          "auto_unstuck_wallet_exposure_threshold": 0.0,
          "backwards_tp": true,
          "ddown_factor": 0.9600568540074707,
          "ema_span_0": 99.84621607232152,
          "ema_span_1": 87.35158286806424,
          "enabled": true,
          "initial_eprice_ema_dist": 0.003,
          "initial_qty_pct": 0.01377543273703491,
          "markup_range": 0.008166034990923547,
          "min_markup": 0.0018320990382620574,
          "n_close_orders": 5,
          "rentry_pprice_dist": 0.02792167865039499,
          "rentry_pprice_dist_wallet_exposure_weighting": 2.3706401296188377,
          "wallet_exposure_limit": 1},
 "short": {"auto_unstuck_delay_minutes": 0,
           "auto_unstuck_ema_dist": 0,
           "auto_unstuck_qty_pct": 0,
           "auto_unstuck_wallet_exposure_threshold": 0.0,
           "backwards_tp": true,
           "ddown_factor": 2.6544165488446385,
           "ema_span_0": 309.69272592634474,
           "ema_span_1": 465.2378238174837,
           "enabled": true,
           "initial_eprice_ema_dist": 0.0028846514947689457,
           "initial_qty_pct": 0.012757385544317597,
           "markup_range": 0.004105110225764511,
           "min_markup": 0.00606759353490321,
           "n_close_orders": 12,
           "rentry_pprice_dist": 0.04414031136119532,
           "rentry_pprice_dist_wallet_exposure_weighting": 4.177346639548361,
           "wallet_exposure_limit": 1}}