{"config_name": "recursive_grid_0days",
 "logging_level": 0,
 "long": {"auto_unstuck_delay_minutes": 0,
          "auto_unstuck_ema_dist": 0,
          "auto_unstuck_qty_pct": 0,
          "auto_unstuck_wallet_exposure_threshold": 0.0,
          "backwards_tp": true,
          "ddown_factor": 0.49870173782963306,
          "ema_span_0": 662.7150477267784,
          "ema_span_1": 1215.9301523898087,
          "enabled": true,
          "initial_eprice_ema_dist": -0.008414514809433523,
          "initial_qty_pct": 0.014661763328055157,
          "markup_range": 0.003108779891836282,
          "min_markup": 0.005249668385903666,
          "n_close_orders": 13,
          "rentry_pprice_dist": 0.04756894591446002,
          "rentry_pprice_dist_wallet_exposure_weighting": 2.4781160330785967,
          "wallet_exposure_limit": 1},
 "short": {"auto_unstuck_delay_minutes": 0,
           "auto_unstuck_ema_dist": 0,
           "auto_unstuck_qty_pct": 0,
           "auto_unstuck_wallet_exposure_threshold": 0.0,
           "backwards_tp": true,
           "ddown_factor": 2.6261360668531006,
           "ema_span_0": 574.5377754773094,
           "ema_span_1": 1197.8685866267003,
           "enabled": true,
           "initial_eprice_ema_dist": -0.006637978853276623,
           "initial_qty_pct": 0.01,
           "markup_range": 0.001705059438742462,
           "min_markup": 0.002137288831108296,
           "n_close_orders": 2,
           "rentry_pprice_dist": 0.04466657115860978,
           "rentry_pprice_dist_wallet_exposure_weighting": 1.67374352003136,
           "wallet_exposure_limit": 1}}