{"config_name": "recursive_grid_0days",
 "logging_level": 0,
 "long": {"auto_unstuck_delay_minutes": 0,
          "auto_unstuck_ema_dist": 0,
          "auto_unstuck_qty_pct": 0,
          "auto_unstuck_wallet_exposure_threshold": 0.0,
          "backwards_tp": true,
          "ddown_factor": 0.7482063903095816,
          "ema_span_0": 1419.7313455164203,
          "ema_span_1": 915.4679355758826,
          "enabled": true,
          "initial_eprice_ema_dist": -0.00627688855927283,
          "initial_qty_pct": 0.012500517579146393,
          "markup_range": 0.003724848838874456,
          "min_markup": 0.008312128957723253,
          "n_close_orders": 2,
          "rentry_pprice_dist": 0.023372438501404334,
          "rentry_pprice_dist_wallet_exposure_weighting": 3.595960210384069,
          "wallet_exposure_limit": 1},
 "short": {"auto_unstuck_delay_minutes": 0,
           "auto_unstuck_ema_dist": 0,
           "auto_unstuck_qty_pct": 0,
           "auto_unstuck_wallet_exposure_threshold": 0.0,
           "backwards_tp": true,
           "ddown_factor": 1.90266777458047,
           "ema_span_0": 1022.9787380543643,
           "ema_span_1": 1436.4421524689792,
           "enabled": true,
           "initial_eprice_ema_dist": 0.003,
           "initial_qty_pct": 0.014033516964408799,
           "markup_range": 0.00028850902148495157,
           "min_markup": 0.0011423663272503767,
           "n_close_orders": 7,
           "rentry_pprice_dist": 0.02003028836344025,
           "rentry_pprice_dist_wallet_exposure_weighting": 2.9568403110342523,
           "wallet_exposure_limit": 1}}