{"config_name": "recursive_grid_0days",
 "logging_level": 0,
 "long": {"auto_unstuck_delay_minutes": 0,
          "auto_unstuck_ema_dist": 0,
          "auto_unstuck_qty_pct": 0,
          "auto_unstuck_wallet_exposure_threshold": 0.0,
          "backwards_tp": true,
          "ddown_factor": 0.42775393404739315,
          "ema_span_0": 785.8195894074283,
          "ema_span_1": 1373.1138540179047,
          "enabled": true,
          "initial_eprice_ema_dist": -0.00042250265775362495,
          "initial_qty_pct": 0.012203223144580194,
          "markup_range": 0.002444150375339751,
          "min_markup": 0.004725823931791658,
          "n_close_orders": 14,
          "rentry_pprice_dist": 0.037836183406233556,
          "rentry_pprice_dist_wallet_exposure_weighting": 4.9559923425689085,
          "wallet_exposure_limit": 1},
 "short": {"auto_unstuck_delay_minutes": 0,
           "auto_unstuck_ema_dist": 0,
           "auto_unstuck_qty_pct": 0,
           "auto_unstuck_wallet_exposure_threshold": 0.0,
           "backwards_tp": true,
           "ddown_factor": 0.9342464863796716,
           "ema_span_0": 1410.7637277912452,
           "ema_span_1": 1345.0334240980694,
           "enabled": true,
           "initial_eprice_ema_dist": 0.0021691160555554227,
           "initial_qty_pct": 0.010049149221414201,
           "markup_range": 0.008813970951206581,
           "min_markup": 0.004005191980758732,
           "n_close_orders": 6,
           "rentry_pprice_dist": 0.0144657940541557,
           "rentry_pprice_dist_wallet_exposure_weighting": 10.302043280761904,
           "wallet_exposure_limit": 1}}