{"config_name": "recursive_grid_0days",
 "logging_level": 0,
 "long": {"auto_unstuck_delay_minutes": 0,
          "auto_unstuck_ema_dist": 0,
          "auto_unstuck_qty_pct": 0,
          "auto_unstuck_wallet_exposure_threshold": 0.0,
          "backwards_tp": true,
          "ddown_factor": 1.0351783878301706,
          "ema_span_0": 856.1875238553667,
          "ema_span_1": 1343.2793019762435,
          "enabled": true,
          "initial_eprice_ema_dist": -0.003919861496725161,
          "initial_qty_pct": 0.010702128889112886,
          "markup_range": 0.0009841694091845433,
          "min_markup": 0.001297125428497705,
          "n_close_orders": 10,
          "rentry_pprice_dist": 0.018435997170025517,
          "rentry_pprice_dist_wallet_exposure_weighting": 1.9193130248727066,
          "wallet_exposure_limit": 1},
 "short": {"auto_unstuck_delay_minutes": 0,
           "auto_unstuck_ema_dist": 0,
           "auto_unstuck_qty_pct": 0,
           "auto_unstuck_wallet_exposure_threshold": 0.0,
           "backwards_tp": true,
           "ddown_factor": 0.10000779534771716,
           "ema_span_0": 400,
           "ema_span_1": 1159.7423116600078,
           "enabled": true,
           "initial_eprice_ema_dist": 0.0029976509974363116,
           "initial_qty_pct": 0.01516937774540192,
           "markup_range": 0.0011743799901373759,
           "min_markup": 0.002287406131795191,
           "n_close_orders": 4,
           "rentry_pprice_dist": 0.031367567177681084,
           "rentry_pprice_dist_wallet_exposure_weighting": 1.2588500973511572,
           "wallet_exposure_limit": 1}}