{"config_name": "recursive_grid_0days",
 "logging_level": 0,
 "long": {"auto_unstuck_delay_minutes": 0,
          "auto_unstuck_ema_dist": 0,
          "auto_unstuck_qty_pct": 0,
          "auto_unstuck_wallet_exposure_threshold": 0.0,
          "backwards_tp": true,
          "ddown_factor": 1.0283071157478114,
          "ema_span_0": 864.2937536077187,
          "ema_span_1": 1344.4916803726715,
          "enabled": true,
          "initial_eprice_ema_dist": -0.003916610876974153,
          "initial_qty_pct": 0.01023420266008449,
          "markup_range": 0.0009331337807904357,
          "min_markup": 0.0013475350316750128,
          "n_close_orders": 10,
          "rentry_pprice_dist": 0.01851101457526812,
          "rentry_pprice_dist_wallet_exposure_weighting": 1.9759963967577348,
          "wallet_exposure_limit": 1},
 "short": {"auto_unstuck_delay_minutes": 0,
           "auto_unstuck_ema_dist": 0,
           "auto_unstuck_qty_pct": 0,
           "auto_unstuck_wallet_exposure_threshold": 0.0,
           "backwards_tp": true,
           "ddown_factor": 0.5096601580601672,
           "ema_span_0": 84.20467232047376,
           "ema_span_1": 129.14542781384955,
           "enabled": true,
           "initial_eprice_ema_dist": 0.00242156483739608,
           "initial_qty_pct": 0.01225600595186627,
           "markup_range": 0.002801444068885329,
           "min_markup": 0.0020768561411114773,
           "n_close_orders": 5,
           "rentry_pprice_dist": 0.029454557567426695,
           "rentry_pprice_dist_wallet_exposure_weighting": 1.6975042693262774,
           "wallet_exposure_limit": 1}}