{"config_name": "recursive_grid_0days",
 "logging_level": 0,
 "long": {"auto_unstuck_delay_minutes": 0,
          "auto_unstuck_ema_dist": 0,
          "auto_unstuck_qty_pct": 0,
          "auto_unstuck_wallet_exposure_threshold": 0.0,
          "backwards_tp": true,
          "ddown_factor": 0.41922432838775525,
          "ema_span_0": 370.49314780958593,
          "ema_span_1": 402.7425786856053,
          "enabled": true,
          "initial_eprice_ema_dist": -0.0323746709126999,
          "initial_qty_pct": 0.011202251469065106,
          "markup_range": 0.002234868442945427,
          "min_markup": 0.003448922965742159,
          "n_close_orders": 6,
          "rentry_pprice_dist": 0.018149593280380186,
          "rentry_pprice_dist_wallet_exposure_weighting": 4.340353265594197,
          "wallet_exposure_limit": 1},
 "short": {"auto_unstuck_delay_minutes": 0,
           "auto_unstuck_ema_dist": 0,
           "auto_unstuck_qty_pct": 0,
           "auto_unstuck_wallet_exposure_threshold": 0.0,
           "backwards_tp": true,
           "ddown_factor": 0.6120803150166161,
           "ema_span_0": 1033.141008026857,
           "ema_span_1": 531.0572905680618,
           "enabled": true,
           "initial_eprice_ema_dist": -0.006801919701127728,
           "initial_qty_pct": 0.010792866690803203,
           "markup_range": 0.004836083330799986,
           "min_markup": 0.00409351787249896,
           "n_close_orders": 15,
           "rentry_pprice_dist": 0.01445672359077303,
           "rentry_pprice_dist_wallet_exposure_weighting": 9.643026044023914,
           "wallet_exposure_limit": 1}}