{"config_name": "recursive_grid_0days",
 "logging_level": 0,
 "long": {"auto_unstuck_delay_minutes": 0,
          "auto_unstuck_ema_dist": 0,
          "auto_unstuck_qty_pct": 0,
          "auto_unstuck_wallet_exposure_threshold": 0.0,
          "backwards_tp": true,
          "ddown_factor": 0.6571243837427112,
          "ema_span_0": 1053.6014937566476,
          "ema_span_1": 1220.7412600746518,
          "enabled": true,
          "initial_eprice_ema_dist": -0.0010840403100698614,
          "initial_qty_pct": 0.01174091991614398,
          "markup_range": 0.0038776565337557156,
          "min_markup": 0.0034163440094076517,
          "n_close_orders": 9,
          "rentry_pprice_dist": 0.02247073695280643,
          "rentry_pprice_dist_wallet_exposure_weighting": 2.574675238750389,
          "wallet_exposure_limit": 1},
 "short": {"auto_unstuck_delay_minutes": 0,
           "auto_unstuck_ema_dist": 0,
           "auto_unstuck_qty_pct": 0,
           "auto_unstuck_wallet_exposure_threshold": 0.0,
           "backwards_tp": true,
           "ddown_factor": 1.2818500082491635,
           "ema_span_0": 595.3994015662455,
           "ema_span_1": 22.795677773325288,
           "enabled": true,
           "initial_eprice_ema_dist": 0.002999998075207709,
           "initial_qty_pct": 0.010698377338213482,
           "markup_range": 0.0,
           "min_markup": 0.001359091367591985,
           "n_close_orders": 4,
           "rentry_pprice_dist": 0.01782541589739945,
           "rentry_pprice_dist_wallet_exposure_weighting": 4.66896064092148,
           "wallet_exposure_limit": 1}}