{"config_name": "recursive_grid_0days",
 "logging_level": 0,
 "long": {"auto_unstuck_delay_minutes": 0,
          "auto_unstuck_ema_dist": 0,
          "auto_unstuck_qty_pct": 0,
          "auto_unstuck_wallet_exposure_threshold": 0.0,
          "backwards_tp": true,
          "ddown_factor": 0.8519144150275632,
          "ema_span_0": 1440,
          "ema_span_1": 1380.4230809926546,
          "enabled": true,
          "initial_eprice_ema_dist": 0.002612070832254064,
          "initial_qty_pct": 0.013727206946982307,
          "markup_range": 0.002708050890479808,
          "min_markup": 0.002325728043746883,
          "n_close_orders": 9,
          "rentry_pprice_dist": 0.04997779932724466,
          "rentry_pprice_dist_wallet_exposure_weighting": 5.065001865140612,
          "wallet_exposure_limit": 1},
 "short": {"auto_unstuck_delay_minutes": 0,
           "auto_unstuck_ema_dist": 0,
           "auto_unstuck_qty_pct": 0,
           "auto_unstuck_wallet_exposure_threshold": 0.0,
           "backwards_tp": true,
           "ddown_factor": 2.053215140998631,
           "ema_span_0": 1331.1694508775838,
           "ema_span_1": 251.50509193813033,
           "enabled": true,
           "initial_eprice_ema_dist": 0.0019171388360342966,
           "initial_qty_pct": 0.012467869416344075,
           "markup_range": 1.4550666379238006e-05,
           "min_markup": 0.002770195369984775,
           "n_close_orders": 7,
           "rentry_pprice_dist": 0.03748235823602342,
           "rentry_pprice_dist_wallet_exposure_weighting": 19.162818715237737,
           "wallet_exposure_limit": 1}}