{"config_name": "recursive_grid_0days",
 "logging_level": 0,
 "long": {"auto_unstuck_delay_minutes": 0,
          "auto_unstuck_ema_dist": 0,
          "auto_unstuck_qty_pct": 0,
          "auto_unstuck_wallet_exposure_threshold": 0.0,
          "backwards_tp": true,
          "ddown_factor": 2.3790896762568385,
          "ema_span_0": 173.25127414778248,
          "ema_span_1": 807.3207500155754,
          "enabled": true,
          "initial_eprice_ema_dist": 0.001494307322445357,
          "initial_qty_pct": 0.011387713055864087,
          "markup_range": 0.003615391383892233,
          "min_markup": 0.0026222485634466585,
          "n_close_orders": 11,
          "rentry_pprice_dist": 0.047571316266171955,
          "rentry_pprice_dist_wallet_exposure_weighting": 6.283259241710022,
          "wallet_exposure_limit": 1},
 "short": {"auto_unstuck_delay_minutes": 0,
           "auto_unstuck_ema_dist": 0,
           "auto_unstuck_qty_pct": 0,
           "auto_unstuck_wallet_exposure_threshold": 0.0,
           "backwards_tp": true,
           "ddown_factor": 0.5081341614541065,
           "ema_span_0": 1206.8539760247847,
           "ema_span_1": 1361.2578990634686,
           "enabled": true,
           "initial_eprice_ema_dist": -0.0034352410188503535,
           "initial_qty_pct": 0.02174948852648506,
           "markup_range": 0.010580846858878543,
           "min_markup": 0.005689065774585256,
           "n_close_orders": 9,
           "rentry_pprice_dist": 0.04476114708096289,
           "rentry_pprice_dist_wallet_exposure_weighting": 5.01751561994789,
           "wallet_exposure_limit": 1}}