{"config_name": "recursive_grid_0days",
 "logging_level": 0,
 "long": {"auto_unstuck_delay_minutes": 0,
          "auto_unstuck_ema_dist": 0,
          "auto_unstuck_qty_pct": 0,
          "auto_unstuck_wallet_exposure_threshold": 0.0,
          "backwards_tp": true,
          "ddown_factor": 0.7569686080358901,
          "ema_span_0": 1422.46639168002,
          "ema_span_1": 1348.7371484232217,
          "enabled": true,
          "initial_eprice_ema_dist": -0.004072986175449222,
          "initial_qty_pct": 0.011717488814187622,
          "markup_range": 0.004407604940776643,
          "min_markup": 0.0050887821463456466,
          "n_close_orders": 4,
          "rentry_pprice_dist": 0.032923698914598905,
          "rentry_pprice_dist_wallet_exposure_weighting": 2.8889885398614483,
          "wallet_exposure_limit": 1},
 "short": {"auto_unstuck_delay_minutes": 0,
           "auto_unstuck_ema_dist": 0,
           "auto_unstuck_qty_pct": 0,
           "auto_unstuck_wallet_exposure_threshold": 0.0,
           "backwards_tp": true,
           "ddown_factor": 1.0493522592509372,
           "ema_span_0": 1353.145447563775,
           "ema_span_1": 785.1427648641331,
           "enabled": true,
           "initial_eprice_ema_dist": -0.015894206204185437,
           "initial_qty_pct": 0.012973553155764097,
           "markup_range": 0.006830138796738696,
           "min_markup": 0.007462950676289147,
           "n_close_orders": 15,
           "rentry_pprice_dist": 0.032142561259780954,
           "rentry_pprice_dist_wallet_exposure_weighting": 7.054804382630086,
           "wallet_exposure_limit": 1}}