{"config_name": "recursive_grid_0days",
 "logging_level": 0,
 "long": {"auto_unstuck_delay_minutes": 0,
          "auto_unstuck_ema_dist": 0,
          "auto_unstuck_qty_pct": 0,
          "auto_unstuck_wallet_exposure_threshold": 0.0,
          "backwards_tp": true,
          "ddown_factor": 0.9905581129415117,
          "ema_span_0": 1372.3540825933762,
          "ema_span_1": 876.6580718365225,
          "enabled": true,
          "initial_eprice_ema_dist": -1.553192081566341e-05,
          "initial_qty_pct": 0.011652034096815091,
          "markup_range": 0.001053413601340445,
          "min_markup": 0.0029233788361212373,
          "n_close_orders": 12,
          "rentry_pprice_dist": 0.02993010987334616,
          "rentry_pprice_dist_wallet_exposure_weighting": 5.8184546021226575,
          "wallet_exposure_limit": 1},
 "short": {"auto_unstuck_delay_minutes": 0,
           "auto_unstuck_ema_dist": 0,
           "auto_unstuck_qty_pct": 0,
           "auto_unstuck_wallet_exposure_threshold": 0.0,
           "backwards_tp": true,
           "ddown_factor": 0.38183955716212603,
           "ema_span_0": 704.6637721612442,
           "ema_span_1": 231.0658902560817,
           "enabled": true,
           "initial_eprice_ema_dist": 0.0004048473659993652,
           "initial_qty_pct": 0.01633601366058591,
           "markup_range": 0.0028096042792950353,
           "min_markup": 0.00748121755305856,
           "n_close_orders": 8,
           "rentry_pprice_dist": 0.032353317303363396,
           "rentry_pprice_dist_wallet_exposure_weighting": 7.941455412356031,
           "wallet_exposure_limit": 1}}