{"config_name": "recursive_grid_0days",
 "logging_level": 0,
 "long": {"auto_unstuck_delay_minutes": 0,
          "auto_unstuck_ema_dist": 0,
          "auto_unstuck_qty_pct": 0,
          "auto_unstuck_wallet_exposure_threshold": 0.0,
          "backwards_tp": true,
          "ddown_factor": 1.5461985464782428,
          "ema_span_0": 364.2272325724241,
          "ema_span_1": 594.1024050898172,
          "enabled": true,
          "initial_eprice_ema_dist": -0.002130173964308897,
          "initial_qty_pct": 0.013725410527474278,
          "markup_range": 0.005375627507967965,
          "min_markup": 0.004671880564115746,
          "n_close_orders": 6,
          "rentry_pprice_dist": 0.034442264175821746,
          "rentry_pprice_dist_wallet_exposure_weighting": 1.353925149419821,
          "wallet_exposure_limit": 1},
 "short": {"auto_unstuck_delay_minutes": 0,
           "auto_unstuck_ema_dist": 0,
           "auto_unstuck_qty_pct": 0,
           "auto_unstuck_wallet_exposure_threshold": 0.0,
           "backwards_tp": true,
           "ddown_factor": 2.13812029420632,
           "ema_span_0": 129.43678513719615,
           "ema_span_1": 134.89316817705173,
           "enabled": true,
           "initial_eprice_ema_dist": 0.0015222020305415394,
           "initial_qty_pct": 0.012553814363908343,
           "markup_range": 0.0012790374721358023,
           "min_markup": 0.0017087248429322553,
           "n_close_orders": 11,
           "rentry_pprice_dist": 0.02518303241079889,
           "rentry_pprice_dist_wallet_exposure_weighting": 2.848820538777931,
           "wallet_exposure_limit": 1}}