{"config_name": "recursive_grid_0days",
 "logging_level": 0,
 "long": {"auto_unstuck_delay_minutes": 0,
          "auto_unstuck_ema_dist": 0,
          "auto_unstuck_qty_pct": 0,
          "auto_unstuck_wallet_exposure_threshold": 0.0,
          "backwards_tp": true,
          "ddown_factor": 0.17304389038320167,
          "ema_span_0": 1213.096638749181,
          "ema_span_1": 826.8371690453309,
          "enabled": true,
          "initial_eprice_ema_dist": 0.0028956215741052344,
          "initial_qty_pct": 0.010534040437917702,
          "markup_range": 0.003606937886591361,
          "min_markup": 0.0053539650988576664,
          "n_close_orders": 13,
          "rentry_pprice_dist": 0.033167366401679776,
          "rentry_pprice_dist_wallet_exposure_weighting": 0.41521899717223043,
          "wallet_exposure_limit": 1},
 "short": {"auto_unstuck_delay_minutes": 0,
           "auto_unstuck_ema_dist": 0,
           "auto_unstuck_qty_pct": 0,
           "auto_unstuck_wallet_exposure_threshold": 0.0,
           "backwards_tp": true,
           "ddown_factor": 0.8393227025847332,
           "ema_span_0": 185.6208016846756,
           "ema_span_1": 931.5078177363041,
           "enabled": true,
           "initial_eprice_ema_dist": 0.0015650598014136999,
           "initial_qty_pct": 0.011462722223928143,
           "markup_range": 0.0019073689972822518,
           "min_markup": 0.004455044428906515,
           "n_close_orders": 8,
           "rentry_pprice_dist": 0.04005066072962139,
           "rentry_pprice_dist_wallet_exposure_weighting": 4.370514840790585,
           "wallet_exposure_limit": 1}}