{"config_name": "recursive_grid_0days",
 "logging_level": 0,
 "long": {"auto_unstuck_delay_minutes": 0,
          "auto_unstuck_ema_dist": 0,
          "auto_unstuck_qty_pct": 0,
          "auto_unstuck_wallet_exposure_threshold": 0.0,
          "backwards_tp": true,
          "ddown_factor": 0.17304389038320167,
          "ema_span_0": 1213.096638749181,
          "ema_span_1": 826.8371690453309,
          "enabled": true,
          "initial_eprice_ema_dist": 0.0028956215741052344,
          "initial_qty_pct": 0.010534040437917702,
          "markup_range": 0.003606937886591361,
          "min_markup": 0.0053539650988576664,
          "n_close_orders": 13,
          "rentry_pprice_dist": 0.033167366401679776,
          "rentry_pprice_dist_wallet_exposure_weighting": 0.41521899717223043,
          "wallet_exposure_limit": 1},
 "short": {"auto_unstuck_delay_minutes": 0,
           "auto_unstuck_ema_dist": 0,
           "auto_unstuck_qty_pct": 0,
           "auto_unstuck_wallet_exposure_threshold": 0.0,
           "backwards_tp": true,
           "ddown_factor": 2.053215140998631,
           "ema_span_0": 1331.1694508775838,
           "ema_span_1": 251.50509193813033,
           "enabled": true,
           "initial_eprice_ema_dist": 0.0019171388360342966,
           "initial_qty_pct": 0.012467869416344075,
           "markup_range": 1.4550666379238006e-05,
           "min_markup": 0.002770195369984775,
           "n_close_orders": 7,
           "rentry_pprice_dist": 0.03748235823602342,
           "rentry_pprice_dist_wallet_exposure_weighting": 19.162818715237737,
           "wallet_exposure_limit": 1}}