{"config_name": "recursive_grid_0days",
 "logging_level": 0,
 "long": {"auto_unstuck_delay_minutes": 0,
          "auto_unstuck_ema_dist": 0,
          "auto_unstuck_qty_pct": 0,
          "auto_unstuck_wallet_exposure_threshold": 0.0,
          "backwards_tp": true,
          "ddown_factor": 0.10458613836124896,
          "ema_span_0": 1136.7725986453884,
          "ema_span_1": 1382.11805584514,
          "enabled": true,
          "initial_eprice_ema_dist": 0.003,
          "initial_qty_pct": 0.01718789053327072,
          "markup_range": 0.005662370817187071,
          "min_markup": 0.004600332343574007,
          "n_close_orders": 2,
          "rentry_pprice_dist": 0.039411897601630615,
          "rentry_pprice_dist_wallet_exposure_weighting": 1.564492906238354,
          "wallet_exposure_limit": 1},
 "short": {"auto_unstuck_delay_minutes": 0,
           "auto_unstuck_ema_dist": 0,
           "auto_unstuck_qty_pct": 0,
           "auto_unstuck_wallet_exposure_threshold": 0.0,
           "backwards_tp": true,
           "ddown_factor": 0.7853639861009549,
           "ema_span_0": 1098.6749956734006,
           "ema_span_1": 134.3864728612748,
           "enabled": true,
           "initial_eprice_ema_dist": -0.004657488451046941,
           "initial_qty_pct": 0.01088685213238326,
           "markup_range": 0.010432337579721177,
           "min_markup": 0.0030724771442552975,
           "n_close_orders": 9,
           "rentry_pprice_dist": 0.04150782369168784,
           "rentry_pprice_dist_wallet_exposure_weighting": 0.29489065155922,
           "wallet_exposure_limit": 1}}