{"config_name": "recursive_grid_0days",
 "logging_level": 0,
 "long": {"auto_unstuck_delay_minutes": 0,
          "auto_unstuck_ema_dist": 0,
          "auto_unstuck_qty_pct": 0,
          "auto_unstuck_wallet_exposure_threshold": 0.0,
          "backwards_tp": true,
          "ddown_factor": 1.0312145712974023,
          "ema_span_0": 962.4171926049978,
          "ema_span_1": 1057.943784336583,
          "enabled": true,
          "initial_eprice_ema_dist": -0.004109330294201562,
          "initial_qty_pct": 0.015450225846039174,
          "markup_range": 0.0018093950532993334,
          "min_markup": 0.007161811378299577,
          "n_close_orders": 6,
          "rentry_pprice_dist": 0.04114774709123238,
          "rentry_pprice_dist_wallet_exposure_weighting": 2.095196976914938,
          "wallet_exposure_limit": 1},
 "short": {"auto_unstuck_delay_minutes": 0,
           "auto_unstuck_ema_dist": 0,
           "auto_unstuck_qty_pct": 0,
           "auto_unstuck_wallet_exposure_threshold": 0.0,
           "backwards_tp": true,
           "ddown_factor": 2.2077390141519286,
           "ema_span_0": 1406.9328085545092,
           "ema_span_1": 818.2669807639021,
           "enabled": true,
           "initial_eprice_ema_dist": 0.0022066874435546784,
           "initial_qty_pct": 0.012585057672266661,
           "markup_range": 0.0007085995902326313,
           "min_markup": 0.003954467824367139,
           "n_close_orders": 8,
           "rentry_pprice_dist": 0.04933978317844551,
           "rentry_pprice_dist_wallet_exposure_weighting": 19.616011516337515,
           "wallet_exposure_limit": 1}}