{"config_name": "recursive_grid_0days",
 "logging_level": 0,
 "long": {"auto_unstuck_delay_minutes": 0,
          "auto_unstuck_ema_dist": 0,
          "auto_unstuck_qty_pct": 0,
          "auto_unstuck_wallet_exposure_threshold": 0.0,
          "backwards_tp": true,
          "ddown_factor": 1.1075538563437217,
          "ema_span_0": 1292.4498528572806,
          "ema_span_1": 1303.733123795646,
          "enabled": true,
          "initial_eprice_ema_dist": 0.003,
          "initial_qty_pct": 0.010106392409825226,
          "markup_range": 0.0013757855052208329,
          "min_markup": 0.003939138890356282,
          "n_close_orders": 4,
          "rentry_pprice_dist": 0.02985841850952338,
          "rentry_pprice_dist_wallet_exposure_weighting": 1.9607255551868554,
          "wallet_exposure_limit": 1},
 "short": {"auto_unstuck_delay_minutes": 0,
           "auto_unstuck_ema_dist": 0,
           "auto_unstuck_qty_pct": 0,
           "auto_unstuck_wallet_exposure_threshold": 0.0,
           "backwards_tp": true,
           "ddown_factor": 1.5826380474128723,
           "ema_span_0": 478.3755902491249,
           "ema_span_1": 5.110586708156497,
           "enabled": true,
           "initial_eprice_ema_dist": 0.0027365698250600493,
           "initial_qty_pct": 0.010310419338916806,
           "markup_range": 0.0,
           "min_markup": 0.001252732147728458,
           "n_close_orders": 9,
           "rentry_pprice_dist": 0.04060208983002458,
           "rentry_pprice_dist_wallet_exposure_weighting": 3.247834808074892,
           "wallet_exposure_limit": 1}}