{"config_name": "recursive_grid_0days",
 "logging_level": 0,
 "long": {"auto_unstuck_delay_minutes": 0,
          "auto_unstuck_ema_dist": 0,
          "auto_unstuck_qty_pct": 0,
          "auto_unstuck_wallet_exposure_threshold": 0.0,
          "backwards_tp": true,
          "ddown_factor": 2.0661212597199805,
          "ema_span_0": 871.4868069935842,
          "ema_span_1": 813.9875449016666,
          "enabled": true,
          "initial_eprice_ema_dist": -0.006249229179967419,
          "initial_qty_pct": 0.008090767985123839,
          "markup_range": 0.0004471682865097875,
          "min_markup": 0.002873043973521388,
          "n_close_orders": 4,
          "rentry_pprice_dist": 0.030418465810469208,
          "rentry_pprice_dist_wallet_exposure_weighting": 2.9433838150301748,
          "wallet_exposure_limit": 1},
 "short": {"auto_unstuck_delay_minutes": 0,
           "auto_unstuck_ema_dist": 0,
           "auto_unstuck_qty_pct": 0,
           "auto_unstuck_wallet_exposure_threshold": 0.0,
           "backwards_tp": true,
           "ddown_factor": 1.8552521251115799,
           "ema_span_0": 881.8768472139141,
           "ema_span_1": 1308.9789986596709,
           "enabled": true,
           "initial_eprice_ema_dist": 0.0014424721938682199,
           "initial_qty_pct": 0.007341584983861241,
           "markup_range": 0.0011391099460800324,
           "min_markup": 0.0033575290887672585,
           "n_close_orders": 3,
           "rentry_pprice_dist": 0.02411353599686237,
           "rentry_pprice_dist_wallet_exposure_weighting": 0.016370498522027762,
           "wallet_exposure_limit": 1}}