{"config_name": "recursive_grid_0days",
 "logging_level": 0,
 "long": {"auto_unstuck_delay_minutes": 0,
          "auto_unstuck_ema_dist": 0,
          "auto_unstuck_qty_pct": 0,
          "auto_unstuck_wallet_exposure_threshold": 0.0,
          "backwards_tp": true,
          "ddown_factor": 2.9625617251513527,
          "ema_span_0": 569.4679638705597,
          "ema_span_1": 386.3501117377195,
          "enabled": true,
          "initial_eprice_ema_dist": -0.001756654251898584,
          "initial_qty_pct": 0.012503026805085136,
          "markup_range": 0.0010000720056787045,
          "min_markup": 0.004407284859076895,
          "n_close_orders": 5,
          "rentry_pprice_dist": 0.03630958060572906,
          "rentry_pprice_dist_wallet_exposure_weighting": 3.1676068288984895,
          "wallet_exposure_limit": 1},
 "short": {"auto_unstuck_delay_minutes": 0,
           "auto_unstuck_ema_dist": 0,
           "auto_unstuck_qty_pct": 0,
           "auto_unstuck_wallet_exposure_threshold": 0.0,
           "backwards_tp": true,
           "ddown_factor": 2.1834904143615153,
           "ema_span_0": 1134.4670702840256,
           "ema_span_1": 977.0467005224684,
           "enabled": true,
           "initial_eprice_ema_dist": 0.0023545027623197183,
           "initial_qty_pct": 0.010529876226317096,
           "markup_range": 0.004483339593840379,
           "min_markup": 0.0040704100355453505,
           "n_close_orders": 5,
           "rentry_pprice_dist": 0.03741523940351386,
           "rentry_pprice_dist_wallet_exposure_weighting": 0.15332249197210066,
           "wallet_exposure_limit": 1}}