{"config_name": "recursive_grid_0days",
 "logging_level": 0,
 "long": {"auto_unstuck_delay_minutes": 0,
          "auto_unstuck_ema_dist": 0,
          "auto_unstuck_qty_pct": 0,
          "auto_unstuck_wallet_exposure_threshold": 0.0,
          "backwards_tp": true,
          "ddown_factor": 0.8250877969133658,
          "ema_span_0": 958.7180455395061,
          "ema_span_1": 1040.8913901615765,
          "enabled": true,
          "initial_eprice_ema_dist": 0.0018251771825541457,
          "initial_qty_pct": 0.00683638989611143,
          "markup_range": 0.003498007385158342,
          "min_markup": 0.004393179018755488,
          "n_close_orders": 9,
          "rentry_pprice_dist": 0.03766658262453406,
          "rentry_pprice_dist_wallet_exposure_weighting": 0.741142232660412,
          "wallet_exposure_limit": 1},
 "short": {"auto_unstuck_delay_minutes": 0,
           "auto_unstuck_ema_dist": 0,
           "auto_unstuck_qty_pct": 0,
           "auto_unstuck_wallet_exposure_threshold": 0.0,
           "backwards_tp": true,
           "ddown_factor": 1.5452025004680683,
           "ema_span_0": 1339.3140007053344,
           "ema_span_1": 1053.8346014318045,
           "enabled": true,
           "initial_eprice_ema_dist": -0.0031530925752150584,
           "initial_qty_pct": 0.013772016294347775,
           "markup_range": 0.0034056866766583433,
           "min_markup": 0.005298198623231171,
           "n_close_orders": 15,
           "rentry_pprice_dist": 0.029364026042394967,
           "rentry_pprice_dist_wallet_exposure_weighting": 9.671751582209891,
           "wallet_exposure_limit": 1}}