{"config_name": "recursive_grid_0days",
 "logging_level": 0,
 "long": {"auto_unstuck_delay_minutes": 0,
          "auto_unstuck_ema_dist": 0,
          "auto_unstuck_qty_pct": 0,
          "auto_unstuck_wallet_exposure_threshold": 0.0,
          "backwards_tp": true,
          "ddown_factor": 0.6749572384159813,
          "ema_span_0": 1043.1797911115593,
          "ema_span_1": 682.0504431651731,
          "enabled": true,
          "initial_eprice_ema_dist": -0.015218351264687758,
          "initial_qty_pct": 0.010637179273194252,
          "markup_range": 0.005699675654631302,
          "min_markup": 0.004766043975587357,
          "n_close_orders": 9,
          "rentry_pprice_dist": 0.03586227274129212,
          "rentry_pprice_dist_wallet_exposure_weighting": 1.3886838067560563,
          "wallet_exposure_limit": 1},
 "short": {"auto_unstuck_delay_minutes": 0,
           "auto_unstuck_ema_dist": 0,
           "auto_unstuck_qty_pct": 0,
           "auto_unstuck_wallet_exposure_threshold": 0.0,
           "backwards_tp": true,
           "ddown_factor": 1.0149757817347351,
           "ema_span_0": 990.9462799124133,
           "ema_span_1": 1298.7857116687637,
           "enabled": true,
           "initial_eprice_ema_dist": 0.0012963152093904739,
           "initial_qty_pct": 0.01347732538202732,
           "markup_range": 0.00373808270424368,
           "min_markup": 0.005467146323500496,
           "n_close_orders": 14,
           "rentry_pprice_dist": 0.03571875435211926,
           "rentry_pprice_dist_wallet_exposure_weighting": 2.168042867820734,
           "wallet_exposure_limit": 1}}