{"config_name": "recursive_grid_0days",
 "logging_level": 0,
 "long": {"auto_unstuck_delay_minutes": 0,
          "auto_unstuck_ema_dist": 0,
          "auto_unstuck_qty_pct": 0,
          "auto_unstuck_wallet_exposure_threshold": 0.0,
          "backwards_tp": true,
          "ddown_factor": 1.9513788780570864,
          "ema_span_0": 982.7403190317676,
          "ema_span_1": 930.3065279666947,
          "enabled": true,
          "initial_eprice_ema_dist": -0.00630479376885408,
          "initial_qty_pct": 0.010109000210987665,
          "markup_range": 0.005021467778921763,
          "min_markup": 0.0022864912312607873,
          "n_close_orders": 10,
          "rentry_pprice_dist": 0.05,
          "rentry_pprice_dist_wallet_exposure_weighting": 1.982451159115923,
          "wallet_exposure_limit": 1},
 "short": {"auto_unstuck_delay_minutes": 0,
           "auto_unstuck_ema_dist": 0,
           "auto_unstuck_qty_pct": 0,
           "auto_unstuck_wallet_exposure_threshold": 0.0,
           "backwards_tp": true,
           "ddown_factor": 1.7122971153113484,
           "ema_span_0": 1266.5483129666848,
           "ema_span_1": 1395.553948498134,
           "enabled": true,
           "initial_eprice_ema_dist": -0.0020151858211407197,
           "initial_qty_pct": 0.017248984265761873,
           "markup_range": 0.005954294556703494,
           "min_markup": 0.004684396865050093,
           "n_close_orders": 14,
           "rentry_pprice_dist": 0.04901346159262758,
           "rentry_pprice_dist_wallet_exposure_weighting": 0.6231784656057711,
           "wallet_exposure_limit": 1}}