{"config_name": "recursive_grid_0days",
 "logging_level": 0,
 "long": {"auto_unstuck_delay_minutes": 0,
          "auto_unstuck_ema_dist": 0,
          "auto_unstuck_qty_pct": 0,
          "auto_unstuck_wallet_exposure_threshold": 0.0,
          "backwards_tp": true,
          "ddown_factor": 0.6184349522403352,
          "ema_span_0": 627.805441543955,
          "ema_span_1": 361.03473912117096,
          "enabled": true,
          "initial_eprice_ema_dist": -0.005821302195551573,
          "initial_qty_pct": 0.013794522452656307,
          "markup_range": 0.005722886416327088,
          "min_markup": 0.002181298047335558,
          "n_close_orders": 9,
          "rentry_pprice_dist": 0.04488373972820989,
          "rentry_pprice_dist_wallet_exposure_weighting": 4.30971320486129,
          "wallet_exposure_limit": 1},
 "short": {"auto_unstuck_delay_minutes": 0,
           "auto_unstuck_ema_dist": 0,
           "auto_unstuck_qty_pct": 0,
           "auto_unstuck_wallet_exposure_threshold": 0.0,
           "backwards_tp": true,
           "ddown_factor": 1.4046633543065412,
           "ema_span_0": 392.4425873976348,
           "ema_span_1": 580.8876120106265,
           "enabled": true,
           "initial_eprice_ema_dist": 0.0029932246457911402,
           "initial_qty_pct": 0.025179868107541553,
           "markup_range": 0.0035578756586398044,
           "min_markup": 0.005340830056689839,
           "n_close_orders": 6,
           "rentry_pprice_dist": 0.042835956825841535,
           "rentry_pprice_dist_wallet_exposure_weighting": 0.9477733031348928,
           "wallet_exposure_limit": 1}}