{"config_name": "recursive_grid_0days",
 "logging_level": 0,
 "long": {"auto_unstuck_delay_minutes": 0,
          "auto_unstuck_ema_dist": 0,
          "auto_unstuck_qty_pct": 0,
          "auto_unstuck_wallet_exposure_threshold": 0.0,
          "backwards_tp": true,
          "ddown_factor": 0.7636765629869623,
          "ema_span_0": 1091.7170165630205,
          "ema_span_1": 523.0843419247375,
          "enabled": true,
          "initial_eprice_ema_dist": -0.03290699376390646,
          "initial_qty_pct": 0.012922133308167721,
          "markup_range": 0.004683548211748546,
          "min_markup": 0.004619804052457984,
          "n_close_orders": 8,
          "rentry_pprice_dist": 0.038375530608384126,
          "rentry_pprice_dist_wallet_exposure_weighting": 1.6496843127200482,
          "wallet_exposure_limit": 1},
 "short": {"auto_unstuck_delay_minutes": 0,
           "auto_unstuck_ema_dist": 0,
           "auto_unstuck_qty_pct": 0,
           "auto_unstuck_wallet_exposure_threshold": 0.0,
           "backwards_tp": true,
           "ddown_factor": 2.4445276894742127,
           "ema_span_0": 1385.7477369459828,
           "ema_span_1": 1383.2038476163289,
           "enabled": true,
           "initial_eprice_ema_dist": 0.003,
           "initial_qty_pct": 0.012066767527456865,
           "markup_range": 0.007899141744260409,
           "min_markup": 0.0038941356355776348,
           "n_close_orders": 7,
           "rentry_pprice_dist": 0.030334277360329107,
           "rentry_pprice_dist_wallet_exposure_weighting": 3.574178723965773,
           "wallet_exposure_limit": 1}}