{"config_name": "recursive_grid_0days",
 "logging_level": 0,
 "long": {"auto_unstuck_delay_minutes": 0,
          "auto_unstuck_ema_dist": 0,
          "auto_unstuck_qty_pct": 0,
          "auto_unstuck_wallet_exposure_threshold": 0.0,
          "backwards_tp": true,
          "ddown_factor": 0.6749572384159813,
          "ema_span_0": 1043.1797911115593,
          "ema_span_1": 682.0504431651731,
          "enabled": true,
          "initial_eprice_ema_dist": -0.015218351264687758,
          "initial_qty_pct": 0.010637179273194252,
          "markup_range": 0.005699675654631302,
          "min_markup": 0.004766043975587357,
          "n_close_orders": 9,
          "rentry_pprice_dist": 0.03586227274129212,
          "rentry_pprice_dist_wallet_exposure_weighting": 1.3886838067560563,
          "wallet_exposure_limit": 1},
 "short": {"auto_unstuck_delay_minutes": 0,
           "auto_unstuck_ema_dist": 0,
           "auto_unstuck_qty_pct": 0,
           "auto_unstuck_wallet_exposure_threshold": 0.0,
           "backwards_tp": true,
           "ddown_factor": 1.823625654625338,
           "ema_span_0": 1438.8529476817914,
           "ema_span_1": 805.3175496491666,
           "enabled": true,
           "initial_eprice_ema_dist": -0.0014828475927116814,
           "initial_qty_pct": 0.013509573073577724,
           "markup_range": 0.004487214190333937,
           "min_markup": 0.0062821420695721554,
           "n_close_orders": 12,
           "rentry_pprice_dist": 0.03020012766532168,
           "rentry_pprice_dist_wallet_exposure_weighting": 0.6738976652028318,
           "wallet_exposure_limit": 1}}