{"config_name": "recursive_grid_0days",
 "logging_level": 0,
 "long": {"auto_unstuck_delay_minutes": 0,
          "auto_unstuck_ema_dist": 0,
          "auto_unstuck_qty_pct": 0,
          "auto_unstuck_wallet_exposure_threshold": 0.0,
          "backwards_tp": true,
          "ddown_factor": 0.9797482996689866,
          "ema_span_0": 723.9739601119254,
          "ema_span_1": 122.96624992454298,
          "enabled": true,
          "initial_eprice_ema_dist": -0.0024335820130894324,
          "initial_qty_pct": 0.010271748353596845,
          "markup_range": 0.0013699318001382345,
          "min_markup": 0.001000004957622204,
          "n_close_orders": 3,
          "rentry_pprice_dist": 0.026593453736815584,
          "rentry_pprice_dist_wallet_exposure_weighting": 2.8130594586918902,
          "wallet_exposure_limit": 1},
 "short": {"auto_unstuck_delay_minutes": 0,
           "auto_unstuck_ema_dist": 0,
           "auto_unstuck_qty_pct": 0,
           "auto_unstuck_wallet_exposure_threshold": 0.0,
           "backwards_tp": true,
           "ddown_factor": 0.1,
           "ema_span_0": 770.5589864289158,
           "ema_span_1": 1251.6242731015398,
           "enabled": true,
           "initial_eprice_ema_dist": -0.04182356621335217,
           "initial_qty_pct": 0.011296051897474709,
           "markup_range": 0.001256392387279958,
           "min_markup": 0.005098167656568729,
           "n_close_orders": 10,
           "rentry_pprice_dist": 0.01306024685905535,
           "rentry_pprice_dist_wallet_exposure_weighting": 7.328385545537961,
           "wallet_exposure_limit": 1}}