{"config_name": "recursive_grid_0days",
 "logging_level": 0,
 "long": {"auto_unstuck_delay_minutes": 0,
          "auto_unstuck_ema_dist": 0,
          "auto_unstuck_qty_pct": 0,
          "auto_unstuck_wallet_exposure_threshold": 0.0,
          "backwards_tp": true,
          "ddown_factor": 1.2446945925805797,
          "ema_span_0": 744.3019740867522,
          "ema_span_1": 940.6589285701414,
          "enabled": true,
          "initial_eprice_ema_dist": -0.0042613449684360885,
          "initial_qty_pct": 0.0117342691427321,
          "markup_range": 0.0026454436992772077,
          "min_markup": 0.0034734115050105213,
          "n_close_orders": 5,
          "rentry_pprice_dist": 0.036241611441757714,
          "rentry_pprice_dist_wallet_exposure_weighting": 4.815092137386099,
          "wallet_exposure_limit": 1},
 "short": {"auto_unstuck_delay_minutes": 0,
           "auto_unstuck_ema_dist": 0,
           "auto_unstuck_qty_pct": 0,
           "auto_unstuck_wallet_exposure_threshold": 0.0,
           "backwards_tp": true,
           "ddown_factor": 0.9071354511194026,
           "ema_span_0": 139.26886331591177,
           "ema_span_1": 452.27230827215027,
           "enabled": true,
           "initial_eprice_ema_dist": -0.0019392086300757312,
           "initial_qty_pct": 0.01828655265526741,
           "markup_range": 0.004498503547380475,
           "min_markup": 0.004167774671455676,
           "n_close_orders": 5,
           "rentry_pprice_dist": 0.03051674284929906,
           "rentry_pprice_dist_wallet_exposure_weighting": 6.757488933810027,
           "wallet_exposure_limit": 1}}