{"config_name": "recursive_grid_0days",
 "logging_level": 0,
 "long": {"auto_unstuck_delay_minutes": 0,
          "auto_unstuck_ema_dist": 0,
          "auto_unstuck_qty_pct": 0,
          "auto_unstuck_wallet_exposure_threshold": 0.0,
          "backwards_tp": true,
          "ddown_factor": 0.17500194008575856,
          "ema_span_0": 305.8391707139086,
          "ema_span_1": 462.5132216435186,
          "enabled": true,
          "initial_eprice_ema_dist": -0.02154387832152556,
          "initial_qty_pct": 0.013046557695647106,
          "markup_range": 0.004965334982015049,
          "min_markup": 0.001130475040876017,
          "n_close_orders": 12,
          "rentry_pprice_dist": 0.016006605257371728,
          "rentry_pprice_dist_wallet_exposure_weighting": 5.121745523831792,
          "wallet_exposure_limit": 1},
 "short": {"auto_unstuck_delay_minutes": 0,
           "auto_unstuck_ema_dist": 0,
           "auto_unstuck_qty_pct": 0,
           "auto_unstuck_wallet_exposure_threshold": 0.0,
           "backwards_tp": true,
           "ddown_factor": 2.2368787087160835,
           "ema_span_0": 374.0929010972237,
           "ema_span_1": 1248.0394475057765,
           "enabled": true,
           "initial_eprice_ema_dist": 0.002986209613663025,
           "initial_qty_pct": 0.03260274604178339,
           "markup_range": 0.0013519731886858456,
           "min_markup": 0.0028498032174809726,
           "n_close_orders": 13,
           "rentry_pprice_dist": 0.020615217430564103,
           "rentry_pprice_dist_wallet_exposure_weighting": 4.64970766902067,
           "wallet_exposure_limit": 1}}