{"config_name": "recursive_grid_0days",
 "logging_level": 0,
 "long": {"auto_unstuck_delay_minutes": 0,
          "auto_unstuck_ema_dist": 0,
          "auto_unstuck_qty_pct": 0,
          "auto_unstuck_wallet_exposure_threshold": 0.0,
          "backwards_tp": true,
          "ddown_factor": 1.1163880021682835,
          "ema_span_0": 692.4639236040732,
          "ema_span_1": 349.2548502326069,
          "enabled": true,
          "initial_eprice_ema_dist": -0.005433331361797606,
          "initial_qty_pct": 0.014924112569911848,
          "markup_range": 0.004608161908613458,
          "min_markup": 0.004216831894169188,
          "n_close_orders": 5,
          "rentry_pprice_dist": 0.02675792841154224,
          "rentry_pprice_dist_wallet_exposure_weighting": 1.6728359177313759,
          "wallet_exposure_limit": 1},
 "short": {"auto_unstuck_delay_minutes": 0,
           "auto_unstuck_ema_dist": 0,
           "auto_unstuck_qty_pct": 0,
           "auto_unstuck_wallet_exposure_threshold": 0.0,
           "backwards_tp": true,
           "ddown_factor": 1.0792214588814386,
           "ema_span_0": 911.1879925577482,
           "ema_span_1": 397.7567063688176,
           "enabled": true,
           "initial_eprice_ema_dist": 0.0016269155941722718,
           "initial_qty_pct": 0.012164928310997867,
           "markup_range": 0.007206296994872542,
           "min_markup": 0.0033677322098594194,
           "n_close_orders": 8,
           "rentry_pprice_dist": 0.0304217733863899,
           "rentry_pprice_dist_wallet_exposure_weighting": 15.049301800311229,
           "wallet_exposure_limit": 1}}