{"config_name": "recursive_grid_0days",
 "logging_level": 0,
 "long": {"auto_unstuck_delay_minutes": 0,
          "auto_unstuck_ema_dist": 0,
          "auto_unstuck_qty_pct": 0,
          "auto_unstuck_wallet_exposure_threshold": 0.0,
          "backwards_tp": true,
          "ddown_factor": 1.0049012043686079,
          "ema_span_0": 887.2297726412717,
          "ema_span_1": 1036.915369544453,
          "enabled": true,
          "initial_eprice_ema_dist": -0.008130907279765296,
          "initial_qty_pct": 0.015289750767164354,
          "markup_range": 0.0013318764699804721,
          "min_markup": 0.005740700153564834,
          "n_close_orders": 2,
          "rentry_pprice_dist": 0.04127134404560473,
          "rentry_pprice_dist_wallet_exposure_weighting": 3.394765101226667,
          "wallet_exposure_limit": 1},
 "short": {"auto_unstuck_delay_minutes": 0,
           "auto_unstuck_ema_dist": 0,
           "auto_unstuck_qty_pct": 0,
           "auto_unstuck_wallet_exposure_threshold": 0.0,
           "backwards_tp": true,
           "ddown_factor": 0.4242498049660098,
           "ema_span_0": 176.33458646064798,
           "ema_span_1": 633.2545092807846,
           "enabled": true,
           "initial_eprice_ema_dist": -0.01784906090297804,
           "initial_qty_pct": 0.014343945620294358,
           "markup_range": 0.0018012545513660793,
           "min_markup": 0.006471686895354665,
           "n_close_orders": 14,
           "rentry_pprice_dist": 0.01895469568875312,
           "rentry_pprice_dist_wallet_exposure_weighting": 6.493709325676659,
           "wallet_exposure_limit": 1}}