{"config_name": "recursive_grid_0days",
 "logging_level": 0,
 "long": {"auto_unstuck_delay_minutes": 0,
          "auto_unstuck_ema_dist": 0,
          "auto_unstuck_qty_pct": 0,
          "auto_unstuck_wallet_exposure_threshold": 0.0,
          "backwards_tp": true,
          "ddown_factor": 0.578630409787737,
          "ema_span_0": 1308.2814615461662,
          "ema_span_1": 533.523607416699,
          "enabled": true,
          "initial_eprice_ema_dist": -0.00021780125581549446,
          "initial_qty_pct": 0.016129436193150402,
          "markup_range": 0.004330316960454438,
          "min_markup": 0.0019504704329200999,
          "n_close_orders": 11,
          "rentry_pprice_dist": 0.023463437287107945,
          "rentry_pprice_dist_wallet_exposure_weighting": 1.9818648910083352,
          "wallet_exposure_limit": 1},
 "short": {"auto_unstuck_delay_minutes": 0,
           "auto_unstuck_ema_dist": 0,
           "auto_unstuck_qty_pct": 0,
           "auto_unstuck_wallet_exposure_threshold": 0.0,
           "backwards_tp": true,
           "ddown_factor": 2.1890974296492183,
           "ema_span_0": 308.99723211924027,
           "ema_span_1": 716.9770964254301,
           "enabled": true,
           "initial_eprice_ema_dist": 0.003,
           "initial_qty_pct": 0.013380116360991602,
           "markup_range": 0.0012797796866608376,
           "min_markup": 0.004770494060460097,
           "n_close_orders": 5,
           "rentry_pprice_dist": 0.04745067259663411,
           "rentry_pprice_dist_wallet_exposure_weighting": 0.03744335339417211,
           "wallet_exposure_limit": 1}}