{"config_name": "recursive_grid_0days",
 "logging_level": 0,
 "long": {"auto_unstuck_delay_minutes": 0,
          "auto_unstuck_ema_dist": 0,
          "auto_unstuck_qty_pct": 0,
          "auto_unstuck_wallet_exposure_threshold": 0.0,
          "backwards_tp": true,
          "ddown_factor": 1.42664675997155,
          "ema_span_0": 1389.271042347883,
          "ema_span_1": 1067.935920589644,
          "enabled": true,
          "initial_eprice_ema_dist": -0.0050505599217869936,
          "initial_qty_pct": 0.01294866662585558,
          "markup_range": 0.003223929721984963,
          "min_markup": 0.0020145400521904234,
          "n_close_orders": 4,
          "rentry_pprice_dist": 0.02301470318427147,
          "rentry_pprice_dist_wallet_exposure_weighting": 8.56676790690665,
          "wallet_exposure_limit": 1},
 "short": {"auto_unstuck_delay_minutes": 0,
           "auto_unstuck_ema_dist": 0,
           "auto_unstuck_qty_pct": 0,
           "auto_unstuck_wallet_exposure_threshold": 0.0,
           "backwards_tp": true,
           "ddown_factor": 1.0259631406471053,
           "ema_span_0": 113.18983071357684,
           "ema_span_1": 492.0290960504624,
           "enabled": true,
           "initial_eprice_ema_dist": -0.0061108271806300405,
           "initial_qty_pct": 0.013788423569008747,
           "markup_range": 0.006938314185028981,
           "min_markup": 0.003283969539665063,
           "n_close_orders": 13,
           "rentry_pprice_dist": 0.025292032940181255,
           "rentry_pprice_dist_wallet_exposure_weighting": 8.376546292605582,
           "wallet_exposure_limit": 1}}