{"config_name": "recursive_grid_0days",
 "logging_level": 0,
 "long": {"auto_unstuck_delay_minutes": 0,
          "auto_unstuck_ema_dist": 0,
          "auto_unstuck_qty_pct": 0,
          "auto_unstuck_wallet_exposure_threshold": 0.0,
          "backwards_tp": true,
          "ddown_factor": 0.9467766992550986,
          "ema_span_0": 775.44189145956,
          "ema_span_1": 771.8041120762158,
          "enabled": true,
          "initial_eprice_ema_dist": 0.0028408537476074785,
          "initial_qty_pct": 0.011562223202638463,
          "markup_range": 0.002444234028488038,
          "min_markup": 0.002815768355174851,
          "n_close_orders": 7,
          "rentry_pprice_dist": 0.03438028846369597,
          "rentry_pprice_dist_wallet_exposure_weighting": 5.842500239509356,
          "wallet_exposure_limit": 1},
 "short": {"auto_unstuck_delay_minutes": 0,
           "auto_unstuck_ema_dist": 0,
           "auto_unstuck_qty_pct": 0,
           "auto_unstuck_wallet_exposure_threshold": 0.0,
           "backwards_tp": true,
           "ddown_factor": 2.2977196281860057,
           "ema_span_0": 1440,
           "ema_span_1": 1180.9235866146646,
           "enabled": true,
           "initial_eprice_ema_dist": -3.453659196446518e-05,
           "initial_qty_pct": 0.0186246300152001,
           "markup_range": 0.00498063308121307,
           "min_markup": 0.002038201847107632,
           "n_close_orders": 10,
           "rentry_pprice_dist": 0.03950758269802576,
           "rentry_pprice_dist_wallet_exposure_weighting": 2.9982658768820176,
           "wallet_exposure_limit": 1}}