{"config_name": "recursive_grid_0days",
 "logging_level": 0,
 "long": {"auto_unstuck_delay_minutes": 0,
          "auto_unstuck_ema_dist": 0,
          "auto_unstuck_qty_pct": 0,
          "auto_unstuck_wallet_exposure_threshold": 0.0,
          "backwards_tp": true,
          "ddown_factor": 1.0351783878301706,
          "ema_span_0": 856.1875238553667,
          "ema_span_1": 1343.2793019762435,
          "enabled": true,
          "initial_eprice_ema_dist": -0.003919861496725161,
          "initial_qty_pct": 0.010702128889112886,
          "markup_range": 0.0009841694091845433,
          "min_markup": 0.001297125428497705,
          "n_close_orders": 10,
          "rentry_pprice_dist": 0.018435997170025517,
          "rentry_pprice_dist_wallet_exposure_weighting": 1.9193130248727066,
          "wallet_exposure_limit": 1},
 "short": {"auto_unstuck_delay_minutes": 0,
           "auto_unstuck_ema_dist": 0,
           "auto_unstuck_qty_pct": 0,
           "auto_unstuck_wallet_exposure_threshold": 0.0,
           "backwards_tp": true,
           "ddown_factor": 2.482851717000093,
           "ema_span_0": 571.7298609554182,
           "ema_span_1": 567.4171654000248,
           "enabled": true,
           "initial_eprice_ema_dist": -0.002244722397310753,
           "initial_qty_pct": 0.010672275315589423,
           "markup_range": 0.002810087037224821,
           "min_markup": 0.0015447564266615208,
           "n_close_orders": 16,
           "rentry_pprice_dist": 0.03414244888345795,
           "rentry_pprice_dist_wallet_exposure_weighting": 6.460871911319202,
           "wallet_exposure_limit": 1}}