{"config_name": "recursive_grid_0days",
 "logging_level": 0,
 "long": {"auto_unstuck_delay_minutes": 0,
          "auto_unstuck_ema_dist": 0,
          "auto_unstuck_qty_pct": 0,
          "auto_unstuck_wallet_exposure_threshold": 0.0,
          "backwards_tp": true,
          "ddown_factor": 1.0267343703157072,
          "ema_span_0": 864.3001771975022,
          "ema_span_1": 1344.4400643180006,
          "enabled": true,
          "initial_eprice_ema_dist": -0.003903566023681527,
          "initial_qty_pct": 0.010322646860212238,
          "markup_range": 0.0009345649514453265,
          "min_markup": 0.0013438640277420501,
          "n_close_orders": 10,
          "rentry_pprice_dist": 0.0185069180672829,
          "rentry_pprice_dist_wallet_exposure_weighting": 1.9757051220586637,
          "wallet_exposure_limit": 1},
 "short": {"auto_unstuck_delay_minutes": 0,
           "auto_unstuck_ema_dist": 0,
           "auto_unstuck_qty_pct": 0,
           "auto_unstuck_wallet_exposure_threshold": 0.0,
           "backwards_tp": true,
           "ddown_factor": 2.264587383439906,
           "ema_span_0": 299.39558731916316,
           "ema_span_1": 5,
           "enabled": true,
           "initial_eprice_ema_dist": 0.002065659109995766,
           "initial_qty_pct": 0.010795769679558129,
           "markup_range": 0.003361026854872538,
           "min_markup": 0.0033628977584828296,
           "n_close_orders": 15,
           "rentry_pprice_dist": 0.03520119135954323,
           "rentry_pprice_dist_wallet_exposure_weighting": 6.357578663802666,
           "wallet_exposure_limit": 1}}