{"config_name": "recursive_grid_0days",
 "logging_level": 0,
 "long": {"auto_unstuck_delay_minutes": 0,
          "auto_unstuck_ema_dist": 0,
          "auto_unstuck_qty_pct": 0,
          "auto_unstuck_wallet_exposure_threshold": 0.0,
          "backwards_tp": true,
          "ddown_factor": 2.663619264218057,
          "ema_span_0": 1009.2231178101247,
          "ema_span_1": 1171.5772535528115,
          "enabled": true,
          "initial_eprice_ema_dist": 0.0014240351018697383,
          "initial_qty_pct": 0.006417978673470456,
          "markup_range": 0.002361719677551574,
          "min_markup": 0.002555139835373728,
          "n_close_orders": 13,
          "rentry_pprice_dist": 0.015816291209501347,
          "rentry_pprice_dist_wallet_exposure_weighting": 2.4673060772958726,
          "wallet_exposure_limit": 1},
 "short": {"auto_unstuck_delay_minutes": 0,
           "auto_unstuck_ema_dist": 0,
           "auto_unstuck_qty_pct": 0,
           "auto_unstuck_wallet_exposure_threshold": 0.0,
           "backwards_tp": true,
           "ddown_factor": 0.5201668901180903,
           "ema_span_0": 707.2250848373449,
           "ema_span_1": 716.1105828582283,
           "enabled": true,
           "initial_eprice_ema_dist": 0.0027096615049866995,
           "initial_qty_pct": 0.0065485449384614074,
           "markup_range": 0.0011620678195813701,
           "min_markup": 0.002783751905608409,
           "n_close_orders": 13,
           "rentry_pprice_dist": 0.013406032799101379,
           "rentry_pprice_dist_wallet_exposure_weighting": 5.142204170273534,
           "wallet_exposure_limit": 1}}