{"config_name": "recursive_grid_0days",
 "logging_level": 0,
 "long": {"auto_unstuck_delay_minutes": 0,
          "auto_unstuck_ema_dist": 0,
          "auto_unstuck_qty_pct": 0,
          "auto_unstuck_wallet_exposure_threshold": 0.0,
          "backwards_tp": true,
          "ddown_factor": 1.726656978942684,
          "ema_span_0": 1181.5657773775945,
          "ema_span_1": 1262.5765853977516,
          "enabled": true,
          "initial_eprice_ema_dist": 0.0029953687342082493,
          "initial_qty_pct": 0.010007747606151819,
          "markup_range": 0.005551461193996558,
          "min_markup": 0.007876398038061734,
          "n_close_orders": 10,
          "rentry_pprice_dist": 0.04662899009475096,
          "rentry_pprice_dist_wallet_exposure_weighting": 3.5947443075468124,
          "wallet_exposure_limit": 1},
 "short": {"auto_unstuck_delay_minutes": 0,
           "auto_unstuck_ema_dist": 0,
           "auto_unstuck_qty_pct": 0,
           "auto_unstuck_wallet_exposure_threshold": 0.0,
           "backwards_tp": true,
           "ddown_factor": 0.8393227025847332,
           "ema_span_0": 185.6208016846756,
           "ema_span_1": 931.5078177363041,
           "enabled": true,
           "initial_eprice_ema_dist": 0.0015650598014136999,
           "initial_qty_pct": 0.011462722223928143,
           "markup_range": 0.0019073689972822518,
           "min_markup": 0.004455044428906515,
           "n_close_orders": 8,
           "rentry_pprice_dist": 0.04005066072962139,
           "rentry_pprice_dist_wallet_exposure_weighting": 4.370514840790585,
           "wallet_exposure_limit": 1}}