{"config_name": "recursive_grid_0days",
 "logging_level": 0,
 "long": {"auto_unstuck_delay_minutes": 0,
          "auto_unstuck_ema_dist": 0,
          "auto_unstuck_qty_pct": 0,
          "auto_unstuck_wallet_exposure_threshold": 0.0,
          "backwards_tp": true,
          "ddown_factor": 0.7828812162882418,
          "ema_span_0": 368.29161497251147,
          "ema_span_1": 841.4586849206923,
          "enabled": true,
          "initial_eprice_ema_dist": -0.027553518941921862,
          "initial_qty_pct": 0.01584236221890754,
          "markup_range": 0.004848479584613073,
          "min_markup": 0.004257712329444248,
          "n_close_orders": 10,
          "rentry_pprice_dist": 0.030536576728172282,
          "rentry_pprice_dist_wallet_exposure_weighting": 2.8677020373794786,
          "wallet_exposure_limit": 1},
 "short": {"auto_unstuck_delay_minutes": 0,
           "auto_unstuck_ema_dist": 0,
           "auto_unstuck_qty_pct": 0,
           "auto_unstuck_wallet_exposure_threshold": 0.0,
           "backwards_tp": true,
           "ddown_factor": 0.7558432880653557,
           "ema_span_0": 139.23177746768826,
           "ema_span_1": 736.5827950423309,
           "enabled": true,
           "initial_eprice_ema_dist": 0.003,
           "initial_qty_pct": 0.018928542741054877,
           "markup_range": 0.008725047833742528,
           "min_markup": 0.00122241551187474,
           "n_close_orders": 8,
           "rentry_pprice_dist": 0.02675160507141435,
           "rentry_pprice_dist_wallet_exposure_weighting": 0.03528989111242751,
           "wallet_exposure_limit": 1}}