{"config_name": "recursive_grid_0days",
 "logging_level": 0,
 "long": {"auto_unstuck_delay_minutes": 0,
          "auto_unstuck_ema_dist": 0,
          "auto_unstuck_qty_pct": 0,
          "auto_unstuck_wallet_exposure_threshold": 0.0,
          "backwards_tp": true,
          "ddown_factor": 1.6391657190404803,
          "ema_span_0": 1143.4094067321248,
          "ema_span_1": 1051.9291608232522,
          "enabled": true,
          "initial_eprice_ema_dist": -0.003434137195533823,
          "initial_qty_pct": 0.009774240886665495,
          "markup_range": 0.0,
          "min_markup": 0.0036656766747250346,
          "n_close_orders": 13,
          "rentry_pprice_dist": 0.018414037561483947,
          "rentry_pprice_dist_wallet_exposure_weighting": 10,
          "wallet_exposure_limit": 1},
 "short": {"auto_unstuck_delay_minutes": 0,
           "auto_unstuck_ema_dist": 0,
           "auto_unstuck_qty_pct": 0,
           "auto_unstuck_wallet_exposure_threshold": 0.0,
           "backwards_tp": true,
           "ddown_factor": 0.7253425675798318,
           "ema_span_0": 596.8888377033405,
           "ema_span_1": 578.3191874380922,
           "enabled": true,
           "initial_eprice_ema_dist": -0.00758939816392905,
           "initial_qty_pct": 0.009893169243769834,
           "markup_range": 0.004882189200907474,
           "min_markup": 0.005170362920145627,
           "n_close_orders": 8,
           "rentry_pprice_dist": 0.017086658449206395,
           "rentry_pprice_dist_wallet_exposure_weighting": 8.69599842237154,
           "wallet_exposure_limit": 1}}