{"config_name": "recursive_grid_0days",
 "logging_level": 0,
 "long": {"auto_unstuck_delay_minutes": 0,
          "auto_unstuck_ema_dist": 0,
          "auto_unstuck_qty_pct": 0,
          "auto_unstuck_wallet_exposure_threshold": 0.0,
          "backwards_tp": true,
          "ddown_factor": 2.663619264218057,
          "ema_span_0": 1009.2231178101247,
          "ema_span_1": 1171.5772535528115,
          "enabled": true,
          "initial_eprice_ema_dist": 0.0014240351018697383,
          "initial_qty_pct": 0.006417978673470456,
          "markup_range": 0.002361719677551574,
          "min_markup": 0.002555139835373728,
          "n_close_orders": 13,
          "rentry_pprice_dist": 0.015816291209501347,
          "rentry_pprice_dist_wallet_exposure_weighting": 2.4673060772958726,
          "wallet_exposure_limit": 1},
 "short": {"auto_unstuck_delay_minutes": 0,
           "auto_unstuck_ema_dist": 0,
           "auto_unstuck_qty_pct": 0,
           "auto_unstuck_wallet_exposure_threshold": 0.0,
           "backwards_tp": true,
           "ddown_factor": 1.6839614721957181,
           "ema_span_0": 1403.4616543965421,
           "ema_span_1": 1386.981168845382,
           "enabled": true,
           "initial_eprice_ema_dist": 0.00158947134393034,
           "initial_qty_pct": 0.008334342446129284,
           "markup_range": 0.008066070458946998,
           "min_markup": 0.008675202482777394,
           "n_close_orders": 4,
           "rentry_pprice_dist": 0.040795543123919774,
           "rentry_pprice_dist_wallet_exposure_weighting": 1.2509372669767798,
           "wallet_exposure_limit": 1}}