{"config_name": "recursive_grid_0days",
 "logging_level": 0,
 "long": {"auto_unstuck_delay_minutes": 0,
          "auto_unstuck_ema_dist": 0,
          "auto_unstuck_qty_pct": 0,
          "auto_unstuck_wallet_exposure_threshold": 0.0,
          "backwards_tp": true,
          "ddown_factor": 0.6380116486373719,
          "ema_span_0": 1424.2213775539014,
          "ema_span_1": 1351.4121474681021,
          "enabled": true,
          "initial_eprice_ema_dist": 0.003,
          "initial_qty_pct": 0.014553993472746253,
          "markup_range": 0.0008564865870384841,
          "min_markup": 0.0021797102702710313,
          "n_close_orders": 3,
          "rentry_pprice_dist": 0.042148413734165,
          "rentry_pprice_dist_wallet_exposure_weighting": 3.580644243358244,
          "wallet_exposure_limit": 1},
 "short": {"auto_unstuck_delay_minutes": 0,
           "auto_unstuck_ema_dist": 0,
           "auto_unstuck_qty_pct": 0,
           "auto_unstuck_wallet_exposure_threshold": 0.0,
           "backwards_tp": true,
           "ddown_factor": 1.6873672870876237,
           "ema_span_0": 674.814122528463,
           "ema_span_1": 788.3206335454101,
           "enabled": true,
           "initial_eprice_ema_dist": 0.002822552906109198,
           "initial_qty_pct": 0.019925628096881837,
           "markup_range": 0.003589691896712043,
           "min_markup": 0.008465639069265757,
           "n_close_orders": 14,
           "rentry_pprice_dist": 0.022212233625903858,
           "rentry_pprice_dist_wallet_exposure_weighting": 8.144459299264094,
           "wallet_exposure_limit": 1}}