{"config_name": "recursive_grid_0days",
 "logging_level": 0,
 "long": {"auto_unstuck_delay_minutes": 0,
          "auto_unstuck_ema_dist": 0,
          "auto_unstuck_qty_pct": 0,
          "auto_unstuck_wallet_exposure_threshold": 0.0,
          "backwards_tp": true,
          "ddown_factor": 0.49924193253485766,
          "ema_span_0": 227.1046873845894,
          "ema_span_1": 7.0192556449584815,
          "enabled": true,
          "initial_eprice_ema_dist": 0.0029977451521854895,
          "initial_qty_pct": 0.012272878670744431,
          "markup_range": 0.0003455222232415497,
          "min_markup": 0.002152736513619394,
          "n_close_orders": 4,
          "rentry_pprice_dist": 0.047418498817548387,
          "rentry_pprice_dist_wallet_exposure_weighting": 4.892128528008462,
          "wallet_exposure_limit": 1},
 "short": {"auto_unstuck_delay_minutes": 0,
           "auto_unstuck_ema_dist": 0,
           "auto_unstuck_qty_pct": 0,
           "auto_unstuck_wallet_exposure_threshold": 0.0,
           "backwards_tp": true,
           "ddown_factor": 1.2709198036938236,
           "ema_span_0": 344.2395886803584,
           "ema_span_1": 272.0983032085799,
           "enabled": true,
           "initial_eprice_ema_dist": -0.008755588134121297,
           "initial_qty_pct": 0.01329040156091283,
           "markup_range": 0.0009179001145748187,
           "min_markup": 0.00445652757232635,
           "n_close_orders": 6,
           "rentry_pprice_dist": 0.03952444453896059,
           "rentry_pprice_dist_wallet_exposure_weighting": 0.206774516838254,
           "wallet_exposure_limit": 1}}