{"config_name": "recursive_grid_0days",
 "logging_level": 0,
 "long": {"auto_unstuck_delay_minutes": 0,
          "auto_unstuck_ema_dist": 0,
          "auto_unstuck_qty_pct": 0,
          "auto_unstuck_wallet_exposure_threshold": 0.0,
          "backwards_tp": true,
          "ddown_factor": 1.7728012505881765,
          "ema_span_0": 861.7453496273653,
          "ema_span_1": 1270.0157077568808,
          "enabled": true,
          "initial_eprice_ema_dist": 0.0028267438528576587,
          "initial_qty_pct": 0.010142624813377495,
          "markup_range": 0.0013504212323100773,
          "min_markup": 0.0033372672832567073,
          "n_close_orders": 6,
          "rentry_pprice_dist": 0.05,
          "rentry_pprice_dist_wallet_exposure_weighting": 1.6830452961603362,
          "wallet_exposure_limit": 1},
 "short": {"auto_unstuck_delay_minutes": 0,
           "auto_unstuck_ema_dist": 0,
           "auto_unstuck_qty_pct": 0,
           "auto_unstuck_wallet_exposure_threshold": 0.0,
           "backwards_tp": true,
           "ddown_factor": 1.6269250569676088,
           "ema_span_0": 63.409059503207935,
           "ema_span_1": 850.6763932151352,
           "enabled": true,
           "initial_eprice_ema_dist": 0.0005780359348923369,
           "initial_qty_pct": 0.010017779264110294,
           "markup_range": 0.00237327750195252,
           "min_markup": 0.0064970075700369265,
           "n_close_orders": 8,
           "rentry_pprice_dist": 0.024734876079026302,
           "rentry_pprice_dist_wallet_exposure_weighting": 1.6578542265690979,
           "wallet_exposure_limit": 1}}