{"config_name": "recursive_grid_0days",
 "logging_level": 0,
 "long": {"auto_unstuck_delay_minutes": 0,
          "auto_unstuck_ema_dist": 0,
          "auto_unstuck_qty_pct": 0,
          "auto_unstuck_wallet_exposure_threshold": 0.0,
          "backwards_tp": true,
          "ddown_factor": 1.0776345683924702,
          "ema_span_0": 1057.3731375570128,
          "ema_span_1": 1258.9396025611015,
          "enabled": true,
          "initial_eprice_ema_dist": 0.003,
          "initial_qty_pct": 0.0133796230654988,
          "markup_range": 0.002894887225347172,
          "min_markup": 0.0035657197750367737,
          "n_close_orders": 13,
          "rentry_pprice_dist": 0.034256146672656806,
          "rentry_pprice_dist_wallet_exposure_weighting": 1.0703371002412847,
          "wallet_exposure_limit": 1},
 "short": {"auto_unstuck_delay_minutes": 0,
           "auto_unstuck_ema_dist": 0,
           "auto_unstuck_qty_pct": 0,
           "auto_unstuck_wallet_exposure_threshold": 0.0,
           "backwards_tp": true,
           "ddown_factor": 1.5826380474128723,
           "ema_span_0": 478.3755902491249,
           "ema_span_1": 5.110586708156497,
           "enabled": true,
           "initial_eprice_ema_dist": 0.0027365698250600493,
           "initial_qty_pct": 0.010310419338916806,
           "markup_range": 0.0,
           "min_markup": 0.001252732147728458,
           "n_close_orders": 9,
           "rentry_pprice_dist": 0.04060208983002458,
           "rentry_pprice_dist_wallet_exposure_weighting": 3.247834808074892,
           "wallet_exposure_limit": 1}}