{"config_name": "recursive_grid_0days",
 "logging_level": 0,
 "long": {"auto_unstuck_delay_minutes": 0,
          "auto_unstuck_ema_dist": 0,
          "auto_unstuck_qty_pct": 0,
          "auto_unstuck_wallet_exposure_threshold": 0.0,
          "backwards_tp": true,
          "ddown_factor": 1.37583276517751,
          "ema_span_0": 1022.5931474666991,
          "ema_span_1": 784.8180582181259,
          "enabled": true,
          "initial_eprice_ema_dist": -0.0028933324520247793,
          "initial_qty_pct": 0.007835576638073466,
          "markup_range": 0.003299609625811331,
          "min_markup": 0.007646559702907744,
          "n_close_orders": 4,
          "rentry_pprice_dist": 0.03779523368963648,
          "rentry_pprice_dist_wallet_exposure_weighting": 2.5024287895151014,
          "wallet_exposure_limit": 1},
 "short": {"auto_unstuck_delay_minutes": 0,
           "auto_unstuck_ema_dist": 0,
           "auto_unstuck_qty_pct": 0,
           "auto_unstuck_wallet_exposure_threshold": 0.0,
           "backwards_tp": true,
           "ddown_factor": 1.2486272461137027,
           "ema_span_0": 1232.4458545323457,
           "ema_span_1": 1195.5581022152178,
           "enabled": true,
           "initial_eprice_ema_dist": 0.0023874831572265956,
           "initial_qty_pct": 0.008420651435400066,
           "markup_range": 0.001667859617214723,
           "min_markup": 0.00333195652467545,
           "n_close_orders": 4,
           "rentry_pprice_dist": 0.02304289948674446,
           "rentry_pprice_dist_wallet_exposure_weighting": 1.4710624791304434,
           "wallet_exposure_limit": 1}}