{"config_name": "recursive_grid_0days",
 "logging_level": 0,
 "long": {"auto_unstuck_delay_minutes": 0,
          "auto_unstuck_ema_dist": 0,
          "auto_unstuck_qty_pct": 0,
          "auto_unstuck_wallet_exposure_threshold": 0.0,
          "backwards_tp": true,
          "ddown_factor": 0.5885157318174555,
          "ema_span_0": 1190.7660296250535,
          "ema_span_1": 577.4547170275225,
          "enabled": true,
          "initial_eprice_ema_dist": -0.028611548928584866,
          "initial_qty_pct": 0.015673315468663643,
          "markup_range": 0.001577839623687586,
          "min_markup": 0.004382186251308136,
          "n_close_orders": 7,
          "rentry_pprice_dist": 0.028232515423818286,
          "rentry_pprice_dist_wallet_exposure_weighting": 2.5604728478827914,
          "wallet_exposure_limit": 1},
 "short": {"auto_unstuck_delay_minutes": 0,
           "auto_unstuck_ema_dist": 0,
           "auto_unstuck_qty_pct": 0,
           "auto_unstuck_wallet_exposure_threshold": 0.0,
           "backwards_tp": true,
           "ddown_factor": 1.3233568692555762,
           "ema_span_0": 140.1000218570828,
           "ema_span_1": 158.8911229663274,
           "enabled": true,
           "initial_eprice_ema_dist": -0.020156825982646086,
           "initial_qty_pct": 0.013576601084546138,
           "markup_range": 0.0016366086741166916,
           "min_markup": 0.0036789200257328247,
           "n_close_orders": 8,
           "rentry_pprice_dist": 0.038565893718937296,
           "rentry_pprice_dist_wallet_exposure_weighting": 0.2805002590645441,
           "wallet_exposure_limit": 1}}