{"config_name": "recursive_grid_0days",
 "logging_level": 0,
 "long": {"auto_unstuck_delay_minutes": 0,
          "auto_unstuck_ema_dist": 0,
          "auto_unstuck_qty_pct": 0,
          "auto_unstuck_wallet_exposure_threshold": 0.0,
          "backwards_tp": true,
          "ddown_factor": 0.1163429764822047,
          "ema_span_0": 778.3852876266045,
          "ema_span_1": 500.489378562041,
          "enabled": true,
          "initial_eprice_ema_dist": 9.633186356697778e-05,
          "initial_qty_pct": 0.011345875019089045,
          "markup_range": 0.00934743383066865,
          "min_markup": 0.004405957869048295,
          "n_close_orders": 8,
          "rentry_pprice_dist": 0.024405305943534922,
          "rentry_pprice_dist_wallet_exposure_weighting": 4.326177773898883,
          "wallet_exposure_limit": 1},
 "short": {"auto_unstuck_delay_minutes": 0,
           "auto_unstuck_ema_dist": 0,
           "auto_unstuck_qty_pct": 0,
           "auto_unstuck_wallet_exposure_threshold": 0.0,
           "backwards_tp": true,
           "ddown_factor": 1.9499051479360794,
           "ema_span_0": 622.1083373545156,
           "ema_span_1": 1357.1605131698723,
           "enabled": true,
           "initial_eprice_ema_dist": -0.0052618939405264945,
           "initial_qty_pct": 0.013970634422238976,
           "markup_range": 0.007023294326105997,
           "min_markup": 0.00536912115698267,
           "n_close_orders": 5,
           "rentry_pprice_dist": 0.03611137316591374,
           "rentry_pprice_dist_wallet_exposure_weighting": 2.263986724814306,
           "wallet_exposure_limit": 1}}