{"config_name": "recursive_grid_0days",
 "logging_level": 0,
 "long": {"auto_unstuck_delay_minutes": 0,
          "auto_unstuck_ema_dist": 0,
          "auto_unstuck_qty_pct": 0,
          "auto_unstuck_wallet_exposure_threshold": 0.0,
          "backwards_tp": true,
          "ddown_factor": 0.49924193253485766,
          "ema_span_0": 227.1046873845894,
          "ema_span_1": 7.0192556449584815,
          "enabled": true,
          "initial_eprice_ema_dist": 0.0029977451521854895,
          "initial_qty_pct": 0.012272878670744431,
          "markup_range": 0.0003455222232415497,
          "min_markup": 0.002152736513619394,
          "n_close_orders": 4,
          "rentry_pprice_dist": 0.047418498817548387,
          "rentry_pprice_dist_wallet_exposure_weighting": 4.892128528008462,
          "wallet_exposure_limit": 1},
 "short": {"auto_unstuck_delay_minutes": 0,
           "auto_unstuck_ema_dist": 0,
           "auto_unstuck_qty_pct": 0,
           "auto_unstuck_wallet_exposure_threshold": 0.0,
           "backwards_tp": true,
           "ddown_factor": 1.741826138786688,
           "ema_span_0": 574.3748899976434,
           "ema_span_1": 235.53650526343182,
           "enabled": true,
           "initial_eprice_ema_dist": -0.0011083020457974054,
           "initial_qty_pct": 0.016978210551987796,
           "markup_range": 0.00392913700046082,
           "min_markup": 0.0018360923005106401,
           "n_close_orders": 9,
           "rentry_pprice_dist": 0.0477527196583293,
           "rentry_pprice_dist_wallet_exposure_weighting": 13.373950540359823,
           "wallet_exposure_limit": 1}}