{"config_name": "recursive_grid_0days",
 "logging_level": 0,
 "long": {"auto_unstuck_delay_minutes": 0,
          "auto_unstuck_ema_dist": 0,
          "auto_unstuck_qty_pct": 0,
          "auto_unstuck_wallet_exposure_threshold": 0.0,
          "backwards_tp": true,
          "ddown_factor": 0.2680261811300216,
          "ema_span_0": 1120.4256045178208,
          "ema_span_1": 379.9937271050966,
          "enabled": true,
          "initial_eprice_ema_dist": -0.00604142793831399,
          "initial_qty_pct": 0.013858416376024068,
          "markup_range": 0.009606878473877057,
          "min_markup": 0.0028737258977977655,
          "n_close_orders": 4,
          "rentry_pprice_dist": 0.025056265757800046,
          "rentry_pprice_dist_wallet_exposure_weighting": 1.9850856732205306,
          "wallet_exposure_limit": 1},
 "short": {"auto_unstuck_delay_minutes": 0,
           "auto_unstuck_ema_dist": 0,
           "auto_unstuck_qty_pct": 0,
           "auto_unstuck_wallet_exposure_threshold": 0.0,
           "backwards_tp": true,
           "ddown_factor": 2.939322368640076,
           "ema_span_0": 408.69038687554297,
           "ema_span_1": 1186.4618961322833,
           "enabled": true,
           "initial_eprice_ema_dist": -0.010089899030832536,
           "initial_qty_pct": 0.01652021806862614,
           "markup_range": 0.001842567936412663,
           "min_markup": 0.007172517761874772,
           "n_close_orders": 7,
           "rentry_pprice_dist": 0.033196725412888504,
           "rentry_pprice_dist_wallet_exposure_weighting": 11.36075896923918,
           "wallet_exposure_limit": 1}}