{"config_name": "recursive_grid_0days",
 "logging_level": 0,
 "long": {"auto_unstuck_delay_minutes": 0,
          "auto_unstuck_ema_dist": 0,
          "auto_unstuck_qty_pct": 0,
          "auto_unstuck_wallet_exposure_threshold": 0.0,
          "backwards_tp": true,
          "ddown_factor": 0.21045215485815444,
          "ema_span_0": 865.4191786156838,
          "ema_span_1": 195.4355253160978,
          "enabled": true,
          "initial_eprice_ema_dist": 0.0015447618503113092,
          "initial_qty_pct": 0.016771613490202796,
          "markup_range": 0.0037154736953136196,
          "min_markup": 0.0063174553335982936,
          "n_close_orders": 14,
          "rentry_pprice_dist": 0.02507730713795729,
          "rentry_pprice_dist_wallet_exposure_weighting": 1.4575295418913146,
          "wallet_exposure_limit": 1},
 "short": {"auto_unstuck_delay_minutes": 0,
           "auto_unstuck_ema_dist": 0,
           "auto_unstuck_qty_pct": 0,
           "auto_unstuck_wallet_exposure_threshold": 0.0,
           "backwards_tp": true,
           "ddown_factor": 0.7558432880653557,
           "ema_span_0": 139.23177746768826,
           "ema_span_1": 736.5827950423309,
           "enabled": true,
           "initial_eprice_ema_dist": 0.003,
           "initial_qty_pct": 0.018928542741054877,
           "markup_range": 0.008725047833742528,
           "min_markup": 0.00122241551187474,
           "n_close_orders": 8,
           "rentry_pprice_dist": 0.02675160507141435,
           "rentry_pprice_dist_wallet_exposure_weighting": 0.03528989111242751,
           "wallet_exposure_limit": 1}}