{"config_name": "recursive_grid_0days",
 "logging_level": 0,
 "long": {"auto_unstuck_delay_minutes": 0,
          "auto_unstuck_ema_dist": 0,
          "auto_unstuck_qty_pct": 0,
          "auto_unstuck_wallet_exposure_threshold": 0.0,
          "backwards_tp": true,
          "ddown_factor": 0.9171505053084688,
          "ema_span_0": 775.9584552785303,
          "ema_span_1": 762.0483829165494,
          "enabled": true,
          "initial_eprice_ema_dist": 0.0028462500165785934,
          "initial_qty_pct": 0.011654163150148599,
          "markup_range": 0.0024565804815127193,
          "min_markup": 0.003873184512277312,
          "n_close_orders": 7,
          "rentry_pprice_dist": 0.03589457840207292,
          "rentry_pprice_dist_wallet_exposure_weighting": 5.803669925118121,
          "wallet_exposure_limit": 1},
 "short": {"auto_unstuck_delay_minutes": 0,
           "auto_unstuck_ema_dist": 0,
           "auto_unstuck_qty_pct": 0,
           "auto_unstuck_wallet_exposure_threshold": 0.0,
           "backwards_tp": true,
           "ddown_factor": 1.6873672870876237,
           "ema_span_0": 674.814122528463,
           "ema_span_1": 788.3206335454101,
           "enabled": true,
           "initial_eprice_ema_dist": 0.002822552906109198,
           "initial_qty_pct": 0.019925628096881837,
           "markup_range": 0.003589691896712043,
           "min_markup": 0.008465639069265757,
           "n_close_orders": 14,
           "rentry_pprice_dist": 0.022212233625903858,
           "rentry_pprice_dist_wallet_exposure_weighting": 8.144459299264094,
           "wallet_exposure_limit": 1}}