{"config_name": "recursive_grid_0days",
 "logging_level": 0,
 "long": {"auto_unstuck_delay_minutes": 0,
          "auto_unstuck_ema_dist": 0,
          "auto_unstuck_qty_pct": 0,
          "auto_unstuck_wallet_exposure_threshold": 0.0,
          "backwards_tp": true,
          "ddown_factor": 1.1236937649680299,
          "ema_span_0": 1202.153514973517,
          "ema_span_1": 1254.9978665887304,
          "enabled": true,
          "initial_eprice_ema_dist": 0.003,
          "initial_qty_pct": 0.014718205362966634,
          "markup_range": 0.0004888399873971621,
          "min_markup": 0.0017550525058032762,
          "n_close_orders": 13,
          "rentry_pprice_dist": 0.0279567280926678,
          "rentry_pprice_dist_wallet_exposure_weighting": 1.7138456179059294,
          "wallet_exposure_limit": 1},
 "short": {"auto_unstuck_delay_minutes": 0,
           "auto_unstuck_ema_dist": 0,
           "auto_unstuck_qty_pct": 0,
           "auto_unstuck_wallet_exposure_threshold": 0.0,
           "backwards_tp": true,
           "ddown_factor": 1.7261970062905148,
           "ema_span_0": 1215.7879957632422,
           "ema_span_1": 1352.1264559002536,
           "enabled": true,
           "initial_eprice_ema_dist": 0.0018486060878646821,
           "initial_qty_pct": 0.017743536722460197,
           "markup_range": 0.0010481345104710372,
           "min_markup": 0.0027560283720603216,
           "n_close_orders": 8,
           "rentry_pprice_dist": 0.02773103834195495,
           "rentry_pprice_dist_wallet_exposure_weighting": 13.114353424405392,
           "wallet_exposure_limit": 1}}