{"config_name": "recursive_grid_0days",
 "logging_level": 0,
 "long": {"auto_unstuck_delay_minutes": 0,
          "auto_unstuck_ema_dist": 0,
          "auto_unstuck_qty_pct": 0,
          "auto_unstuck_wallet_exposure_threshold": 0.0,
          "backwards_tp": true,
          "ddown_factor": 1.0422289924034625,
          "ema_span_0": 1300.335219198419,
          "ema_span_1": 1303.1163540522678,
          "enabled": true,
          "initial_eprice_ema_dist": 0.003,
          "initial_qty_pct": 0.012751021029952882,
          "markup_range": 0.0009744592744484222,
          "min_markup": 0.0038822914124280136,
          "n_close_orders": 3,
          "rentry_pprice_dist": 0.029927451717070296,
          "rentry_pprice_dist_wallet_exposure_weighting": 1.953802308179066,
          "wallet_exposure_limit": 1},
 "short": {"auto_unstuck_delay_minutes": 0,
           "auto_unstuck_ema_dist": 0,
           "auto_unstuck_qty_pct": 0,
           "auto_unstuck_wallet_exposure_threshold": 0.0,
           "backwards_tp": true,
           "ddown_factor": 0.6351829211679839,
           "ema_span_0": 1230.6021408406648,
           "ema_span_1": 331.7586079968818,
           "enabled": true,
           "initial_eprice_ema_dist": -0.00499485589384141,
           "initial_qty_pct": 0.011649186728345685,
           "markup_range": 0.0031338669790694895,
           "min_markup": 0.008138567565416957,
           "n_close_orders": 11,
           "rentry_pprice_dist": 0.046566269930455956,
           "rentry_pprice_dist_wallet_exposure_weighting": 10.792046173110217,
           "wallet_exposure_limit": 1}}