{"config_name": "recursive_grid_0days",
 "logging_level": 0,
 "long": {"auto_unstuck_delay_minutes": 0,
          "auto_unstuck_ema_dist": 0,
          "auto_unstuck_qty_pct": 0,
          "auto_unstuck_wallet_exposure_threshold": 0.0,
          "backwards_tp": true,
          "ddown_factor": 0.6725724622896018,
          "ema_span_0": 598.0535920141048,
          "ema_span_1": 616.405652443876,
          "enabled": true,
          "initial_eprice_ema_dist": -0.017430135166690036,
          "initial_qty_pct": 0.015606901038471625,
          "markup_range": 0.0030759179531379514,
          "min_markup": 0.002408757714522548,
          "n_close_orders": 11,
          "rentry_pprice_dist": 0.028291986631085928,
          "rentry_pprice_dist_wallet_exposure_weighting": 1.891511262888057,
          "wallet_exposure_limit": 1},
 "short": {"auto_unstuck_delay_minutes": 0,
           "auto_unstuck_ema_dist": 0,
           "auto_unstuck_qty_pct": 0,
           "auto_unstuck_wallet_exposure_threshold": 0.0,
           "backwards_tp": true,
           "ddown_factor": 1.6639025519896944,
           "ema_span_0": 679.1092174154376,
           "ema_span_1": 779.5122111537867,
           "enabled": true,
           "initial_eprice_ema_dist": 0.00288165529910655,
           "initial_qty_pct": 0.020559318875132494,
           "markup_range": 0.0034942518047642998,
           "min_markup": 0.008488290176498757,
           "n_close_orders": 14,
           "rentry_pprice_dist": 0.022219676478903883,
           "rentry_pprice_dist_wallet_exposure_weighting": 8.130699177171095,
           "wallet_exposure_limit": 1}}