{"config_name": "recursive_grid_0days",
 "logging_level": 0,
 "long": {"auto_unstuck_delay_minutes": 0,
          "auto_unstuck_ema_dist": 0,
          "auto_unstuck_qty_pct": 0,
          "auto_unstuck_wallet_exposure_threshold": 0.0,
          "backwards_tp": true,
          "ddown_factor": 0.21845749884803378,
          "ema_span_0": 648.2090117060027,
          "ema_span_1": 773.4337086201244,
          "enabled": true,
          "initial_eprice_ema_dist": -0.08213339976534394,
          "initial_qty_pct": 0.011541872912414555,
          "markup_range": 0.004767783104009591,
          "min_markup": 0.007661745957424374,
          "n_close_orders": 14,
          "rentry_pprice_dist": 0.03447845329170749,
          "rentry_pprice_dist_wallet_exposure_weighting": 2.827012075457128,
          "wallet_exposure_limit": 1},
 "short": {"auto_unstuck_delay_minutes": 0,
           "auto_unstuck_ema_dist": 0,
           "auto_unstuck_qty_pct": 0,
           "auto_unstuck_wallet_exposure_threshold": 0.0,
           "backwards_tp": true,
           "ddown_factor": 0.9631054367095269,
           "ema_span_0": 1064.1976143874313,
           "ema_span_1": 1180.9145215714216,
           "enabled": true,
           "initial_eprice_ema_dist": 0.0011021202690001265,
           "initial_qty_pct": 0.022865971355309746,
           "markup_range": 0.016511865405932438,
           "min_markup": 0.0050202735439366436,
           "n_close_orders": 2,
           "rentry_pprice_dist": 0.048650814582790206,
           "rentry_pprice_dist_wallet_exposure_weighting": 0.28619387600381474,
           "wallet_exposure_limit": 1}}