{"config_name": "recursive_grid_0days",
 "logging_level": 0,
 "long": {"auto_unstuck_delay_minutes": 0,
          "auto_unstuck_ema_dist": 0,
          "auto_unstuck_qty_pct": 0,
          "auto_unstuck_wallet_exposure_threshold": 0.0,
          "backwards_tp": true,
          "ddown_factor": 0.9539844792731716,
          "ema_span_0": 1348.1998026290053,
          "ema_span_1": 1350.029161035143,
          "enabled": true,
          "initial_eprice_ema_dist": -0.0052411622531953325,
          "initial_qty_pct": 0.009482244190400883,
          "markup_range": 0.006232659497564574,
          "min_markup": 0.005169603139400304,
          "n_close_orders": 4,
          "rentry_pprice_dist": 0.03736981272317089,
          "rentry_pprice_dist_wallet_exposure_weighting": 2.9566718442697097,
          "wallet_exposure_limit": 1},
 "short": {"auto_unstuck_delay_minutes": 0,
           "auto_unstuck_ema_dist": 0,
           "auto_unstuck_qty_pct": 0,
           "auto_unstuck_wallet_exposure_threshold": 0.0,
           "backwards_tp": true,
           "ddown_factor": 0.9273141152987725,
           "ema_span_0": 851.5069878538493,
           "ema_span_1": 1318.3342054632453,
           "enabled": true,
           "initial_eprice_ema_dist": -0.008568874845354724,
           "initial_qty_pct": 0.005466373789027542,
           "markup_range": 0.009236639976900175,
           "min_markup": 0.002816549642286266,
           "n_close_orders": 4,
           "rentry_pprice_dist": 0.02321205572018044,
           "rentry_pprice_dist_wallet_exposure_weighting": 1.5022531707745765,
           "wallet_exposure_limit": 1}}