{"config_name": "recursive_grid_0days",
 "logging_level": 0,
 "long": {"auto_unstuck_delay_minutes": 0,
          "auto_unstuck_ema_dist": 0,
          "auto_unstuck_qty_pct": 0,
          "auto_unstuck_wallet_exposure_threshold": 0.0,
          "backwards_tp": true,
          "ddown_factor": 0.6816441804997536,
          "ema_span_0": 1207.002762689484,
          "ema_span_1": 1215.7543977627083,
          "enabled": true,
          "initial_eprice_ema_dist": 0.002844318472241852,
          "initial_qty_pct": 0.013546341705982687,
          "markup_range": 0.001297765363145428,
          "min_markup": 0.0042246138230332434,
          "n_close_orders": 11,
          "rentry_pprice_dist": 0.01593128187208366,
          "rentry_pprice_dist_wallet_exposure_weighting": 7.519025567180068,
          "wallet_exposure_limit": 1},
 "short": {"auto_unstuck_delay_minutes": 0,
           "auto_unstuck_ema_dist": 0,
           "auto_unstuck_qty_pct": 0,
           "auto_unstuck_wallet_exposure_threshold": 0.0,
           "backwards_tp": true,
           "ddown_factor": 1.0230013332526442,
           "ema_span_0": 948.6876780252531,
           "ema_span_1": 1287.560466844553,
           "enabled": true,
           "initial_eprice_ema_dist": 0.0012379335212399359,
           "initial_qty_pct": 0.013450735419898477,
           "markup_range": 0.003736597199601087,
           "min_markup": 0.005822176662193961,
           "n_close_orders": 14,
           "rentry_pprice_dist": 0.035598806580745095,
           "rentry_pprice_dist_wallet_exposure_weighting": 2.203668366035464,
           "wallet_exposure_limit": 1}}