{"config_name": "recursive_grid_0days",
 "logging_level": 0,
 "long": {"auto_unstuck_delay_minutes": 0,
          "auto_unstuck_ema_dist": 0,
          "auto_unstuck_qty_pct": 0,
          "auto_unstuck_wallet_exposure_threshold": 0.0,
          "backwards_tp": true,
          "ddown_factor": 0.1,
          "ema_span_0": 1180.6333143801403,
          "ema_span_1": 795.5560312441523,
          "enabled": true,
          "initial_eprice_ema_dist": -0.0016748521643132326,
          "initial_qty_pct": 0.01936296361546897,
          "markup_range": 0.004891267300369246,
          "min_markup": 0.002527362188067427,
          "n_close_orders": 13,
          "rentry_pprice_dist": 0.04003550131348366,
          "rentry_pprice_dist_wallet_exposure_weighting": 0.4419029209611392,
          "wallet_exposure_limit": 1},
 "short": {"auto_unstuck_delay_minutes": 0,
           "auto_unstuck_ema_dist": 0,
           "auto_unstuck_qty_pct": 0,
           "auto_unstuck_wallet_exposure_threshold": 0.0,
           "backwards_tp": true,
           "ddown_factor": 1.2282545611147047,
           "ema_span_0": 272.12839630228353,
           "ema_span_1": 1306.9435889607032,
           "enabled": true,
           "initial_eprice_ema_dist": 0.003,
           "initial_qty_pct": 0.017227447441396454,
           "markup_range": 0.003114073074234069,
           "min_markup": 0.0032999584216721802,
           "n_close_orders": 11,
           "rentry_pprice_dist": 0.028917683420234534,
           "rentry_pprice_dist_wallet_exposure_weighting": 12.235789587760841,
           "wallet_exposure_limit": 1}}