{"config_name": "recursive_grid_0days",
 "logging_level": 0,
 "long": {"auto_unstuck_delay_minutes": 0,
          "auto_unstuck_ema_dist": 0,
          "auto_unstuck_qty_pct": 0,
          "auto_unstuck_wallet_exposure_threshold": 0.0,
          "backwards_tp": true,
          "ddown_factor": 0.1,
          "ema_span_0": 1176.6244975314837,
          "ema_span_1": 793.3532457136675,
          "enabled": true,
          "initial_eprice_ema_dist": -0.0016808656541925846,
          "initial_qty_pct": 0.019362262207065287,
          "markup_range": 0.004809636962814767,
          "min_markup": 0.002645647081576622,
          "n_close_orders": 13,
          "rentry_pprice_dist": 0.04002485996323371,
          "rentry_pprice_dist_wallet_exposure_weighting": 0.4396006431557236,
          "wallet_exposure_limit": 1},
 "short": {"auto_unstuck_delay_minutes": 0,
           "auto_unstuck_ema_dist": 0,
           "auto_unstuck_qty_pct": 0,
           "auto_unstuck_wallet_exposure_threshold": 0.0,
           "backwards_tp": true,
           "ddown_factor": 0.35377525620612843,
           "ema_span_0": 1280.8008886056546,
           "ema_span_1": 734.9320679117058,
           "enabled": true,
           "initial_eprice_ema_dist": -0.008458349194505358,
           "initial_qty_pct": 0.006974778221559435,
           "markup_range": 0.002964010935049224,
           "min_markup": 0.004887013163173188,
           "n_close_orders": 12,
           "rentry_pprice_dist": 0.023413318899461338,
           "rentry_pprice_dist_wallet_exposure_weighting": 7.745721191751236,
           "wallet_exposure_limit": 1}}