{"config_name": "recursive_grid_0days",
 "logging_level": 0,
 "long": {"auto_unstuck_delay_minutes": 0,
          "auto_unstuck_ema_dist": 0,
          "auto_unstuck_qty_pct": 0,
          "auto_unstuck_wallet_exposure_threshold": 0.0,
          "backwards_tp": true,
          "ddown_factor": 0.1,
          "ema_span_0": 861.8931055979726,
          "ema_span_1": 406.5776204188655,
          "enabled": true,
          "initial_eprice_ema_dist": -0.00010716289533765589,
          "initial_qty_pct": 0.016108086916356828,
          "markup_range": 0.0029492611021522774,
          "min_markup": 0.007540971242969216,
          "n_close_orders": 8,
          "rentry_pprice_dist": 0.04018704660420038,
          "rentry_pprice_dist_wallet_exposure_weighting": 0.30084402308244984,
          "wallet_exposure_limit": 1},
 "short": {"auto_unstuck_delay_minutes": 0,
           "auto_unstuck_ema_dist": 0,
           "auto_unstuck_qty_pct": 0,
           "auto_unstuck_wallet_exposure_threshold": 0.0,
           "backwards_tp": true,
           "ddown_factor": 0.6556399105230709,
           "ema_span_0": 1089.4814487960848,
           "ema_span_1": 882.881579939032,
           "enabled": true,
           "initial_eprice_ema_dist": -0.006547721926136703,
           "initial_qty_pct": 0.012176882588065952,
           "markup_range": 0.0060150548243662425,
           "min_markup": 0.0042221048708719405,
           "n_close_orders": 13,
           "rentry_pprice_dist": 0.028158135345797648,
           "rentry_pprice_dist_wallet_exposure_weighting": 10.858376252862627,
           "wallet_exposure_limit": 1}}