{"config_name": "recursive_grid_0days",
 "logging_level": 0,
 "long": {"auto_unstuck_delay_minutes": 0,
          "auto_unstuck_ema_dist": 0,
          "auto_unstuck_qty_pct": 0,
          "auto_unstuck_wallet_exposure_threshold": 0.0,
          "backwards_tp": true,
          "ddown_factor": 0.5244335700853499,
          "ema_span_0": 244.03344380299774,
          "ema_span_1": 1415.0691945015174,
          "enabled": true,
          "initial_eprice_ema_dist": -0.08235537720314709,
          "initial_qty_pct": 0.010733081013497556,
          "markup_range": 0.002765255828708328,
          "min_markup": 0.00396666305771538,
          "n_close_orders": 16,
          "rentry_pprice_dist": 0.03343832786871095,
          "rentry_pprice_dist_wallet_exposure_weighting": 4.6373544967957585,
          "wallet_exposure_limit": 1},
 "short": {"auto_unstuck_delay_minutes": 0,
           "auto_unstuck_ema_dist": 0,
           "auto_unstuck_qty_pct": 0,
           "auto_unstuck_wallet_exposure_threshold": 0.0,
           "backwards_tp": true,
           "ddown_factor": 1.9973957216326403,
           "ema_span_0": 421.7553586252077,
           "ema_span_1": 520.5828106201627,
           "enabled": true,
           "initial_eprice_ema_dist": 0.003,
           "initial_qty_pct": 0.01196624726203134,
           "markup_range": 0.0,
           "min_markup": 0.00292982078297503,
           "n_close_orders": 5,
           "rentry_pprice_dist": 0.023709704519460886,
           "rentry_pprice_dist_wallet_exposure_weighting": 3.3012492626694554,
           "wallet_exposure_limit": 1}}