{"config_name": "recursive_grid_0days",
 "logging_level": 0,
 "long": {"auto_unstuck_delay_minutes": 0,
          "auto_unstuck_ema_dist": 0,
          "auto_unstuck_qty_pct": 0,
          "auto_unstuck_wallet_exposure_threshold": 0.0,
          "backwards_tp": true,
          "ddown_factor": 1.3424248226444024,
          "ema_span_0": 1131.6414829955768,
          "ema_span_1": 1137.7868339695306,
          "enabled": true,
          "initial_eprice_ema_dist": -0.0003383789949880434,
          "initial_qty_pct": 0.005,
          "markup_range": 0.0014265648440583618,
          "min_markup": 0.0054097356387039055,
          "n_close_orders": 11,
          "rentry_pprice_dist": 0.0370937141221393,
          "rentry_pprice_dist_wallet_exposure_weighting": 2.1534063329544186,
          "wallet_exposure_limit": 1},
 "short": {"auto_unstuck_delay_minutes": 0,
           "auto_unstuck_ema_dist": 0,
           "auto_unstuck_qty_pct": 0,
           "auto_unstuck_wallet_exposure_threshold": 0.0,
           "backwards_tp": true,
           "ddown_factor": 2.0104426941410156,
           "ema_span_0": 417.6321452285503,
           "ema_span_1": 541.4180739658083,
           "enabled": true,
           "initial_eprice_ema_dist": 0.0029984219177280787,
           "initial_qty_pct": 0.013363031751006421,
           "markup_range": 7.010573397721282e-05,
           "min_markup": 0.0028074393585992385,
           "n_close_orders": 6,
           "rentry_pprice_dist": 0.023684594715020553,
           "rentry_pprice_dist_wallet_exposure_weighting": 2.9646097045738005,
           "wallet_exposure_limit": 1}}