{"config_name": "recursive_grid_0days",
 "logging_level": 0,
 "long": {"auto_unstuck_delay_minutes": 0,
          "auto_unstuck_ema_dist": 0,
          "auto_unstuck_qty_pct": 0,
          "auto_unstuck_wallet_exposure_threshold": 0.0,
          "backwards_tp": true,
          "ddown_factor": 0.9221575237408449,
          "ema_span_0": 231.2204302138441,
          "ema_span_1": 217.04587942094955,
          "enabled": true,
          "initial_eprice_ema_dist": 0.0022479658664259334,
          "initial_qty_pct": 0.015117918882051764,
          "markup_range": 0.003957376817700888,
          "min_markup": 0.002351135715515552,
          "n_close_orders": 7,
          "rentry_pprice_dist": 0.04138114818053603,
          "rentry_pprice_dist_wallet_exposure_weighting": 4.02707560262046,
          "wallet_exposure_limit": 1},
 "short": {"auto_unstuck_delay_minutes": 0,
           "auto_unstuck_ema_dist": 0,
           "auto_unstuck_qty_pct": 0,
           "auto_unstuck_wallet_exposure_threshold": 0.0,
           "backwards_tp": true,
           "ddown_factor": 2.6544165488446385,
           "ema_span_0": 309.69272592634474,
           "ema_span_1": 465.2378238174837,
           "enabled": true,
           "initial_eprice_ema_dist": 0.0028846514947689457,
           "initial_qty_pct": 0.012757385544317597,
           "markup_range": 0.004105110225764511,
           "min_markup": 0.00606759353490321,
           "n_close_orders": 12,
           "rentry_pprice_dist": 0.04414031136119532,
           "rentry_pprice_dist_wallet_exposure_weighting": 4.177346639548361,
           "wallet_exposure_limit": 1}}