{"config_name": "recursive_grid_0days",
 "logging_level": 0,
 "long": {"auto_unstuck_delay_minutes": 0,
          "auto_unstuck_ema_dist": 0,
          "auto_unstuck_qty_pct": 0,
          "auto_unstuck_wallet_exposure_threshold": 0.0,
          "backwards_tp": true,
          "ddown_factor": 2.0893381708256036,
          "ema_span_0": 423.2525124611598,
          "ema_span_1": 467.7125480222745,
          "enabled": true,
          "initial_eprice_ema_dist": -0.0021285169296756034,
          "initial_qty_pct": 0.007192977027009017,
          "markup_range": 0.00032187207779936847,
          "min_markup": 0.009369980741778446,
          "n_close_orders": 4,
          "rentry_pprice_dist": 0.023950111316024474,
          "rentry_pprice_dist_wallet_exposure_weighting": 4.272152081166061,
          "wallet_exposure_limit": 1},
 "short": {"auto_unstuck_delay_minutes": 0,
           "auto_unstuck_ema_dist": 0,
           "auto_unstuck_qty_pct": 0,
           "auto_unstuck_wallet_exposure_threshold": 0.0,
           "backwards_tp": true,
           "ddown_factor": 2.5802620479775373,
           "ema_span_0": 641.5256644301991,
           "ema_span_1": 1191.2519399932598,
           "enabled": true,
           "initial_eprice_ema_dist": -0.00010522291907465574,
           "initial_qty_pct": 0.009000594413824106,
           "markup_range": 0.001147909553877573,
           "min_markup": 0.0031605703292547256,
           "n_close_orders": 9,
           "rentry_pprice_dist": 0.015596258311251951,
           "rentry_pprice_dist_wallet_exposure_weighting": 4.134639178461365,
           "wallet_exposure_limit": 1}}