{"config_name": "recursive_grid_0days",
 "logging_level": 0,
 "long": {"auto_unstuck_delay_minutes": 0,
          "auto_unstuck_ema_dist": 0,
          "auto_unstuck_qty_pct": 0,
          "auto_unstuck_wallet_exposure_threshold": 0.0,
          "backwards_tp": true,
          "ddown_factor": 1.685240403072412,
          "ema_span_0": 1320.0062532895813,
          "ema_span_1": 56.443784167570456,
          "enabled": true,
          "initial_eprice_ema_dist": 0.003,
          "initial_qty_pct": 0.012295870488115042,
          "markup_range": 0.00043817717061524344,
          "min_markup": 0.002133582203965641,
          "n_close_orders": 13,
          "rentry_pprice_dist": 0.04477723895331965,
          "rentry_pprice_dist_wallet_exposure_weighting": 2.9098256210714086,
          "wallet_exposure_limit": 1},
 "short": {"auto_unstuck_delay_minutes": 0,
           "auto_unstuck_ema_dist": 0,
           "auto_unstuck_qty_pct": 0,
           "auto_unstuck_wallet_exposure_threshold": 0.0,
           "backwards_tp": true,
           "ddown_factor": 2.044354980468271,
           "ema_span_0": 1361.189603354856,
           "ema_span_1": 1073.8058718603083,
           "enabled": true,
           "initial_eprice_ema_dist": 0.0008899929095621849,
           "initial_qty_pct": 0.015728236780060197,
           "markup_range": 0.005523921858251245,
           "min_markup": 0.004007061300505369,
           "n_close_orders": 12,
           "rentry_pprice_dist": 0.04503352070313719,
           "rentry_pprice_dist_wallet_exposure_weighting": 5.659640501205052,
           "wallet_exposure_limit": 1}}