{"config_name": "recursive_grid_0days",
 "logging_level": 0,
 "long": {"auto_unstuck_delay_minutes": 0,
          "auto_unstuck_ema_dist": 0,
          "auto_unstuck_qty_pct": 0,
          "auto_unstuck_wallet_exposure_threshold": 0.0,
          "backwards_tp": true,
          "ddown_factor": 1.6843985617882395,
          "ema_span_0": 1314.804845566786,
          "ema_span_1": 56.156402987348486,
          "enabled": true,
          "initial_eprice_ema_dist": 0.003,
          "initial_qty_pct": 0.012299571906543873,
          "markup_range": 0.00043684955551736123,
          "min_markup": 0.0020706842592744072,
          "n_close_orders": 13,
          "rentry_pprice_dist": 0.04477461412161243,
          "rentry_pprice_dist_wallet_exposure_weighting": 2.9084680693606417,
          "wallet_exposure_limit": 1},
 "short": {"auto_unstuck_delay_minutes": 0,
           "auto_unstuck_ema_dist": 0,
           "auto_unstuck_qty_pct": 0,
           "auto_unstuck_wallet_exposure_threshold": 0.0,
           "backwards_tp": true,
           "ddown_factor": 2.056252575404829,
           "ema_span_0": 1389.716451242382,
           "ema_span_1": 1224.7847402530215,
           "enabled": true,
           "initial_eprice_ema_dist": -0.00454935845010829,
           "initial_qty_pct": 0.020189783971925754,
           "markup_range": 0.0024646224693414052,
           "min_markup": 0.006361944976728877,
           "n_close_orders": 2,
           "rentry_pprice_dist": 0.046475900773759356,
           "rentry_pprice_dist_wallet_exposure_weighting": 5.459424006678317,
           "wallet_exposure_limit": 1}}