{"config_name": "recursive_grid_0days",
 "logging_level": 0,
 "long": {"auto_unstuck_delay_minutes": 0,
          "auto_unstuck_ema_dist": 0,
          "auto_unstuck_qty_pct": 0,
          "auto_unstuck_wallet_exposure_threshold": 0.0,
          "backwards_tp": true,
          "ddown_factor": 2.7118636180202462,
          "ema_span_0": 771.7448036295372,
          "ema_span_1": 667.5954399078072,
          "enabled": true,
          "initial_eprice_ema_dist": -0.01388409773717908,
          "initial_qty_pct": 0.013644418901809327,
          "markup_range": 0.0023644105052205793,
          "min_markup": 0.002898684717954433,
          "n_close_orders": 8,
          "rentry_pprice_dist": 0.04092302343437662,
          "rentry_pprice_dist_wallet_exposure_weighting": 0.21633384115245308,
          "wallet_exposure_limit": 1},
 "short": {"auto_unstuck_delay_minutes": 0,
           "auto_unstuck_ema_dist": 0,
           "auto_unstuck_qty_pct": 0,
           "auto_unstuck_wallet_exposure_threshold": 0.0,
           "backwards_tp": true,
           "ddown_factor": 0.9631054367095269,
           "ema_span_0": 1064.1976143874313,
           "ema_span_1": 1180.9145215714216,
           "enabled": true,
           "initial_eprice_ema_dist": 0.0011021202690001265,
           "initial_qty_pct": 0.022865971355309746,
           "markup_range": 0.016511865405932438,
           "min_markup": 0.0050202735439366436,
           "n_close_orders": 2,
           "rentry_pprice_dist": 0.048650814582790206,
           "rentry_pprice_dist_wallet_exposure_weighting": 0.28619387600381474,
           "wallet_exposure_limit": 1}}