{"config_name": "recursive_grid_0days",
 "logging_level": 0,
 "long": {"auto_unstuck_delay_minutes": 0,
          "auto_unstuck_ema_dist": 0,
          "auto_unstuck_qty_pct": 0,
          "auto_unstuck_wallet_exposure_threshold": 0.0,
          "backwards_tp": true,
          "ddown_factor": 0.8519144150275632,
          "ema_span_0": 1440,
          "ema_span_1": 1380.4230809926546,
          "enabled": true,
          "initial_eprice_ema_dist": 0.002612070832254064,
          "initial_qty_pct": 0.013727206946982307,
          "markup_range": 0.002708050890479808,
          "min_markup": 0.002325728043746883,
          "n_close_orders": 9,
          "rentry_pprice_dist": 0.04997779932724466,
          "rentry_pprice_dist_wallet_exposure_weighting": 5.065001865140612,
          "wallet_exposure_limit": 1},
 "short": {"auto_unstuck_delay_minutes": 0,
           "auto_unstuck_ema_dist": 0,
           "auto_unstuck_qty_pct": 0,
           "auto_unstuck_wallet_exposure_threshold": 0.0,
           "backwards_tp": true,
           "ddown_factor": 0.31876658567555316,
           "ema_span_0": 1436.493410644472,
           "ema_span_1": 951.8822046345983,
           "enabled": true,
           "initial_eprice_ema_dist": 0.002998998176801847,
           "initial_qty_pct": 0.01629422819025682,
           "markup_range": 0.002110492022599635,
           "min_markup": 0.005951842352834764,
           "n_close_orders": 8,
           "rentry_pprice_dist": 0.04462477254236371,
           "rentry_pprice_dist_wallet_exposure_weighting": 4.915312728108358,
           "wallet_exposure_limit": 1}}