{"config_name": "recursive_grid_0days",
 "logging_level": 0,
 "long": {"auto_unstuck_delay_minutes": 0,
          "auto_unstuck_ema_dist": 0,
          "auto_unstuck_qty_pct": 0,
          "auto_unstuck_wallet_exposure_threshold": 0.0,
          "backwards_tp": true,
          "ddown_factor": 2.730237714879552,
          "ema_span_0": 572.8306811876752,
          "ema_span_1": 480.7702286636486,
          "enabled": true,
          "initial_eprice_ema_dist": -0.043128924205863686,
          "initial_qty_pct": 0.010716598589421478,
          "markup_range": 0.0,
          "min_markup": 0.003592112093138416,
          "n_close_orders": 3,
          "rentry_pprice_dist": 0.05,
          "rentry_pprice_dist_wallet_exposure_weighting": 1.918240769447265,
          "wallet_exposure_limit": 1},
 "short": {"auto_unstuck_delay_minutes": 0,
           "auto_unstuck_ema_dist": 0,
           "auto_unstuck_qty_pct": 0,
           "auto_unstuck_wallet_exposure_threshold": 0.0,
           "backwards_tp": true,
           "ddown_factor": 1.815141721555254,
           "ema_span_0": 1366.023279688188,
           "ema_span_1": 1395.7550199314758,
           "enabled": true,
           "initial_eprice_ema_dist": 0.0029993843786536704,
           "initial_qty_pct": 0.013688261774917046,
           "markup_range": 4.104045790059619e-05,
           "min_markup": 0.008487468749483565,
           "n_close_orders": 14,
           "rentry_pprice_dist": 0.04644249488171875,
           "rentry_pprice_dist_wallet_exposure_weighting": 10.09738409672658,
           "wallet_exposure_limit": 1}}