{"config_name": "recursive_grid_0days",
 "logging_level": 0,
 "long": {"auto_unstuck_delay_minutes": 0,
          "auto_unstuck_ema_dist": 0,
          "auto_unstuck_qty_pct": 0,
          "auto_unstuck_wallet_exposure_threshold": 0.0,
          "backwards_tp": true,
          "ddown_factor": 1.4997342797101396,
          "ema_span_0": 684.8138383006407,
          "ema_span_1": 1239.1449070996134,
          "enabled": true,
          "initial_eprice_ema_dist": -0.005588190728916151,
          "initial_qty_pct": 0.015121748707332572,
          "markup_range": 0.005599073628974565,
          "min_markup": 0.005240420265385149,
          "n_close_orders": 2,
          "rentry_pprice_dist": 0.05161640380822091,
          "rentry_pprice_dist_wallet_exposure_weighting": 3.3028660432971493,
          "wallet_exposure_limit": 1},
 "short": {"auto_unstuck_delay_minutes": 0,
           "auto_unstuck_ema_dist": 0,
           "auto_unstuck_qty_pct": 0,
           "auto_unstuck_wallet_exposure_threshold": 0.0,
           "backwards_tp": true,
           "ddown_factor": 1.4098363261430227,
           "ema_span_0": 897.4371476951306,
           "ema_span_1": 1001.8878651585367,
           "enabled": true,
           "initial_eprice_ema_dist": 0.0018525341832203086,
           "initial_qty_pct": 0.006665336296469922,
           "markup_range": 0.00937826196110776,
           "min_markup": 0.009832943480030217,
           "n_close_orders": 9,
           "rentry_pprice_dist": 0.05046959415794507,
           "rentry_pprice_dist_wallet_exposure_weighting": 8.441378548302362,
           "wallet_exposure_limit": 1}}