{"config_name": "recursive_grid_0days",
 "logging_level": 0,
 "long": {"auto_unstuck_delay_minutes": 0,
          "auto_unstuck_ema_dist": 0,
          "auto_unstuck_qty_pct": 0,
          "auto_unstuck_wallet_exposure_threshold": 0.0,
          "backwards_tp": true,
          "ddown_factor": 2.1655494098369044,
          "ema_span_0": 1050.6404000944276,
          "ema_span_1": 1225.6299036358046,
          "enabled": true,
          "initial_eprice_ema_dist": -0.0013313376683992957,
          "initial_qty_pct": 0.013430632148397405,
          "markup_range": 0.0024248167096788367,
          "min_markup": 0.004294333202691231,
          "n_close_orders": 10,
          "rentry_pprice_dist": 0.049999053731439494,
          "rentry_pprice_dist_wallet_exposure_weighting": 1.0500440145985865,
          "wallet_exposure_limit": 1},
 "short": {"auto_unstuck_delay_minutes": 0,
           "auto_unstuck_ema_dist": 0,
           "auto_unstuck_qty_pct": 0,
           "auto_unstuck_wallet_exposure_threshold": 0.0,
           "backwards_tp": true,
           "ddown_factor": 1.2806974197787886,
           "ema_span_0": 1227.0060512637,
           "ema_span_1": 1411.649340517043,
           "enabled": true,
           "initial_eprice_ema_dist": -0.019618049423577744,
           "initial_qty_pct": 0.01377613277902082,
           "markup_range": 0.008086254139266173,
           "min_markup": 0.00790618600626605,
           "n_close_orders": 4,
           "rentry_pprice_dist": 0.036918401144742194,
           "rentry_pprice_dist_wallet_exposure_weighting": 6.746184544981953,
           "wallet_exposure_limit": 1}}