{"config_name": "recursive_grid_0days",
 "logging_level": 0,
 "long": {"auto_unstuck_delay_minutes": 0,
          "auto_unstuck_ema_dist": 0,
          "auto_unstuck_qty_pct": 0,
          "auto_unstuck_wallet_exposure_threshold": 0.0,
          "backwards_tp": true,
          "ddown_factor": 2.175928482415576,
          "ema_span_0": 201.98693029600648,
          "ema_span_1": 915.8585821748169,
          "enabled": true,
          "initial_eprice_ema_dist": -0.00043558966295862095,
          "initial_qty_pct": 0.012907322640993837,
          "markup_range": 0.004544567398099288,
          "min_markup": 0.003168020303648017,
          "n_close_orders": 5,
          "rentry_pprice_dist": 0.04763784308118872,
          "rentry_pprice_dist_wallet_exposure_weighting": 2.39176087400704,
          "wallet_exposure_limit": 1},
 "short": {"auto_unstuck_delay_minutes": 0,
           "auto_unstuck_ema_dist": 0,
           "auto_unstuck_qty_pct": 0,
           "auto_unstuck_wallet_exposure_threshold": 0.0,
           "backwards_tp": true,
           "ddown_factor": 0.45322884176870065,
           "ema_span_0": 46.30302391407577,
           "ema_span_1": 1439.030104551375,
           "enabled": true,
           "initial_eprice_ema_dist": 0.002931581581952932,
           "initial_qty_pct": 0.012606770226499508,
           "markup_range": 0.005999271520005719,
           "min_markup": 0.008679748475072814,
           "n_close_orders": 16,
           "rentry_pprice_dist": 0.0379650389754723,
           "rentry_pprice_dist_wallet_exposure_weighting": 15.669912333287666,
           "wallet_exposure_limit": 1}}