{"config_name": "recursive_grid_0days",
 "logging_level": 0,
 "long": {"auto_unstuck_delay_minutes": 0,
          "auto_unstuck_ema_dist": 0,
          "auto_unstuck_qty_pct": 0,
          "auto_unstuck_wallet_exposure_threshold": 0.0,
          "backwards_tp": true,
          "ddown_factor": 0.5151924328943166,
          "ema_span_0": 1409.8581027835396,
          "ema_span_1": 1342.4554455584002,
          "enabled": true,
          "initial_eprice_ema_dist": -0.0030189565435901713,
          "initial_qty_pct": 0.012571369083895145,
          "markup_range": 0.00315558099083896,
          "min_markup": 0.0025786395504433963,
          "n_close_orders": 16,
          "rentry_pprice_dist": 0.04163847422957823,
          "rentry_pprice_dist_wallet_exposure_weighting": 5.17432227051155,
          "wallet_exposure_limit": 1},
 "short": {"auto_unstuck_delay_minutes": 0,
           "auto_unstuck_ema_dist": 0,
           "auto_unstuck_qty_pct": 0,
           "auto_unstuck_wallet_exposure_threshold": 0.0,
           "backwards_tp": true,
           "ddown_factor": 2.3921186473016034,
           "ema_span_0": 1258.7320416332009,
           "ema_span_1": 519.42546724099,
           "enabled": true,
           "initial_eprice_ema_dist": 0.002992399110549417,
           "initial_qty_pct": 0.013708086375547792,
           "markup_range": 0.006059981370142156,
           "min_markup": 0.004574192629537871,
           "n_close_orders": 3,
           "rentry_pprice_dist": 0.04348615509934688,
           "rentry_pprice_dist_wallet_exposure_weighting": 0.924238989939223,
           "wallet_exposure_limit": 1}}