{"config_name": "recursive_grid_0days",
 "logging_level": 0,
 "long": {"auto_unstuck_delay_minutes": 0,
          "auto_unstuck_ema_dist": 0,
          "auto_unstuck_qty_pct": 0,
          "auto_unstuck_wallet_exposure_threshold": 0.0,
          "backwards_tp": true,
          "ddown_factor": 0.11227308838216345,
          "ema_span_0": 204.88289229985668,
          "ema_span_1": 5.550156388647604,
          "enabled": true,
          "initial_eprice_ema_dist": 0.003,
          "initial_qty_pct": 0.014364457926996421,
          "markup_range": 0.004011555501872934,
          "min_markup": 0.005467284635066484,
          "n_close_orders": 9,
          "rentry_pprice_dist": 0.046671413519604056,
          "rentry_pprice_dist_wallet_exposure_weighting": 2.3458943430188217,
          "wallet_exposure_limit": 1},
 "short": {"auto_unstuck_delay_minutes": 0,
           "auto_unstuck_ema_dist": 0,
           "auto_unstuck_qty_pct": 0,
           "auto_unstuck_wallet_exposure_threshold": 0.0,
           "backwards_tp": true,
           "ddown_factor": 2.3053087952486613,
           "ema_span_0": 1334.03932388689,
           "ema_span_1": 24.45755475987875,
           "enabled": true,
           "initial_eprice_ema_dist": 0.00044891536338565564,
           "initial_qty_pct": 0.02312060377290056,
           "markup_range": 0.0005135083989932101,
           "min_markup": 0.0031984895721120935,
           "n_close_orders": 8,
           "rentry_pprice_dist": 0.022118130340085272,
           "rentry_pprice_dist_wallet_exposure_weighting": 8.344522959397036,
           "wallet_exposure_limit": 1}}