{"config_name": "recursive_grid_0days",
 "logging_level": 0,
 "long": {"auto_unstuck_delay_minutes": 0,
          "auto_unstuck_ema_dist": 0,
          "auto_unstuck_qty_pct": 0,
          "auto_unstuck_wallet_exposure_threshold": 0.0,
          "backwards_tp": true,
          "ddown_factor": 0.16043342340946445,
          "ema_span_0": 1172.058871153507,
          "ema_span_1": 661.618219350329,
          "enabled": true,
          "initial_eprice_ema_dist": -0.0020017538591551465,
          "initial_qty_pct": 0.012486687472807281,
          "markup_range": 0.008858119807622,
          "min_markup": 0.009157042398389803,
          "n_close_orders": 14,
          "rentry_pprice_dist": 0.03589457475408594,
          "rentry_pprice_dist_wallet_exposure_weighting": 3.685160630152667,
          "wallet_exposure_limit": 1},
 "short": {"auto_unstuck_delay_minutes": 0,
           "auto_unstuck_ema_dist": 0,
           "auto_unstuck_qty_pct": 0,
           "auto_unstuck_wallet_exposure_threshold": 0.0,
           "backwards_tp": true,
           "ddown_factor": 1.0770628761143688,
           "ema_span_0": 242.8043669017645,
           "ema_span_1": 682.3051525465584,
           "enabled": true,
           "initial_eprice_ema_dist": 0.0017988236133371443,
           "initial_qty_pct": 0.010019875975725472,
           "markup_range": 0.002833112594091851,
           "min_markup": 0.006337223796293402,
           "n_close_orders": 14,
           "rentry_pprice_dist": 0.027047742985781532,
           "rentry_pprice_dist_wallet_exposure_weighting": 2.0130235194080437,
           "wallet_exposure_limit": 1}}