{"config_name": "recursive_grid_0days",
 "logging_level": 0,
 "long": {"auto_unstuck_delay_minutes": 0,
          "auto_unstuck_ema_dist": 0,
          "auto_unstuck_qty_pct": 0,
          "auto_unstuck_wallet_exposure_threshold": 0.0,
          "backwards_tp": true,
          "ddown_factor": 2.323913520119268,
          "ema_span_0": 1086.0419680306475,
          "ema_span_1": 1061.1764098925403,
          "enabled": true,
          "initial_eprice_ema_dist": 0.0015283461347237,
          "initial_qty_pct": 0.011444738775189001,
          "markup_range": 0.0,
          "min_markup": 0.003045251585932647,
          "n_close_orders": 6,
          "rentry_pprice_dist": 0.02939955738025919,
          "rentry_pprice_dist_wallet_exposure_weighting": 1.2341700858279083,
          "wallet_exposure_limit": 1},
 "short": {"auto_unstuck_delay_minutes": 0,
           "auto_unstuck_ema_dist": 0,
           "auto_unstuck_qty_pct": 0,
           "auto_unstuck_wallet_exposure_threshold": 0.0,
           "backwards_tp": true,
           "ddown_factor": 2.6968121115792076,
           "ema_span_0": 1297.3377934739353,
           "ema_span_1": 458.62607078799005,
           "enabled": true,
           "initial_eprice_ema_dist": -0.0008170972301878174,
           "initial_qty_pct": 0.020062985049671758,
           "markup_range": 0.001889368443939495,
           "min_markup": 0.0025759058337762415,
           "n_close_orders": 3,
           "rentry_pprice_dist": 0.03332300913804789,
           "rentry_pprice_dist_wallet_exposure_weighting": 1.0548728210299518,
           "wallet_exposure_limit": 1}}