{"config_name": "recursive_grid_0days",
 "logging_level": 0,
 "long": {"auto_unstuck_delay_minutes": 0,
          "auto_unstuck_ema_dist": 0,
          "auto_unstuck_qty_pct": 0,
          "auto_unstuck_wallet_exposure_threshold": 0.0,
          "backwards_tp": true,
          "ddown_factor": 1.5886138086913626,
          "ema_span_0": 1154.1269345007006,
          "ema_span_1": 706.5736063654135,
          "enabled": true,
          "initial_eprice_ema_dist": 0.003,
          "initial_qty_pct": 0.011269157701837645,
          "markup_range": 0.0017021154122551247,
          "min_markup": 0.0016078575279569658,
          "n_close_orders": 9,
          "rentry_pprice_dist": 0.024469881687495566,
          "rentry_pprice_dist_wallet_exposure_weighting": 2.931422291032333,
          "wallet_exposure_limit": 1},
 "short": {"auto_unstuck_delay_minutes": 0,
           "auto_unstuck_ema_dist": 0,
           "auto_unstuck_qty_pct": 0,
           "auto_unstuck_wallet_exposure_threshold": 0.0,
           "backwards_tp": true,
           "ddown_factor": 2.367247457821056,
           "ema_span_0": 429.7124745380863,
           "ema_span_1": 876.8149407214684,
           "enabled": true,
           "initial_eprice_ema_dist": -0.0024335179550446255,
           "initial_qty_pct": 0.024988469222698602,
           "markup_range": 1.6696716582238109e-06,
           "min_markup": 0.0049059847269478105,
           "n_close_orders": 8,
           "rentry_pprice_dist": 0.03689841635467093,
           "rentry_pprice_dist_wallet_exposure_weighting": 0.6459199123296058,
           "wallet_exposure_limit": 1}}