{"config_name": "recursive_grid_0days",
 "logging_level": 0,
 "long": {"auto_unstuck_delay_minutes": 0,
          "auto_unstuck_ema_dist": 0,
          "auto_unstuck_qty_pct": 0,
          "auto_unstuck_wallet_exposure_threshold": 0.0,
          "backwards_tp": true,
          "ddown_factor": 1.7958746893344937,
          "ema_span_0": 605.006745014809,
          "ema_span_1": 661.5441390767999,
          "enabled": true,
          "initial_eprice_ema_dist": 0.0017885261913816685,
          "initial_qty_pct": 0.01842632385954889,
          "markup_range": 0.0034607225183080847,
          "min_markup": 0.003488079372623931,
          "n_close_orders": 6,
          "rentry_pprice_dist": 0.044262979096669125,
          "rentry_pprice_dist_wallet_exposure_weighting": 4.007554922706948,
          "wallet_exposure_limit": 1},
 "short": {"auto_unstuck_delay_minutes": 0,
           "auto_unstuck_ema_dist": 0,
           "auto_unstuck_qty_pct": 0,
           "auto_unstuck_wallet_exposure_threshold": 0.0,
           "backwards_tp": true,
           "ddown_factor": 2.1848255912377725,
           "ema_span_0": 520.9353554628135,
           "ema_span_1": 694.5172262857495,
           "enabled": true,
           "initial_eprice_ema_dist": 0.00037902074120364066,
           "initial_qty_pct": 0.010549661074555973,
           "markup_range": 0.001782638318971055,
           "min_markup": 0.007137527338246274,
           "n_close_orders": 14,
           "rentry_pprice_dist": 0.026089758081906847,
           "rentry_pprice_dist_wallet_exposure_weighting": 0.16248557520856585,
           "wallet_exposure_limit": 1}}