{"config_name": "recursive_grid_0days",
 "logging_level": 0,
 "long": {"auto_unstuck_delay_minutes": 0,
          "auto_unstuck_ema_dist": 0,
          "auto_unstuck_qty_pct": 0,
          "auto_unstuck_wallet_exposure_threshold": 0.0,
          "backwards_tp": true,
          "ddown_factor": 2.995636321420059,
          "ema_span_0": 906.8283608927678,
          "ema_span_1": 883.2188539473509,
          "enabled": true,
          "initial_eprice_ema_dist": 0.0024946273459240925,
          "initial_qty_pct": 0.018115621140930235,
          "markup_range": 0.004123254112489574,
          "min_markup": 0.003319368702866852,
          "n_close_orders": 13,
          "rentry_pprice_dist": 0.03290466891943074,
          "rentry_pprice_dist_wallet_exposure_weighting": 0.5335213134683957,
          "wallet_exposure_limit": 1},
 "short": {"auto_unstuck_delay_minutes": 0,
           "auto_unstuck_ema_dist": 0,
           "auto_unstuck_qty_pct": 0,
           "auto_unstuck_wallet_exposure_threshold": 0.0,
           "backwards_tp": true,
           "ddown_factor": 1.0999864406171116,
           "ema_span_0": 1282.5151632022908,
           "ema_span_1": 5,
           "enabled": true,
           "initial_eprice_ema_dist": -0.0010308986875023933,
           "initial_qty_pct": 0.020894375258700332,
           "markup_range": 0.00248160652121939,
           "min_markup": 0.003942977504629043,
           "n_close_orders": 4,
           "rentry_pprice_dist": 0.047183031107306754,
           "rentry_pprice_dist_wallet_exposure_weighting": 0.0,
           "wallet_exposure_limit": 1}}