{"config_name": "recursive_grid_0days",
 "logging_level": 0,
 "long": {"auto_unstuck_delay_minutes": 0,
          "auto_unstuck_ema_dist": 0,
          "auto_unstuck_qty_pct": 0,
          "auto_unstuck_wallet_exposure_threshold": 0.0,
          "backwards_tp": true,
          "ddown_factor": 1.8872418080105704,
          "ema_span_0": 93.68441130180857,
          "ema_span_1": 335.2420386042655,
          "enabled": true,
          "initial_eprice_ema_dist": -0.004890894106941268,
          "initial_qty_pct": 0.012586630581799202,
          "markup_range": 0.006368917158105876,
          "min_markup": 0.002415298845987532,
          "n_close_orders": 5,
          "rentry_pprice_dist": 0.029371007720585905,
          "rentry_pprice_dist_wallet_exposure_weighting": 1.1984410786452573,
          "wallet_exposure_limit": 1},
 "short": {"auto_unstuck_delay_minutes": 0,
           "auto_unstuck_ema_dist": 0,
           "auto_unstuck_qty_pct": 0,
           "auto_unstuck_wallet_exposure_threshold": 0.0,
           "backwards_tp": true,
           "ddown_factor": 1.1711273897865075,
           "ema_span_0": 74.24599858682942,
           "ema_span_1": 1146.9932980501123,
           "enabled": true,
           "initial_eprice_ema_dist": -0.023020377037294103,
           "initial_qty_pct": 0.011416713757957678,
           "markup_range": 0.003177807796285491,
           "min_markup": 0.0019645121928476782,
           "n_close_orders": 6,
           "rentry_pprice_dist": 0.04926252098795239,
           "rentry_pprice_dist_wallet_exposure_weighting": 0.0,
           "wallet_exposure_limit": 1}}