{"config_name": "recursive_grid_0days",
 "logging_level": 0,
 "long": {"auto_unstuck_delay_minutes": 0,
          "auto_unstuck_ema_dist": 0,
          "auto_unstuck_qty_pct": 0,
          "auto_unstuck_wallet_exposure_threshold": 0.0,
          "backwards_tp": true,
          "ddown_factor": 2.963592523272891,
          "ema_span_0": 1238.0306843623625,
          "ema_span_1": 1156.7217714296696,
          "enabled": true,
          "initial_eprice_ema_dist": -0.08584907698859322,
          "initial_qty_pct": 0.01151734497887319,
          "markup_range": 0.00021748662184048855,
          "min_markup": 0.0035771168350746544,
          "n_close_orders": 4,
          "rentry_pprice_dist": 0.0333876273166539,
          "rentry_pprice_dist_wallet_exposure_weighting": 8.916675305993294,
          "wallet_exposure_limit": 1},
 "short": {"auto_unstuck_delay_minutes": 0,
           "auto_unstuck_ema_dist": 0,
           "auto_unstuck_qty_pct": 0,
           "auto_unstuck_wallet_exposure_threshold": 0.0,
           "backwards_tp": true,
           "ddown_factor": 2.056252575404829,
           "ema_span_0": 1389.716451242382,
           "ema_span_1": 1224.7847402530215,
           "enabled": true,
           "initial_eprice_ema_dist": -0.00454935845010829,
           "initial_qty_pct": 0.020189783971925754,
           "markup_range": 0.0024646224693414052,
           "min_markup": 0.006361944976728877,
           "n_close_orders": 2,
           "rentry_pprice_dist": 0.046475900773759356,
           "rentry_pprice_dist_wallet_exposure_weighting": 5.459424006678317,
           "wallet_exposure_limit": 1}}