{"config_name": "recursive_grid_0days",
 "logging_level": 0,
 "long": {"auto_unstuck_delay_minutes": 0,
          "auto_unstuck_ema_dist": 0,
          "auto_unstuck_qty_pct": 0,
          "auto_unstuck_wallet_exposure_threshold": 0.0,
          "backwards_tp": true,
          "ddown_factor": 2.3597626712514326,
          "ema_span_0": 823.3575213237308,
          "ema_span_1": 925.5183693946185,
          "enabled": true,
          "initial_eprice_ema_dist": 0.0008703020432899372,
          "initial_qty_pct": 0.01,
          "markup_range": 0.003388719258959775,
          "min_markup": 0.0021762616218390296,
          "n_close_orders": 5,
          "rentry_pprice_dist": 0.023985883381741974,
          "rentry_pprice_dist_wallet_exposure_weighting": 3.5470024032472685,
          "wallet_exposure_limit": 1},
 "short": {"auto_unstuck_delay_minutes": 0,
           "auto_unstuck_ema_dist": 0,
           "auto_unstuck_qty_pct": 0,
           "auto_unstuck_wallet_exposure_threshold": 0.0,
           "backwards_tp": true,
           "ddown_factor": 0.4321714465568106,
           "ema_span_0": 55.168427697371904,
           "ema_span_1": 162.4546295299272,
           "enabled": true,
           "initial_eprice_ema_dist": 0.002945721917182019,
           "initial_qty_pct": 0.010644779525936399,
           "markup_range": 0.0013482089662692676,
           "min_markup": 0.0021454782885135604,
           "n_close_orders": 5,
           "rentry_pprice_dist": 0.026186269775718456,
           "rentry_pprice_dist_wallet_exposure_weighting": 2.503421952674891,
           "wallet_exposure_limit": 1}}