{"config_name": "recursive_grid_0days",
 "logging_level": 0,
 "long": {"auto_unstuck_delay_minutes": 0,
          "auto_unstuck_ema_dist": 0,
          "auto_unstuck_qty_pct": 0,
          "auto_unstuck_wallet_exposure_threshold": 0.0,
          "backwards_tp": true,
          "ddown_factor": 0.41922432838775525,
          "ema_span_0": 370.49314780958593,
          "ema_span_1": 402.7425786856053,
          "enabled": true,
          "initial_eprice_ema_dist": -0.0323746709126999,
          "initial_qty_pct": 0.011202251469065106,
          "markup_range": 0.002234868442945427,
          "min_markup": 0.003448922965742159,
          "n_close_orders": 6,
          "rentry_pprice_dist": 0.018149593280380186,
          "rentry_pprice_dist_wallet_exposure_weighting": 4.340353265594197,
          "wallet_exposure_limit": 1},
 "short": {"auto_unstuck_delay_minutes": 0,
           "auto_unstuck_ema_dist": 0,
           "auto_unstuck_qty_pct": 0,
           "auto_unstuck_wallet_exposure_threshold": 0.0,
           "backwards_tp": true,
           "ddown_factor": 1.6975338954192147,
           "ema_span_0": 1389.5085262427317,
           "ema_span_1": 119.45995954939741,
           "enabled": true,
           "initial_eprice_ema_dist": 0.0023072273097465338,
           "initial_qty_pct": 0.012006742199491003,
           "markup_range": 0.000994474491293033,
           "min_markup": 0.007516300155891601,
           "n_close_orders": 9,
           "rentry_pprice_dist": 0.039553594355711603,
           "rentry_pprice_dist_wallet_exposure_weighting": 1.2163711144511433,
           "wallet_exposure_limit": 1}}