{"config_name": "recursive_grid_0days",
 "logging_level": 0,
 "long": {"auto_unstuck_delay_minutes": 0,
          "auto_unstuck_ema_dist": 0,
          "auto_unstuck_qty_pct": 0,
          "auto_unstuck_wallet_exposure_threshold": 0.0,
          "backwards_tp": true,
          "ddown_factor": 1.4699016146930428,
          "ema_span_0": 1304.3541053146641,
          "ema_span_1": 1415.0365114101714,
          "enabled": true,
          "initial_eprice_ema_dist": -0.0062494308971328605,
          "initial_qty_pct": 0.019972223351105427,
          "markup_range": 0.004344292972737513,
          "min_markup": 0.002522285542455863,
          "n_close_orders": 12,
          "rentry_pprice_dist": 0.028591802756668123,
          "rentry_pprice_dist_wallet_exposure_weighting": 0.22299898571140442,
          "wallet_exposure_limit": 1},
 "short": {"auto_unstuck_delay_minutes": 0,
           "auto_unstuck_ema_dist": 0,
           "auto_unstuck_qty_pct": 0,
           "auto_unstuck_wallet_exposure_threshold": 0.0,
           "backwards_tp": true,
           "ddown_factor": 2.1848255912377725,
           "ema_span_0": 520.9353554628135,
           "ema_span_1": 694.5172262857495,
           "enabled": true,
           "initial_eprice_ema_dist": 0.00037902074120364066,
           "initial_qty_pct": 0.010549661074555973,
           "markup_range": 0.001782638318971055,
           "min_markup": 0.007137527338246274,
           "n_close_orders": 14,
           "rentry_pprice_dist": 0.026089758081906847,
           "rentry_pprice_dist_wallet_exposure_weighting": 0.16248557520856585,
           "wallet_exposure_limit": 1}}