{"config_name": "recursive_grid_0days",
 "logging_level": 0,
 "long": {"auto_unstuck_delay_minutes": 0,
          "auto_unstuck_ema_dist": 0,
          "auto_unstuck_qty_pct": 0,
          "auto_unstuck_wallet_exposure_threshold": 0.0,
          "backwards_tp": true,
          "ddown_factor": 1.6684865961484956,
          "ema_span_0": 1410.922001523542,
          "ema_span_1": 308.1650440779536,
          "enabled": true,
          "initial_eprice_ema_dist": 0.0020705947429978167,
          "initial_qty_pct": 0.025394329024209024,
          "markup_range": 0.002037750896725011,
          "min_markup": 0.006105219633600634,
          "n_close_orders": 14,
          "rentry_pprice_dist": 0.04294933645159093,
          "rentry_pprice_dist_wallet_exposure_weighting": 3.409761339680275,
          "wallet_exposure_limit": 1},
 "short": {"auto_unstuck_delay_minutes": 0,
           "auto_unstuck_ema_dist": 0,
           "auto_unstuck_qty_pct": 0,
           "auto_unstuck_wallet_exposure_threshold": 0.0,
           "backwards_tp": true,
           "ddown_factor": 0.40785118193073316,
           "ema_span_0": 850.7717629277223,
           "ema_span_1": 1397.077907392876,
           "enabled": true,
           "initial_eprice_ema_dist": 0.003,
           "initial_qty_pct": 0.01634086256298613,
           "markup_range": 0.0037276074627684065,
           "min_markup": 0.002633033380738656,
           "n_close_orders": 11,
           "rentry_pprice_dist": 0.033857943954349344,
           "rentry_pprice_dist_wallet_exposure_weighting": 14.646001206499788,
           "wallet_exposure_limit": 1}}