{"config_name": "recursive_grid_0days",
 "logging_level": 0,
 "long": {"auto_unstuck_delay_minutes": 0,
          "auto_unstuck_ema_dist": 0,
          "auto_unstuck_qty_pct": 0,
          "auto_unstuck_wallet_exposure_threshold": 0.0,
          "backwards_tp": true,
          "ddown_factor": 0.6502594192908396,
          "ema_span_0": 427.302724054113,
          "ema_span_1": 525.1241138972119,
          "enabled": true,
          "initial_eprice_ema_dist": 0.0023047652177452284,
          "initial_qty_pct": 0.01443980653941104,
          "markup_range": 0.006152045986096421,
          "min_markup": 0.009373094415952785,
          "n_close_orders": 12,
          "rentry_pprice_dist": 0.029678349703712765,
          "rentry_pprice_dist_wallet_exposure_weighting": 2.762279862782721,
          "wallet_exposure_limit": 1},
 "short": {"auto_unstuck_delay_minutes": 0,
           "auto_unstuck_ema_dist": 0,
           "auto_unstuck_qty_pct": 0,
           "auto_unstuck_wallet_exposure_threshold": 0.0,
           "backwards_tp": true,
           "ddown_factor": 0.10010264283071404,
           "ema_span_0": 1074.7107635989628,
           "ema_span_1": 824.4020377981421,
           "enabled": true,
           "initial_eprice_ema_dist": 0.002997278810551917,
           "initial_qty_pct": 0.019997349195799628,
           "markup_range": 0.004116237409615031,
           "min_markup": 0.006676342857971211,
           "n_close_orders": 9,
           "rentry_pprice_dist": 0.029872158206496465,
           "rentry_pprice_dist_wallet_exposure_weighting": 8.605189052077773,
           "wallet_exposure_limit": 1}}