{"config_name": "recursive_grid_0days",
 "logging_level": 0,
 "long": {"auto_unstuck_delay_minutes": 0,
          "auto_unstuck_ema_dist": 0,
          "auto_unstuck_qty_pct": 0,
          "auto_unstuck_wallet_exposure_threshold": 0.0,
          "backwards_tp": true,
          "ddown_factor": 1.4767282214099784,
          "ema_span_0": 846.141025015807,
          "ema_span_1": 745.7537444199985,
          "enabled": true,
          "initial_eprice_ema_dist": -0.000818733574310699,
          "initial_qty_pct": 0.02272809437675032,
          "markup_range": 0.002623909209200225,
          "min_markup": 0.004152843225088494,
          "n_close_orders": 7,
          "rentry_pprice_dist": 0.036665271628493326,
          "rentry_pprice_dist_wallet_exposure_weighting": 2.590547524317663,
          "wallet_exposure_limit": 1},
 "short": {"auto_unstuck_delay_minutes": 0,
           "auto_unstuck_ema_dist": 0,
           "auto_unstuck_qty_pct": 0,
           "auto_unstuck_wallet_exposure_threshold": 0.0,
           "backwards_tp": true,
           "ddown_factor": 0.15185280654347125,
           "ema_span_0": 1182.1335525304887,
           "ema_span_1": 1189.9974908218674,
           "enabled": true,
           "initial_eprice_ema_dist": -0.0026521543454881623,
           "initial_qty_pct": 0.019761584129308805,
           "markup_range": 0.010844508407402163,
           "min_markup": 0.007568853695430891,
           "n_close_orders": 9,
           "rentry_pprice_dist": 0.026957193023371937,
           "rentry_pprice_dist_wallet_exposure_weighting": 5.254454234028381,
           "wallet_exposure_limit": 1}}