{"config_name": "recursive_grid_0days",
 "logging_level": 0,
 "long": {"auto_unstuck_delay_minutes": 0,
          "auto_unstuck_ema_dist": 0,
          "auto_unstuck_qty_pct": 0,
          "auto_unstuck_wallet_exposure_threshold": 0.0,
          "backwards_tp": true,
          "ddown_factor": 1.1638472547999432,
          "ema_span_0": 1117.4744269587823,
          "ema_span_1": 604.4645723363943,
          "enabled": true,
          "initial_eprice_ema_dist": 0.003,
          "initial_qty_pct": 0.037146278223516765,
          "markup_range": 0.00018508435468384934,
          "min_markup": 0.004810225761546988,
          "n_close_orders": 5,
          "rentry_pprice_dist": 0.03740912517947035,
          "rentry_pprice_dist_wallet_exposure_weighting": 2.2164910514112437,
          "wallet_exposure_limit": 1},
 "short": {"auto_unstuck_delay_minutes": 0,
           "auto_unstuck_ema_dist": 0,
           "auto_unstuck_qty_pct": 0,
           "auto_unstuck_wallet_exposure_threshold": 0.0,
           "backwards_tp": true,
           "ddown_factor": 0.6068706275116799,
           "ema_span_0": 1037.2534905089776,
           "ema_span_1": 1098.3789879806184,
           "enabled": true,
           "initial_eprice_ema_dist": -0.0037658560838242545,
           "initial_qty_pct": 0.010736681730108878,
           "markup_range": 0.005932320468843236,
           "min_markup": 0.004901359785888155,
           "n_close_orders": 7,
           "rentry_pprice_dist": 0.026788141557962088,
           "rentry_pprice_dist_wallet_exposure_weighting": 8.791922849331856,
           "wallet_exposure_limit": 1}}