{"config_name": "recursive_grid_0days",
 "logging_level": 0,
 "long": {"auto_unstuck_delay_minutes": 0,
          "auto_unstuck_ema_dist": 0,
          "auto_unstuck_qty_pct": 0,
          "auto_unstuck_wallet_exposure_threshold": 0.0,
          "backwards_tp": true,
          "ddown_factor": 2.028129410068454,
          "ema_span_0": 924.5127678207402,
          "ema_span_1": 903.1078362036825,
          "enabled": true,
          "initial_eprice_ema_dist": 0.001812669036965717,
          "initial_qty_pct": 0.02319573928718774,
          "markup_range": 0.0035374146913415864,
          "min_markup": 0.0023646857808298674,
          "n_close_orders": 13,
          "rentry_pprice_dist": 0.034652672357957416,
          "rentry_pprice_dist_wallet_exposure_weighting": 12.512008237206004,
          "wallet_exposure_limit": 1},
 "short": {"auto_unstuck_delay_minutes": 0,
           "auto_unstuck_ema_dist": 0,
           "auto_unstuck_qty_pct": 0,
           "auto_unstuck_wallet_exposure_threshold": 0.0,
           "backwards_tp": true,
           "ddown_factor": 1.7145634060427013,
           "ema_span_0": 1133.5922476739827,
           "ema_span_1": 717.7494225600486,
           "enabled": true,
           "initial_eprice_ema_dist": -0.008394578776144196,
           "initial_qty_pct": 0.012426263545564246,
           "markup_range": 0.000542490711175329,
           "min_markup": 0.002658876965783276,
           "n_close_orders": 13,
           "rentry_pprice_dist": 0.03735366673785612,
           "rentry_pprice_dist_wallet_exposure_weighting": 0.15321856839034267,
           "wallet_exposure_limit": 1}}