{"config_name": "recursive_grid_0days",
 "logging_level": 0,
 "long": {"auto_unstuck_delay_minutes": 0,
          "auto_unstuck_ema_dist": 0,
          "auto_unstuck_qty_pct": 0,
          "auto_unstuck_wallet_exposure_threshold": 0.0,
          "backwards_tp": true,
          "ddown_factor": 0.2916212898447389,
          "ema_span_0": 558.5924969044192,
          "ema_span_1": 609.0076501189745,
          "enabled": true,
          "initial_eprice_ema_dist": -0.008391773292204903,
          "initial_qty_pct": 0.019602929367910492,
          "markup_range": 0.010665910178031772,
          "min_markup": 0.002155920567569581,
          "n_close_orders": 15,
          "rentry_pprice_dist": 0.037429964583052214,
          "rentry_pprice_dist_wallet_exposure_weighting": 1.059012227840908,
          "wallet_exposure_limit": 1},
 "short": {"auto_unstuck_delay_minutes": 0,
           "auto_unstuck_ema_dist": 0,
           "auto_unstuck_qty_pct": 0,
           "auto_unstuck_wallet_exposure_threshold": 0.0,
           "backwards_tp": true,
           "ddown_factor": 1.1563091898658058,
           "ema_span_0": 509.5750826043466,
           "ema_span_1": 416.1793919164289,
           "enabled": true,
           "initial_eprice_ema_dist": -0.0012788787668857825,
           "initial_qty_pct": 0.0077909627178497495,
           "markup_range": 0.003547466737381803,
           "min_markup": 0.0072453079849926294,
           "n_close_orders": 12,
           "rentry_pprice_dist": 0.042819641678887015,
           "rentry_pprice_dist_wallet_exposure_weighting": 0.0,
           "wallet_exposure_limit": 1}}