{"config_name": "recursive_grid_0days",
 "logging_level": 0,
 "long": {"auto_unstuck_delay_minutes": 0,
          "auto_unstuck_ema_dist": 0,
          "auto_unstuck_qty_pct": 0,
          "auto_unstuck_wallet_exposure_threshold": 0.0,
          "backwards_tp": true,
          "ddown_factor": 0.3685341338712892,
          "ema_span_0": 886.1058079402355,
          "ema_span_1": 910.9533267449369,
          "enabled": true,
          "initial_eprice_ema_dist": 0.003,
          "initial_qty_pct": 0.014582215198611742,
          "markup_range": 0.008079481535987181,
          "min_markup": 0.00810771283544421,
          "n_close_orders": 3,
          "rentry_pprice_dist": 0.036050800256477986,
          "rentry_pprice_dist_wallet_exposure_weighting": 0.9822002657066692,
          "wallet_exposure_limit": 1},
 "short": {"auto_unstuck_delay_minutes": 0,
           "auto_unstuck_ema_dist": 0,
           "auto_unstuck_qty_pct": 0,
           "auto_unstuck_wallet_exposure_threshold": 0.0,
           "backwards_tp": true,
           "ddown_factor": 0.7853639861009549,
           "ema_span_0": 1098.6749956734006,
           "ema_span_1": 134.3864728612748,
           "enabled": true,
           "initial_eprice_ema_dist": -0.004657488451046941,
           "initial_qty_pct": 0.01088685213238326,
           "markup_range": 0.010432337579721177,
           "min_markup": 0.0030724771442552975,
           "n_close_orders": 9,
           "rentry_pprice_dist": 0.04150782369168784,
           "rentry_pprice_dist_wallet_exposure_weighting": 0.29489065155922,
           "wallet_exposure_limit": 1}}