{"config_name": "recursive_grid_0days",
 "logging_level": 0,
 "long": {"auto_unstuck_delay_minutes": 0,
          "auto_unstuck_ema_dist": 0,
          "auto_unstuck_qty_pct": 0,
          "auto_unstuck_wallet_exposure_threshold": 0.0,
          "backwards_tp": true,
          "ddown_factor": 0.3348118289029376,
          "ema_span_0": 898.9393684310244,
          "ema_span_1": 1084.4482579137707,
          "enabled": true,
          "initial_eprice_ema_dist": -0.05540606947248743,
          "initial_qty_pct": 0.010579950415496026,
          "markup_range": 0.004574135695249291,
          "min_markup": 0.005645633196329668,
          "n_close_orders": 12,
          "rentry_pprice_dist": 0.04904221175913274,
          "rentry_pprice_dist_wallet_exposure_weighting": 2.762984272071809,
          "wallet_exposure_limit": 1},
 "short": {"auto_unstuck_delay_minutes": 0,
           "auto_unstuck_ema_dist": 0,
           "auto_unstuck_qty_pct": 0,
           "auto_unstuck_wallet_exposure_threshold": 0.0,
           "backwards_tp": true,
           "ddown_factor": 1.3613311972205517,
           "ema_span_0": 1388.171144438497,
           "ema_span_1": 829.8946434256594,
           "enabled": true,
           "initial_eprice_ema_dist": -4.589532638213852e-05,
           "initial_qty_pct": 0.014087924677282334,
           "markup_range": 0.008012992897946474,
           "min_markup": 0.0038098844712745033,
           "n_close_orders": 4,
           "rentry_pprice_dist": 0.024352422809493693,
           "rentry_pprice_dist_wallet_exposure_weighting": 5.8505981924899455,
           "wallet_exposure_limit": 1}}