{"config_name": "recursive_grid_0days",
 "logging_level": 0,
 "long": {"auto_unstuck_delay_minutes": 0,
          "auto_unstuck_ema_dist": 0,
          "auto_unstuck_qty_pct": 0,
          "auto_unstuck_wallet_exposure_threshold": 0.0,
          "backwards_tp": true,
          "ddown_factor": 1.5886138086913626,
          "ema_span_0": 1154.1269345007006,
          "ema_span_1": 706.5736063654135,
          "enabled": true,
          "initial_eprice_ema_dist": 0.003,
          "initial_qty_pct": 0.011269157701837645,
          "markup_range": 0.0017021154122551247,
          "min_markup": 0.0016078575279569658,
          "n_close_orders": 9,
          "rentry_pprice_dist": 0.024469881687495566,
          "rentry_pprice_dist_wallet_exposure_weighting": 2.931422291032333,
          "wallet_exposure_limit": 1},
 "short": {"auto_unstuck_delay_minutes": 0,
           "auto_unstuck_ema_dist": 0,
           "auto_unstuck_qty_pct": 0,
           "auto_unstuck_wallet_exposure_threshold": 0.0,
           "backwards_tp": true,
           "ddown_factor": 1.4371185307439667,
           "ema_span_0": 1273.1529770740478,
           "ema_span_1": 1221.0017345771291,
           "enabled": true,
           "initial_eprice_ema_dist": 0.003,
           "initial_qty_pct": 0.010078217182047737,
           "markup_range": 0.003777149792378158,
           "min_markup": 0.00311499999185482,
           "n_close_orders": 11,
           "rentry_pprice_dist": 0.04993320353211517,
           "rentry_pprice_dist_wallet_exposure_weighting": 19.230717789805997,
           "wallet_exposure_limit": 1}}