{"config_name": "recursive_grid_0days",
 "logging_level": 0,
 "long": {"auto_unstuck_delay_minutes": 0,
          "auto_unstuck_ema_dist": 0,
          "auto_unstuck_qty_pct": 0,
          "auto_unstuck_wallet_exposure_threshold": 0.0,
          "backwards_tp": true,
          "ddown_factor": 2.020691559451297,
          "ema_span_0": 400,
          "ema_span_1": 774.6048168736422,
          "enabled": true,
          "initial_eprice_ema_dist": 0.0012040292827267954,
          "initial_qty_pct": 0.00601072228878128,
          "markup_range": 0.002519533155161096,
          "min_markup": 0.002039539878468083,
          "n_close_orders": 9,
          "rentry_pprice_dist": 0.019936134592632042,
          "rentry_pprice_dist_wallet_exposure_weighting": 0.4064538558156699,
          "wallet_exposure_limit": 1},
 "short": {"auto_unstuck_delay_minutes": 0,
           "auto_unstuck_ema_dist": 0,
           "auto_unstuck_qty_pct": 0,
           "auto_unstuck_wallet_exposure_threshold": 0.0,
           "backwards_tp": true,
           "ddown_factor": 2.181762167831372,
           "ema_span_0": 743.5173284055112,
           "ema_span_1": 439.58175610149084,
           "enabled": true,
           "initial_eprice_ema_dist": -0.000487545314499426,
           "initial_qty_pct": 0.01026230553024564,
           "markup_range": 0.00708918521007311,
           "min_markup": 0.008550730292101953,
           "n_close_orders": 2,
           "rentry_pprice_dist": 0.028822617879357207,
           "rentry_pprice_dist_wallet_exposure_weighting": 5.498284631619438,
           "wallet_exposure_limit": 1}}