{"config_name": "recursive_grid_0days",
 "logging_level": 0,
 "long": {"auto_unstuck_delay_minutes": 0,
          "auto_unstuck_ema_dist": 0,
          "auto_unstuck_qty_pct": 0,
          "auto_unstuck_wallet_exposure_threshold": 0.0,
          "backwards_tp": true,
          "ddown_factor": 2.2323714453801804,
          "ema_span_0": 698.5601327526128,
          "ema_span_1": 807.5052716319987,
          "enabled": true,
          "initial_eprice_ema_dist": -0.005921499420700241,
          "initial_qty_pct": 0.008690960875837135,
          "markup_range": 0.003807973674971341,
          "min_markup": 0.005656962160368147,
          "n_close_orders": 4,
          "rentry_pprice_dist": 0.030531166319683525,
          "rentry_pprice_dist_wallet_exposure_weighting": 0.6165552896209899,
          "wallet_exposure_limit": 1},
 "short": {"auto_unstuck_delay_minutes": 0,
           "auto_unstuck_ema_dist": 0,
           "auto_unstuck_qty_pct": 0,
           "auto_unstuck_wallet_exposure_threshold": 0.0,
           "backwards_tp": true,
           "ddown_factor": 2.499629287360372,
           "ema_span_0": 883.0775340372174,
           "ema_span_1": 933.1427456064213,
           "enabled": true,
           "initial_eprice_ema_dist": 0.000372611317017532,
           "initial_qty_pct": 0.010202221809728676,
           "markup_range": 0.0023991069039841343,
           "min_markup": 0.002289174237554193,
           "n_close_orders": 13,
           "rentry_pprice_dist": 0.038147387924601116,
           "rentry_pprice_dist_wallet_exposure_weighting": 4.659495257189758,
           "wallet_exposure_limit": 1}}