{"config_name": "recursive_grid_0days",
 "logging_level": 0,
 "long": {"auto_unstuck_delay_minutes": 0,
          "auto_unstuck_ema_dist": 0,
          "auto_unstuck_qty_pct": 0,
          "auto_unstuck_wallet_exposure_threshold": 0.0,
          "backwards_tp": true,
          "ddown_factor": 2.421944744848472,
          "ema_span_0": 226.81942378198588,
          "ema_span_1": 758.5592213892938,
          "enabled": true,
          "initial_eprice_ema_dist": -0.0015404273743832003,
          "initial_qty_pct": 0.010295983273855707,
          "markup_range": 0.0003038202346625824,
          "min_markup": 0.001891917865922612,
          "n_close_orders": 11,
          "rentry_pprice_dist": 0.021016476094840923,
          "rentry_pprice_dist_wallet_exposure_weighting": 1.637018520900838,
          "wallet_exposure_limit": 1},
 "short": {"auto_unstuck_delay_minutes": 0,
           "auto_unstuck_ema_dist": 0,
           "auto_unstuck_qty_pct": 0,
           "auto_unstuck_wallet_exposure_threshold": 0.0,
           "backwards_tp": true,
           "ddown_factor": 2.3997672102837906,
           "ema_span_0": 995.5160673294987,
           "ema_span_1": 1164.0558306214878,
           "enabled": true,
           "initial_eprice_ema_dist": -0.0022183041464622394,
           "initial_qty_pct": 0.01163049828157602,
           "markup_range": 0.0028183959844192107,
           "min_markup": 0.004682218870427307,
           "n_close_orders": 8,
           "rentry_pprice_dist": 0.03342509008485666,
           "rentry_pprice_dist_wallet_exposure_weighting": 1.0210932865643407,
           "wallet_exposure_limit": 1}}