{"config_name": "recursive_grid_0days",
 "logging_level": 0,
 "long": {"auto_unstuck_delay_minutes": 0,
          "auto_unstuck_ema_dist": 0,
          "auto_unstuck_qty_pct": 0,
          "auto_unstuck_wallet_exposure_threshold": 0.0,
          "backwards_tp": true,
          "ddown_factor": 0.6424363857170495,
          "ema_span_0": 1437.7722976413122,
          "ema_span_1": 1350.8017473602504,
          "enabled": true,
          "initial_eprice_ema_dist": 0.003,
          "initial_qty_pct": 0.01450475641380018,
          "markup_range": 0.0008443456538627595,
          "min_markup": 0.002195882428617129,
          "n_close_orders": 3,
          "rentry_pprice_dist": 0.04215419340302481,
          "rentry_pprice_dist_wallet_exposure_weighting": 3.5906421801552915,
          "wallet_exposure_limit": 1},
 "short": {"auto_unstuck_delay_minutes": 0,
           "auto_unstuck_ema_dist": 0,
           "auto_unstuck_qty_pct": 0,
           "auto_unstuck_wallet_exposure_threshold": 0.0,
           "backwards_tp": true,
           "ddown_factor": 1.6269250569676088,
           "ema_span_0": 63.409059503207935,
           "ema_span_1": 850.6763932151352,
           "enabled": true,
           "initial_eprice_ema_dist": 0.0005780359348923369,
           "initial_qty_pct": 0.010017779264110294,
           "markup_range": 0.00237327750195252,
           "min_markup": 0.0064970075700369265,
           "n_close_orders": 8,
           "rentry_pprice_dist": 0.024734876079026302,
           "rentry_pprice_dist_wallet_exposure_weighting": 1.6578542265690979,
           "wallet_exposure_limit": 1}}