{"config_name": "recursive_grid_0days",
 "logging_level": 0,
 "long": {"auto_unstuck_delay_minutes": 0,
          "auto_unstuck_ema_dist": 0,
          "auto_unstuck_qty_pct": 0,
          "auto_unstuck_wallet_exposure_threshold": 0.0,
          "backwards_tp": true,
          "ddown_factor": 2.0460461074381726,
          "ema_span_0": 436.81420344759994,
          "ema_span_1": 270.83462233274577,
          "enabled": true,
          "initial_eprice_ema_dist": 0.0017541021092822321,
          "initial_qty_pct": 0.01594191334559591,
          "markup_range": 0.006807506547121095,
          "min_markup": 0.004221603224609473,
          "n_close_orders": 6,
          "rentry_pprice_dist": 0.04687798736716171,
          "rentry_pprice_dist_wallet_exposure_weighting": 4.201095782330227,
          "wallet_exposure_limit": 1},
 "short": {"auto_unstuck_delay_minutes": 0,
           "auto_unstuck_ema_dist": 0,
           "auto_unstuck_qty_pct": 0,
           "auto_unstuck_wallet_exposure_threshold": 0.0,
           "backwards_tp": true,
           "ddown_factor": 2.6849953101385027,
           "ema_span_0": 1053.348591977838,
           "ema_span_1": 1258.1268827704039,
           "enabled": true,
           "initial_eprice_ema_dist": 0.003,
           "initial_qty_pct": 0.013999954870322833,
           "markup_range": 0.004502195832399292,
           "min_markup": 0.00572592328033881,
           "n_close_orders": 11,
           "rentry_pprice_dist": 0.046940856192677155,
           "rentry_pprice_dist_wallet_exposure_weighting": 0.4604915254553113,
           "wallet_exposure_limit": 1}}