{"config_name": "recursive_grid_0days",
 "logging_level": 0,
 "long": {"auto_unstuck_delay_minutes": 0,
          "auto_unstuck_ema_dist": 0,
          "auto_unstuck_qty_pct": 0,
          "auto_unstuck_wallet_exposure_threshold": 0.0,
          "backwards_tp": true,
          "ddown_factor": 0.2041050756737308,
          "ema_span_0": 613.6568018674424,
          "ema_span_1": 637.8321600602409,
          "enabled": true,
          "initial_eprice_ema_dist": -0.09624393774066053,
          "initial_qty_pct": 0.010411860421951927,
          "markup_range": 0.0004255479302802694,
          "min_markup": 0.00989069230927676,
          "n_close_orders": 16,
          "rentry_pprice_dist": 0.046006619935422384,
          "rentry_pprice_dist_wallet_exposure_weighting": 0.3030238359108512,
          "wallet_exposure_limit": 1},
 "short": {"auto_unstuck_delay_minutes": 0,
           "auto_unstuck_ema_dist": 0,
           "auto_unstuck_qty_pct": 0,
           "auto_unstuck_wallet_exposure_threshold": 0.0,
           "backwards_tp": true,
           "ddown_factor": 2.8868322250667515,
           "ema_span_0": 1227.262346624378,
           "ema_span_1": 1341.9342397874561,
           "enabled": true,
           "initial_eprice_ema_dist": -0.0014140378328678282,
           "initial_qty_pct": 0.017516379623267242,
           "markup_range": 0.0036940009139764035,
           "min_markup": 0.008271705970674434,
           "n_close_orders": 10,
           "rentry_pprice_dist": 0.04999819743490419,
           "rentry_pprice_dist_wallet_exposure_weighting": 1.376017416455,
           "wallet_exposure_limit": 1}}