{"config_name": "recursive_grid_0days",
 "logging_level": 0,
 "long": {"auto_unstuck_delay_minutes": 0,
          "auto_unstuck_ema_dist": 0,
          "auto_unstuck_qty_pct": 0,
          "auto_unstuck_wallet_exposure_threshold": 0.0,
          "backwards_tp": true,
          "ddown_factor": 2.995636321420059,
          "ema_span_0": 906.8283608927678,
          "ema_span_1": 883.2188539473509,
          "enabled": true,
          "initial_eprice_ema_dist": 0.0024946273459240925,
          "initial_qty_pct": 0.018115621140930235,
          "markup_range": 0.004123254112489574,
          "min_markup": 0.003319368702866852,
          "n_close_orders": 13,
          "rentry_pprice_dist": 0.03290466891943074,
          "rentry_pprice_dist_wallet_exposure_weighting": 0.5335213134683957,
          "wallet_exposure_limit": 1},
 "short": {"auto_unstuck_delay_minutes": 0,
           "auto_unstuck_ema_dist": 0,
           "auto_unstuck_qty_pct": 0,
           "auto_unstuck_wallet_exposure_threshold": 0.0,
           "backwards_tp": true,
           "ddown_factor": 1.828930999417109,
           "ema_span_0": 1114.2066648695493,
           "ema_span_1": 399.09098474061165,
           "enabled": true,
           "initial_eprice_ema_dist": 0.002999660555073509,
           "initial_qty_pct": 0.015401117201869938,
           "markup_range": 0.003528445247639603,
           "min_markup": 0.004603339176263685,
           "n_close_orders": 14,
           "rentry_pprice_dist": 0.026611317760582034,
           "rentry_pprice_dist_wallet_exposure_weighting": 13.41470482307749,
           "wallet_exposure_limit": 1}}