{"config_name": "recursive_grid_0days",
 "logging_level": 0,
 "long": {"auto_unstuck_delay_minutes": 0,
          "auto_unstuck_ema_dist": 0,
          "auto_unstuck_qty_pct": 0,
          "auto_unstuck_wallet_exposure_threshold": 0.0,
          "backwards_tp": true,
          "ddown_factor": 0.10093919533531587,
          "ema_span_0": 774.2958923275753,
          "ema_span_1": 533.2535451477125,
          "enabled": true,
          "initial_eprice_ema_dist": 0.0004741688198622525,
          "initial_qty_pct": 0.01851658732669561,
          "markup_range": 0.003920994631736299,
          "min_markup": 0.00407725032022307,
          "n_close_orders": 14,
          "rentry_pprice_dist": 0.038138285868704984,
          "rentry_pprice_dist_wallet_exposure_weighting": 2.208551392385098,
          "wallet_exposure_limit": 1},
 "short": {"auto_unstuck_delay_minutes": 0,
           "auto_unstuck_ema_dist": 0,
           "auto_unstuck_qty_pct": 0,
           "auto_unstuck_wallet_exposure_threshold": 0.0,
           "backwards_tp": true,
           "ddown_factor": 1.0230013332526442,
           "ema_span_0": 948.6876780252531,
           "ema_span_1": 1287.560466844553,
           "enabled": true,
           "initial_eprice_ema_dist": 0.0012379335212399359,
           "initial_qty_pct": 0.013450735419898477,
           "markup_range": 0.003736597199601087,
           "min_markup": 0.005822176662193961,
           "n_close_orders": 14,
           "rentry_pprice_dist": 0.035598806580745095,
           "rentry_pprice_dist_wallet_exposure_weighting": 2.203668366035464,
           "wallet_exposure_limit": 1}}