{"config_name": "recursive_grid_0days",
 "logging_level": 0,
 "long": {"auto_unstuck_delay_minutes": 0,
          "auto_unstuck_ema_dist": 0,
          "auto_unstuck_qty_pct": 0,
          "auto_unstuck_wallet_exposure_threshold": 0.0,
          "backwards_tp": true,
          "ddown_factor": 0.12803892905006053,
          "ema_span_0": 586.789510423463,
          "ema_span_1": 777.1311028776739,
          "enabled": true,
          "initial_eprice_ema_dist": -0.08665976868675607,
          "initial_qty_pct": 0.014808201827056227,
          "markup_range": 0.0,
          "min_markup": 0.005886185525842562,
          "n_close_orders": 9,
          "rentry_pprice_dist": 0.04563555944953101,
          "rentry_pprice_dist_wallet_exposure_weighting": 1.3437400575178633,
          "wallet_exposure_limit": 1},
 "short": {"auto_unstuck_delay_minutes": 0,
           "auto_unstuck_ema_dist": 0,
           "auto_unstuck_qty_pct": 0,
           "auto_unstuck_wallet_exposure_threshold": 0.0,
           "backwards_tp": true,
           "ddown_factor": 2.0552222946902887,
           "ema_span_0": 101.62372142899562,
           "ema_span_1": 696.7655120938068,
           "enabled": true,
           "initial_eprice_ema_dist": 0.0004928515288830013,
           "initial_qty_pct": 0.010596446758720193,
           "markup_range": 0.005191721494529999,
           "min_markup": 0.0076298631107488205,
           "n_close_orders": 12,
           "rentry_pprice_dist": 0.034104666188999676,
           "rentry_pprice_dist_wallet_exposure_weighting": 5.9927829584085925,
           "wallet_exposure_limit": 1}}