{"config_name": "recursive_grid_0days",
 "logging_level": 0,
 "long": {"auto_unstuck_delay_minutes": 0,
          "auto_unstuck_ema_dist": 0,
          "auto_unstuck_qty_pct": 0,
          "auto_unstuck_wallet_exposure_threshold": 0.0,
          "backwards_tp": true,
          "ddown_factor": 2.6554732992431576,
          "ema_span_0": 175.68164943684815,
          "ema_span_1": 621.8944115656236,
          "enabled": true,
          "initial_eprice_ema_dist": 0.003,
          "initial_qty_pct": 0.010167862578843298,
          "markup_range": 0.003781128171719039,
          "min_markup": 0.001013398808925691,
          "n_close_orders": 13,
          "rentry_pprice_dist": 0.0404735888066054,
          "rentry_pprice_dist_wallet_exposure_weighting": 1.3991272195302047,
          "wallet_exposure_limit": 1},
 "short": {"auto_unstuck_delay_minutes": 0,
           "auto_unstuck_ema_dist": 0,
           "auto_unstuck_qty_pct": 0,
           "auto_unstuck_wallet_exposure_threshold": 0.0,
           "backwards_tp": true,
           "ddown_factor": 2.709422715133838,
           "ema_span_0": 227.44813547405982,
           "ema_span_1": 710.2379140608508,
           "enabled": true,
           "initial_eprice_ema_dist": 0.00299462153910778,
           "initial_qty_pct": 0.012189138851191616,
           "markup_range": 0.000671237194353046,
           "min_markup": 0.0028652285336289874,
           "n_close_orders": 3,
           "rentry_pprice_dist": 0.03702750165150465,
           "rentry_pprice_dist_wallet_exposure_weighting": 4.35572394533504,
           "wallet_exposure_limit": 1}}