{"config_name": "recursive_grid_0days",
 "logging_level": 0,
 "long": {"auto_unstuck_delay_minutes": 0,
          "auto_unstuck_ema_dist": 0,
          "auto_unstuck_qty_pct": 0,
          "auto_unstuck_wallet_exposure_threshold": 0.0,
          "backwards_tp": true,
          "ddown_factor": 0.4213939277191894,
          "ema_span_0": 858.5538872054519,
          "ema_span_1": 241.21523680990828,
          "enabled": true,
          "initial_eprice_ema_dist": 0.0018788273722026385,
          "initial_qty_pct": 0.027092363278732882,
          "markup_range": 0.007613071124436622,
          "min_markup": 0.007010887227932265,
          "n_close_orders": 10,
          "rentry_pprice_dist": 0.03185688844552271,
          "rentry_pprice_dist_wallet_exposure_weighting": 1.9876100176787204,
          "wallet_exposure_limit": 1},
 "short": {"auto_unstuck_delay_minutes": 0,
           "auto_unstuck_ema_dist": 0,
           "auto_unstuck_qty_pct": 0,
           "auto_unstuck_wallet_exposure_threshold": 0.0,
           "backwards_tp": true,
           "ddown_factor": 0.7558432880653557,
           "ema_span_0": 139.23177746768826,
           "ema_span_1": 736.5827950423309,
           "enabled": true,
           "initial_eprice_ema_dist": 0.003,
           "initial_qty_pct": 0.018928542741054877,
           "markup_range": 0.008725047833742528,
           "min_markup": 0.00122241551187474,
           "n_close_orders": 8,
           "rentry_pprice_dist": 0.02675160507141435,
           "rentry_pprice_dist_wallet_exposure_weighting": 0.03528989111242751,
           "wallet_exposure_limit": 1}}