{"config_name": "recursive_grid_0days",
 "logging_level": 0,
 "long": {"auto_unstuck_delay_minutes": 0,
          "auto_unstuck_ema_dist": 0,
          "auto_unstuck_qty_pct": 0,
          "auto_unstuck_wallet_exposure_threshold": 0.0,
          "backwards_tp": true,
          "ddown_factor": 0.5151924328943166,
          "ema_span_0": 1409.8581027835396,
          "ema_span_1": 1342.4554455584002,
          "enabled": true,
          "initial_eprice_ema_dist": -0.0030189565435901713,
          "initial_qty_pct": 0.012571369083895145,
          "markup_range": 0.00315558099083896,
          "min_markup": 0.0025786395504433963,
          "n_close_orders": 16,
          "rentry_pprice_dist": 0.04163847422957823,
          "rentry_pprice_dist_wallet_exposure_weighting": 5.17432227051155,
          "wallet_exposure_limit": 1},
 "short": {"auto_unstuck_delay_minutes": 0,
           "auto_unstuck_ema_dist": 0,
           "auto_unstuck_qty_pct": 0,
           "auto_unstuck_wallet_exposure_threshold": 0.0,
           "backwards_tp": true,
           "ddown_factor": 0.4525711048488637,
           "ema_span_0": 1437.442364944702,
           "ema_span_1": 1228.0988469994659,
           "enabled": true,
           "initial_eprice_ema_dist": 0.0026953057433657963,
           "initial_qty_pct": 0.011014907467992842,
           "markup_range": 0.006071999400492839,
           "min_markup": 0.007493541345377449,
           "n_close_orders": 12,
           "rentry_pprice_dist": 0.05,
           "rentry_pprice_dist_wallet_exposure_weighting": 4.847933328674897,
           "wallet_exposure_limit": 1}}