{"config_name": "recursive_grid_0days",
 "logging_level": 0,
 "long": {"auto_unstuck_delay_minutes": 0,
          "auto_unstuck_ema_dist": 0,
          "auto_unstuck_qty_pct": 0,
          "auto_unstuck_wallet_exposure_threshold": 0.0,
          "backwards_tp": true,
          "ddown_factor": 1.9513788780570864,
          "ema_span_0": 982.7403190317676,
          "ema_span_1": 930.3065279666947,
          "enabled": true,
          "initial_eprice_ema_dist": -0.00630479376885408,
          "initial_qty_pct": 0.010109000210987665,
          "markup_range": 0.005021467778921763,
          "min_markup": 0.0022864912312607873,
          "n_close_orders": 10,
          "rentry_pprice_dist": 0.05,
          "rentry_pprice_dist_wallet_exposure_weighting": 1.982451159115923,
          "wallet_exposure_limit": 1},
 "short": {"auto_unstuck_delay_minutes": 0,
           "auto_unstuck_ema_dist": 0,
           "auto_unstuck_qty_pct": 0,
           "auto_unstuck_wallet_exposure_threshold": 0.0,
           "backwards_tp": true,
           "ddown_factor": 0.5096601580601672,
           "ema_span_0": 84.20467232047376,
           "ema_span_1": 129.14542781384955,
           "enabled": true,
           "initial_eprice_ema_dist": 0.00242156483739608,
           "initial_qty_pct": 0.01225600595186627,
           "markup_range": 0.002801444068885329,
           "min_markup": 0.0020768561411114773,
           "n_close_orders": 5,
           "rentry_pprice_dist": 0.029454557567426695,
           "rentry_pprice_dist_wallet_exposure_weighting": 1.6975042693262774,
           "wallet_exposure_limit": 1}}