{"config_name": "recursive_grid_0days",
 "logging_level": 0,
 "long": {"auto_unstuck_delay_minutes": 0,
          "auto_unstuck_ema_dist": 0,
          "auto_unstuck_qty_pct": 0,
          "auto_unstuck_wallet_exposure_threshold": 0.0,
          "backwards_tp": true,
          "ddown_factor": 0.46168820615542666,
          "ema_span_0": 780.872872240052,
          "ema_span_1": 774.1829890406774,
          "enabled": true,
          "initial_eprice_ema_dist": 0.0026172259699345493,
          "initial_qty_pct": 0.013595973161185198,
          "markup_range": 0.007268279223425853,
          "min_markup": 0.004645947250694696,
          "n_close_orders": 10,
          "rentry_pprice_dist": 0.044904839859627295,
          "rentry_pprice_dist_wallet_exposure_weighting": 1.4970166600108554,
          "wallet_exposure_limit": 1},
 "short": {"auto_unstuck_delay_minutes": 0,
           "auto_unstuck_ema_dist": 0,
           "auto_unstuck_qty_pct": 0,
           "auto_unstuck_wallet_exposure_threshold": 0.0,
           "backwards_tp": true,
           "ddown_factor": 2.3228886438923255,
           "ema_span_0": 1031.8812573437096,
           "ema_span_1": 865.5132169377359,
           "enabled": true,
           "initial_eprice_ema_dist": 0.003,
           "initial_qty_pct": 0.02170439277392474,
           "markup_range": 0.004528965017083598,
           "min_markup": 0.007202415522423826,
           "n_close_orders": 13,
           "rentry_pprice_dist": 0.048091835302327905,
           "rentry_pprice_dist_wallet_exposure_weighting": 1.7227743224778627,
           "wallet_exposure_limit": 1}}