{"config_name": "recursive_grid_0days",
 "logging_level": 0,
 "long": {"auto_unstuck_delay_minutes": 0,
          "auto_unstuck_ema_dist": 0,
          "auto_unstuck_qty_pct": 0,
          "auto_unstuck_wallet_exposure_threshold": 0.0,
          "backwards_tp": true,
          "ddown_factor": 1.2849926602108133,
          "ema_span_0": 1388.040387409667,
          "ema_span_1": 919.915787140735,
          "enabled": true,
          "initial_eprice_ema_dist": 0.003,
          "initial_qty_pct": 0.01719224245774457,
          "markup_range": 0.002439154637656019,
          "min_markup": 0.004061240835374673,
          "n_close_orders": 8,
          "rentry_pprice_dist": 0.036112433932226615,
          "rentry_pprice_dist_wallet_exposure_weighting": 1.8981016480199164,
          "wallet_exposure_limit": 1},
 "short": {"auto_unstuck_delay_minutes": 0,
           "auto_unstuck_ema_dist": 0,
           "auto_unstuck_qty_pct": 0,
           "auto_unstuck_wallet_exposure_threshold": 0.0,
           "backwards_tp": true,
           "ddown_factor": 2.2028931896853043,
           "ema_span_0": 5,
           "ema_span_1": 1335.0770846965536,
           "enabled": true,
           "initial_eprice_ema_dist": 0.002704302861379386,
           "initial_qty_pct": 0.010202613497620182,
           "markup_range": 0.0,
           "min_markup": 0.001040675599169956,
           "n_close_orders": 4,
           "rentry_pprice_dist": 0.04986159472655877,
           "rentry_pprice_dist_wallet_exposure_weighting": 7.150238426590064,
           "wallet_exposure_limit": 1}}