{"config_name": "recursive_grid_0days",
 "logging_level": 0,
 "long": {"auto_unstuck_delay_minutes": 0,
          "auto_unstuck_ema_dist": 0,
          "auto_unstuck_qty_pct": 0,
          "auto_unstuck_wallet_exposure_threshold": 0.0,
          "backwards_tp": true,
          "ddown_factor": 2.358331656288614,
          "ema_span_0": 825.3959971235149,
          "ema_span_1": 925.9925455486562,
          "enabled": true,
          "initial_eprice_ema_dist": 0.0008680423389016931,
          "initial_qty_pct": 0.010039405402017962,
          "markup_range": 0.0033696794708820716,
          "min_markup": 0.002184090674088523,
          "n_close_orders": 5,
          "rentry_pprice_dist": 0.023959573229806623,
          "rentry_pprice_dist_wallet_exposure_weighting": 3.573158532066101,
          "wallet_exposure_limit": 1},
 "short": {"auto_unstuck_delay_minutes": 0,
           "auto_unstuck_ema_dist": 0,
           "auto_unstuck_qty_pct": 0,
           "auto_unstuck_wallet_exposure_threshold": 0.0,
           "backwards_tp": true,
           "ddown_factor": 0.6022801362329805,
           "ema_span_0": 785.8215590462997,
           "ema_span_1": 1428.4392666241056,
           "enabled": true,
           "initial_eprice_ema_dist": -0.00705284302021325,
           "initial_qty_pct": 0.01526966102624325,
           "markup_range": 0.003841531553454811,
           "min_markup": 0.0053179326142975955,
           "n_close_orders": 2,
           "rentry_pprice_dist": 0.03880756261120414,
           "rentry_pprice_dist_wallet_exposure_weighting": 5.855593710561918,
           "wallet_exposure_limit": 1}}