{"config_name": "recursive_grid_0days",
 "logging_level": 0,
 "long": {"auto_unstuck_delay_minutes": 0,
          "auto_unstuck_ema_dist": 0,
          "auto_unstuck_qty_pct": 0,
          "auto_unstuck_wallet_exposure_threshold": 0.0,
          "backwards_tp": true,
          "ddown_factor": 1.0303015283293382,
          "ema_span_0": 956.9991471553062,
          "ema_span_1": 1378.7478421961493,
          "enabled": true,
          "initial_eprice_ema_dist": -0.03101194002462069,
          "initial_qty_pct": 0.01015177996030896,
          "markup_range": 0.0009298038617315877,
          "min_markup": 0.0021243077616860265,
          "n_close_orders": 4,
          "rentry_pprice_dist": 0.04274126263356027,
          "rentry_pprice_dist_wallet_exposure_weighting": 1.0250643098489938,
          "wallet_exposure_limit": 1},
 "short": {"auto_unstuck_delay_minutes": 0,
           "auto_unstuck_ema_dist": 0,
           "auto_unstuck_qty_pct": 0,
           "auto_unstuck_wallet_exposure_threshold": 0.0,
           "backwards_tp": true,
           "ddown_factor": 1.2818500082491635,
           "ema_span_0": 595.3994015662455,
           "ema_span_1": 22.795677773325288,
           "enabled": true,
           "initial_eprice_ema_dist": 0.002999998075207709,
           "initial_qty_pct": 0.010698377338213482,
           "markup_range": 0.0,
           "min_markup": 0.001359091367591985,
           "n_close_orders": 4,
           "rentry_pprice_dist": 0.01782541589739945,
           "rentry_pprice_dist_wallet_exposure_weighting": 4.66896064092148,
           "wallet_exposure_limit": 1}}