{"config_name": "recursive_grid_0days",
 "logging_level": 0,
 "long": {"auto_unstuck_delay_minutes": 0,
          "auto_unstuck_ema_dist": 0,
          "auto_unstuck_qty_pct": 0,
          "auto_unstuck_wallet_exposure_threshold": 0.0,
          "backwards_tp": true,
          "ddown_factor": 0.9832737944022886,
          "ema_span_0": 850.0844416886026,
          "ema_span_1": 571.307729846649,
          "enabled": true,
          "initial_eprice_ema_dist": 0.003,
          "initial_qty_pct": 0.018990568275421706,
          "markup_range": 0.006385011349655784,
          "min_markup": 0.006179353113477584,
          "n_close_orders": 11,
          "rentry_pprice_dist": 0.039037570933708285,
          "rentry_pprice_dist_wallet_exposure_weighting": 2.655703984701208,
          "wallet_exposure_limit": 1},
 "short": {"auto_unstuck_delay_minutes": 0,
           "auto_unstuck_ema_dist": 0,
           "auto_unstuck_qty_pct": 0,
           "auto_unstuck_wallet_exposure_threshold": 0.0,
           "backwards_tp": true,
           "ddown_factor": 1.5420270472723892,
           "ema_span_0": 1374.8897473089578,
           "ema_span_1": 1272.3698204473103,
           "enabled": true,
           "initial_eprice_ema_dist": -0.008540374978937212,
           "initial_qty_pct": 0.011401085999828413,
           "markup_range": 0.003923181273130562,
           "min_markup": 0.004980882762105721,
           "n_close_orders": 6,
           "rentry_pprice_dist": 0.04573026831537671,
           "rentry_pprice_dist_wallet_exposure_weighting": 9.74091381546843,
           "wallet_exposure_limit": 1}}