{"config_name": "recursive_grid_0days",
 "logging_level": 0,
 "long": {"auto_unstuck_delay_minutes": 0,
          "auto_unstuck_ema_dist": 0,
          "auto_unstuck_qty_pct": 0,
          "auto_unstuck_wallet_exposure_threshold": 0.0,
          "backwards_tp": true,
          "ddown_factor": 2.7032342454575695,
          "ema_span_0": 591.0869658685148,
          "ema_span_1": 1368.3421719722853,
          "enabled": true,
          "initial_eprice_ema_dist": -0.0005304537616243402,
          "initial_qty_pct": 0.014546193835369562,
          "markup_range": 0.006326609615914865,
          "min_markup": 0.005757628251415276,
          "n_close_orders": 5,
          "rentry_pprice_dist": 0.03927816523577936,
          "rentry_pprice_dist_wallet_exposure_weighting": 6.968260530955489,
          "wallet_exposure_limit": 1},
 "short": {"auto_unstuck_delay_minutes": 0,
           "auto_unstuck_ema_dist": 0,
           "auto_unstuck_qty_pct": 0,
           "auto_unstuck_wallet_exposure_threshold": 0.0,
           "backwards_tp": true,
           "ddown_factor": 1.4371185307439667,
           "ema_span_0": 1273.1529770740478,
           "ema_span_1": 1221.0017345771291,
           "enabled": true,
           "initial_eprice_ema_dist": 0.003,
           "initial_qty_pct": 0.010078217182047737,
           "markup_range": 0.003777149792378158,
           "min_markup": 0.00311499999185482,
           "n_close_orders": 11,
           "rentry_pprice_dist": 0.04993320353211517,
           "rentry_pprice_dist_wallet_exposure_weighting": 19.230717789805997,
           "wallet_exposure_limit": 1}}