{"config_name": "recursive_grid_0days",
 "logging_level": 0,
 "long": {"auto_unstuck_delay_minutes": 0,
          "auto_unstuck_ema_dist": 0,
          "auto_unstuck_qty_pct": 0,
          "auto_unstuck_wallet_exposure_threshold": 0.0,
          "backwards_tp": true,
          "ddown_factor": 2.7952400032041576,
          "ema_span_0": 556.9839885484915,
          "ema_span_1": 1416.7673011159718,
          "enabled": true,
          "initial_eprice_ema_dist": -8.713856503897841e-05,
          "initial_qty_pct": 0.013441137383660144,
          "markup_range": 0.00781926168532423,
          "min_markup": 0.005133158735618258,
          "n_close_orders": 5,
          "rentry_pprice_dist": 0.03923924176996933,
          "rentry_pprice_dist_wallet_exposure_weighting": 7.077046887968463,
          "wallet_exposure_limit": 1},
 "short": {"auto_unstuck_delay_minutes": 0,
           "auto_unstuck_ema_dist": 0,
           "auto_unstuck_qty_pct": 0,
           "auto_unstuck_wallet_exposure_threshold": 0.0,
           "backwards_tp": true,
           "ddown_factor": 1.1550851144718783,
           "ema_span_0": 1005.6182137961305,
           "ema_span_1": 1089.6922451555185,
           "enabled": true,
           "initial_eprice_ema_dist": -0.0039073086876710615,
           "initial_qty_pct": 0.010209378393004061,
           "markup_range": 0.00884609387767591,
           "min_markup": 0.009300928137759904,
           "n_close_orders": 8,
           "rentry_pprice_dist": 0.0486653640957279,
           "rentry_pprice_dist_wallet_exposure_weighting": 11.831226809740617,
           "wallet_exposure_limit": 1}}