{"config_name": "recursive_grid_0days",
 "logging_level": 0,
 "long": {"auto_unstuck_delay_minutes": 0,
          "auto_unstuck_ema_dist": 0,
          "auto_unstuck_qty_pct": 0,
          "auto_unstuck_wallet_exposure_threshold": 0.0,
          "backwards_tp": true,
          "ddown_factor": 2.484802503770602,
          "ema_span_0": 1252.9880701365964,
          "ema_span_1": 1283.8310355505225,
          "enabled": true,
          "initial_eprice_ema_dist": -0.0014946953594713061,
          "initial_qty_pct": 0.025021071012409617,
          "markup_range": 0.002660772952680915,
          "min_markup": 0.0026460094809959496,
          "n_close_orders": 7,
          "rentry_pprice_dist": 0.03417410510317681,
          "rentry_pprice_dist_wallet_exposure_weighting": 0.20985664340462223,
          "wallet_exposure_limit": 1},
 "short": {"auto_unstuck_delay_minutes": 0,
           "auto_unstuck_ema_dist": 0,
           "auto_unstuck_qty_pct": 0,
           "auto_unstuck_wallet_exposure_threshold": 0.0,
           "backwards_tp": true,
           "ddown_factor": 2.547989624209356,
           "ema_span_0": 1060.812147876145,
           "ema_span_1": 817.36741395738,
           "enabled": true,
           "initial_eprice_ema_dist": -0.002879567722425397,
           "initial_qty_pct": 0.010105166298719106,
           "markup_range": 0.0,
           "min_markup": 0.002671631225042868,
           "n_close_orders": 5,
           "rentry_pprice_dist": 0.031884062976990694,
           "rentry_pprice_dist_wallet_exposure_weighting": 15.040118026870228,
           "wallet_exposure_limit": 1}}