{"config_name": "recursive_grid_0days",
 "logging_level": 0,
 "long": {"auto_unstuck_delay_minutes": 0,
          "auto_unstuck_ema_dist": 0,
          "auto_unstuck_qty_pct": 0,
          "auto_unstuck_wallet_exposure_threshold": 0.0,
          "backwards_tp": true,
          "ddown_factor": 1.0591375235187435,
          "ema_span_0": 164.57985056149792,
          "ema_span_1": 135.71837416430185,
          "enabled": true,
          "initial_eprice_ema_dist": -0.0035093599908284,
          "initial_qty_pct": 0.013134932183597757,
          "markup_range": 0.0043559871104927326,
          "min_markup": 0.007661503271713894,
          "n_close_orders": 15,
          "rentry_pprice_dist": 0.03546225580975332,
          "rentry_pprice_dist_wallet_exposure_weighting": 3.0539612649797423,
          "wallet_exposure_limit": 1},
 "short": {"auto_unstuck_delay_minutes": 0,
           "auto_unstuck_ema_dist": 0,
           "auto_unstuck_qty_pct": 0,
           "auto_unstuck_wallet_exposure_threshold": 0.0,
           "backwards_tp": true,
           "ddown_factor": 1.6642500081722134,
           "ema_span_0": 82.4537993821596,
           "ema_span_1": 825.2762160654898,
           "enabled": true,
           "initial_eprice_ema_dist": 0.0007352236353025458,
           "initial_qty_pct": 0.010001791624299398,
           "markup_range": 0.0025101801072817675,
           "min_markup": 0.006491997256162046,
           "n_close_orders": 8,
           "rentry_pprice_dist": 0.024544000404972188,
           "rentry_pprice_dist_wallet_exposure_weighting": 1.7157910973858348,
           "wallet_exposure_limit": 1}}