{"config_name": "recursive_grid_0days",
 "logging_level": 0,
 "long": {"auto_unstuck_delay_minutes": 0,
          "auto_unstuck_ema_dist": 0,
          "auto_unstuck_qty_pct": 0,
          "auto_unstuck_wallet_exposure_threshold": 0.0,
          "backwards_tp": true,
          "ddown_factor": 0.2680261811300216,
          "ema_span_0": 1120.4256045178208,
          "ema_span_1": 379.9937271050966,
          "enabled": true,
          "initial_eprice_ema_dist": -0.00604142793831399,
          "initial_qty_pct": 0.013858416376024068,
          "markup_range": 0.009606878473877057,
          "min_markup": 0.0028737258977977655,
          "n_close_orders": 4,
          "rentry_pprice_dist": 0.025056265757800046,
          "rentry_pprice_dist_wallet_exposure_weighting": 1.9850856732205306,
          "wallet_exposure_limit": 1},
 "short": {"auto_unstuck_delay_minutes": 0,
           "auto_unstuck_ema_dist": 0,
           "auto_unstuck_qty_pct": 0,
           "auto_unstuck_wallet_exposure_threshold": 0.0,
           "backwards_tp": true,
           "ddown_factor": 1.6269250569676088,
           "ema_span_0": 63.409059503207935,
           "ema_span_1": 850.6763932151352,
           "enabled": true,
           "initial_eprice_ema_dist": 0.0005780359348923369,
           "initial_qty_pct": 0.010017779264110294,
           "markup_range": 0.00237327750195252,
           "min_markup": 0.0064970075700369265,
           "n_close_orders": 8,
           "rentry_pprice_dist": 0.024734876079026302,
           "rentry_pprice_dist_wallet_exposure_weighting": 1.6578542265690979,
           "wallet_exposure_limit": 1}}