{"config_name": "recursive_grid_0days",
 "logging_level": 0,
 "long": {"auto_unstuck_delay_minutes": 0,
          "auto_unstuck_ema_dist": 0,
          "auto_unstuck_qty_pct": 0,
          "auto_unstuck_wallet_exposure_threshold": 0.0,
          "backwards_tp": true,
          "ddown_factor": 0.6424363857170495,
          "ema_span_0": 1437.7722976413122,
          "ema_span_1": 1350.8017473602504,
          "enabled": true,
          "initial_eprice_ema_dist": 0.003,
          "initial_qty_pct": 0.01450475641380018,
          "markup_range": 0.0008443456538627595,
          "min_markup": 0.002195882428617129,
          "n_close_orders": 3,
          "rentry_pprice_dist": 0.04215419340302481,
          "rentry_pprice_dist_wallet_exposure_weighting": 3.5906421801552915,
          "wallet_exposure_limit": 1},
 "short": {"auto_unstuck_delay_minutes": 0,
           "auto_unstuck_ema_dist": 0,
           "auto_unstuck_qty_pct": 0,
           "auto_unstuck_wallet_exposure_threshold": 0.0,
           "backwards_tp": true,
           "ddown_factor": 1.5826380474128723,
           "ema_span_0": 478.3755902491249,
           "ema_span_1": 5.110586708156497,
           "enabled": true,
           "initial_eprice_ema_dist": 0.0027365698250600493,
           "initial_qty_pct": 0.010310419338916806,
           "markup_range": 0.0,
           "min_markup": 0.001252732147728458,
           "n_close_orders": 9,
           "rentry_pprice_dist": 0.04060208983002458,
           "rentry_pprice_dist_wallet_exposure_weighting": 3.247834808074892,
           "wallet_exposure_limit": 1}}