{"config_name": "recursive_grid_0days",
 "logging_level": 0,
 "long": {"auto_unstuck_delay_minutes": 0,
          "auto_unstuck_ema_dist": 0,
          "auto_unstuck_qty_pct": 0,
          "auto_unstuck_wallet_exposure_threshold": 0.0,
          "backwards_tp": true,
          "ddown_factor": 0.16555343253754967,
          "ema_span_0": 625.1759071489166,
          "ema_span_1": 1140.9356457215258,
          "enabled": true,
          "initial_eprice_ema_dist": -0.019271818546816203,
          "initial_qty_pct": 0.013691860534393679,
          "markup_range": 0.007800058580823857,
          "min_markup": 0.006301903012640947,
          "n_close_orders": 2,
          "rentry_pprice_dist": 0.039903873381807106,
          "rentry_pprice_dist_wallet_exposure_weighting": 2.662264393279906,
          "wallet_exposure_limit": 1},
 "short": {"auto_unstuck_delay_minutes": 0.0,
           "auto_unstuck_ema_dist": 0,
           "auto_unstuck_qty_pct": 0,
           "auto_unstuck_wallet_exposure_threshold": 0.0,
           "backwards_tp": true,
           "ddown_factor": 2.3136840579895495,
           "ema_span_0": 1323.1278461806826,
           "ema_span_1": 1207.4205746073096,
           "enabled": true,
           "initial_eprice_ema_dist": -0.007249738806492839,
           "initial_qty_pct": 0.0313438930192721,
           "markup_range": 0.0011914798495722152,
           "min_markup": 0.004198014663609583,
           "n_close_orders": 7,
           "rentry_pprice_dist": 0.045813155094534944,
           "rentry_pprice_dist_wallet_exposure_weighting": 4.471722721587919,
           "wallet_exposure_limit": 1}}