{"config_name": "recursive_grid_0days",
 "logging_level": 0,
 "long": {"auto_unstuck_delay_minutes": 0,
          "auto_unstuck_ema_dist": 0,
          "auto_unstuck_qty_pct": 0,
          "auto_unstuck_wallet_exposure_threshold": 0.0,
          "backwards_tp": true,
          "ddown_factor": 1.8644430239384133,
          "ema_span_0": 1384.7194389470385,
          "ema_span_1": 920.7241572492629,
          "enabled": true,
          "initial_eprice_ema_dist": 0.0029309148829697353,
          "initial_qty_pct": 0.011440298251891318,
          "markup_range": 0.0032037900793533062,
          "min_markup": 0.0042636530438369315,
          "n_close_orders": 4,
          "rentry_pprice_dist": 0.029966973790436988,
          "rentry_pprice_dist_wallet_exposure_weighting": 5.287659861075419,
          "wallet_exposure_limit": 1},
 "short": {"auto_unstuck_delay_minutes": 0,
           "auto_unstuck_ema_dist": 0,
           "auto_unstuck_qty_pct": 0,
           "auto_unstuck_wallet_exposure_threshold": 0.0,
           "backwards_tp": true,
           "ddown_factor": 2.1046720583884397,
           "ema_span_0": 1313.7196375962321,
           "ema_span_1": 1190.3258024168938,
           "enabled": true,
           "initial_eprice_ema_dist": -0.0022803166966440763,
           "initial_qty_pct": 0.010275551718156025,
           "markup_range": 0.002158039877136304,
           "min_markup": 0.0026163883025740187,
           "n_close_orders": 10,
           "rentry_pprice_dist": 0.03880111046986761,
           "rentry_pprice_dist_wallet_exposure_weighting": 3.1412930124454124,
           "wallet_exposure_limit": 1}}