{"config_name": "recursive_grid_0days",
 "logging_level": 0,
 "long": {"auto_unstuck_delay_minutes": 0,
          "auto_unstuck_ema_dist": 0,
          "auto_unstuck_qty_pct": 0,
          "auto_unstuck_wallet_exposure_threshold": 0.0,
          "backwards_tp": true,
          "ddown_factor": 0.21664846170944307,
          "ema_span_0": 1296.4100974047112,
          "ema_span_1": 1308.4162122317844,
          "enabled": true,
          "initial_eprice_ema_dist": 0.003,
          "initial_qty_pct": 0.010432874184834958,
          "markup_range": 0.006401466398859796,
          "min_markup": 0.0062373753370999286,
          "n_close_orders": 10,
          "rentry_pprice_dist": 0.031674818066584856,
          "rentry_pprice_dist_wallet_exposure_weighting": 2.081796249957535,
          "wallet_exposure_limit": 1},
 "short": {"auto_unstuck_delay_minutes": 0,
           "auto_unstuck_ema_dist": 0,
           "auto_unstuck_qty_pct": 0,
           "auto_unstuck_wallet_exposure_threshold": 0.0,
           "backwards_tp": true,
           "ddown_factor": 1.3229739131125053,
           "ema_span_0": 210.86865322792306,
           "ema_span_1": 1214.062365502348,
           "enabled": true,
           "initial_eprice_ema_dist": -0.005205393575722906,
           "initial_qty_pct": 0.011711372782452944,
           "markup_range": 0.009010956509260133,
           "min_markup": 0.0047280102118755,
           "n_close_orders": 12,
           "rentry_pprice_dist": 0.03625714794117172,
           "rentry_pprice_dist_wallet_exposure_weighting": 2.087026074957261,
           "wallet_exposure_limit": 1}}