{"config_name": "recursive_grid_0days",
 "logging_level": 0,
 "long": {"auto_unstuck_delay_minutes": 0,
          "auto_unstuck_ema_dist": 0,
          "auto_unstuck_qty_pct": 0,
          "auto_unstuck_wallet_exposure_threshold": 0.0,
          "backwards_tp": true,
          "ddown_factor": 0.21406903183282333,
          "ema_span_0": 1162.0986624257996,
          "ema_span_1": 1162.7648654410768,
          "enabled": true,
          "initial_eprice_ema_dist": 0.0028427961127676636,
          "initial_qty_pct": 0.010465196211720184,
          "markup_range": 0.005462864450680238,
          "min_markup": 0.006597454122295888,
          "n_close_orders": 10,
          "rentry_pprice_dist": 0.032083733100458665,
          "rentry_pprice_dist_wallet_exposure_weighting": 2.042787090595823,
          "wallet_exposure_limit": 1},
 "short": {"auto_unstuck_delay_minutes": 0,
           "auto_unstuck_ema_dist": 0,
           "auto_unstuck_qty_pct": 0,
           "auto_unstuck_wallet_exposure_threshold": 0.0,
           "backwards_tp": true,
           "ddown_factor": 1.3225641504623198,
           "ema_span_0": 208.49826244387353,
           "ema_span_1": 1208.8635466381968,
           "enabled": true,
           "initial_eprice_ema_dist": -0.005234382275103771,
           "initial_qty_pct": 0.011713106494833751,
           "markup_range": 0.009005969540127898,
           "min_markup": 0.004728673880904145,
           "n_close_orders": 12,
           "rentry_pprice_dist": 0.036258205226549704,
           "rentry_pprice_dist_wallet_exposure_weighting": 2.0875311815340827,
           "wallet_exposure_limit": 1}}