{"config_name": "recursive_grid_0days",
 "logging_level": 0,
 "long": {"auto_unstuck_delay_minutes": 0,
          "auto_unstuck_ema_dist": 0,
          "auto_unstuck_qty_pct": 0,
          "auto_unstuck_wallet_exposure_threshold": 0.0,
          "backwards_tp": true,
          "ddown_factor": 2.7187592749146647,
          "ema_span_0": 497.26451374421487,
          "ema_span_1": 1121.2832802732885,
          "enabled": true,
          "initial_eprice_ema_dist": 0.002878751432283443,
          "initial_qty_pct": 0.01203903780576777,
          "markup_range": 0.0019565028666160196,
          "min_markup": 0.005463499646289359,
          "n_close_orders": 4,
          "rentry_pprice_dist": 0.04368239785513233,
          "rentry_pprice_dist_wallet_exposure_weighting": 1.689498507680282,
          "wallet_exposure_limit": 1},
 "short": {"auto_unstuck_delay_minutes": 0,
           "auto_unstuck_ema_dist": 0,
           "auto_unstuck_qty_pct": 0,
           "auto_unstuck_wallet_exposure_threshold": 0.0,
           "backwards_tp": true,
           "ddown_factor": 2.80277892313809,
           "ema_span_0": 1436.834338987463,
           "ema_span_1": 1386.5508225927904,
           "enabled": true,
           "initial_eprice_ema_dist": 0.002834520787073184,
           "initial_qty_pct": 0.009303687366583258,
           "markup_range": 6.665884094385342e-08,
           "min_markup": 0.0020903931564476255,
           "n_close_orders": 15,
           "rentry_pprice_dist": 0.04557852401904558,
           "rentry_pprice_dist_wallet_exposure_weighting": 3.2657045592750347,
           "wallet_exposure_limit": 1}}