{"config_name": "recursive_grid_0days",
 "logging_level": 0,
 "long": {"auto_unstuck_delay_minutes": 0,
          "auto_unstuck_ema_dist": 0,
          "auto_unstuck_qty_pct": 0,
          "auto_unstuck_wallet_exposure_threshold": 0.0,
          "backwards_tp": true,
          "ddown_factor": 1.847263624335797,
          "ema_span_0": 13.23995189999386,
          "ema_span_1": 1376.9022304770538,
          "enabled": true,
          "initial_eprice_ema_dist": 0.003,
          "initial_qty_pct": 0.01001961897496031,
          "markup_range": 1.9992540817235722e-05,
          "min_markup": 0.0018993643492513507,
          "n_close_orders": 4,
          "rentry_pprice_dist": 0.03022354843279379,
          "rentry_pprice_dist_wallet_exposure_weighting": 2.1718172675563525,
          "wallet_exposure_limit": 1},
 "short": {"auto_unstuck_delay_minutes": 0,
           "auto_unstuck_ema_dist": 0,
           "auto_unstuck_qty_pct": 0,
           "auto_unstuck_wallet_exposure_threshold": 0.0,
           "backwards_tp": true,
           "ddown_factor": 0.5457048339993559,
           "ema_span_0": 871.588320668915,
           "ema_span_1": 1415.3677860737168,
           "enabled": true,
           "initial_eprice_ema_dist": 0.002854247867768437,
           "initial_qty_pct": 0.01527802217416549,
           "markup_range": 0.0032279416598439675,
           "min_markup": 0.006613710364473819,
           "n_close_orders": 3,
           "rentry_pprice_dist": 0.04265248511242835,
           "rentry_pprice_dist_wallet_exposure_weighting": 13.563076685972591,
           "wallet_exposure_limit": 1}}