{"config_name": "recursive_grid_0days",
 "logging_level": 0,
 "long": {"auto_unstuck_delay_minutes": 0,
          "auto_unstuck_ema_dist": 0,
          "auto_unstuck_qty_pct": 0,
          "auto_unstuck_wallet_exposure_threshold": 0.0,
          "backwards_tp": true,
          "ddown_factor": 2.358791154116679,
          "ema_span_0": 825.5228520854362,
          "ema_span_1": 930.5614549047939,
          "enabled": true,
          "initial_eprice_ema_dist": 0.0008721520022025943,
          "initial_qty_pct": 0.010098211120495228,
          "markup_range": 0.0033307611948601504,
          "min_markup": 0.0022295906962043663,
          "n_close_orders": 5,
          "rentry_pprice_dist": 0.02392162425162726,
          "rentry_pprice_dist_wallet_exposure_weighting": 3.5966878232828394,
          "wallet_exposure_limit": 1},
 "short": {"auto_unstuck_delay_minutes": 0,
           "auto_unstuck_ema_dist": 0,
           "auto_unstuck_qty_pct": 0,
           "auto_unstuck_wallet_exposure_threshold": 0.0,
           "backwards_tp": true,
           "ddown_factor": 2.358678277703722,
           "ema_span_0": 1288.638511763472,
           "ema_span_1": 694.772029341207,
           "enabled": true,
           "initial_eprice_ema_dist": -0.007298186441815336,
           "initial_qty_pct": 0.015305639636130233,
           "markup_range": 0.007760908258217274,
           "min_markup": 0.004065589679472495,
           "n_close_orders": 2,
           "rentry_pprice_dist": 0.014196970591013245,
           "rentry_pprice_dist_wallet_exposure_weighting": 3.2351204454500158,
           "wallet_exposure_limit": 1}}