{"config_name": "recursive_grid_0days",
 "logging_level": 0,
 "long": {"auto_unstuck_delay_minutes": 0,
          "auto_unstuck_ema_dist": 0,
          "auto_unstuck_qty_pct": 0,
          "auto_unstuck_wallet_exposure_threshold": 0.0,
          "backwards_tp": true,
          "ddown_factor": 0.2680261811300216,
          "ema_span_0": 1120.4256045178208,
          "ema_span_1": 379.9937271050966,
          "enabled": true,
          "initial_eprice_ema_dist": -0.00604142793831399,
          "initial_qty_pct": 0.013858416376024068,
          "markup_range": 0.009606878473877057,
          "min_markup": 0.0028737258977977655,
          "n_close_orders": 4,
          "rentry_pprice_dist": 0.025056265757800046,
          "rentry_pprice_dist_wallet_exposure_weighting": 1.9850856732205306,
          "wallet_exposure_limit": 1},
 "short": {"auto_unstuck_delay_minutes": 0,
           "auto_unstuck_ema_dist": 0,
           "auto_unstuck_qty_pct": 0,
           "auto_unstuck_wallet_exposure_threshold": 0.0,
           "backwards_tp": true,
           "ddown_factor": 2.547989624209356,
           "ema_span_0": 1060.812147876145,
           "ema_span_1": 817.36741395738,
           "enabled": true,
           "initial_eprice_ema_dist": -0.002879567722425397,
           "initial_qty_pct": 0.010105166298719106,
           "markup_range": 0.0,
           "min_markup": 0.002671631225042868,
           "n_close_orders": 5,
           "rentry_pprice_dist": 0.031884062976990694,
           "rentry_pprice_dist_wallet_exposure_weighting": 15.040118026870228,
           "wallet_exposure_limit": 1}}