{"config_name": "recursive_grid_0days",
 "logging_level": 0,
 "long": {"auto_unstuck_delay_minutes": 0,
          "auto_unstuck_ema_dist": 0,
          "auto_unstuck_qty_pct": 0,
          "auto_unstuck_wallet_exposure_threshold": 0.0,
          "backwards_tp": true,
          "ddown_factor": 0.6271440564066912,
          "ema_span_0": 435.2933063148777,
          "ema_span_1": 784.284222619989,
          "enabled": true,
          "initial_eprice_ema_dist": -0.07905624260193608,
          "initial_qty_pct": 0.012333441588963519,
          "markup_range": 0.004094903781240872,
          "min_markup": 0.0019009190291446707,
          "n_close_orders": 10,
          "rentry_pprice_dist": 0.02810709425239703,
          "rentry_pprice_dist_wallet_exposure_weighting": 0.35423711969252847,
          "wallet_exposure_limit": 1},
 "short": {"auto_unstuck_delay_minutes": 0,
           "auto_unstuck_ema_dist": 0,
           "auto_unstuck_qty_pct": 0,
           "auto_unstuck_wallet_exposure_threshold": 0.0,
           "backwards_tp": true,
           "ddown_factor": 2.4445276894742127,
           "ema_span_0": 1385.7477369459828,
           "ema_span_1": 1383.2038476163289,
           "enabled": true,
           "initial_eprice_ema_dist": 0.003,
           "initial_qty_pct": 0.012066767527456865,
           "markup_range": 0.007899141744260409,
           "min_markup": 0.0038941356355776348,
           "n_close_orders": 7,
           "rentry_pprice_dist": 0.030334277360329107,
           "rentry_pprice_dist_wallet_exposure_weighting": 3.574178723965773,
           "wallet_exposure_limit": 1}}