{"config_name": "recursive_grid_0days",
 "logging_level": 0,
 "long": {"auto_unstuck_delay_minutes": 0,
          "auto_unstuck_ema_dist": 0,
          "auto_unstuck_qty_pct": 0,
          "auto_unstuck_wallet_exposure_threshold": 0.0,
          "backwards_tp": true,
          "ddown_factor": 2.3929066120171405,
          "ema_span_0": 839.8268312872983,
          "ema_span_1": 812.34964470315,
          "enabled": true,
          "initial_eprice_ema_dist": -0.00283598655681286,
          "initial_qty_pct": 0.009633427590484396,
          "markup_range": 0.002951787833486654,
          "min_markup": 0.0021862482743790746,
          "n_close_orders": 4,
          "rentry_pprice_dist": 0.03286836003117065,
          "rentry_pprice_dist_wallet_exposure_weighting": 1.9881416874238589,
          "wallet_exposure_limit": 1},
 "short": {"auto_unstuck_delay_minutes": 0,
           "auto_unstuck_ema_dist": 0,
           "auto_unstuck_qty_pct": 0,
           "auto_unstuck_wallet_exposure_threshold": 0.0,
           "backwards_tp": true,
           "ddown_factor": 1.6722644495757322,
           "ema_span_0": 1035.8112690069995,
           "ema_span_1": 1428.3423868955856,
           "enabled": true,
           "initial_eprice_ema_dist": 0.002997025215600329,
           "initial_qty_pct": 0.006638879783996336,
           "markup_range": 4.141954555737774e-05,
           "min_markup": 0.001193102132730302,
           "n_close_orders": 8,
           "rentry_pprice_dist": 0.054929591831113136,
           "rentry_pprice_dist_wallet_exposure_weighting": 5.629906224842371,
           "wallet_exposure_limit": 1}}