{"config_name": "recursive_grid_0days",
 "logging_level": 0,
 "long": {"auto_unstuck_delay_minutes": 0,
          "auto_unstuck_ema_dist": 0,
          "auto_unstuck_qty_pct": 0,
          "auto_unstuck_wallet_exposure_threshold": 0.0,
          "backwards_tp": true,
          "ddown_factor": 0.2939728362906774,
          "ema_span_0": 755.0546949452329,
          "ema_span_1": 639.2685037010186,
          "enabled": true,
          "initial_eprice_ema_dist": -0.07930155396779831,
          "initial_qty_pct": 0.014292308559419136,
          "markup_range": 0.006369944891814675,
          "min_markup": 0.0038483819373679976,
          "n_close_orders": 12,
          "rentry_pprice_dist": 0.04222279124867925,
          "rentry_pprice_dist_wallet_exposure_weighting": 0.5589816422024271,
          "wallet_exposure_limit": 1},
 "short": {"auto_unstuck_delay_minutes": 0,
           "auto_unstuck_ema_dist": 0,
           "auto_unstuck_qty_pct": 0,
           "auto_unstuck_wallet_exposure_threshold": 0.0,
           "backwards_tp": true,
           "ddown_factor": 2.6544165488446385,
           "ema_span_0": 309.69272592634474,
           "ema_span_1": 465.2378238174837,
           "enabled": true,
           "initial_eprice_ema_dist": 0.0028846514947689457,
           "initial_qty_pct": 0.012757385544317597,
           "markup_range": 0.004105110225764511,
           "min_markup": 0.00606759353490321,
           "n_close_orders": 12,
           "rentry_pprice_dist": 0.04414031136119532,
           "rentry_pprice_dist_wallet_exposure_weighting": 4.177346639548361,
           "wallet_exposure_limit": 1}}