{"config_name": "recursive_grid_0days",
 "logging_level": 0,
 "long": {"auto_unstuck_delay_minutes": 0,
          "auto_unstuck_ema_dist": 0,
          "auto_unstuck_qty_pct": 0,
          "auto_unstuck_wallet_exposure_threshold": 0.0,
          "backwards_tp": true,
          "ddown_factor": 1.42664675997155,
          "ema_span_0": 1389.271042347883,
          "ema_span_1": 1067.935920589644,
          "enabled": true,
          "initial_eprice_ema_dist": -0.0050505599217869936,
          "initial_qty_pct": 0.01294866662585558,
          "markup_range": 0.003223929721984963,
          "min_markup": 0.0020145400521904234,
          "n_close_orders": 4,
          "rentry_pprice_dist": 0.02301470318427147,
          "rentry_pprice_dist_wallet_exposure_weighting": 8.56676790690665,
          "wallet_exposure_limit": 1},
 "short": {"auto_unstuck_delay_minutes": 0,
           "auto_unstuck_ema_dist": 0,
           "auto_unstuck_qty_pct": 0,
           "auto_unstuck_wallet_exposure_threshold": 0.0,
           "backwards_tp": true,
           "ddown_factor": 1.823625654625338,
           "ema_span_0": 1438.8529476817914,
           "ema_span_1": 805.3175496491666,
           "enabled": true,
           "initial_eprice_ema_dist": -0.0014828475927116814,
           "initial_qty_pct": 0.013509573073577724,
           "markup_range": 0.004487214190333937,
           "min_markup": 0.0062821420695721554,
           "n_close_orders": 12,
           "rentry_pprice_dist": 0.03020012766532168,
           "rentry_pprice_dist_wallet_exposure_weighting": 0.6738976652028318,
           "wallet_exposure_limit": 1}}