{"config_name": "recursive_grid_0days",
 "logging_level": 0,
 "long": {"auto_unstuck_delay_minutes": 0,
          "auto_unstuck_ema_dist": 0,
          "auto_unstuck_qty_pct": 0,
          "auto_unstuck_wallet_exposure_threshold": 0.0,
          "backwards_tp": true,
          "ddown_factor": 0.4501350564503191,
          "ema_span_0": 1396.0348689569353,
          "ema_span_1": 1261.7931487688174,
          "enabled": true,
          "initial_eprice_ema_dist": 0.002999883817805267,
          "initial_qty_pct": 0.012237818799019112,
          "markup_range": 0.0019821098498960456,
          "min_markup": 0.005063133993016644,
          "n_close_orders": 2,
          "rentry_pprice_dist": 0.02971295074820224,
          "rentry_pprice_dist_wallet_exposure_weighting": 3.0082555192647393,
          "wallet_exposure_limit": 1},
 "short": {"auto_unstuck_delay_minutes": 0,
           "auto_unstuck_ema_dist": 0,
           "auto_unstuck_qty_pct": 0,
           "auto_unstuck_wallet_exposure_threshold": 0.0,
           "backwards_tp": true,
           "ddown_factor": 0.8052581341980292,
           "ema_span_0": 946.198750883427,
           "ema_span_1": 1422.5635008079473,
           "enabled": true,
           "initial_eprice_ema_dist": -0.0003954736053248421,
           "initial_qty_pct": 0.014060823536788027,
           "markup_range": 6.945543747539445e-06,
           "min_markup": 0.002738887879438822,
           "n_close_orders": 3,
           "rentry_pprice_dist": 0.03427510051519348,
           "rentry_pprice_dist_wallet_exposure_weighting": 1.2410196325686962,
           "wallet_exposure_limit": 1}}