{"config_name": "recursive_grid_0days",
 "logging_level": 0,
 "long": {"auto_unstuck_delay_minutes": 0,
          "auto_unstuck_ema_dist": 0,
          "auto_unstuck_qty_pct": 0,
          "auto_unstuck_wallet_exposure_threshold": 0.0,
          "backwards_tp": true,
          "ddown_factor": 0.6424363857170495,
          "ema_span_0": 1437.7722976413122,
          "ema_span_1": 1350.8017473602504,
          "enabled": true,
          "initial_eprice_ema_dist": 0.003,
          "initial_qty_pct": 0.01450475641380018,
          "markup_range": 0.0008443456538627595,
          "min_markup": 0.002195882428617129,
          "n_close_orders": 3,
          "rentry_pprice_dist": 0.04215419340302481,
          "rentry_pprice_dist_wallet_exposure_weighting": 3.5906421801552915,
          "wallet_exposure_limit": 1},
 "short": {"auto_unstuck_delay_minutes": 0,
           "auto_unstuck_ema_dist": 0,
           "auto_unstuck_qty_pct": 0,
           "auto_unstuck_wallet_exposure_threshold": 0.0,
           "backwards_tp": true,
           "ddown_factor": 1.3339929273740596,
           "ema_span_0": 1345.0217488569308,
           "ema_span_1": 1343.5731454893282,
           "enabled": true,
           "initial_eprice_ema_dist": -0.011570575123703634,
           "initial_qty_pct": 0.012183394678015968,
           "markup_range": 0.0022362193243941095,
           "min_markup": 0.0021153878113736673,
           "n_close_orders": 5,
           "rentry_pprice_dist": 0.028230115133986548,
           "rentry_pprice_dist_wallet_exposure_weighting": 1.2244122471113756,
           "wallet_exposure_limit": 1}}