{"config_name": "recursive_grid_0days",
 "logging_level": 0,
 "long": {"auto_unstuck_delay_minutes": 0,
          "auto_unstuck_ema_dist": 0,
          "auto_unstuck_qty_pct": 0,
          "auto_unstuck_wallet_exposure_threshold": 0.0,
          "backwards_tp": true,
          "ddown_factor": 2.9625617251513527,
          "ema_span_0": 569.4679638705597,
          "ema_span_1": 386.3501117377195,
          "enabled": true,
          "initial_eprice_ema_dist": -0.001756654251898584,
          "initial_qty_pct": 0.012503026805085136,
          "markup_range": 0.0010000720056787045,
          "min_markup": 0.004407284859076895,
          "n_close_orders": 5,
          "rentry_pprice_dist": 0.03630958060572906,
          "rentry_pprice_dist_wallet_exposure_weighting": 3.1676068288984895,
          "wallet_exposure_limit": 1},
 "short": {"auto_unstuck_delay_minutes": 0,
           "auto_unstuck_ema_dist": 0,
           "auto_unstuck_qty_pct": 0,
           "auto_unstuck_wallet_exposure_threshold": 0.0,
           "backwards_tp": true,
           "ddown_factor": 2.1386877094930488,
           "ema_span_0": 425.56535479344575,
           "ema_span_1": 579.2213199775923,
           "enabled": true,
           "initial_eprice_ema_dist": -0.0006919247627182391,
           "initial_qty_pct": 0.011343291241918808,
           "markup_range": 0.00019761671303386157,
           "min_markup": 0.0020664091820925554,
           "n_close_orders": 16,
           "rentry_pprice_dist": 0.04828524441488941,
           "rentry_pprice_dist_wallet_exposure_weighting": 11.470442936720534,
           "wallet_exposure_limit": 1}}