{"config_name": "recursive_grid_0days",
 "logging_level": 0,
 "long": {"auto_unstuck_delay_minutes": 0,
          "auto_unstuck_ema_dist": 0,
          "auto_unstuck_qty_pct": 0,
          "auto_unstuck_wallet_exposure_threshold": 0.0,
          "backwards_tp": true,
          "ddown_factor": 1.549576514954369,
          "ema_span_0": 700.5555759399181,
          "ema_span_1": 700.0659881649507,
          "enabled": true,
          "initial_eprice_ema_dist": -0.009947416156307202,
          "initial_qty_pct": 0.013255259805000906,
          "markup_range": 0.006469182454139899,
          "min_markup": 0.005989846357583506,
          "n_close_orders": 11,
          "rentry_pprice_dist": 0.04327653390255187,
          "rentry_pprice_dist_wallet_exposure_weighting": 0.6907843363591483,
          "wallet_exposure_limit": 1},
 "short": {"auto_unstuck_delay_minutes": 0,
           "auto_unstuck_ema_dist": 0,
           "auto_unstuck_qty_pct": 0,
           "auto_unstuck_wallet_exposure_threshold": 0.0,
           "backwards_tp": true,
           "ddown_factor": 1.541548981431565,
           "ema_span_0": 1374.6469710305294,
           "ema_span_1": 1272.3315621931883,
           "enabled": true,
           "initial_eprice_ema_dist": -0.008541113529147172,
           "initial_qty_pct": 0.011401068455024085,
           "markup_range": 0.003937174503725552,
           "min_markup": 0.004968342991597388,
           "n_close_orders": 6,
           "rentry_pprice_dist": 0.04573547952901243,
           "rentry_pprice_dist_wallet_exposure_weighting": 9.742469512479017,
           "wallet_exposure_limit": 1}}