{"config_name": "recursive_grid_0days",
 "logging_level": 0,
 "long": {"auto_unstuck_delay_minutes": 0,
          "auto_unstuck_ema_dist": 0,
          "auto_unstuck_qty_pct": 0,
          "auto_unstuck_wallet_exposure_threshold": 0.0,
          "backwards_tp": true,
          "ddown_factor": 0.9653383951813952,
          "ema_span_0": 197.55738475106287,
          "ema_span_1": 32.94332798936762,
          "enabled": true,
          "initial_eprice_ema_dist": -9.411605489792406e-05,
          "initial_qty_pct": 0.011540904862453351,
          "markup_range": 0.006986885088485744,
          "min_markup": 0.004343772629758502,
          "n_close_orders": 8,
          "rentry_pprice_dist": 0.04922806406176339,
          "rentry_pprice_dist_wallet_exposure_weighting": 2.4752795988251206,
          "wallet_exposure_limit": 1},
 "short": {"auto_unstuck_delay_minutes": 0,
           "auto_unstuck_ema_dist": 0,
           "auto_unstuck_qty_pct": 0,
           "auto_unstuck_wallet_exposure_threshold": 0.0,
           "backwards_tp": true,
           "ddown_factor": 2.1834880424517475,
           "ema_span_0": 1133.9998215064077,
           "ema_span_1": 978.2663618781562,
           "enabled": true,
           "initial_eprice_ema_dist": 0.0023583202506524516,
           "initial_qty_pct": 0.010519041405499224,
           "markup_range": 0.004637118335223743,
           "min_markup": 0.004074584899635013,
           "n_close_orders": 5,
           "rentry_pprice_dist": 0.03759179786309842,
           "rentry_pprice_dist_wallet_exposure_weighting": 0.187421150498583,
           "wallet_exposure_limit": 1}}