{"config_name": "recursive_grid_0days",
 "logging_level": 0,
 "long": {"auto_unstuck_delay_minutes": 0,
          "auto_unstuck_ema_dist": 0,
          "auto_unstuck_qty_pct": 0,
          "auto_unstuck_wallet_exposure_threshold": 0.0,
          "backwards_tp": true,
          "ddown_factor": 0.9271936193674981,
          "ema_span_0": 183.03351067771442,
          "ema_span_1": 85.6345548158136,
          "enabled": true,
          "initial_eprice_ema_dist": 0.00034988357720796594,
          "initial_qty_pct": 0.012605394769091506,
          "markup_range": 0.005595754657969774,
          "min_markup": 0.005211070199978326,
          "n_close_orders": 13,
          "rentry_pprice_dist": 0.04943343574863997,
          "rentry_pprice_dist_wallet_exposure_weighting": 2.4999388954485426,
          "wallet_exposure_limit": 1},
 "short": {"auto_unstuck_delay_minutes": 0,
           "auto_unstuck_ema_dist": 0,
           "auto_unstuck_qty_pct": 0,
           "auto_unstuck_wallet_exposure_threshold": 0.0,
           "backwards_tp": true,
           "ddown_factor": 1.824468156049018,
           "ema_span_0": 1015.3224063868583,
           "ema_span_1": 919.5872067212234,
           "enabled": true,
           "initial_eprice_ema_dist": 0.0007543709857916002,
           "initial_qty_pct": 0.013687475437914105,
           "markup_range": 0.005429315309837571,
           "min_markup": 0.005399008297919615,
           "n_close_orders": 8,
           "rentry_pprice_dist": 0.036793292876018346,
           "rentry_pprice_dist_wallet_exposure_weighting": 0.9372052455316632,
           "wallet_exposure_limit": 1}}