{"config_name": "recursive_grid_0days",
 "logging_level": 0,
 "long": {"auto_unstuck_delay_minutes": 0,
          "auto_unstuck_ema_dist": 0,
          "auto_unstuck_qty_pct": 0,
          "auto_unstuck_wallet_exposure_threshold": 0.0,
          "backwards_tp": true,
          "ddown_factor": 2.27833950833121,
          "ema_span_0": 313.6309197856341,
          "ema_span_1": 507.7946479660126,
          "enabled": true,
          "initial_eprice_ema_dist": 0.0027715625763710446,
          "initial_qty_pct": 0.011048221656425269,
          "markup_range": 0.002239777215553282,
          "min_markup": 0.0020784058958531726,
          "n_close_orders": 12,
          "rentry_pprice_dist": 0.02402864111117776,
          "rentry_pprice_dist_wallet_exposure_weighting": 5.7804194029139815,
          "wallet_exposure_limit": 1},
 "short": {"auto_unstuck_delay_minutes": 0,
           "auto_unstuck_ema_dist": 0,
           "auto_unstuck_qty_pct": 0,
           "auto_unstuck_wallet_exposure_threshold": 0.0,
           "backwards_tp": true,
           "ddown_factor": 0.31876658567555316,
           "ema_span_0": 1436.493410644472,
           "ema_span_1": 951.8822046345983,
           "enabled": true,
           "initial_eprice_ema_dist": 0.002998998176801847,
           "initial_qty_pct": 0.01629422819025682,
           "markup_range": 0.002110492022599635,
           "min_markup": 0.005951842352834764,
           "n_close_orders": 8,
           "rentry_pprice_dist": 0.04462477254236371,
           "rentry_pprice_dist_wallet_exposure_weighting": 4.915312728108358,
           "wallet_exposure_limit": 1}}