{"config_name": "recursive_grid_0days",
 "logging_level": 0,
 "long": {"auto_unstuck_delay_minutes": 0,
          "auto_unstuck_ema_dist": 0,
          "auto_unstuck_qty_pct": 0,
          "auto_unstuck_wallet_exposure_threshold": 0.0,
          "backwards_tp": true,
          "ddown_factor": 2.212752690548997,
          "ema_span_0": 340.3950342538035,
          "ema_span_1": 520.2503489932927,
          "enabled": true,
          "initial_eprice_ema_dist": 0.0028170765436317203,
          "initial_qty_pct": 0.012737347165575532,
          "markup_range": 0.002159953469942457,
          "min_markup": 0.0021366259661512914,
          "n_close_orders": 12,
          "rentry_pprice_dist": 0.023955927452844934,
          "rentry_pprice_dist_wallet_exposure_weighting": 5.757184110615269,
          "wallet_exposure_limit": 1},
 "short": {"auto_unstuck_delay_minutes": 0,
           "auto_unstuck_ema_dist": 0,
           "auto_unstuck_qty_pct": 0,
           "auto_unstuck_wallet_exposure_threshold": 0.0,
           "backwards_tp": true,
           "ddown_factor": 2.807271192178234,
           "ema_span_0": 686.3104705097796,
           "ema_span_1": 632.1316344782058,
           "enabled": true,
           "initial_eprice_ema_dist": 0.003,
           "initial_qty_pct": 0.012596827488040627,
           "markup_range": 0.000717054021450254,
           "min_markup": 0.001834257144309966,
           "n_close_orders": 10,
           "rentry_pprice_dist": 0.03152600222462718,
           "rentry_pprice_dist_wallet_exposure_weighting": 6.909689123056665,
           "wallet_exposure_limit": 1}}