{"config_name": "recursive_grid_0days",
 "logging_level": 0,
 "long": {"auto_unstuck_delay_minutes": 0,
          "auto_unstuck_ema_dist": 0,
          "auto_unstuck_qty_pct": 0,
          "auto_unstuck_wallet_exposure_threshold": 0.0,
          "backwards_tp": true,
          "ddown_factor": 0.23481011549931355,
          "ema_span_0": 49.26767865886944,
          "ema_span_1": 154.98173037662542,
          "enabled": true,
          "initial_eprice_ema_dist": 0.001670880692920265,
          "initial_qty_pct": 0.016887207634175592,
          "markup_range": 0.0020004264154065655,
          "min_markup": 0.0014674224255745694,
          "n_close_orders": 7,
          "rentry_pprice_dist": 0.017372693591816115,
          "rentry_pprice_dist_wallet_exposure_weighting": 1.0144306876814595,
          "wallet_exposure_limit": 1},
 "short": {"auto_unstuck_delay_minutes": 0,
           "auto_unstuck_ema_dist": 0,
           "auto_unstuck_qty_pct": 0,
           "auto_unstuck_wallet_exposure_threshold": 0.0,
           "backwards_tp": true,
           "ddown_factor": 2.92093210072473,
           "ema_span_0": 773.542185000771,
           "ema_span_1": 1394.2144028983948,
           "enabled": true,
           "initial_eprice_ema_dist": -0.0010487298773389439,
           "initial_qty_pct": 0.017187223357695656,
           "markup_range": 0.002642926215362503,
           "min_markup": 0.0029907371895285684,
           "n_close_orders": 13,
           "rentry_pprice_dist": 0.024020040409927192,
           "rentry_pprice_dist_wallet_exposure_weighting": 4.51524690550124,
           "wallet_exposure_limit": 1}}