{"config_name": "recursive_grid_0days",
 "logging_level": 0,
 "long": {"auto_unstuck_delay_minutes": 0,
          "auto_unstuck_ema_dist": 0,
          "auto_unstuck_qty_pct": 0,
          "auto_unstuck_wallet_exposure_threshold": 0.0,
          "backwards_tp": true,
          "ddown_factor": 0.9397894581473811,
          "ema_span_0": 125.34281321053737,
          "ema_span_1": 104.7061431464891,
          "enabled": true,
          "initial_eprice_ema_dist": 0.003,
          "initial_qty_pct": 0.01393757762727627,
          "markup_range": 0.005676402222186642,
          "min_markup": 0.0022971218714245307,
          "n_close_orders": 3,
          "rentry_pprice_dist": 0.028223851304123766,
          "rentry_pprice_dist_wallet_exposure_weighting": 1.943715574933088,
          "wallet_exposure_limit": 1},
 "short": {"auto_unstuck_delay_minutes": 0,
           "auto_unstuck_ema_dist": 0,
           "auto_unstuck_qty_pct": 0,
           "auto_unstuck_wallet_exposure_threshold": 0.0,
           "backwards_tp": true,
           "ddown_factor": 1.9832686953107477,
           "ema_span_0": 1340.083984555494,
           "ema_span_1": 1339.21929744469,
           "enabled": true,
           "initial_eprice_ema_dist": 0.001544602224081829,
           "initial_qty_pct": 0.012151756711103637,
           "markup_range": 0.00037070558025633786,
           "min_markup": 0.007330580520637893,
           "n_close_orders": 3,
           "rentry_pprice_dist": 0.04997395765113317,
           "rentry_pprice_dist_wallet_exposure_weighting": 0.0,
           "wallet_exposure_limit": 1}}