{"config_name": "recursive_grid_0days",
 "logging_level": 0,
 "long": {"auto_unstuck_delay_minutes": 0,
          "auto_unstuck_ema_dist": 0,
          "auto_unstuck_qty_pct": 0,
          "auto_unstuck_wallet_exposure_threshold": 0.0,
          "backwards_tp": true,
          "ddown_factor": 1.0776345683924702,
          "ema_span_0": 1057.3731375570128,
          "ema_span_1": 1258.9396025611015,
          "enabled": true,
          "initial_eprice_ema_dist": 0.003,
          "initial_qty_pct": 0.0133796230654988,
          "markup_range": 0.002894887225347172,
          "min_markup": 0.0035657197750367737,
          "n_close_orders": 13,
          "rentry_pprice_dist": 0.034256146672656806,
          "rentry_pprice_dist_wallet_exposure_weighting": 1.0703371002412847,
          "wallet_exposure_limit": 1},
 "short": {"auto_unstuck_delay_minutes": 0,
           "auto_unstuck_ema_dist": 0,
           "auto_unstuck_qty_pct": 0,
           "auto_unstuck_wallet_exposure_threshold": 0.0,
           "backwards_tp": true,
           "ddown_factor": 0.15579605461565718,
           "ema_span_0": 313.02317188439747,
           "ema_span_1": 792.7136466736808,
           "enabled": true,
           "initial_eprice_ema_dist": 0.003,
           "initial_qty_pct": 0.02673912451961285,
           "markup_range": 0.00011098738085961444,
           "min_markup": 0.003483639098574148,
           "n_close_orders": 6,
           "rentry_pprice_dist": 0.037928858091066726,
           "rentry_pprice_dist_wallet_exposure_weighting": 0.4516112522388671,
           "wallet_exposure_limit": 1}}