{"config_name": "recursive_grid_0days",
 "logging_level": 0,
 "long": {"auto_unstuck_delay_minutes": 0,
          "auto_unstuck_ema_dist": 0,
          "auto_unstuck_qty_pct": 0,
          "auto_unstuck_wallet_exposure_threshold": 0.0,
          "backwards_tp": true,
          "ddown_factor": 1.0930081869847235,
          "ema_span_0": 842.1919058318944,
          "ema_span_1": 1201.5155339094927,
          "enabled": true,
          "initial_eprice_ema_dist": -0.0026507801184593046,
          "initial_qty_pct": 0.010069909190387798,
          "markup_range": 0.0018976209716043903,
          "min_markup": 0.006336282363140733,
          "n_close_orders": 12,
          "rentry_pprice_dist": 0.035801290531613746,
          "rentry_pprice_dist_wallet_exposure_weighting": 2.6599258947155415,
          "wallet_exposure_limit": 1},
 "short": {"auto_unstuck_delay_minutes": 0,
           "auto_unstuck_ema_dist": 0,
           "auto_unstuck_qty_pct": 0,
           "auto_unstuck_wallet_exposure_threshold": 0.0,
           "backwards_tp": true,
           "ddown_factor": 0.10046822380642934,
           "ema_span_0": 124.23961552980573,
           "ema_span_1": 297.8651600692332,
           "enabled": true,
           "initial_eprice_ema_dist": 2.754147939843262e-05,
           "initial_qty_pct": 0.014329765503259682,
           "markup_range": 0.000523760637172613,
           "min_markup": 0.005627279179179204,
           "n_close_orders": 12,
           "rentry_pprice_dist": 0.01788378437262635,
           "rentry_pprice_dist_wallet_exposure_weighting": 5.737855085831892,
           "wallet_exposure_limit": 1}}