{"config_name": "recursive_grid_0days",
 "logging_level": 0,
 "long": {"auto_unstuck_delay_minutes": 0,
          "auto_unstuck_ema_dist": 0,
          "auto_unstuck_qty_pct": 0,
          "auto_unstuck_wallet_exposure_threshold": 0.0,
          "backwards_tp": true,
          "ddown_factor": 0.5100540399957185,
          "ema_span_0": 697.2415075790867,
          "ema_span_1": 797.0036615130573,
          "enabled": true,
          "initial_eprice_ema_dist": -0.001977117723903185,
          "initial_qty_pct": 0.011971666215020283,
          "markup_range": 0.0014548021281307589,
          "min_markup": 0.004454194511224952,
          "n_close_orders": 7,
          "rentry_pprice_dist": 0.036054701881534354,
          "rentry_pprice_dist_wallet_exposure_weighting": 1.0182513755977745,
          "wallet_exposure_limit": 1},
 "short": {"auto_unstuck_delay_minutes": 0,
           "auto_unstuck_ema_dist": 0,
           "auto_unstuck_qty_pct": 0,
           "auto_unstuck_wallet_exposure_threshold": 0.0,
           "backwards_tp": true,
           "ddown_factor": 1.6021696673896733,
           "ema_span_0": 984.4332958788757,
           "ema_span_1": 1377.4376826017608,
           "enabled": true,
           "initial_eprice_ema_dist": -0.004055965378386105,
           "initial_qty_pct": 0.013864382284974159,
           "markup_range": 0.0003463409306708278,
           "min_markup": 0.002152815471860338,
           "n_close_orders": 6,
           "rentry_pprice_dist": 0.04257761970610059,
           "rentry_pprice_dist_wallet_exposure_weighting": 2.0992813238007804,
           "wallet_exposure_limit": 1}}